image_path,caption_en,caption_ne
nepali_dresses_augmented/daura_suruwal/1.jpg,"A man wearing a white linen kurt. This is the Daura-Suruwal, the national dress traditionally worn by men across Nepal. It is commonly worn during festivals, weddings, and official cultural occasions.","यो दाउरा-सुरुवाल हो, परम्परागत रूपमा नेपालभरि पुरुषहरूले लगाउने राष्ट्रिय पोशाक। यो सामान्यतया उत्सव, विवाह, र आधिकारिक सांस्कृतिक अवसरहरूमा लगाइन्छ।"
nepali_dresses_augmented/daura_suruwal/10.jpg,"A man in a white shirt and black vest standing with his hands together. This is the Daura-Suruwal, the national dress traditionally worn by men across Nepal. It is commonly worn during festivals, weddings, and official cultural occasions.","दाउरा-सुरुवाल, नेपालभरका पुरुषहरूले परम्परागत रूपमा लगाउने राष्ट्रिय पोशाक हो। यो सामान्यतया उत्सव, विवाह, र आधिकारिक सांस्कृतिक अवसरहरूमा लगाइन्छ।"
nepali_dresses_augmented/daura_suruwal/100.jpg,"A group of people sitting on chairs in a room. This is the Daura-Suruwal, the national dress traditionally worn by men across Nepal. It is commonly worn during festivals, weddings, and official cultural occasions.","एक कोठामा कुर्सीमा बस्ने मानिसहरूको समूह। यो दाउरा-सुरुवाल हो, नेपालभरि पुरुषहरूले परम्परागत रूपमा लगाउने राष्ट्रिय पोशाक। यो सामान्यतया उत्सव, विवाह, र आधिकारिक सांस्कृतिक अवसरहरूमा लगाइन्छ।"
nepali_dresses_augmented/daura_suruwal/100_aug1.jpg,"A group of people sitting on chairs in a room. This is the Daura-Suruwal, the national dress traditionally worn by men across Nepal. It is commonly worn during festivals, weddings, and official cultural occasions.","एक कोठामा कुर्सीमा बस्ने मानिसहरूको समूह। यो दाउरा-सुरुवाल हो, नेपालभरि पुरुषहरूले परम्परागत रूपमा लगाउने राष्ट्रिय पोशाक। यो सामान्यतया उत्सव, विवाह, र आधिकारिक सांस्कृतिक अवसरहरूमा लगाइन्छ।"
nepali_dresses_augmented/daura_suruwal/100_aug2.jpg,"A group of people sitting on chairs in a room. This is the Daura-Suruwal, the national dress traditionally worn by men across Nepal. It is commonly worn during festivals, weddings, and official cultural occasions.","एक कोठामा कुर्सीमा बस्ने मानिसहरूको समूह। यो दाउरा-सुरुवाल हो, नेपालभरि पुरुषहरूले परम्परागत रूपमा लगाउने राष्ट्रिय पोशाक। यो सामान्यतया उत्सव, विवाह, र आधिकारिक सांस्कृतिक अवसरहरूमा लगाइन्छ।"
nepali_dresses_augmented/daura_suruwal/101.jpg,"A man wearing a light blue kurta. This is the Daura-Suruwal, the national dress traditionally worn by men across Nepal. It is commonly worn during festivals, weddings, and official cultural occasions.","हल्का नीलो कुर्ता लगाउने एक पुरुष। यो दाउरा-सुरुवाल हो, नेपाल भरिका पुरुषहरूले परम्परागत रूपमा लगाउने राष्ट्रिय पोशाक। यो सामान्यतया उत्सव, विवाह, र आधिकारिक सांस्कृतिक अवसरहरूमा लगाइन्छ।"
nepali_dresses_augmented/daura_suruwal/101_aug1.jpg,"A man wearing a light blue kurta. This is the Daura-Suruwal, the national dress traditionally worn by men across Nepal. It is commonly worn during festivals, weddings, and official cultural occasions.","हल्का नीलो कुर्ता लगाउने एक पुरुष। यो दाउरा-सुरुवाल हो, नेपाल भरिका पुरुषहरूले परम्परागत रूपमा लगाउने राष्ट्रिय पोशाक। यो सामान्यतया उत्सव, विवाह, र आधिकारिक सांस्कृतिक अवसरहरूमा लगाइन्छ।"
nepali_dresses_augmented/daura_suruwal/101_aug2.jpg,"A man wearing a light blue kurta. This is the Daura-Suruwal, the national dress traditionally worn by men across Nepal. It is commonly worn during festivals, weddings, and official cultural occasions.","हल्का नीलो कुर्ता लगाउने एक पुरुष। यो दाउरा-सुरुवाल हो, नेपाल भरिका पुरुषहरूले परम्परागत रूपमा लगाउने राष्ट्रिय पोशाक। यो सामान्यतया उत्सव, विवाह, र आधिकारिक सांस्कृतिक अवसरहरूमा लगाइन्छ।"
nepali_dresses_augmented/daura_suruwal/102.jpg,"A white shirt and pants with a black collar. This is the Daura-Suruwal, the national dress traditionally worn by men across Nepal. It is commonly worn during festivals, weddings, and official cultural occasions.","एक सेतो शर्ट र कालो कॉलरको साथ प्यान्ट। यो दाउरा-सुरुवाल हो, परम्परागत रूपमा नेपाल भरिका पुरुषहरूले लगाउने राष्ट्रिय पोशाक। यो सामान्यतया उत्सव, विवाह, र आधिकारिक सांस्कृतिक अवसरहरूमा लगाइन्छ।"
nepali_dresses_augmented/daura_suruwal/102_aug1.jpg,"A white shirt and pants with a black collar. This is the Daura-Suruwal, the national dress traditionally worn by men across Nepal. It is commonly worn during festivals, weddings, and official cultural occasions.","एक सेतो शर्ट र कालो कॉलरको साथ प्यान्ट। यो दाउरा-सुरुवाल हो, परम्परागत रूपमा नेपाल भरिका पुरुषहरूले लगाउने राष्ट्रिय पोशाक। यो सामान्यतया उत्सव, विवाह, र आधिकारिक सांस्कृतिक अवसरहरूमा लगाइन्छ।"
nepali_dresses_augmented/daura_suruwal/102_aug2.jpg,"A white shirt and pants with a black collar. This is the Daura-Suruwal, the national dress traditionally worn by men across Nepal. It is commonly worn during festivals, weddings, and official cultural occasions.","एक सेतो शर्ट र कालो कॉलरको साथ प्यान्ट। यो दाउरा-सुरुवाल हो, परम्परागत रूपमा नेपाल भरिका पुरुषहरूले लगाउने राष्ट्रिय पोशाक। यो सामान्यतया उत्सव, विवाह, र आधिकारिक सांस्कृतिक अवसरहरूमा लगाइन्छ।"
nepali_dresses_augmented/daura_suruwal/103.jpg,"A man in a red and gold outfit. This is the Daura-Suruwal, the national dress traditionally worn by men across Nepal. It is commonly worn during festivals, weddings, and official cultural occasions.","रातो र सुनको पोशाकमा एक पुरुष। यो दाउरा-सुरुवाल हो, परम्परागत रूपमा नेपालभरि पुरुषहरूले लगाउने राष्ट्रिय पोशाक। यो सामान्यतया उत्सव, विवाह, र आधिकारिक सांस्कृतिक अवसरहरूमा लगाइन्छ।"
nepali_dresses_augmented/daura_suruwal/103_aug1.jpg,"A man in a red and gold outfit. This is the Daura-Suruwal, the national dress traditionally worn by men across Nepal. It is commonly worn during festivals, weddings, and official cultural occasions.","रातो र सुनको पोशाकमा एक पुरुष। यो दाउरा-सुरुवाल हो, परम्परागत रूपमा नेपालभरि पुरुषहरूले लगाउने राष्ट्रिय पोशाक। यो सामान्यतया उत्सव, विवाह, र आधिकारिक सांस्कृतिक अवसरहरूमा लगाइन्छ।"
nepali_dresses_augmented/daura_suruwal/103_aug2.jpg,"A man in a red and gold outfit. This is the Daura-Suruwal, the national dress traditionally worn by men across Nepal. It is commonly worn during festivals, weddings, and official cultural occasions.","रातो र सुनको पोशाकमा एक पुरुष। यो दाउरा-सुरुवाल हो, परम्परागत रूपमा नेपालभरि पुरुषहरूले लगाउने राष्ट्रिय पोशाक। यो सामान्यतया उत्सव, विवाह, र आधिकारिक सांस्कृतिक अवसरहरूमा लगाइन्छ।"
nepali_dresses_augmented/daura_suruwal/104.jpg,"A young boy wearing a black vest and white pants. This is the Daura-Suruwal, the national dress traditionally worn by men across Nepal. It is commonly worn during festivals, weddings, and official cultural occasions.","एक जवान केटाले कालो ज्याकेट र सेतो प्यान्ट लगाएको छ। यो दाउरा-सुरुवाल हो, परम्परागत रूपमा नेपाल भरिका पुरुषहरूले लगाउने राष्ट्रिय पोशाक। यो सामान्यतया उत्सव, विवाह, र आधिकारिक सांस्कृतिक अवसरहरूमा लगाइन्छ।"
nepali_dresses_augmented/daura_suruwal/104_aug1.jpg,"A young boy wearing a black vest and white pants. This is the Daura-Suruwal, the national dress traditionally worn by men across Nepal. It is commonly worn during festivals, weddings, and official cultural occasions.","एक जवान केटाले कालो ज्याकेट र सेतो प्यान्ट लगाएको छ। यो दाउरा-सुरुवाल हो, परम्परागत रूपमा नेपाल भरिका पुरुषहरूले लगाउने राष्ट्रिय पोशाक। यो सामान्यतया उत्सव, विवाह, र आधिकारिक सांस्कृतिक अवसरहरूमा लगाइन्छ।"
nepali_dresses_augmented/daura_suruwal/104_aug2.jpg,"A young boy wearing a black vest and white pants. This is the Daura-Suruwal, the national dress traditionally worn by men across Nepal. It is commonly worn during festivals, weddings, and official cultural occasions.","एक जवान केटाले कालो ज्याकेट र सेतो प्यान्ट लगाएको छ। यो दाउरा-सुरुवाल हो, परम्परागत रूपमा नेपाल भरिका पुरुषहरूले लगाउने राष्ट्रिय पोशाक। यो सामान्यतया उत्सव, विवाह, र आधिकारिक सांस्कृतिक अवसरहरूमा लगाइन्छ।"
nepali_dresses_augmented/daura_suruwal/105.jpg,"A man wearing a hat and vest holding a cell. This is the Daura-Suruwal, the national dress traditionally worn by men across Nepal. It is commonly worn during festivals, weddings, and official cultural occasions.","एउटा टोपी लगाउने पुरुष र एक सेल पकड्ने वेस्ट। यो दाउरा-सुरुवाल हो, परम्परागत रूपमा नेपाल भरिका पुरुषहरूले लगाउने राष्ट्रिय पोशाक। यो सामान्यतया उत्सव, विवाह, र आधिकारिक सांस्कृतिक अवसरहरूमा लगाइन्छ।"
nepali_dresses_augmented/daura_suruwal/105_aug1.jpg,"A man wearing a hat and vest holding a cell. This is the Daura-Suruwal, the national dress traditionally worn by men across Nepal. It is commonly worn during festivals, weddings, and official cultural occasions.","एउटा टोपी लगाउने पुरुष र एक सेल पकड्ने वेस्ट। यो दाउरा-सुरुवाल हो, परम्परागत रूपमा नेपाल भरिका पुरुषहरूले लगाउने राष्ट्रिय पोशाक। यो सामान्यतया उत्सव, विवाह, र आधिकारिक सांस्कृतिक अवसरहरूमा लगाइन्छ।"
nepali_dresses_augmented/daura_suruwal/105_aug2.jpg,"A man wearing a hat and vest holding a cell. This is the Daura-Suruwal, the national dress traditionally worn by men across Nepal. It is commonly worn during festivals, weddings, and official cultural occasions.","एउटा टोपी लगाउने पुरुष र एक सेल पकड्ने वेस्ट। यो दाउरा-सुरुवाल हो, परम्परागत रूपमा नेपाल भरिका पुरुषहरूले लगाउने राष्ट्रिय पोशाक। यो सामान्यतया उत्सव, विवाह, र आधिकारिक सांस्कृतिक अवसरहरूमा लगाइन्छ।"
nepali_dresses_augmented/daura_suruwal/106.jpg,"Two men standing in front of a wall with colorful rugs. This is the Daura-Suruwal, the national dress traditionally worn by men across Nepal. It is commonly worn during festivals, weddings, and official cultural occasions.","दुई जना पुरुष रङदार कालीनको साथ पर्खालको अगाडि उभिएका छन्। यो दाउरा-सुरुवाल हो, नेपालभरि पुरुषहरूले परम्परागत रूपमा लगाउने राष्ट्रिय पोशाक। यो सामान्यतया उत्सव, विवाह, र आधिकारिक सांस्कृतिक अवसरहरूमा लगाइन्छ।"
nepali_dresses_augmented/daura_suruwal/106_aug1.jpg,"Two men standing in front of a wall with colorful rugs. This is the Daura-Suruwal, the national dress traditionally worn by men across Nepal. It is commonly worn during festivals, weddings, and official cultural occasions.","दुई जना पुरुष रङदार कालीनको साथ पर्खालको अगाडि उभिएका छन्। यो दाउरा-सुरुवाल हो, नेपालभरि पुरुषहरूले परम्परागत रूपमा लगाउने राष्ट्रिय पोशाक। यो सामान्यतया उत्सव, विवाह, र आधिकारिक सांस्कृतिक अवसरहरूमा लगाइन्छ।"
nepali_dresses_augmented/daura_suruwal/106_aug2.jpg,"Two men standing in front of a wall with colorful rugs. This is the Daura-Suruwal, the national dress traditionally worn by men across Nepal. It is commonly worn during festivals, weddings, and official cultural occasions.","दुई जना पुरुष रङदार कालीनको साथ पर्खालको अगाडि उभिएका छन्। यो दाउरा-सुरुवाल हो, नेपालभरि पुरुषहरूले परम्परागत रूपमा लगाउने राष्ट्रिय पोशाक। यो सामान्यतया उत्सव, विवाह, र आधिकारिक सांस्कृतिक अवसरहरूमा लगाइन्छ।"
nepali_dresses_augmented/daura_suruwal/107.jpg,"A man in a purple suit standing next to a car. This is the Daura-Suruwal, the national dress traditionally worn by men across Nepal. It is commonly worn during festivals, weddings, and official cultural occasions.","कारको छेउमा बैजनी पोशाकमा उभिएका पुरुष. यो दाउरा-सुरुवाल हो, नेपालभरि पुरुषहरूले परम्परागत रूपमा लगाउने राष्ट्रिय पोशाक। यो सामान्यतया उत्सव, विवाह, र आधिकारिक सांस्कृतिक अवसरहरूमा लगाइन्छ।"
nepali_dresses_augmented/daura_suruwal/107_aug1.jpg,"A man in a purple suit standing next to a car. This is the Daura-Suruwal, the national dress traditionally worn by men across Nepal. It is commonly worn during festivals, weddings, and official cultural occasions.","कारको छेउमा बैजनी पोशाकमा उभिएका पुरुष. यो दाउरा-सुरुवाल हो, नेपालभरि पुरुषहरूले परम्परागत रूपमा लगाउने राष्ट्रिय पोशाक। यो सामान्यतया उत्सव, विवाह, र आधिकारिक सांस्कृतिक अवसरहरूमा लगाइन्छ।"
nepali_dresses_augmented/daura_suruwal/107_aug2.jpg,"A man in a purple suit standing next to a car. This is the Daura-Suruwal, the national dress traditionally worn by men across Nepal. It is commonly worn during festivals, weddings, and official cultural occasions.","कारको छेउमा बैजनी पोशाकमा उभिएका पुरुष. यो दाउरा-सुरुवाल हो, नेपालभरि पुरुषहरूले परम्परागत रूपमा लगाउने राष्ट्रिय पोशाक। यो सामान्यतया उत्सव, विवाह, र आधिकारिक सांस्कृतिक अवसरहरूमा लगाइन्छ।"
nepali_dresses_augmented/daura_suruwal/108.jpg,"A white and red sher suit with matching dupa. This is the Daura-Suruwal, the national dress traditionally worn by men across Nepal. It is commonly worn during festivals, weddings, and official cultural occasions.","यो दाउरा-सुरुवाल हो, जुन परम्परागत रूपमा नेपालभरका पुरुषहरूले लगाउने राष्ट्रिय पोशाक हो। यो सामान्यतया उत्सव, विवाह, र आधिकारिक सांस्कृतिक अवसरहरूमा लगाइन्छ।"
nepali_dresses_augmented/daura_suruwal/108_aug1.jpg,"A white and red sher suit with matching dupa. This is the Daura-Suruwal, the national dress traditionally worn by men across Nepal. It is commonly worn during festivals, weddings, and official cultural occasions.","यो दाउरा-सुरुवाल हो, जुन परम्परागत रूपमा नेपालभरका पुरुषहरूले लगाउने राष्ट्रिय पोशाक हो। यो सामान्यतया उत्सव, विवाह, र आधिकारिक सांस्कृतिक अवसरहरूमा लगाइन्छ।"
nepali_dresses_augmented/daura_suruwal/108_aug2.jpg,"A white and red sher suit with matching dupa. This is the Daura-Suruwal, the national dress traditionally worn by men across Nepal. It is commonly worn during festivals, weddings, and official cultural occasions.","यो दाउरा-सुरुवाल हो, जुन परम्परागत रूपमा नेपालभरका पुरुषहरूले लगाउने राष्ट्रिय पोशाक हो। यो सामान्यतया उत्सव, विवाह, र आधिकारिक सांस्कृतिक अवसरहरूमा लगाइन्छ।"
nepali_dresses_augmented/daura_suruwal/109.jpg,"Two men sitting on steps in front of a building. This is the Daura-Suruwal, the national dress traditionally worn by men across Nepal. It is commonly worn during festivals, weddings, and official cultural occasions.","दुई जना पुरुष एक भवनको अगाडि सिढीमा बसिरहेका छन्। यो दाउरा-सुरुवाल हो, नेपालभरि पुरुषहरूले परम्परागत रूपमा लगाउने राष्ट्रिय पोशाक। यो सामान्यतया उत्सव, विवाह, र आधिकारिक सांस्कृतिक अवसरहरूमा लगाइन्छ।"
nepali_dresses_augmented/daura_suruwal/109_aug1.jpg,"Two men sitting on steps in front of a building. This is the Daura-Suruwal, the national dress traditionally worn by men across Nepal. It is commonly worn during festivals, weddings, and official cultural occasions.","दुई जना पुरुष एक भवनको अगाडि सिढीमा बसिरहेका छन्। यो दाउरा-सुरुवाल हो, नेपालभरि पुरुषहरूले परम्परागत रूपमा लगाउने राष्ट्रिय पोशाक। यो सामान्यतया उत्सव, विवाह, र आधिकारिक सांस्कृतिक अवसरहरूमा लगाइन्छ।"
nepali_dresses_augmented/daura_suruwal/109_aug2.jpg,"Two men sitting on steps in front of a building. This is the Daura-Suruwal, the national dress traditionally worn by men across Nepal. It is commonly worn during festivals, weddings, and official cultural occasions.","दुई जना पुरुष एक भवनको अगाडि सिढीमा बसिरहेका छन्। यो दाउरा-सुरुवाल हो, नेपालभरि पुरुषहरूले परम्परागत रूपमा लगाउने राष्ट्रिय पोशाक। यो सामान्यतया उत्सव, विवाह, र आधिकारिक सांस्कृतिक अवसरहरूमा लगाइन्छ।"
nepali_dresses_augmented/daura_suruwal/10_aug1.jpg,"A man in a white shirt and black vest standing with his hands together. This is the Daura-Suruwal, the national dress traditionally worn by men across Nepal. It is commonly worn during festivals, weddings, and official cultural occasions.","दाउरा-सुरुवाल, नेपालभरका पुरुषहरूले परम्परागत रूपमा लगाउने राष्ट्रिय पोशाक हो। यो सामान्यतया उत्सव, विवाह, र आधिकारिक सांस्कृतिक अवसरहरूमा लगाइन्छ।"
nepali_dresses_augmented/daura_suruwal/10_aug2.jpg,"A man in a white shirt and black vest standing with his hands together. This is the Daura-Suruwal, the national dress traditionally worn by men across Nepal. It is commonly worn during festivals, weddings, and official cultural occasions.","दाउरा-सुरुवाल, नेपालभरका पुरुषहरूले परम्परागत रूपमा लगाउने राष्ट्रिय पोशाक हो। यो सामान्यतया उत्सव, विवाह, र आधिकारिक सांस्कृतिक अवसरहरूमा लगाइन्छ।"
nepali_dresses_augmented/daura_suruwal/11.jpg,"A young boy wearing a white kurta. This is the Daura-Suruwal, the national dress traditionally worn by men across Nepal. It is commonly worn during festivals, weddings, and official cultural occasions.","यो दाउरा-सुरुवाल हो, जुन परम्परागत रूपमा नेपालभरका पुरुषहरूले लगाउने राष्ट्रिय पोशाक हो। यो सामान्यतया उत्सव, विवाह, र आधिकारिक सांस्कृतिक अवसरहरूमा लगाइन्छ।"
nepali_dresses_augmented/daura_suruwal/110.jpg,"A group of men playing drums in the street. This is the Daura-Suruwal, the national dress traditionally worn by men across Nepal. It is commonly worn during festivals, weddings, and official cultural occasions.","सडकमा ड्रम बजाउने पुरुषहरूको समूह। यो दाउरा-सुरुवाल हो, नेपालभरि पुरुषहरूले परम्परागत रूपमा लगाउने राष्ट्रिय पोशाक। यो सामान्यतया उत्सव, विवाह, र आधिकारिक सांस्कृतिक अवसरहरूमा लगाइन्छ।"
nepali_dresses_augmented/daura_suruwal/110_aug1.jpg,"A group of men playing drums in the street. This is the Daura-Suruwal, the national dress traditionally worn by men across Nepal. It is commonly worn during festivals, weddings, and official cultural occasions.","सडकमा ड्रम बजाउने पुरुषहरूको समूह। यो दाउरा-सुरुवाल हो, नेपालभरि पुरुषहरूले परम्परागत रूपमा लगाउने राष्ट्रिय पोशाक। यो सामान्यतया उत्सव, विवाह, र आधिकारिक सांस्कृतिक अवसरहरूमा लगाइन्छ।"
nepali_dresses_augmented/daura_suruwal/110_aug2.jpg,"A group of men playing drums in the street. This is the Daura-Suruwal, the national dress traditionally worn by men across Nepal. It is commonly worn during festivals, weddings, and official cultural occasions.","सडकमा ड्रम बजाउने पुरुषहरूको समूह। यो दाउरा-सुरुवाल हो, नेपालभरि पुरुषहरूले परम्परागत रूपमा लगाउने राष्ट्रिय पोशाक। यो सामान्यतया उत्सव, विवाह, र आधिकारिक सांस्कृतिक अवसरहरूमा लगाइन्छ।"
nepali_dresses_augmented/daura_suruwal/111.jpg,"A young boy in a school uniform giving the thumbs. This is the Daura-Suruwal, the national dress traditionally worn by men across Nepal. It is commonly worn during festivals, weddings, and official cultural occasions.","एक जवान केटाले स्कुल युनिफर्ममा औंला थप्पड लगाइरहेको छ। यो दाउरा-सुरुवाल हो, नेपालभरि पुरुषहरूले परम्परागत रूपमा लगाउने राष्ट्रिय पोशाक। यो सामान्यतया उत्सव, विवाह, र आधिकारिक सांस्कृतिक अवसरहरूमा लगाइन्छ।"
nepali_dresses_augmented/daura_suruwal/111_aug1.jpg,"A young boy in a school uniform giving the thumbs. This is the Daura-Suruwal, the national dress traditionally worn by men across Nepal. It is commonly worn during festivals, weddings, and official cultural occasions.","एक जवान केटाले स्कुल युनिफर्ममा औंला थप्पड लगाइरहेको छ। यो दाउरा-सुरुवाल हो, नेपालभरि पुरुषहरूले परम्परागत रूपमा लगाउने राष्ट्रिय पोशाक। यो सामान्यतया उत्सव, विवाह, र आधिकारिक सांस्कृतिक अवसरहरूमा लगाइन्छ।"
nepali_dresses_augmented/daura_suruwal/111_aug2.jpg,"A young boy in a school uniform giving the thumbs. This is the Daura-Suruwal, the national dress traditionally worn by men across Nepal. It is commonly worn during festivals, weddings, and official cultural occasions.","एक जवान केटाले स्कुल युनिफर्ममा औंला थप्पड लगाइरहेको छ। यो दाउरा-सुरुवाल हो, नेपालभरि पुरुषहरूले परम्परागत रूपमा लगाउने राष्ट्रिय पोशाक। यो सामान्यतया उत्सव, विवाह, र आधिकारिक सांस्कृतिक अवसरहरूमा लगाइन्छ।"
nepali_dresses_augmented/daura_suruwal/112.jpg,"A man standing in front of a white wall. This is the Daura-Suruwal, the national dress traditionally worn by men across Nepal. It is commonly worn during festivals, weddings, and official cultural occasions.","दाउरा-सुरुवाल, नेपालभरका पुरुषहरूले परम्परागत रूपमा लगाउने राष्ट्रिय पोशाक हो। यो सामान्यतया उत्सव, विवाह, र आधिकारिक सांस्कृतिक अवसरहरूमा लगाइन्छ।"
nepali_dresses_augmented/daura_suruwal/112_aug1.jpg,"A man standing in front of a white wall. This is the Daura-Suruwal, the national dress traditionally worn by men across Nepal. It is commonly worn during festivals, weddings, and official cultural occasions.","दाउरा-सुरुवाल, नेपालभरका पुरुषहरूले परम्परागत रूपमा लगाउने राष्ट्रिय पोशाक हो। यो सामान्यतया उत्सव, विवाह, र आधिकारिक सांस्कृतिक अवसरहरूमा लगाइन्छ।"
nepali_dresses_augmented/daura_suruwal/112_aug2.jpg,"A man standing in front of a white wall. This is the Daura-Suruwal, the national dress traditionally worn by men across Nepal. It is commonly worn during festivals, weddings, and official cultural occasions.","दाउरा-सुरुवाल, नेपालभरका पुरुषहरूले परम्परागत रूपमा लगाउने राष्ट्रिय पोशाक हो। यो सामान्यतया उत्सव, विवाह, र आधिकारिक सांस्कृतिक अवसरहरूमा लगाइन्छ।"
nepali_dresses_augmented/daura_suruwal/113.jpg,"A man wearing a blue jacket and white shirt. This is the Daura-Suruwal, the national dress traditionally worn by men across Nepal. It is commonly worn during festivals, weddings, and official cultural occasions.","नीलो ज्याकेट र सेतो शर्ट लगाउने एक पुरुष। यो दाउरा-सुरुवाल हो, परम्परागत रूपमा नेपालभरि पुरुषहरूले लगाउने राष्ट्रिय पोशाक। यो सामान्यतया उत्सव, विवाह, र आधिकारिक सांस्कृतिक अवसरहरूमा लगाइन्छ।"
nepali_dresses_augmented/daura_suruwal/113_aug1.jpg,"A man wearing a blue jacket and white shirt. This is the Daura-Suruwal, the national dress traditionally worn by men across Nepal. It is commonly worn during festivals, weddings, and official cultural occasions.","नीलो ज्याकेट र सेतो शर्ट लगाउने एक पुरुष। यो दाउरा-सुरुवाल हो, परम्परागत रूपमा नेपालभरि पुरुषहरूले लगाउने राष्ट्रिय पोशाक। यो सामान्यतया उत्सव, विवाह, र आधिकारिक सांस्कृतिक अवसरहरूमा लगाइन्छ।"
nepali_dresses_augmented/daura_suruwal/113_aug2.jpg,"A man wearing a blue jacket and white shirt. This is the Daura-Suruwal, the national dress traditionally worn by men across Nepal. It is commonly worn during festivals, weddings, and official cultural occasions.","नीलो ज्याकेट र सेतो शर्ट लगाउने एक पुरुष। यो दाउरा-सुरुवाल हो, परम्परागत रूपमा नेपालभरि पुरुषहरूले लगाउने राष्ट्रिय पोशाक। यो सामान्यतया उत्सव, विवाह, र आधिकारिक सांस्कृतिक अवसरहरूमा लगाइन्छ।"
nepali_dresses_augmented/daura_suruwal/114.jpg,"A man wearing a green jacket and black pants. This is the Daura-Suruwal, the national dress traditionally worn by men across Nepal. It is commonly worn during festivals, weddings, and official cultural occasions.","हरियो ज्याकेट र कालो प्यान्ट लगाउने एक पुरुष। यो दाउरा-सुरुवाल हो, परम्परागत रूपमा नेपालभरि पुरुषहरूले लगाउने राष्ट्रिय पोशाक। यो सामान्यतया उत्सव, विवाह, र आधिकारिक सांस्कृतिक अवसरहरूमा लगाइन्छ।"
nepali_dresses_augmented/daura_suruwal/114_aug1.jpg,"A man wearing a green jacket and black pants. This is the Daura-Suruwal, the national dress traditionally worn by men across Nepal. It is commonly worn during festivals, weddings, and official cultural occasions.","हरियो ज्याकेट र कालो प्यान्ट लगाउने एक पुरुष। यो दाउरा-सुरुवाल हो, परम्परागत रूपमा नेपालभरि पुरुषहरूले लगाउने राष्ट्रिय पोशाक। यो सामान्यतया उत्सव, विवाह, र आधिकारिक सांस्कृतिक अवसरहरूमा लगाइन्छ।"
nepali_dresses_augmented/daura_suruwal/114_aug2.jpg,"A man wearing a green jacket and black pants. This is the Daura-Suruwal, the national dress traditionally worn by men across Nepal. It is commonly worn during festivals, weddings, and official cultural occasions.","हरियो ज्याकेट र कालो प्यान्ट लगाउने एक पुरुष। यो दाउरा-सुरुवाल हो, परम्परागत रूपमा नेपालभरि पुरुषहरूले लगाउने राष्ट्रिय पोशाक। यो सामान्यतया उत्सव, विवाह, र आधिकारिक सांस्कृतिक अवसरहरूमा लगाइन्छ।"
nepali_dresses_augmented/daura_suruwal/115.jpg,"A man in a blue suit and head scarf. This is the Daura-Suruwal, the national dress traditionally worn by men across Nepal. It is commonly worn during festivals, weddings, and official cultural occasions.","नीलो सूट र हेड स्कार्फमा एक पुरुष। यो दाउरा-सुरुवाल हो, परम्परागत रूपमा नेपाल भरिका पुरुषहरूले लगाउने राष्ट्रिय पोशाक। यो सामान्यतया उत्सव, विवाह, र आधिकारिक सांस्कृतिक अवसरहरूमा लगाइन्छ।"
nepali_dresses_augmented/daura_suruwal/115_aug1.jpg,"A man in a blue suit and head scarf. This is the Daura-Suruwal, the national dress traditionally worn by men across Nepal. It is commonly worn during festivals, weddings, and official cultural occasions.","नीलो सूट र हेड स्कार्फमा एक पुरुष। यो दाउरा-सुरुवाल हो, परम्परागत रूपमा नेपाल भरिका पुरुषहरूले लगाउने राष्ट्रिय पोशाक। यो सामान्यतया उत्सव, विवाह, र आधिकारिक सांस्कृतिक अवसरहरूमा लगाइन्छ।"
nepali_dresses_augmented/daura_suruwal/115_aug2.jpg,"A man in a blue suit and head scarf. This is the Daura-Suruwal, the national dress traditionally worn by men across Nepal. It is commonly worn during festivals, weddings, and official cultural occasions.","नीलो सूट र हेड स्कार्फमा एक पुरुष। यो दाउरा-सुरुवाल हो, परम्परागत रूपमा नेपाल भरिका पुरुषहरूले लगाउने राष्ट्रिय पोशाक। यो सामान्यतया उत्सव, विवाह, र आधिकारिक सांस्कृतिक अवसरहरूमा लगाइन्छ।"
nepali_dresses_augmented/daura_suruwal/116.jpg,"A man and woman dressed in traditional clothing. This is the Daura-Suruwal, the national dress traditionally worn by men across Nepal. It is commonly worn during festivals, weddings, and official cultural occasions.","परम्परागत कपडा लगाएका पुरुष र महिला । यो दाउरा-सुरुवाल हो, नेपालभरि पुरुषहरूले परम्परागत रूपमा लगाउने राष्ट्रिय पोशाक। यो सामान्यतया उत्सव, विवाह, र आधिकारिक सांस्कृतिक अवसरहरूमा लगाइन्छ।"
nepali_dresses_augmented/daura_suruwal/116_aug1.jpg,"A man and woman dressed in traditional clothing. This is the Daura-Suruwal, the national dress traditionally worn by men across Nepal. It is commonly worn during festivals, weddings, and official cultural occasions.","परम्परागत कपडा लगाएका पुरुष र महिला । यो दाउरा-सुरुवाल हो, नेपालभरि पुरुषहरूले परम्परागत रूपमा लगाउने राष्ट्रिय पोशाक। यो सामान्यतया उत्सव, विवाह, र आधिकारिक सांस्कृतिक अवसरहरूमा लगाइन्छ।"
nepali_dresses_augmented/daura_suruwal/116_aug2.jpg,"A man and woman dressed in traditional clothing. This is the Daura-Suruwal, the national dress traditionally worn by men across Nepal. It is commonly worn during festivals, weddings, and official cultural occasions.","परम्परागत कपडा लगाएका पुरुष र महिला । यो दाउरा-सुरुवाल हो, नेपालभरि पुरुषहरूले परम्परागत रूपमा लगाउने राष्ट्रिय पोशाक। यो सामान्यतया उत्सव, विवाह, र आधिकारिक सांस्कृतिक अवसरहरूमा लगाइन्छ।"
nepali_dresses_augmented/daura_suruwal/117.jpg,"A man wearing a white hat with feathers on it. This is the Daura-Suruwal, the national dress traditionally worn by men across Nepal. It is commonly worn during festivals, weddings, and official cultural occasions.","यो दाउरा-सुरुवाल हो, परम्परागत रूपमा नेपालभरका पुरुषहरूले लगाउने राष्ट्रिय पोशाक। यो सामान्यतया उत्सव, विवाह र आधिकारिक सांस्कृतिक अवसरहरूमा लगाइन्छ।"
nepali_dresses_augmented/daura_suruwal/117_aug1.jpg,"A man wearing a white hat with feathers on it. This is the Daura-Suruwal, the national dress traditionally worn by men across Nepal. It is commonly worn during festivals, weddings, and official cultural occasions.","यो दाउरा-सुरुवाल हो, परम्परागत रूपमा नेपालभरका पुरुषहरूले लगाउने राष्ट्रिय पोशाक। यो सामान्यतया उत्सव, विवाह र आधिकारिक सांस्कृतिक अवसरहरूमा लगाइन्छ।"
nepali_dresses_augmented/daura_suruwal/117_aug2.jpg,"A man wearing a white hat with feathers on it. This is the Daura-Suruwal, the national dress traditionally worn by men across Nepal. It is commonly worn during festivals, weddings, and official cultural occasions.","यो दाउरा-सुरुवाल हो, परम्परागत रूपमा नेपालभरका पुरुषहरूले लगाउने राष्ट्रिय पोशाक। यो सामान्यतया उत्सव, विवाह र आधिकारिक सांस्कृतिक अवसरहरूमा लगाइन्छ।"
nepali_dresses_augmented/daura_suruwal/118.jpg,"A man in a red and white outfit. This is the Daura-Suruwal, the national dress traditionally worn by men across Nepal. It is commonly worn during festivals, weddings, and official cultural occasions.","रातो र सेतो पोशाकमा एक पुरुष। यो दाउरा-सुरुवाल हो, नेपाल भरिका पुरुषहरूले परम्परागत रूपमा लगाउने राष्ट्रिय पोशाक। यो सामान्यतया उत्सव, विवाह, र आधिकारिक सांस्कृतिक अवसरहरूमा लगाइन्छ।"
nepali_dresses_augmented/daura_suruwal/118_aug1.jpg,"A man in a red and white outfit. This is the Daura-Suruwal, the national dress traditionally worn by men across Nepal. It is commonly worn during festivals, weddings, and official cultural occasions.","रातो र सेतो पोशाकमा एक पुरुष। यो दाउरा-सुरुवाल हो, नेपाल भरिका पुरुषहरूले परम्परागत रूपमा लगाउने राष्ट्रिय पोशाक। यो सामान्यतया उत्सव, विवाह, र आधिकारिक सांस्कृतिक अवसरहरूमा लगाइन्छ।"
nepali_dresses_augmented/daura_suruwal/118_aug2.jpg,"A man in a red and white outfit. This is the Daura-Suruwal, the national dress traditionally worn by men across Nepal. It is commonly worn during festivals, weddings, and official cultural occasions.","रातो र सेतो पोशाकमा एक पुरुष। यो दाउरा-सुरुवाल हो, नेपाल भरिका पुरुषहरूले परम्परागत रूपमा लगाउने राष्ट्रिय पोशाक। यो सामान्यतया उत्सव, विवाह, र आधिकारिक सांस्कृतिक अवसरहरूमा लगाइन्छ।"
nepali_dresses_augmented/daura_suruwal/119.jpg,"Three men standing in front of a building. This is the Daura-Suruwal, the national dress traditionally worn by men across Nepal. It is commonly worn during festivals, weddings, and official cultural occasions.","तीन जना पुरुष एक भवनको अगाडि उभिरहेका छन्। यो दाउरा-सुरुवाल हो, नेपालभरि पुरुषहरूले परम्परागत रूपमा लगाउने राष्ट्रिय पोशाक। यो सामान्यतया उत्सव, विवाह, र आधिकारिक सांस्कृतिक अवसरहरूमा लगाइन्छ।"
nepali_dresses_augmented/daura_suruwal/119_aug1.jpg,"Three men standing in front of a building. This is the Daura-Suruwal, the national dress traditionally worn by men across Nepal. It is commonly worn during festivals, weddings, and official cultural occasions.","तीन जना पुरुष एक भवनको अगाडि उभिरहेका छन्। यो दाउरा-सुरुवाल हो, नेपालभरि पुरुषहरूले परम्परागत रूपमा लगाउने राष्ट्रिय पोशाक। यो सामान्यतया उत्सव, विवाह, र आधिकारिक सांस्कृतिक अवसरहरूमा लगाइन्छ।"
nepali_dresses_augmented/daura_suruwal/119_aug2.jpg,"Three men standing in front of a building. This is the Daura-Suruwal, the national dress traditionally worn by men across Nepal. It is commonly worn during festivals, weddings, and official cultural occasions.","तीन जना पुरुष एक भवनको अगाडि उभिरहेका छन्। यो दाउरा-सुरुवाल हो, नेपालभरि पुरुषहरूले परम्परागत रूपमा लगाउने राष्ट्रिय पोशाक। यो सामान्यतया उत्सव, विवाह, र आधिकारिक सांस्कृतिक अवसरहरूमा लगाइन्छ।"
nepali_dresses_augmented/daura_suruwal/11_aug1.jpg,"A young boy wearing a white kurta. This is the Daura-Suruwal, the national dress traditionally worn by men across Nepal. It is commonly worn during festivals, weddings, and official cultural occasions.","यो दाउरा-सुरुवाल हो, जुन परम्परागत रूपमा नेपालभरका पुरुषहरूले लगाउने राष्ट्रिय पोशाक हो। यो सामान्यतया उत्सव, विवाह, र आधिकारिक सांस्कृतिक अवसरहरूमा लगाइन्छ।"
nepali_dresses_augmented/daura_suruwal/11_aug2.jpg,"A young boy wearing a white kurta. This is the Daura-Suruwal, the national dress traditionally worn by men across Nepal. It is commonly worn during festivals, weddings, and official cultural occasions.","यो दाउरा-सुरुवाल हो, जुन परम्परागत रूपमा नेपालभरका पुरुषहरूले लगाउने राष्ट्रिय पोशाक हो। यो सामान्यतया उत्सव, विवाह, र आधिकारिक सांस्कृतिक अवसरहरूमा लगाइन्छ।"
nepali_dresses_augmented/daura_suruwal/12.jpg,"A young boy wearing a white kurta. This is the Daura-Suruwal, the national dress traditionally worn by men across Nepal. It is commonly worn during festivals, weddings, and official cultural occasions.","यो दाउरा-सुरुवाल हो, जुन परम्परागत रूपमा नेपालभरका पुरुषहरूले लगाउने राष्ट्रिय पोशाक हो। यो सामान्यतया उत्सव, विवाह, र आधिकारिक सांस्कृतिक अवसरहरूमा लगाइन्छ।"
nepali_dresses_augmented/daura_suruwal/120.jpg,"A man in green pants and a black jacket. This is the Daura-Suruwal, the national dress traditionally worn by men across Nepal. It is commonly worn during festivals, weddings, and official cultural occasions.","हरियो प्यान्ट र कालो ज्याकेटमा एक पुरुष। यो दाउरा-सुरुवाल हो, परम्परागत रूपमा नेपालभरि पुरुषहरूले लगाउने राष्ट्रिय पोशाक। यो सामान्यतया उत्सव, विवाह, र आधिकारिक सांस्कृतिक अवसरहरूमा लगाइन्छ।"
nepali_dresses_augmented/daura_suruwal/120_aug1.jpg,"A man in green pants and a black jacket. This is the Daura-Suruwal, the national dress traditionally worn by men across Nepal. It is commonly worn during festivals, weddings, and official cultural occasions.","हरियो प्यान्ट र कालो ज्याकेटमा एक पुरुष। यो दाउरा-सुरुवाल हो, परम्परागत रूपमा नेपालभरि पुरुषहरूले लगाउने राष्ट्रिय पोशाक। यो सामान्यतया उत्सव, विवाह, र आधिकारिक सांस्कृतिक अवसरहरूमा लगाइन्छ।"
nepali_dresses_augmented/daura_suruwal/120_aug2.jpg,"A man in green pants and a black jacket. This is the Daura-Suruwal, the national dress traditionally worn by men across Nepal. It is commonly worn during festivals, weddings, and official cultural occasions.","हरियो प्यान्ट र कालो ज्याकेटमा एक पुरुष। यो दाउरा-सुरुवाल हो, परम्परागत रूपमा नेपालभरि पुरुषहरूले लगाउने राष्ट्रिय पोशाक। यो सामान्यतया उत्सव, विवाह, र आधिकारिक सांस्कृतिक अवसरहरूमा लगाइन्छ।"
nepali_dresses_augmented/daura_suruwal/121.jpg,"A man wearing a cream colored kurt. This is the Daura-Suruwal, the national dress traditionally worn by men across Nepal. It is commonly worn during festivals, weddings, and official cultural occasions.","एक पुरुषले क्रीम रङको कुर्ट लगाएको छ। यो दाउरा-सुरुवाल हो, नेपालभरि पुरुषहरूले परम्परागत रूपमा लगाउने राष्ट्रिय पोशाक। यो सामान्यतया उत्सव, विवाह, र आधिकारिक सांस्कृतिक अवसरहरूमा लगाइन्छ।"
nepali_dresses_augmented/daura_suruwal/121_aug1.jpg,"A man wearing a cream colored kurt. This is the Daura-Suruwal, the national dress traditionally worn by men across Nepal. It is commonly worn during festivals, weddings, and official cultural occasions.","एक पुरुषले क्रीम रङको कुर्ट लगाएको छ। यो दाउरा-सुरुवाल हो, नेपालभरि पुरुषहरूले परम्परागत रूपमा लगाउने राष्ट्रिय पोशाक। यो सामान्यतया उत्सव, विवाह, र आधिकारिक सांस्कृतिक अवसरहरूमा लगाइन्छ।"
nepali_dresses_augmented/daura_suruwal/121_aug2.jpg,"A man wearing a cream colored kurt. This is the Daura-Suruwal, the national dress traditionally worn by men across Nepal. It is commonly worn during festivals, weddings, and official cultural occasions.","एक पुरुषले क्रीम रङको कुर्ट लगाएको छ। यो दाउरा-सुरुवाल हो, नेपालभरि पुरुषहरूले परम्परागत रूपमा लगाउने राष्ट्रिय पोशाक। यो सामान्यतया उत्सव, विवाह, र आधिकारिक सांस्कृतिक अवसरहरूमा लगाइन्छ।"
nepali_dresses_augmented/daura_suruwal/122.jpg,"A young boy wearing a colorful suit and hat. This is the Daura-Suruwal, the national dress traditionally worn by men across Nepal. It is commonly worn during festivals, weddings, and official cultural occasions.","एक जवान केटाले रंगीन सूट र टोपी लगाएको छ। यो दाउरा-सुरुवाल हो, जुन परम्परागत रूपमा नेपालभरका पुरुषहरूले लगाउने राष्ट्रिय पोशाक हो। यो सामान्यतया उत्सव, विवाह, र आधिकारिक सांस्कृतिक अवसरहरूमा लगाइन्छ।"
nepali_dresses_augmented/daura_suruwal/122_aug1.jpg,"A young boy wearing a colorful suit and hat. This is the Daura-Suruwal, the national dress traditionally worn by men across Nepal. It is commonly worn during festivals, weddings, and official cultural occasions.","एक जवान केटाले रंगीन सूट र टोपी लगाएको छ। यो दाउरा-सुरुवाल हो, जुन परम्परागत रूपमा नेपालभरका पुरुषहरूले लगाउने राष्ट्रिय पोशाक हो। यो सामान्यतया उत्सव, विवाह, र आधिकारिक सांस्कृतिक अवसरहरूमा लगाइन्छ।"
nepali_dresses_augmented/daura_suruwal/122_aug2.jpg,"A young boy wearing a colorful suit and hat. This is the Daura-Suruwal, the national dress traditionally worn by men across Nepal. It is commonly worn during festivals, weddings, and official cultural occasions.","एक जवान केटाले रंगीन सूट र टोपी लगाएको छ। यो दाउरा-सुरुवाल हो, जुन परम्परागत रूपमा नेपालभरका पुरुषहरूले लगाउने राष्ट्रिय पोशाक हो। यो सामान्यतया उत्सव, विवाह, र आधिकारिक सांस्कृतिक अवसरहरूमा लगाइन्छ।"
nepali_dresses_augmented/daura_suruwal/123.jpg,"A man in a traditional costume walking down the street. This is the Daura-Suruwal, the national dress traditionally worn by men across Nepal. It is commonly worn during festivals, weddings, and official cultural occasions.","परम्परागत पोशाकमा सडकमा हिँड्ने एक व्यक्ति। यो दाउरा-सुरुवाल हो, नेपालभरि पुरुषहरूले परम्परागत रूपमा लगाउने राष्ट्रिय पोशाक। यो सामान्यतया उत्सव, विवाह, र आधिकारिक सांस्कृतिक अवसरहरूमा लगाइन्छ।"
nepali_dresses_augmented/daura_suruwal/123_aug1.jpg,"A man in a traditional costume walking down the street. This is the Daura-Suruwal, the national dress traditionally worn by men across Nepal. It is commonly worn during festivals, weddings, and official cultural occasions.","परम्परागत पोशाकमा सडकमा हिँड्ने एक व्यक्ति। यो दाउरा-सुरुवाल हो, नेपालभरि पुरुषहरूले परम्परागत रूपमा लगाउने राष्ट्रिय पोशाक। यो सामान्यतया उत्सव, विवाह, र आधिकारिक सांस्कृतिक अवसरहरूमा लगाइन्छ।"
nepali_dresses_augmented/daura_suruwal/123_aug2.jpg,"A man in a traditional costume walking down the street. This is the Daura-Suruwal, the national dress traditionally worn by men across Nepal. It is commonly worn during festivals, weddings, and official cultural occasions.","परम्परागत पोशाकमा सडकमा हिँड्ने एक व्यक्ति। यो दाउरा-सुरुवाल हो, नेपालभरि पुरुषहरूले परम्परागत रूपमा लगाउने राष्ट्रिय पोशाक। यो सामान्यतया उत्सव, विवाह, र आधिकारिक सांस्कृतिक अवसरहरूमा लगाइन्छ।"
nepali_dresses_augmented/daura_suruwal/124.jpg,"A family posing for the camera. This is the Daura-Suruwal, the national dress traditionally worn by men across Nepal. It is commonly worn during festivals, weddings, and official cultural occasions.","एक परिवार क्यामेराको लागि पोज गर्दैछ। यो दाउरा-सुरुवाल हो, परम्परागत रूपमा नेपाल भरिका पुरुषहरूले लगाउने राष्ट्रिय पोशाक। यो सामान्यतया उत्सव, विवाह, र आधिकारिक सांस्कृतिक अवसरहरूमा लगाइन्छ।"
nepali_dresses_augmented/daura_suruwal/124_aug1.jpg,"A family posing for the camera. This is the Daura-Suruwal, the national dress traditionally worn by men across Nepal. It is commonly worn during festivals, weddings, and official cultural occasions.","एक परिवार क्यामेराको लागि पोज गर्दैछ। यो दाउरा-सुरुवाल हो, परम्परागत रूपमा नेपाल भरिका पुरुषहरूले लगाउने राष्ट्रिय पोशाक। यो सामान्यतया उत्सव, विवाह, र आधिकारिक सांस्कृतिक अवसरहरूमा लगाइन्छ।"
nepali_dresses_augmented/daura_suruwal/124_aug2.jpg,"A family posing for the camera. This is the Daura-Suruwal, the national dress traditionally worn by men across Nepal. It is commonly worn during festivals, weddings, and official cultural occasions.","एक परिवार क्यामेराको लागि पोज गर्दैछ। यो दाउरा-सुरुवाल हो, परम्परागत रूपमा नेपाल भरिका पुरुषहरूले लगाउने राष्ट्रिय पोशाक। यो सामान्यतया उत्सव, विवाह, र आधिकारिक सांस्कृतिक अवसरहरूमा लगाइन्छ।"
nepali_dresses_augmented/daura_suruwal/125.jpg,"A man in a traditional costume. This is the Daura-Suruwal, the national dress traditionally worn by men across Nepal. It is commonly worn during festivals, weddings, and official cultural occasions.","परम्परागत पोशाकमा एक पुरुष। यो दाउरा-सुरुवाल हो, नेपाल भरिका पुरुषहरूले परम्परागत रूपमा लगाउने राष्ट्रिय पोशाक। यो सामान्यतया उत्सव, विवाह, र आधिकारिक सांस्कृतिक अवसरहरूमा लगाइन्छ।"
nepali_dresses_augmented/daura_suruwal/125_aug1.jpg,"A man in a traditional costume. This is the Daura-Suruwal, the national dress traditionally worn by men across Nepal. It is commonly worn during festivals, weddings, and official cultural occasions.","परम्परागत पोशाकमा एक पुरुष। यो दाउरा-सुरुवाल हो, नेपाल भरिका पुरुषहरूले परम्परागत रूपमा लगाउने राष्ट्रिय पोशाक। यो सामान्यतया उत्सव, विवाह, र आधिकारिक सांस्कृतिक अवसरहरूमा लगाइन्छ।"
nepali_dresses_augmented/daura_suruwal/125_aug2.jpg,"A man in a traditional costume. This is the Daura-Suruwal, the national dress traditionally worn by men across Nepal. It is commonly worn during festivals, weddings, and official cultural occasions.","परम्परागत पोशाकमा एक पुरुष। यो दाउरा-सुरुवाल हो, नेपाल भरिका पुरुषहरूले परम्परागत रूपमा लगाउने राष्ट्रिय पोशाक। यो सामान्यतया उत्सव, विवाह, र आधिकारिक सांस्कृतिक अवसरहरूमा लगाइन्छ।"
nepali_dresses_augmented/daura_suruwal/126.jpg,"A boy ' s suit and hat on a wooden floor. This is the Daura-Suruwal, the national dress traditionally worn by men across Nepal. It is commonly worn during festivals, weddings, and official cultural occasions.","एक केटाको पोशाक र काठको फर्शमा टोपी। यो दाउरा-सुरुवाल हो, जुन परम्परागत रूपमा नेपालभरि पुरुषहरूले लगाउने राष्ट्रिय पोशाक हो। यो सामान्यतया उत्सव, विवाह, र आधिकारिक सांस्कृतिक अवसरहरूमा लगाइन्छ।"
nepali_dresses_augmented/daura_suruwal/126_aug1.jpg,"A boy ' s suit and hat on a wooden floor. This is the Daura-Suruwal, the national dress traditionally worn by men across Nepal. It is commonly worn during festivals, weddings, and official cultural occasions.","एक केटाको पोशाक र काठको फर्शमा टोपी। यो दाउरा-सुरुवाल हो, जुन परम्परागत रूपमा नेपालभरि पुरुषहरूले लगाउने राष्ट्रिय पोशाक हो। यो सामान्यतया उत्सव, विवाह, र आधिकारिक सांस्कृतिक अवसरहरूमा लगाइन्छ।"
nepali_dresses_augmented/daura_suruwal/126_aug2.jpg,"A boy ' s suit and hat on a wooden floor. This is the Daura-Suruwal, the national dress traditionally worn by men across Nepal. It is commonly worn during festivals, weddings, and official cultural occasions.","एक केटाको पोशाक र काठको फर्शमा टोपी। यो दाउरा-सुरुवाल हो, जुन परम्परागत रूपमा नेपालभरि पुरुषहरूले लगाउने राष्ट्रिय पोशाक हो। यो सामान्यतया उत्सव, विवाह, र आधिकारिक सांस्कृतिक अवसरहरूमा लगाइन्छ।"
nepali_dresses_augmented/daura_suruwal/127.jpg,"A young boy wearing a white linen kurt. This is the Daura-Suruwal, the national dress traditionally worn by men across Nepal. It is commonly worn during festivals, weddings, and official cultural occasions.","यो दाउरा-सुरुवाल हो, जुन परम्परागत रूपमा नेपालभरका पुरुषहरूले लगाउने राष्ट्रिय पोशाक हो। यो सामान्यतया उत्सव, विवाह, र आधिकारिक सांस्कृतिक अवसरहरूमा लगाइन्छ।"
nepali_dresses_augmented/daura_suruwal/127_aug1.jpg,"A young boy wearing a white linen kurt. This is the Daura-Suruwal, the national dress traditionally worn by men across Nepal. It is commonly worn during festivals, weddings, and official cultural occasions.","यो दाउरा-सुरुवाल हो, जुन परम्परागत रूपमा नेपालभरका पुरुषहरूले लगाउने राष्ट्रिय पोशाक हो। यो सामान्यतया उत्सव, विवाह, र आधिकारिक सांस्कृतिक अवसरहरूमा लगाइन्छ।"
nepali_dresses_augmented/daura_suruwal/127_aug2.jpg,"A young boy wearing a white linen kurt. This is the Daura-Suruwal, the national dress traditionally worn by men across Nepal. It is commonly worn during festivals, weddings, and official cultural occasions.","यो दाउरा-सुरुवाल हो, जुन परम्परागत रूपमा नेपालभरका पुरुषहरूले लगाउने राष्ट्रिय पोशाक हो। यो सामान्यतया उत्सव, विवाह, र आधिकारिक सांस्कृतिक अवसरहरूमा लगाइन्छ।"
nepali_dresses_augmented/daura_suruwal/128.jpg,"A man standing in front of a white wall. This is the Daura-Suruwal, the national dress traditionally worn by men across Nepal. It is commonly worn during festivals, weddings, and official cultural occasions.","दाउरा-सुरुवाल, नेपालभरका पुरुषहरूले परम्परागत रूपमा लगाउने राष्ट्रिय पोशाक हो। यो सामान्यतया उत्सव, विवाह, र आधिकारिक सांस्कृतिक अवसरहरूमा लगाइन्छ।"
nepali_dresses_augmented/daura_suruwal/128_aug1.jpg,"A man standing in front of a white wall. This is the Daura-Suruwal, the national dress traditionally worn by men across Nepal. It is commonly worn during festivals, weddings, and official cultural occasions.","दाउरा-सुरुवाल, नेपालभरका पुरुषहरूले परम्परागत रूपमा लगाउने राष्ट्रिय पोशाक हो। यो सामान्यतया उत्सव, विवाह, र आधिकारिक सांस्कृतिक अवसरहरूमा लगाइन्छ।"
nepali_dresses_augmented/daura_suruwal/128_aug2.jpg,"A man standing in front of a white wall. This is the Daura-Suruwal, the national dress traditionally worn by men across Nepal. It is commonly worn during festivals, weddings, and official cultural occasions.","दाउरा-सुरुवाल, नेपालभरका पुरुषहरूले परम्परागत रूपमा लगाउने राष्ट्रिय पोशाक हो। यो सामान्यतया उत्सव, विवाह, र आधिकारिक सांस्कृतिक अवसरहरूमा लगाइन्छ।"
nepali_dresses_augmented/daura_suruwal/129.jpg,"A man and woman dressed in traditional indian clothing holding a plate of food. This is the Daura-Suruwal, the national dress traditionally worn by men across Nepal. It is commonly worn during festivals, weddings, and official cultural occasions.","परम्परागत भारतीय कपडा लगाएका पुरुष र महिलाले खानाको थाल पकडेर। यो दाउरा-सुरुवाल हो, नेपालभरि पुरुषहरूले परम्परागत रूपमा लगाउने राष्ट्रिय पोशाक। यो सामान्यतया उत्सव, विवाह, र आधिकारिक सांस्कृतिक अवसरहरूमा लगाइन्छ।"
nepali_dresses_augmented/daura_suruwal/129_aug1.jpg,"A man and woman dressed in traditional indian clothing holding a plate of food. This is the Daura-Suruwal, the national dress traditionally worn by men across Nepal. It is commonly worn during festivals, weddings, and official cultural occasions.","परम्परागत भारतीय कपडा लगाएका पुरुष र महिलाले खानाको थाल पकडेर। यो दाउरा-सुरुवाल हो, नेपालभरि पुरुषहरूले परम्परागत रूपमा लगाउने राष्ट्रिय पोशाक। यो सामान्यतया उत्सव, विवाह, र आधिकारिक सांस्कृतिक अवसरहरूमा लगाइन्छ।"
nepali_dresses_augmented/daura_suruwal/129_aug2.jpg,"A man and woman dressed in traditional indian clothing holding a plate of food. This is the Daura-Suruwal, the national dress traditionally worn by men across Nepal. It is commonly worn during festivals, weddings, and official cultural occasions.","परम्परागत भारतीय कपडा लगाएका पुरुष र महिलाले खानाको थाल पकडेर। यो दाउरा-सुरुवाल हो, नेपालभरि पुरुषहरूले परम्परागत रूपमा लगाउने राष्ट्रिय पोशाक। यो सामान्यतया उत्सव, विवाह, र आधिकारिक सांस्कृतिक अवसरहरूमा लगाइन्छ।"
nepali_dresses_augmented/daura_suruwal/12_aug1.jpg,"A young boy wearing a white kurta. This is the Daura-Suruwal, the national dress traditionally worn by men across Nepal. It is commonly worn during festivals, weddings, and official cultural occasions.","यो दाउरा-सुरुवाल हो, जुन परम्परागत रूपमा नेपालभरका पुरुषहरूले लगाउने राष्ट्रिय पोशाक हो। यो सामान्यतया उत्सव, विवाह, र आधिकारिक सांस्कृतिक अवसरहरूमा लगाइन्छ।"
nepali_dresses_augmented/daura_suruwal/12_aug2.jpg,"A young boy wearing a white kurta. This is the Daura-Suruwal, the national dress traditionally worn by men across Nepal. It is commonly worn during festivals, weddings, and official cultural occasions.","यो दाउरा-सुरुवाल हो, जुन परम्परागत रूपमा नेपालभरका पुरुषहरूले लगाउने राष्ट्रिय पोशाक हो। यो सामान्यतया उत्सव, विवाह, र आधिकारिक सांस्कृतिक अवसरहरूमा लगाइन्छ।"
nepali_dresses_augmented/daura_suruwal/13.jpg,"A young boy in a white suit and brown shoes. This is the Daura-Suruwal, the national dress traditionally worn by men across Nepal. It is commonly worn during festivals, weddings, and official cultural occasions.","यो दाउरा-सुरुवाल हो, जुन परम्परागत रूपमा नेपालभरका पुरुषहरूले लगाउने राष्ट्रिय पोशाक हो। यो सामान्यतया उत्सव, विवाह, र आधिकारिक सांस्कृतिक अवसरहरूमा लगाइन्छ।"
nepali_dresses_augmented/daura_suruwal/130.jpg,"A man standing in the middle of a road. This is the Daura-Suruwal, the national dress traditionally worn by men across Nepal. It is commonly worn during festivals, weddings, and official cultural occasions.","एक मानिस सडकको बीचमा उभिरहेको छ। यो दाउरा-सुरुवाल हो, नेपालभरि पुरुषहरूले परम्परागत रूपमा लगाउने राष्ट्रिय पोशाक। यो सामान्यतया उत्सव, विवाह, र आधिकारिक सांस्कृतिक अवसरहरूमा लगाइन्छ।"
nepali_dresses_augmented/daura_suruwal/130_aug1.jpg,"A man standing in the middle of a road. This is the Daura-Suruwal, the national dress traditionally worn by men across Nepal. It is commonly worn during festivals, weddings, and official cultural occasions.","एक मानिस सडकको बीचमा उभिरहेको छ। यो दाउरा-सुरुवाल हो, नेपालभरि पुरुषहरूले परम्परागत रूपमा लगाउने राष्ट्रिय पोशाक। यो सामान्यतया उत्सव, विवाह, र आधिकारिक सांस्कृतिक अवसरहरूमा लगाइन्छ।"
nepali_dresses_augmented/daura_suruwal/130_aug2.jpg,"A man standing in the middle of a road. This is the Daura-Suruwal, the national dress traditionally worn by men across Nepal. It is commonly worn during festivals, weddings, and official cultural occasions.","एक मानिस सडकको बीचमा उभिरहेको छ। यो दाउरा-सुरुवाल हो, नेपालभरि पुरुषहरूले परम्परागत रूपमा लगाउने राष्ट्रिय पोशाक। यो सामान्यतया उत्सव, विवाह, र आधिकारिक सांस्कृतिक अवसरहरूमा लगाइन्छ।"
nepali_dresses_augmented/daura_suruwal/131.jpg,"A man in a blue suit and hat with a bird on his shoulder. This is the Daura-Suruwal, the national dress traditionally worn by men across Nepal. It is commonly worn during festivals, weddings, and official cultural occasions.","एक नीलो सूट र टोपीमा एक चरा आफ्नो काँधमा छ। यो दाउरा-सुरुवाल हो, परम्परागत रूपमा नेपाल भरिका पुरुषहरूले लगाउने राष्ट्रिय पोशाक। यो सामान्यतया उत्सव, विवाह, र आधिकारिक सांस्कृतिक अवसरहरूमा लगाइन्छ।"
nepali_dresses_augmented/daura_suruwal/131_aug1.jpg,"A man in a blue suit and hat with a bird on his shoulder. This is the Daura-Suruwal, the national dress traditionally worn by men across Nepal. It is commonly worn during festivals, weddings, and official cultural occasions.","एक नीलो सूट र टोपीमा एक चरा आफ्नो काँधमा छ। यो दाउरा-सुरुवाल हो, परम्परागत रूपमा नेपाल भरिका पुरुषहरूले लगाउने राष्ट्रिय पोशाक। यो सामान्यतया उत्सव, विवाह, र आधिकारिक सांस्कृतिक अवसरहरूमा लगाइन्छ।"
nepali_dresses_augmented/daura_suruwal/131_aug2.jpg,"A man in a blue suit and hat with a bird on his shoulder. This is the Daura-Suruwal, the national dress traditionally worn by men across Nepal. It is commonly worn during festivals, weddings, and official cultural occasions.","एक नीलो सूट र टोपीमा एक चरा आफ्नो काँधमा छ। यो दाउरा-सुरुवाल हो, परम्परागत रूपमा नेपाल भरिका पुरुषहरूले लगाउने राष्ट्रिय पोशाक। यो सामान्यतया उत्सव, विवाह, र आधिकारिक सांस्कृतिक अवसरहरूमा लगाइन्छ।"
nepali_dresses_augmented/daura_suruwal/132.jpg,"A little boy in a suit and hat. This is the Daura-Suruwal, the national dress traditionally worn by men across Nepal. It is commonly worn during festivals, weddings, and official cultural occasions.","एउटा सूट र टोपीमा सानो केटा। यो दाउरा-सुरुवाल हो, नेपालभरि पुरुषहरूले परम्परागत रूपमा लगाउने राष्ट्रिय पोशाक। यो सामान्यतया उत्सव, विवाह, र आधिकारिक सांस्कृतिक अवसरहरूमा लगाइन्छ।"
nepali_dresses_augmented/daura_suruwal/132_aug1.jpg,"A little boy in a suit and hat. This is the Daura-Suruwal, the national dress traditionally worn by men across Nepal. It is commonly worn during festivals, weddings, and official cultural occasions.","एउटा सूट र टोपीमा सानो केटा। यो दाउरा-सुरुवाल हो, नेपालभरि पुरुषहरूले परम्परागत रूपमा लगाउने राष्ट्रिय पोशाक। यो सामान्यतया उत्सव, विवाह, र आधिकारिक सांस्कृतिक अवसरहरूमा लगाइन्छ।"
nepali_dresses_augmented/daura_suruwal/132_aug2.jpg,"A little boy in a suit and hat. This is the Daura-Suruwal, the national dress traditionally worn by men across Nepal. It is commonly worn during festivals, weddings, and official cultural occasions.","एउटा सूट र टोपीमा सानो केटा। यो दाउरा-सुरुवाल हो, नेपालभरि पुरुषहरूले परम्परागत रूपमा लगाउने राष्ट्रिय पोशाक। यो सामान्यतया उत्सव, विवाह, र आधिकारिक सांस्कृतिक अवसरहरूमा लगाइन्छ।"
nepali_dresses_augmented/daura_suruwal/133.jpg,"A man standing in front of a white wall. This is the Daura-Suruwal, the national dress traditionally worn by men across Nepal. It is commonly worn during festivals, weddings, and official cultural occasions.","दाउरा-सुरुवाल, नेपालभरका पुरुषहरूले परम्परागत रूपमा लगाउने राष्ट्रिय पोशाक हो। यो सामान्यतया उत्सव, विवाह, र आधिकारिक सांस्कृतिक अवसरहरूमा लगाइन्छ।"
nepali_dresses_augmented/daura_suruwal/133_aug1.jpg,"A man standing in front of a white wall. This is the Daura-Suruwal, the national dress traditionally worn by men across Nepal. It is commonly worn during festivals, weddings, and official cultural occasions.","दाउरा-सुरुवाल, नेपालभरका पुरुषहरूले परम्परागत रूपमा लगाउने राष्ट्रिय पोशाक हो। यो सामान्यतया उत्सव, विवाह, र आधिकारिक सांस्कृतिक अवसरहरूमा लगाइन्छ।"
nepali_dresses_augmented/daura_suruwal/133_aug2.jpg,"A man standing in front of a white wall. This is the Daura-Suruwal, the national dress traditionally worn by men across Nepal. It is commonly worn during festivals, weddings, and official cultural occasions.","दाउरा-सुरुवाल, नेपालभरका पुरुषहरूले परम्परागत रूपमा लगाउने राष्ट्रिय पोशाक हो। यो सामान्यतया उत्सव, विवाह, र आधिकारिक सांस्कृतिक अवसरहरूमा लगाइन्छ।"
nepali_dresses_augmented/daura_suruwal/134.jpg,"A man in a red and white costume. This is the Daura-Suruwal, the national dress traditionally worn by men across Nepal. It is commonly worn during festivals, weddings, and official cultural occasions.","रातो र सेतो पोशाकमा एक पुरुष। यो दाउरा-सुरुवाल हो, परम्परागत रूपमा नेपाल भरिका पुरुषहरूले लगाउने राष्ट्रिय पोशाक। यो सामान्यतया उत्सव, विवाह, र आधिकारिक सांस्कृतिक अवसरहरूमा लगाइन्छ।"
nepali_dresses_augmented/daura_suruwal/134_aug1.jpg,"A man in a red and white costume. This is the Daura-Suruwal, the national dress traditionally worn by men across Nepal. It is commonly worn during festivals, weddings, and official cultural occasions.","रातो र सेतो पोशाकमा एक पुरुष। यो दाउरा-सुरुवाल हो, परम्परागत रूपमा नेपाल भरिका पुरुषहरूले लगाउने राष्ट्रिय पोशाक। यो सामान्यतया उत्सव, विवाह, र आधिकारिक सांस्कृतिक अवसरहरूमा लगाइन्छ।"
nepali_dresses_augmented/daura_suruwal/134_aug2.jpg,"A man in a red and white costume. This is the Daura-Suruwal, the national dress traditionally worn by men across Nepal. It is commonly worn during festivals, weddings, and official cultural occasions.","रातो र सेतो पोशाकमा एक पुरुष। यो दाउरा-सुरुवाल हो, परम्परागत रूपमा नेपाल भरिका पुरुषहरूले लगाउने राष्ट्रिय पोशाक। यो सामान्यतया उत्सव, विवाह, र आधिकारिक सांस्कृतिक अवसरहरूमा लगाइन्छ।"
nepali_dresses_augmented/daura_suruwal/135.jpg,"A man wearing a red and white outfit. This is the Daura-Suruwal, the national dress traditionally worn by men across Nepal. It is commonly worn during festivals, weddings, and official cultural occasions.","रातो र सेतो पोशाक लगाउने एक पुरुष। यो दाउरा-सुरुवाल हो, परम्परागत रूपमा नेपालभरि पुरुषहरूले लगाउने राष्ट्रिय पोशाक। यो सामान्यतया उत्सव, विवाह, र आधिकारिक सांस्कृतिक अवसरहरूमा लगाइन्छ।"
nepali_dresses_augmented/daura_suruwal/135_aug1.jpg,"A man wearing a red and white outfit. This is the Daura-Suruwal, the national dress traditionally worn by men across Nepal. It is commonly worn during festivals, weddings, and official cultural occasions.","रातो र सेतो पोशाक लगाउने एक पुरुष। यो दाउरा-सुरुवाल हो, परम्परागत रूपमा नेपालभरि पुरुषहरूले लगाउने राष्ट्रिय पोशाक। यो सामान्यतया उत्सव, विवाह, र आधिकारिक सांस्कृतिक अवसरहरूमा लगाइन्छ।"
nepali_dresses_augmented/daura_suruwal/135_aug2.jpg,"A man wearing a red and white outfit. This is the Daura-Suruwal, the national dress traditionally worn by men across Nepal. It is commonly worn during festivals, weddings, and official cultural occasions.","रातो र सेतो पोशाक लगाउने एक पुरुष। यो दाउरा-सुरुवाल हो, परम्परागत रूपमा नेपालभरि पुरुषहरूले लगाउने राष्ट्रिय पोशाक। यो सामान्यतया उत्सव, विवाह, र आधिकारिक सांस्कृतिक अवसरहरूमा लगाइन्छ।"
nepali_dresses_augmented/daura_suruwal/136.jpg,"A white lab coat and pants on a manne. This is the Daura-Suruwal, the national dress traditionally worn by men across Nepal. It is commonly worn during festivals, weddings, and official cultural occasions.","यो दाउरा-सुरुवाल हो, जुन परम्परागत रूपमा नेपालभरका पुरुषहरूले लगाउने राष्ट्रिय पोशाक हो। यो सामान्यतया उत्सव, विवाह र आधिकारिक सांस्कृतिक अवसरहरूमा लगाइन्छ।"
nepali_dresses_augmented/daura_suruwal/136_aug1.jpg,"A white lab coat and pants on a manne. This is the Daura-Suruwal, the national dress traditionally worn by men across Nepal. It is commonly worn during festivals, weddings, and official cultural occasions.","यो दाउरा-सुरुवाल हो, जुन परम्परागत रूपमा नेपालभरका पुरुषहरूले लगाउने राष्ट्रिय पोशाक हो। यो सामान्यतया उत्सव, विवाह र आधिकारिक सांस्कृतिक अवसरहरूमा लगाइन्छ।"
nepali_dresses_augmented/daura_suruwal/136_aug2.jpg,"A white lab coat and pants on a manne. This is the Daura-Suruwal, the national dress traditionally worn by men across Nepal. It is commonly worn during festivals, weddings, and official cultural occasions.","यो दाउरा-सुरुवाल हो, जुन परम्परागत रूपमा नेपालभरका पुरुषहरूले लगाउने राष्ट्रिय पोशाक हो। यो सामान्यतया उत्सव, विवाह र आधिकारिक सांस्कृतिक अवसरहरूमा लगाइन्छ।"
nepali_dresses_augmented/daura_suruwal/137.jpg,"A man in a white shirt and blue pants. This is the Daura-Suruwal, the national dress traditionally worn by men across Nepal. It is commonly worn during festivals, weddings, and official cultural occasions.","एक सेतो शर्ट र नीलो प्यान्टमा एक पुरुष। यो दाउरा-सुरुवाल हो, नेपाल भरिका पुरुषहरूले परम्परागत रूपमा लगाउने राष्ट्रिय पोशाक। यो सामान्यतया उत्सव, विवाह, र आधिकारिक सांस्कृतिक अवसरहरूमा लगाइन्छ।"
nepali_dresses_augmented/daura_suruwal/137_aug1.jpg,"A man in a white shirt and blue pants. This is the Daura-Suruwal, the national dress traditionally worn by men across Nepal. It is commonly worn during festivals, weddings, and official cultural occasions.","एक सेतो शर्ट र नीलो प्यान्टमा एक पुरुष। यो दाउरा-सुरुवाल हो, नेपाल भरिका पुरुषहरूले परम्परागत रूपमा लगाउने राष्ट्रिय पोशाक। यो सामान्यतया उत्सव, विवाह, र आधिकारिक सांस्कृतिक अवसरहरूमा लगाइन्छ।"
nepali_dresses_augmented/daura_suruwal/137_aug2.jpg,"A man in a white shirt and blue pants. This is the Daura-Suruwal, the national dress traditionally worn by men across Nepal. It is commonly worn during festivals, weddings, and official cultural occasions.","एक सेतो शर्ट र नीलो प्यान्टमा एक पुरुष। यो दाउरा-सुरुवाल हो, नेपाल भरिका पुरुषहरूले परम्परागत रूपमा लगाउने राष्ट्रिय पोशाक। यो सामान्यतया उत्सव, विवाह, र आधिकारिक सांस्कृतिक अवसरहरूमा लगाइन्छ।"
nepali_dresses_augmented/daura_suruwal/138.jpg,"Two men standing next to each other men. This is the Daura-Suruwal, the national dress traditionally worn by men across Nepal. It is commonly worn during festivals, weddings, and official cultural occasions.","दुई जना पुरुष एकअर्काको छेउमा उभिरहेका छन्। यो दाउरा-सुरुवाल हो, नेपालभरि पुरुषहरूले परम्परागत रूपमा लगाउने राष्ट्रिय पोशाक। यो सामान्यतया उत्सव, विवाह, र आधिकारिक सांस्कृतिक अवसरहरूमा लगाइन्छ।"
nepali_dresses_augmented/daura_suruwal/138_aug1.jpg,"Two men standing next to each other men. This is the Daura-Suruwal, the national dress traditionally worn by men across Nepal. It is commonly worn during festivals, weddings, and official cultural occasions.","दुई जना पुरुष एकअर्काको छेउमा उभिरहेका छन्। यो दाउरा-सुरुवाल हो, नेपालभरि पुरुषहरूले परम्परागत रूपमा लगाउने राष्ट्रिय पोशाक। यो सामान्यतया उत्सव, विवाह, र आधिकारिक सांस्कृतिक अवसरहरूमा लगाइन्छ।"
nepali_dresses_augmented/daura_suruwal/138_aug2.jpg,"Two men standing next to each other men. This is the Daura-Suruwal, the national dress traditionally worn by men across Nepal. It is commonly worn during festivals, weddings, and official cultural occasions.","दुई जना पुरुष एकअर्काको छेउमा उभिरहेका छन्। यो दाउरा-सुरुवाल हो, नेपालभरि पुरुषहरूले परम्परागत रूपमा लगाउने राष्ट्रिय पोशाक। यो सामान्यतया उत्सव, विवाह, र आधिकारिक सांस्कृतिक अवसरहरूमा लगाइन्छ।"
nepali_dresses_augmented/daura_suruwal/139.jpg,"Three men in suits and hats stand next to each other men. This is the Daura-Suruwal, the national dress traditionally worn by men across Nepal. It is commonly worn during festivals, weddings, and official cultural occasions.","तीन पुरुष सूट र टोपीमा एक अर्काको छेउमा उभिएका छन्। यो दाउरा-सुरुवाल हो, परम्परागत रूपमा नेपालभरि पुरुषहरूले लगाउने राष्ट्रिय पोशाक। यो सामान्यतया उत्सव, विवाह, र आधिकारिक सांस्कृतिक अवसरहरूमा लगाइन्छ।"
nepali_dresses_augmented/daura_suruwal/139_aug1.jpg,"Three men in suits and hats stand next to each other men. This is the Daura-Suruwal, the national dress traditionally worn by men across Nepal. It is commonly worn during festivals, weddings, and official cultural occasions.","तीन पुरुष सूट र टोपीमा एक अर्काको छेउमा उभिएका छन्। यो दाउरा-सुरुवाल हो, परम्परागत रूपमा नेपालभरि पुरुषहरूले लगाउने राष्ट्रिय पोशाक। यो सामान्यतया उत्सव, विवाह, र आधिकारिक सांस्कृतिक अवसरहरूमा लगाइन्छ।"
nepali_dresses_augmented/daura_suruwal/139_aug2.jpg,"Three men in suits and hats stand next to each other men. This is the Daura-Suruwal, the national dress traditionally worn by men across Nepal. It is commonly worn during festivals, weddings, and official cultural occasions.","तीन पुरुष सूट र टोपीमा एक अर्काको छेउमा उभिएका छन्। यो दाउरा-सुरुवाल हो, परम्परागत रूपमा नेपालभरि पुरुषहरूले लगाउने राष्ट्रिय पोशाक। यो सामान्यतया उत्सव, विवाह, र आधिकारिक सांस्कृतिक अवसरहरूमा लगाइन्छ।"
nepali_dresses_augmented/daura_suruwal/13_aug1.jpg,"A young boy in a white suit and brown shoes. This is the Daura-Suruwal, the national dress traditionally worn by men across Nepal. It is commonly worn during festivals, weddings, and official cultural occasions.","यो दाउरा-सुरुवाल हो, जुन परम्परागत रूपमा नेपालभरका पुरुषहरूले लगाउने राष्ट्रिय पोशाक हो। यो सामान्यतया उत्सव, विवाह, र आधिकारिक सांस्कृतिक अवसरहरूमा लगाइन्छ।"
nepali_dresses_augmented/daura_suruwal/13_aug2.jpg,"A young boy in a white suit and brown shoes. This is the Daura-Suruwal, the national dress traditionally worn by men across Nepal. It is commonly worn during festivals, weddings, and official cultural occasions.","यो दाउरा-सुरुवाल हो, जुन परम्परागत रूपमा नेपालभरका पुरुषहरूले लगाउने राष्ट्रिय पोशाक हो। यो सामान्यतया उत्सव, विवाह, र आधिकारिक सांस्कृतिक अवसरहरूमा लगाइन्छ।"
nepali_dresses_augmented/daura_suruwal/14.jpg,"A man in a white kurta. This is the Daura-Suruwal, the national dress traditionally worn by men across Nepal. It is commonly worn during festivals, weddings, and official cultural occasions.","यो दाउरा-सुरुवाल हो, परम्परागत रूपमा नेपालभरि पुरुषहरूले लगाउने राष्ट्रिय पोशाक। यो सामान्यतया उत्सव, विवाह, र आधिकारिक सांस्कृतिक अवसरहरूमा लगाइन्छ।"
nepali_dresses_augmented/daura_suruwal/140.jpg,"A boy in a black vest and white shirt standing on a wooden floor. This is the Daura-Suruwal, the national dress traditionally worn by men across Nepal. It is commonly worn during festivals, weddings, and official cultural occasions.","एक कालो ज्याकेट र सेतो शर्टमा काठको भुइँमा उभिएको एक केटा। यो दाउरा-सुरुवाल हो, परम्परागत रूपमा नेपाल भरिका पुरुषहरूले लगाउने राष्ट्रिय पोशाक। यो सामान्यतया उत्सव, विवाह, र आधिकारिक सांस्कृतिक अवसरहरूमा लगाइन्छ।"
nepali_dresses_augmented/daura_suruwal/140_aug1.jpg,"A boy in a black vest and white shirt standing on a wooden floor. This is the Daura-Suruwal, the national dress traditionally worn by men across Nepal. It is commonly worn during festivals, weddings, and official cultural occasions.","एक कालो ज्याकेट र सेतो शर्टमा काठको भुइँमा उभिएको एक केटा। यो दाउरा-सुरुवाल हो, परम्परागत रूपमा नेपाल भरिका पुरुषहरूले लगाउने राष्ट्रिय पोशाक। यो सामान्यतया उत्सव, विवाह, र आधिकारिक सांस्कृतिक अवसरहरूमा लगाइन्छ।"
nepali_dresses_augmented/daura_suruwal/140_aug2.jpg,"A boy in a black vest and white shirt standing on a wooden floor. This is the Daura-Suruwal, the national dress traditionally worn by men across Nepal. It is commonly worn during festivals, weddings, and official cultural occasions.","एक कालो ज्याकेट र सेतो शर्टमा काठको भुइँमा उभिएको एक केटा। यो दाउरा-सुरुवाल हो, परम्परागत रूपमा नेपाल भरिका पुरुषहरूले लगाउने राष्ट्रिय पोशाक। यो सामान्यतया उत्सव, विवाह, र आधिकारिक सांस्कृतिक अवसरहरूमा लगाइन्छ।"
nepali_dresses_augmented/daura_suruwal/141.jpg,"A man in traditional attire. This is the Daura-Suruwal, the national dress traditionally worn by men across Nepal. It is commonly worn during festivals, weddings, and official cultural occasions.","परम्परागत पोशाकमा एक पुरुष। यो दाउरा-सुरुवाल हो, नेपाल भरिका पुरुषहरूले परम्परागत रूपमा लगाउने राष्ट्रिय पोशाक। यो सामान्यतया उत्सव, विवाह, र आधिकारिक सांस्कृतिक अवसरहरूमा लगाइन्छ।"
nepali_dresses_augmented/daura_suruwal/141_aug1.jpg,"A man in traditional attire. This is the Daura-Suruwal, the national dress traditionally worn by men across Nepal. It is commonly worn during festivals, weddings, and official cultural occasions.","परम्परागत पोशाकमा एक पुरुष। यो दाउरा-सुरुवाल हो, नेपाल भरिका पुरुषहरूले परम्परागत रूपमा लगाउने राष्ट्रिय पोशाक। यो सामान्यतया उत्सव, विवाह, र आधिकारिक सांस्कृतिक अवसरहरूमा लगाइन्छ।"
nepali_dresses_augmented/daura_suruwal/141_aug2.jpg,"A man in traditional attire. This is the Daura-Suruwal, the national dress traditionally worn by men across Nepal. It is commonly worn during festivals, weddings, and official cultural occasions.","परम्परागत पोशाकमा एक पुरुष। यो दाउरा-सुरुवाल हो, नेपाल भरिका पुरुषहरूले परम्परागत रूपमा लगाउने राष्ट्रिय पोशाक। यो सामान्यतया उत्सव, विवाह, र आधिकारिक सांस्कृतिक अवसरहरूमा लगाइन्छ।"
nepali_dresses_augmented/daura_suruwal/142.jpg,"A man wearing a white turbal and a black vest. This is the Daura-Suruwal, the national dress traditionally worn by men across Nepal. It is commonly worn during festivals, weddings, and official cultural occasions.","यो दाउरा-सुरुवाल हो, परम्परागत रूपमा नेपालभरका पुरुषहरूले लगाउने राष्ट्रिय पोशाक। यो सामान्यतया उत्सव, विवाह, र आधिकारिक सांस्कृतिक अवसरहरूमा लगाइन्छ।"
nepali_dresses_augmented/daura_suruwal/142_aug1.jpg,"A man wearing a white turbal and a black vest. This is the Daura-Suruwal, the national dress traditionally worn by men across Nepal. It is commonly worn during festivals, weddings, and official cultural occasions.","यो दाउरा-सुरुवाल हो, परम्परागत रूपमा नेपालभरका पुरुषहरूले लगाउने राष्ट्रिय पोशाक। यो सामान्यतया उत्सव, विवाह, र आधिकारिक सांस्कृतिक अवसरहरूमा लगाइन्छ।"
nepali_dresses_augmented/daura_suruwal/142_aug2.jpg,"A man wearing a white turbal and a black vest. This is the Daura-Suruwal, the national dress traditionally worn by men across Nepal. It is commonly worn during festivals, weddings, and official cultural occasions.","यो दाउरा-सुरुवाल हो, परम्परागत रूपमा नेपालभरका पुरुषहरूले लगाउने राष्ट्रिय पोशाक। यो सामान्यतया उत्सव, विवाह, र आधिकारिक सांस्कृतिक अवसरहरूमा लगाइन्छ।"
nepali_dresses_augmented/daura_suruwal/143.jpg,"A man wearing a black hat and a red scarf. This is the Daura-Suruwal, the national dress traditionally worn by men across Nepal. It is commonly worn during festivals, weddings, and official cultural occasions.","एक व्यक्तिले कालो टोपी र रातो स्कार्फ लगाएको छ। यो दाउरा-सुरुवाल हो, परम्परागत रूपमा नेपालभरि पुरुषहरूले लगाउने राष्ट्रिय पोशाक। यो सामान्यतया उत्सव, विवाह, र आधिकारिक सांस्कृतिक अवसरहरूमा लगाइन्छ।"
nepali_dresses_augmented/daura_suruwal/143_aug1.jpg,"A man wearing a black hat and a red scarf. This is the Daura-Suruwal, the national dress traditionally worn by men across Nepal. It is commonly worn during festivals, weddings, and official cultural occasions.","एक व्यक्तिले कालो टोपी र रातो स्कार्फ लगाएको छ। यो दाउरा-सुरुवाल हो, परम्परागत रूपमा नेपालभरि पुरुषहरूले लगाउने राष्ट्रिय पोशाक। यो सामान्यतया उत्सव, विवाह, र आधिकारिक सांस्कृतिक अवसरहरूमा लगाइन्छ।"
nepali_dresses_augmented/daura_suruwal/143_aug2.jpg,"A man wearing a black hat and a red scarf. This is the Daura-Suruwal, the national dress traditionally worn by men across Nepal. It is commonly worn during festivals, weddings, and official cultural occasions.","एक व्यक्तिले कालो टोपी र रातो स्कार्फ लगाएको छ। यो दाउरा-सुरुवाल हो, परम्परागत रूपमा नेपालभरि पुरुषहरूले लगाउने राष्ट्रिय पोशाक। यो सामान्यतया उत्सव, विवाह, र आधिकारिक सांस्कृतिक अवसरहरूमा लगाइन्छ।"
nepali_dresses_augmented/daura_suruwal/144.jpg,"A man and woman dressed in traditional costumes. This is the Daura-Suruwal, the national dress traditionally worn by men across Nepal. It is commonly worn during festivals, weddings, and official cultural occasions.","एक पुरुष र महिला परम्परागत पोशाकमा लुगा लगाउँछन्। यो दाउरा-सुरुवाल हो, नेपालभरि पुरुषहरूले परम्परागत रूपमा लगाउने राष्ट्रिय पोशाक। यो सामान्यतया उत्सव, विवाह, र आधिकारिक सांस्कृतिक अवसरहरूमा लगाइन्छ।"
nepali_dresses_augmented/daura_suruwal/144_aug1.jpg,"A man and woman dressed in traditional costumes. This is the Daura-Suruwal, the national dress traditionally worn by men across Nepal. It is commonly worn during festivals, weddings, and official cultural occasions.","एक पुरुष र महिला परम्परागत पोशाकमा लुगा लगाउँछन्। यो दाउरा-सुरुवाल हो, नेपालभरि पुरुषहरूले परम्परागत रूपमा लगाउने राष्ट्रिय पोशाक। यो सामान्यतया उत्सव, विवाह, र आधिकारिक सांस्कृतिक अवसरहरूमा लगाइन्छ।"
nepali_dresses_augmented/daura_suruwal/144_aug2.jpg,"A man and woman dressed in traditional costumes. This is the Daura-Suruwal, the national dress traditionally worn by men across Nepal. It is commonly worn during festivals, weddings, and official cultural occasions.","एक पुरुष र महिला परम्परागत पोशाकमा लुगा लगाउँछन्। यो दाउरा-सुरुवाल हो, नेपालभरि पुरुषहरूले परम्परागत रूपमा लगाउने राष्ट्रिय पोशाक। यो सामान्यतया उत्सव, विवाह, र आधिकारिक सांस्कृतिक अवसरहरूमा लगाइन्छ।"
nepali_dresses_augmented/daura_suruwal/145.jpg,"Two men standing next to each other men. This is the Daura-Suruwal, the national dress traditionally worn by men across Nepal. It is commonly worn during festivals, weddings, and official cultural occasions.","दुई जना पुरुष एकअर्काको छेउमा उभिरहेका छन्। यो दाउरा-सुरुवाल हो, नेपालभरि पुरुषहरूले परम्परागत रूपमा लगाउने राष्ट्रिय पोशाक। यो सामान्यतया उत्सव, विवाह, र आधिकारिक सांस्कृतिक अवसरहरूमा लगाइन्छ।"
nepali_dresses_augmented/daura_suruwal/145_aug1.jpg,"Two men standing next to each other men. This is the Daura-Suruwal, the national dress traditionally worn by men across Nepal. It is commonly worn during festivals, weddings, and official cultural occasions.","दुई जना पुरुष एकअर्काको छेउमा उभिरहेका छन्। यो दाउरा-सुरुवाल हो, नेपालभरि पुरुषहरूले परम्परागत रूपमा लगाउने राष्ट्रिय पोशाक। यो सामान्यतया उत्सव, विवाह, र आधिकारिक सांस्कृतिक अवसरहरूमा लगाइन्छ।"
nepali_dresses_augmented/daura_suruwal/145_aug2.jpg,"Two men standing next to each other men. This is the Daura-Suruwal, the national dress traditionally worn by men across Nepal. It is commonly worn during festivals, weddings, and official cultural occasions.","दुई जना पुरुष एकअर्काको छेउमा उभिरहेका छन्। यो दाउरा-सुरुवाल हो, नेपालभरि पुरुषहरूले परम्परागत रूपमा लगाउने राष्ट्रिय पोशाक। यो सामान्यतया उत्सव, विवाह, र आधिकारिक सांस्कृतिक अवसरहरूमा लगाइन्छ।"
nepali_dresses_augmented/daura_suruwal/146.jpg,"The man is wearing a white shirt. This is the Daura-Suruwal, the national dress traditionally worn by men across Nepal. It is commonly worn during festivals, weddings, and official cultural occasions.","यो दाउरा-सुरुवाल हो, जुन परम्परागत रूपमा नेपालभरका पुरुषहरूले लगाउने राष्ट्रिय पोशाक हो। यो सामान्यतया उत्सव, विवाह र आधिकारिक सांस्कृतिक अवसरहरूमा लगाइन्छ।"
nepali_dresses_augmented/daura_suruwal/146_aug1.jpg,"The man is wearing a white shirt. This is the Daura-Suruwal, the national dress traditionally worn by men across Nepal. It is commonly worn during festivals, weddings, and official cultural occasions.","यो दाउरा-सुरुवाल हो, जुन परम्परागत रूपमा नेपालभरका पुरुषहरूले लगाउने राष्ट्रिय पोशाक हो। यो सामान्यतया उत्सव, विवाह र आधिकारिक सांस्कृतिक अवसरहरूमा लगाइन्छ।"
nepali_dresses_augmented/daura_suruwal/146_aug2.jpg,"The man is wearing a white shirt. This is the Daura-Suruwal, the national dress traditionally worn by men across Nepal. It is commonly worn during festivals, weddings, and official cultural occasions.","यो दाउरा-सुरुवाल हो, जुन परम्परागत रूपमा नेपालभरका पुरुषहरूले लगाउने राष्ट्रिय पोशाक हो। यो सामान्यतया उत्सव, विवाह र आधिकारिक सांस्कृतिक अवसरहरूमा लगाइन्छ।"
nepali_dresses_augmented/daura_suruwal/147.jpg,"A man in a white shirt and black vest. This is the Daura-Suruwal, the national dress traditionally worn by men across Nepal. It is commonly worn during festivals, weddings, and official cultural occasions.","यो दाउरा-सुरुवाल हो, जुन परम्परागत रूपमा नेपालभरका पुरुषहरूले लगाउने राष्ट्रिय पोशाक हो। यो सामान्यतया उत्सव, विवाह, र आधिकारिक सांस्कृतिक अवसरहरूमा लगाइन्छ।"
nepali_dresses_augmented/daura_suruwal/147_aug1.jpg,"A man in a white shirt and black vest. This is the Daura-Suruwal, the national dress traditionally worn by men across Nepal. It is commonly worn during festivals, weddings, and official cultural occasions.","यो दाउरा-सुरुवाल हो, जुन परम्परागत रूपमा नेपालभरका पुरुषहरूले लगाउने राष्ट्रिय पोशाक हो। यो सामान्यतया उत्सव, विवाह, र आधिकारिक सांस्कृतिक अवसरहरूमा लगाइन्छ।"
nepali_dresses_augmented/daura_suruwal/147_aug2.jpg,"A man in a white shirt and black vest. This is the Daura-Suruwal, the national dress traditionally worn by men across Nepal. It is commonly worn during festivals, weddings, and official cultural occasions.","यो दाउरा-सुरुवाल हो, जुन परम्परागत रूपमा नेपालभरका पुरुषहरूले लगाउने राष्ट्रिय पोशाक हो। यो सामान्यतया उत्सव, विवाह, र आधिकारिक सांस्कृतिक अवसरहरूमा लगाइन्छ।"
nepali_dresses_augmented/daura_suruwal/148.jpg,"A man in a white shirt and black vest standing with his arms crossed. This is the Daura-Suruwal, the national dress traditionally worn by men across Nepal. It is commonly worn during festivals, weddings, and official cultural occasions.","दाउरा-सुरुवाल, नेपालभरका पुरुषहरूले परम्परागत रूपमा लगाउने राष्ट्रिय पोशाक हो। यो सामान्यतया उत्सव, विवाह र आधिकारिक सांस्कृतिक अवसरहरूमा लगाइन्छ।"
nepali_dresses_augmented/daura_suruwal/148_aug1.jpg,"A man in a white shirt and black vest standing with his arms crossed. This is the Daura-Suruwal, the national dress traditionally worn by men across Nepal. It is commonly worn during festivals, weddings, and official cultural occasions.","दाउरा-सुरुवाल, नेपालभरका पुरुषहरूले परम्परागत रूपमा लगाउने राष्ट्रिय पोशाक हो। यो सामान्यतया उत्सव, विवाह र आधिकारिक सांस्कृतिक अवसरहरूमा लगाइन्छ।"
nepali_dresses_augmented/daura_suruwal/148_aug2.jpg,"A man in a white shirt and black vest standing with his arms crossed. This is the Daura-Suruwal, the national dress traditionally worn by men across Nepal. It is commonly worn during festivals, weddings, and official cultural occasions.","दाउरा-सुरुवाल, नेपालभरका पुरुषहरूले परम्परागत रूपमा लगाउने राष्ट्रिय पोशाक हो। यो सामान्यतया उत्सव, विवाह र आधिकारिक सांस्कृतिक अवसरहरूमा लगाइन्छ।"
nepali_dresses_augmented/daura_suruwal/149.jpg,"Two men in suits standing next to each other men. This is the Daura-Suruwal, the national dress traditionally worn by men across Nepal. It is commonly worn during festivals, weddings, and official cultural occasions.","दुई जना पुरुष एक अर्काको छेउमा सुटमा उभिएका छन्। यो दाउरा-सुरुवाल हो, नेपालभरि पुरुषहरूले परम्परागत रूपमा लगाउने राष्ट्रिय पोशाक। यो सामान्यतया उत्सव, विवाह, र आधिकारिक सांस्कृतिक अवसरहरूमा लगाइन्छ।"
nepali_dresses_augmented/daura_suruwal/149_aug1.jpg,"Two men in suits standing next to each other men. This is the Daura-Suruwal, the national dress traditionally worn by men across Nepal. It is commonly worn during festivals, weddings, and official cultural occasions.","दुई जना पुरुष एक अर्काको छेउमा सुटमा उभिएका छन्। यो दाउरा-सुरुवाल हो, नेपालभरि पुरुषहरूले परम्परागत रूपमा लगाउने राष्ट्रिय पोशाक। यो सामान्यतया उत्सव, विवाह, र आधिकारिक सांस्कृतिक अवसरहरूमा लगाइन्छ।"
nepali_dresses_augmented/daura_suruwal/149_aug2.jpg,"Two men in suits standing next to each other men. This is the Daura-Suruwal, the national dress traditionally worn by men across Nepal. It is commonly worn during festivals, weddings, and official cultural occasions.","दुई जना पुरुष एक अर्काको छेउमा सुटमा उभिएका छन्। यो दाउरा-सुरुवाल हो, नेपालभरि पुरुषहरूले परम्परागत रूपमा लगाउने राष्ट्रिय पोशाक। यो सामान्यतया उत्सव, विवाह, र आधिकारिक सांस्कृतिक अवसरहरूमा लगाइन्छ।"
nepali_dresses_augmented/daura_suruwal/14_aug1.jpg,"A man in a white kurta. This is the Daura-Suruwal, the national dress traditionally worn by men across Nepal. It is commonly worn during festivals, weddings, and official cultural occasions.","यो दाउरा-सुरुवाल हो, परम्परागत रूपमा नेपालभरि पुरुषहरूले लगाउने राष्ट्रिय पोशाक। यो सामान्यतया उत्सव, विवाह, र आधिकारिक सांस्कृतिक अवसरहरूमा लगाइन्छ।"
nepali_dresses_augmented/daura_suruwal/14_aug2.jpg,"A man in a white kurta. This is the Daura-Suruwal, the national dress traditionally worn by men across Nepal. It is commonly worn during festivals, weddings, and official cultural occasions.","यो दाउरा-सुरुवाल हो, परम्परागत रूपमा नेपालभरि पुरुषहरूले लगाउने राष्ट्रिय पोशाक। यो सामान्यतया उत्सव, विवाह, र आधिकारिक सांस्कृतिक अवसरहरूमा लगाइन्छ।"
nepali_dresses_augmented/daura_suruwal/15.jpg,"A man wearing a white kurta with floral print on the collar. This is the Daura-Suruwal, the national dress traditionally worn by men across Nepal. It is commonly worn during festivals, weddings, and official cultural occasions.","दाउरा-सुरुवाल, नेपालभरका पुरुषहरूले परम्परागत रूपमा लगाउने राष्ट्रिय पोशाक हो। यो सामान्यतया उत्सव, विवाह र आधिकारिक सांस्कृतिक अवसरहरूमा लगाइन्छ।"
nepali_dresses_augmented/daura_suruwal/150.jpg,"A man wearing a red and white outfit. This is the Daura-Suruwal, the national dress traditionally worn by men across Nepal. It is commonly worn during festivals, weddings, and official cultural occasions.","रातो र सेतो पोशाक लगाउने एक पुरुष। यो दाउरा-सुरुवाल हो, परम्परागत रूपमा नेपालभरि पुरुषहरूले लगाउने राष्ट्रिय पोशाक। यो सामान्यतया उत्सव, विवाह, र आधिकारिक सांस्कृतिक अवसरहरूमा लगाइन्छ।"
nepali_dresses_augmented/daura_suruwal/150_aug1.jpg,"A man wearing a red and white outfit. This is the Daura-Suruwal, the national dress traditionally worn by men across Nepal. It is commonly worn during festivals, weddings, and official cultural occasions.","रातो र सेतो पोशाक लगाउने एक पुरुष। यो दाउरा-सुरुवाल हो, परम्परागत रूपमा नेपालभरि पुरुषहरूले लगाउने राष्ट्रिय पोशाक। यो सामान्यतया उत्सव, विवाह, र आधिकारिक सांस्कृतिक अवसरहरूमा लगाइन्छ।"
nepali_dresses_augmented/daura_suruwal/150_aug2.jpg,"A man wearing a red and white outfit. This is the Daura-Suruwal, the national dress traditionally worn by men across Nepal. It is commonly worn during festivals, weddings, and official cultural occasions.","रातो र सेतो पोशाक लगाउने एक पुरुष। यो दाउरा-सुरुवाल हो, परम्परागत रूपमा नेपालभरि पुरुषहरूले लगाउने राष्ट्रिय पोशाक। यो सामान्यतया उत्सव, विवाह, र आधिकारिक सांस्कृतिक अवसरहरूमा लगाइन्छ।"
nepali_dresses_augmented/daura_suruwal/151.jpg,"A man wearing a red and gold outfit. This is the Daura-Suruwal, the national dress traditionally worn by men across Nepal. It is commonly worn during festivals, weddings, and official cultural occasions.","रातो र सुनको पोशाक लगाएका पुरुष. यो दाउरा-सुरुवाल हो, नेपालभरि पुरुषहरूले परम्परागत रूपमा लगाउने राष्ट्रिय पोशाक। यो सामान्यतया उत्सव, विवाह, र आधिकारिक सांस्कृतिक अवसरहरूमा लगाइन्छ।"
nepali_dresses_augmented/daura_suruwal/151_aug1.jpg,"A man wearing a red and gold outfit. This is the Daura-Suruwal, the national dress traditionally worn by men across Nepal. It is commonly worn during festivals, weddings, and official cultural occasions.","रातो र सुनको पोशाक लगाएका पुरुष. यो दाउरा-सुरुवाल हो, नेपालभरि पुरुषहरूले परम्परागत रूपमा लगाउने राष्ट्रिय पोशाक। यो सामान्यतया उत्सव, विवाह, र आधिकारिक सांस्कृतिक अवसरहरूमा लगाइन्छ।"
nepali_dresses_augmented/daura_suruwal/151_aug2.jpg,"A man wearing a red and gold outfit. This is the Daura-Suruwal, the national dress traditionally worn by men across Nepal. It is commonly worn during festivals, weddings, and official cultural occasions.","रातो र सुनको पोशाक लगाएका पुरुष. यो दाउरा-सुरुवाल हो, नेपालभरि पुरुषहरूले परम्परागत रूपमा लगाउने राष्ट्रिय पोशाक। यो सामान्यतया उत्सव, विवाह, र आधिकारिक सांस्कृतिक अवसरहरूमा लगाइन्छ।"
nepali_dresses_augmented/daura_suruwal/152.jpg,"A little boy in a suit and hat. This is the Daura-Suruwal, the national dress traditionally worn by men across Nepal. It is commonly worn during festivals, weddings, and official cultural occasions.","एउटा सूट र टोपीमा सानो केटा। यो दाउरा-सुरुवाल हो, नेपालभरि पुरुषहरूले परम्परागत रूपमा लगाउने राष्ट्रिय पोशाक। यो सामान्यतया उत्सव, विवाह, र आधिकारिक सांस्कृतिक अवसरहरूमा लगाइन्छ।"
nepali_dresses_augmented/daura_suruwal/152_aug1.jpg,"A little boy in a suit and hat. This is the Daura-Suruwal, the national dress traditionally worn by men across Nepal. It is commonly worn during festivals, weddings, and official cultural occasions.","एउटा सूट र टोपीमा सानो केटा। यो दाउरा-सुरुवाल हो, नेपालभरि पुरुषहरूले परम्परागत रूपमा लगाउने राष्ट्रिय पोशाक। यो सामान्यतया उत्सव, विवाह, र आधिकारिक सांस्कृतिक अवसरहरूमा लगाइन्छ।"
nepali_dresses_augmented/daura_suruwal/152_aug2.jpg,"A little boy in a suit and hat. This is the Daura-Suruwal, the national dress traditionally worn by men across Nepal. It is commonly worn during festivals, weddings, and official cultural occasions.","एउटा सूट र टोपीमा सानो केटा। यो दाउरा-सुरुवाल हो, नेपालभरि पुरुषहरूले परम्परागत रूपमा लगाउने राष्ट्रिय पोशाक। यो सामान्यतया उत्सव, विवाह, र आधिकारिक सांस्कृतिक अवसरहरूमा लगाइन्छ।"
nepali_dresses_augmented/daura_suruwal/153.jpg,"A man in a green shirt and black vest holding a credit card. This is the Daura-Suruwal, the national dress traditionally worn by men across Nepal. It is commonly worn during festivals, weddings, and official cultural occasions.","एउटा हरियो शर्ट र कालो वेस्टमा एक क्रेडिट कार्ड बोक्ने मानिस। यो दाउरा-सुरुवाल हो, नेपालभरि पुरुषहरूले परम्परागत रूपमा लगाउने राष्ट्रिय पोशाक। यो सामान्यतया उत्सव, विवाह, र आधिकारिक सांस्कृतिक अवसरहरूमा लगाइन्छ।"
nepali_dresses_augmented/daura_suruwal/153_aug1.jpg,"A man in a green shirt and black vest holding a credit card. This is the Daura-Suruwal, the national dress traditionally worn by men across Nepal. It is commonly worn during festivals, weddings, and official cultural occasions.","एउटा हरियो शर्ट र कालो वेस्टमा एक क्रेडिट कार्ड बोक्ने मानिस। यो दाउरा-सुरुवाल हो, नेपालभरि पुरुषहरूले परम्परागत रूपमा लगाउने राष्ट्रिय पोशाक। यो सामान्यतया उत्सव, विवाह, र आधिकारिक सांस्कृतिक अवसरहरूमा लगाइन्छ।"
nepali_dresses_augmented/daura_suruwal/154.jpg,"An old man sitting on the ground in a forest. This is the Daura-Suruwal, the national dress traditionally worn by men across Nepal. It is commonly worn during festivals, weddings, and official cultural occasions.","जंगलमा जमिनमा बस्ने एक वृद्ध मानिस। यो दाउरा-सुरुवाल हो, नेपालभरि पुरुषहरूले परम्परागत रूपमा लगाउने राष्ट्रिय पोशाक। यो सामान्यतया उत्सव, विवाह, र आधिकारिक सांस्कृतिक अवसरहरूमा लगाइन्छ।"
nepali_dresses_augmented/daura_suruwal/154_aug1.jpg,"An old man sitting on the ground in a forest. This is the Daura-Suruwal, the national dress traditionally worn by men across Nepal. It is commonly worn during festivals, weddings, and official cultural occasions.","जंगलमा जमिनमा बस्ने एक वृद्ध मानिस। यो दाउरा-सुरुवाल हो, नेपालभरि पुरुषहरूले परम्परागत रूपमा लगाउने राष्ट्रिय पोशाक। यो सामान्यतया उत्सव, विवाह, र आधिकारिक सांस्कृतिक अवसरहरूमा लगाइन्छ।"
nepali_dresses_augmented/daura_suruwal/155.jpg,"A man in a gray suit and white shoes. This is the Daura-Suruwal, the national dress traditionally worn by men across Nepal. It is commonly worn during festivals, weddings, and official cultural occasions.","दाउरा-सुरुवाल, नेपालभरका पुरुषहरूले परम्परागत रूपमा लगाउने राष्ट्रिय पोशाक हो। यो सामान्यतया उत्सव, विवाह र आधिकारिक सांस्कृतिक अवसरहरूमा लगाइन्छ।"
nepali_dresses_augmented/daura_suruwal/155_aug1.jpg,"A man in a gray suit and white shoes. This is the Daura-Suruwal, the national dress traditionally worn by men across Nepal. It is commonly worn during festivals, weddings, and official cultural occasions.","दाउरा-सुरुवाल, नेपालभरका पुरुषहरूले परम्परागत रूपमा लगाउने राष्ट्रिय पोशाक हो। यो सामान्यतया उत्सव, विवाह र आधिकारिक सांस्कृतिक अवसरहरूमा लगाइन्छ।"
nepali_dresses_augmented/daura_suruwal/156.jpg,"A man in a white shirt and black vest standing with his hands clasped. This is the Daura-Suruwal, the national dress traditionally worn by men across Nepal. It is commonly worn during festivals, weddings, and official cultural occasions.","दाउरा-सुरुवाल, नेपालभरका पुरुषहरूले परम्परागत रूपमा लगाउने राष्ट्रिय पोशाक हो। यो सामान्यतया उत्सव, विवाह र आधिकारिक सांस्कृतिक अवसरहरूमा लगाइन्छ।"
nepali_dresses_augmented/daura_suruwal/156_aug1.jpg,"A man in a white shirt and black vest standing with his hands clasped. This is the Daura-Suruwal, the national dress traditionally worn by men across Nepal. It is commonly worn during festivals, weddings, and official cultural occasions.","दाउरा-सुरुवाल, नेपालभरका पुरुषहरूले परम्परागत रूपमा लगाउने राष्ट्रिय पोशाक हो। यो सामान्यतया उत्सव, विवाह र आधिकारिक सांस्कृतिक अवसरहरूमा लगाइन्छ।"
nepali_dresses_augmented/daura_suruwal/157.jpg,"A man standing with his arms crossed. This is the Daura-Suruwal, the national dress traditionally worn by men across Nepal. It is commonly worn during festivals, weddings, and official cultural occasions.","दाउरा-सुरुवाल, नेपालभरका पुरुषहरूले परम्परागत रूपमा लगाउने राष्ट्रिय पोशाक हो। यो सामान्यतया उत्सव, विवाह र आधिकारिक सांस्कृतिक अवसरहरूमा लगाइन्छ।"
nepali_dresses_augmented/daura_suruwal/157_aug1.jpg,"A man standing with his arms crossed. This is the Daura-Suruwal, the national dress traditionally worn by men across Nepal. It is commonly worn during festivals, weddings, and official cultural occasions.","दाउरा-सुरुवाल, नेपालभरका पुरुषहरूले परम्परागत रूपमा लगाउने राष्ट्रिय पोशाक हो। यो सामान्यतया उत्सव, विवाह र आधिकारिक सांस्कृतिक अवसरहरूमा लगाइन्छ।"
nepali_dresses_augmented/daura_suruwal/158.jpg,"A man in a black hat and red shirt with his hands clasped. This is the Daura-Suruwal, the national dress traditionally worn by men across Nepal. It is commonly worn during festivals, weddings, and official cultural occasions.","एउटा कालो टोपी र रातो शर्टमा हात जोडेर एउटा मानिस। यो दाउरा-सुरुवाल हो, नेपालभरि पुरुषहरूले परम्परागत रूपमा लगाउने राष्ट्रिय पोशाक। यो सामान्यतया उत्सव, विवाह, र आधिकारिक सांस्कृतिक अवसरहरूमा लगाइन्छ।"
nepali_dresses_augmented/daura_suruwal/158_aug1.jpg,"A man in a black hat and red shirt with his hands clasped. This is the Daura-Suruwal, the national dress traditionally worn by men across Nepal. It is commonly worn during festivals, weddings, and official cultural occasions.","एउटा कालो टोपी र रातो शर्टमा हात जोडेर एउटा मानिस। यो दाउरा-सुरुवाल हो, नेपालभरि पुरुषहरूले परम्परागत रूपमा लगाउने राष्ट्रिय पोशाक। यो सामान्यतया उत्सव, विवाह, र आधिकारिक सांस्कृतिक अवसरहरूमा लगाइन्छ।"
nepali_dresses_augmented/daura_suruwal/159.jpg,"A man in a yellow shirt and black vest. This is the Daura-Suruwal, the national dress traditionally worn by men across Nepal. It is commonly worn during festivals, weddings, and official cultural occasions.","एक पहेंलो शर्ट र कालो वेस्टमा एक पुरुष। यो दाउरा-सुरुवाल हो, नेपाल भरिका पुरुषहरूले परम्परागत रूपमा लगाउने राष्ट्रिय पोशाक। यो सामान्यतया उत्सव, विवाह, र आधिकारिक सांस्कृतिक अवसरहरूमा लगाइन्छ।"
nepali_dresses_augmented/daura_suruwal/159_aug1.jpg,"A man in a yellow shirt and black vest. This is the Daura-Suruwal, the national dress traditionally worn by men across Nepal. It is commonly worn during festivals, weddings, and official cultural occasions.","एक पहेंलो शर्ट र कालो वेस्टमा एक पुरुष। यो दाउरा-सुरुवाल हो, नेपाल भरिका पुरुषहरूले परम्परागत रूपमा लगाउने राष्ट्रिय पोशाक। यो सामान्यतया उत्सव, विवाह, र आधिकारिक सांस्कृतिक अवसरहरूमा लगाइन्छ।"
nepali_dresses_augmented/daura_suruwal/15_aug1.jpg,"A man wearing a white kurta with floral print on the collar. This is the Daura-Suruwal, the national dress traditionally worn by men across Nepal. It is commonly worn during festivals, weddings, and official cultural occasions.","दाउरा-सुरुवाल, नेपालभरका पुरुषहरूले परम्परागत रूपमा लगाउने राष्ट्रिय पोशाक हो। यो सामान्यतया उत्सव, विवाह र आधिकारिक सांस्कृतिक अवसरहरूमा लगाइन्छ।"
nepali_dresses_augmented/daura_suruwal/15_aug2.jpg,"A man wearing a white kurta with floral print on the collar. This is the Daura-Suruwal, the national dress traditionally worn by men across Nepal. It is commonly worn during festivals, weddings, and official cultural occasions.","दाउरा-सुरुवाल, नेपालभरका पुरुषहरूले परम्परागत रूपमा लगाउने राष्ट्रिय पोशाक हो। यो सामान्यतया उत्सव, विवाह र आधिकारिक सांस्कृतिक अवसरहरूमा लगाइन्छ।"
nepali_dresses_augmented/daura_suruwal/16.jpg,"A man in a suit standing in front of a mirror. This is the Daura-Suruwal, the national dress traditionally worn by men across Nepal. It is commonly worn during festivals, weddings, and official cultural occasions.","एउटा सूटमा उभिएका मानिस दर्पणको अगाडि उभिएका छन्। यो दाउरा-सुरुवाल हो, नेपालभरि पुरुषहरूले परम्परागत रूपमा लगाउने राष्ट्रिय पोशाक। यो सामान्यतया उत्सव, विवाह, र आधिकारिक सांस्कृतिक अवसरहरूमा लगाइन्छ।"
nepali_dresses_augmented/daura_suruwal/160.jpg,"A man in a white shirt and beige pants. This is the Daura-Suruwal, the national dress traditionally worn by men across Nepal. It is commonly worn during festivals, weddings, and official cultural occasions.","एक सेतो शर्ट र बेज प्यान्टमा एक पुरुष। यो दाउरा-सुरुवाल हो, नेपाल भरिका पुरुषहरूले परम्परागत रूपमा लगाउने राष्ट्रिय पोशाक। यो सामान्यतया उत्सव, विवाह, र आधिकारिक सांस्कृतिक अवसरहरूमा लगाइन्छ।"
nepali_dresses_augmented/daura_suruwal/160_aug1.jpg,"A man in a white shirt and beige pants. This is the Daura-Suruwal, the national dress traditionally worn by men across Nepal. It is commonly worn during festivals, weddings, and official cultural occasions.","एक सेतो शर्ट र बेज प्यान्टमा एक पुरुष। यो दाउरा-सुरुवाल हो, नेपाल भरिका पुरुषहरूले परम्परागत रूपमा लगाउने राष्ट्रिय पोशाक। यो सामान्यतया उत्सव, विवाह, र आधिकारिक सांस्कृतिक अवसरहरूमा लगाइन्छ।"
nepali_dresses_augmented/daura_suruwal/161.jpg,"A man in a red and gold outfit. This is the Daura-Suruwal, the national dress traditionally worn by men across Nepal. It is commonly worn during festivals, weddings, and official cultural occasions.","रातो र सुनको पोशाकमा एक पुरुष। यो दाउरा-सुरुवाल हो, परम्परागत रूपमा नेपालभरि पुरुषहरूले लगाउने राष्ट्रिय पोशाक। यो सामान्यतया उत्सव, विवाह, र आधिकारिक सांस्कृतिक अवसरहरूमा लगाइन्छ।"
nepali_dresses_augmented/daura_suruwal/161_aug1.jpg,"A man in a red and gold outfit. This is the Daura-Suruwal, the national dress traditionally worn by men across Nepal. It is commonly worn during festivals, weddings, and official cultural occasions.","रातो र सुनको पोशाकमा एक पुरुष। यो दाउरा-सुरुवाल हो, परम्परागत रूपमा नेपालभरि पुरुषहरूले लगाउने राष्ट्रिय पोशाक। यो सामान्यतया उत्सव, विवाह, र आधिकारिक सांस्कृतिक अवसरहरूमा लगाइन्छ।"
nepali_dresses_augmented/daura_suruwal/162.jpg,"A man in a red and white outfit. This is the Daura-Suruwal, the national dress traditionally worn by men across Nepal. It is commonly worn during festivals, weddings, and official cultural occasions.","रातो र सेतो पोशाकमा एक पुरुष। यो दाउरा-सुरुवाल हो, नेपाल भरिका पुरुषहरूले परम्परागत रूपमा लगाउने राष्ट्रिय पोशाक। यो सामान्यतया उत्सव, विवाह, र आधिकारिक सांस्कृतिक अवसरहरूमा लगाइन्छ।"
nepali_dresses_augmented/daura_suruwal/162_aug1.jpg,"A man in a red and white outfit. This is the Daura-Suruwal, the national dress traditionally worn by men across Nepal. It is commonly worn during festivals, weddings, and official cultural occasions.","रातो र सेतो पोशाकमा एक पुरुष। यो दाउरा-सुरुवाल हो, नेपाल भरिका पुरुषहरूले परम्परागत रूपमा लगाउने राष्ट्रिय पोशाक। यो सामान्यतया उत्सव, विवाह, र आधिकारिक सांस्कृतिक अवसरहरूमा लगाइन्छ।"
nepali_dresses_augmented/daura_suruwal/163.jpg,"A young boy wearing a black vest and white pants. This is the Daura-Suruwal, the national dress traditionally worn by men across Nepal. It is commonly worn during festivals, weddings, and official cultural occasions.","एक जवान केटाले कालो ज्याकेट र सेतो प्यान्ट लगाएको छ। यो दाउरा-सुरुवाल हो, परम्परागत रूपमा नेपाल भरिका पुरुषहरूले लगाउने राष्ट्रिय पोशाक। यो सामान्यतया उत्सव, विवाह, र आधिकारिक सांस्कृतिक अवसरहरूमा लगाइन्छ।"
nepali_dresses_augmented/daura_suruwal/163_aug1.jpg,"A young boy wearing a black vest and white pants. This is the Daura-Suruwal, the national dress traditionally worn by men across Nepal. It is commonly worn during festivals, weddings, and official cultural occasions.","एक जवान केटाले कालो ज्याकेट र सेतो प्यान्ट लगाएको छ। यो दाउरा-सुरुवाल हो, परम्परागत रूपमा नेपाल भरिका पुरुषहरूले लगाउने राष्ट्रिय पोशाक। यो सामान्यतया उत्सव, विवाह, र आधिकारिक सांस्कृतिक अवसरहरूमा लगाइन्छ।"
nepali_dresses_augmented/daura_suruwal/164.jpg,"A baby dressed in a costume and holding a flag. This is the Daura-Suruwal, the national dress traditionally worn by men across Nepal. It is commonly worn during festivals, weddings, and official cultural occasions.","यो दाउरा-सुरुवाल हो, जुन परम्परागत रूपमा नेपालभरका पुरुषहरूले लगाउने राष्ट्रिय पोशाक हो। यो सामान्यतया उत्सव, विवाह, र आधिकारिक सांस्कृतिक अवसरहरूमा लगाइन्छ।"
nepali_dresses_augmented/daura_suruwal/164_aug1.jpg,"A baby dressed in a costume and holding a flag. This is the Daura-Suruwal, the national dress traditionally worn by men across Nepal. It is commonly worn during festivals, weddings, and official cultural occasions.","यो दाउरा-सुरुवाल हो, जुन परम्परागत रूपमा नेपालभरका पुरुषहरूले लगाउने राष्ट्रिय पोशाक हो। यो सामान्यतया उत्सव, विवाह, र आधिकारिक सांस्कृतिक अवसरहरूमा लगाइन्छ।"
nepali_dresses_augmented/daura_suruwal/165.jpg,"A man in a blue shirt and pants. This is the Daura-Suruwal, the national dress traditionally worn by men across Nepal. It is commonly worn during festivals, weddings, and official cultural occasions.","नीलो शर्ट र प्यान्टमा एक पुरुष। यो दाउरा-सुरुवाल हो, परम्परागत रूपमा नेपालभरि पुरुषहरूले लगाउने राष्ट्रिय पोशाक। यो सामान्यतया उत्सव, विवाह, र आधिकारिक सांस्कृतिक अवसरहरूमा लगाइन्छ।"
nepali_dresses_augmented/daura_suruwal/165_aug1.jpg,"A man in a blue shirt and pants. This is the Daura-Suruwal, the national dress traditionally worn by men across Nepal. It is commonly worn during festivals, weddings, and official cultural occasions.","नीलो शर्ट र प्यान्टमा एक पुरुष। यो दाउरा-सुरुवाल हो, परम्परागत रूपमा नेपालभरि पुरुषहरूले लगाउने राष्ट्रिय पोशाक। यो सामान्यतया उत्सव, विवाह, र आधिकारिक सांस्कृतिक अवसरहरूमा लगाइन्छ।"
nepali_dresses_augmented/daura_suruwal/166.jpg,"A child ' s outfit with a hood and pants. This is the Daura-Suruwal, the national dress traditionally worn by men across Nepal. It is commonly worn during festivals, weddings, and official cultural occasions.","एक बच्चाको पोशाक होड र प्यान्टको साथ। यो दाउरा-सुरुवाल हो, जुन परम्परागत रूपमा नेपालभरि पुरुषहरूले लगाउने राष्ट्रिय पोशाक हो। यो सामान्यतया उत्सव, विवाह, र आधिकारिक सांस्कृतिक अवसरहरूमा लगाइन्छ।"
nepali_dresses_augmented/daura_suruwal/166_aug1.jpg,"A child ' s outfit with a hood and pants. This is the Daura-Suruwal, the national dress traditionally worn by men across Nepal. It is commonly worn during festivals, weddings, and official cultural occasions.","एक बच्चाको पोशाक होड र प्यान्टको साथ। यो दाउरा-सुरुवाल हो, जुन परम्परागत रूपमा नेपालभरि पुरुषहरूले लगाउने राष्ट्रिय पोशाक हो। यो सामान्यतया उत्सव, विवाह, र आधिकारिक सांस्कृतिक अवसरहरूमा लगाइन्छ।"
nepali_dresses_augmented/daura_suruwal/167.jpg,"A green and white outfit with a hat and scarf. This is the Daura-Suruwal, the national dress traditionally worn by men across Nepal. It is commonly worn during festivals, weddings, and official cultural occasions.","एउटा हरियो र सेतो पोशाक टोपी र स्कार्फको साथ। यो दाउरा-सुरुवाल हो, परम्परागत रूपमा नेपाल भरिका पुरुषहरूले लगाउने राष्ट्रिय पोशाक। यो सामान्यतया उत्सव, विवाह, र आधिकारिक सांस्कृतिक अवसरहरूमा लगाइन्छ।"
nepali_dresses_augmented/daura_suruwal/167_aug1.jpg,"A green and white outfit with a hat and scarf. This is the Daura-Suruwal, the national dress traditionally worn by men across Nepal. It is commonly worn during festivals, weddings, and official cultural occasions.","एउटा हरियो र सेतो पोशाक टोपी र स्कार्फको साथ। यो दाउरा-सुरुवाल हो, परम्परागत रूपमा नेपाल भरिका पुरुषहरूले लगाउने राष्ट्रिय पोशाक। यो सामान्यतया उत्सव, विवाह, र आधिकारिक सांस्कृतिक अवसरहरूमा लगाइन्छ।"
nepali_dresses_augmented/daura_suruwal/168.jpg,"A group of men in suits and hats. This is the Daura-Suruwal, the national dress traditionally worn by men across Nepal. It is commonly worn during festivals, weddings, and official cultural occasions.","सुट र टोपीमा पुरुषहरूको समूह। यो दाउरा-सुरुवाल हो, परम्परागत रूपमा नेपालभरि पुरुषहरूले लगाउने राष्ट्रिय पोशाक। यो सामान्यतया उत्सव, विवाह, र आधिकारिक सांस्कृतिक अवसरहरूमा लगाइन्छ।"
nepali_dresses_augmented/daura_suruwal/168_aug1.jpg,"A group of men in suits and hats. This is the Daura-Suruwal, the national dress traditionally worn by men across Nepal. It is commonly worn during festivals, weddings, and official cultural occasions.","सुट र टोपीमा पुरुषहरूको समूह। यो दाउरा-सुरुवाल हो, परम्परागत रूपमा नेपालभरि पुरुषहरूले लगाउने राष्ट्रिय पोशाक। यो सामान्यतया उत्सव, विवाह, र आधिकारिक सांस्कृतिक अवसरहरूमा लगाइन्छ।"
nepali_dresses_augmented/daura_suruwal/169.jpg,"A young boy in a suit and tie standing with his arms crossed. This is the Daura-Suruwal, the national dress traditionally worn by men across Nepal. It is commonly worn during festivals, weddings, and official cultural occasions.","एक जवान केटा एक सूट र टाईमा उभिएर आफ्नो हातहरू पार गर्दै। यो दाउरा-सुरुवाल हो, परम्परागत रूपमा नेपाल भरिका पुरुषहरूले लगाउने राष्ट्रिय पोशाक। यो सामान्यतया उत्सव, विवाह, र आधिकारिक सांस्कृतिक अवसरहरूमा लगाइन्छ।"
nepali_dresses_augmented/daura_suruwal/169_aug1.jpg,"A young boy in a suit and tie standing with his arms crossed. This is the Daura-Suruwal, the national dress traditionally worn by men across Nepal. It is commonly worn during festivals, weddings, and official cultural occasions.","एक जवान केटा एक सूट र टाईमा उभिएर आफ्नो हातहरू पार गर्दै। यो दाउरा-सुरुवाल हो, परम्परागत रूपमा नेपाल भरिका पुरुषहरूले लगाउने राष्ट्रिय पोशाक। यो सामान्यतया उत्सव, विवाह, र आधिकारिक सांस्कृतिक अवसरहरूमा लगाइन्छ।"
nepali_dresses_augmented/daura_suruwal/16_aug1.jpg,"A man in a suit standing in front of a mirror. This is the Daura-Suruwal, the national dress traditionally worn by men across Nepal. It is commonly worn during festivals, weddings, and official cultural occasions.","एउटा सूटमा उभिएका मानिस दर्पणको अगाडि उभिएका छन्। यो दाउरा-सुरुवाल हो, नेपालभरि पुरुषहरूले परम्परागत रूपमा लगाउने राष्ट्रिय पोशाक। यो सामान्यतया उत्सव, विवाह, र आधिकारिक सांस्कृतिक अवसरहरूमा लगाइन्छ।"
nepali_dresses_augmented/daura_suruwal/16_aug2.jpg,"A man in a suit standing in front of a mirror. This is the Daura-Suruwal, the national dress traditionally worn by men across Nepal. It is commonly worn during festivals, weddings, and official cultural occasions.","एउटा सूटमा उभिएका मानिस दर्पणको अगाडि उभिएका छन्। यो दाउरा-सुरुवाल हो, नेपालभरि पुरुषहरूले परम्परागत रूपमा लगाउने राष्ट्रिय पोशाक। यो सामान्यतया उत्सव, विवाह, र आधिकारिक सांस्कृतिक अवसरहरूमा लगाइन्छ।"
nepali_dresses_augmented/daura_suruwal/17.jpg,"A man standing in front of a white wall. This is the Daura-Suruwal, the national dress traditionally worn by men across Nepal. It is commonly worn during festivals, weddings, and official cultural occasions.","दाउरा-सुरुवाल, नेपालभरका पुरुषहरूले परम्परागत रूपमा लगाउने राष्ट्रिय पोशाक हो। यो सामान्यतया उत्सव, विवाह, र आधिकारिक सांस्कृतिक अवसरहरूमा लगाइन्छ।"
nepali_dresses_augmented/daura_suruwal/170.jpg,"A man in a gray suit and white shoes. This is the Daura-Suruwal, the national dress traditionally worn by men across Nepal. It is commonly worn during festivals, weddings, and official cultural occasions.","दाउरा-सुरुवाल, नेपालभरका पुरुषहरूले परम्परागत रूपमा लगाउने राष्ट्रिय पोशाक हो। यो सामान्यतया उत्सव, विवाह र आधिकारिक सांस्कृतिक अवसरहरूमा लगाइन्छ।"
nepali_dresses_augmented/daura_suruwal/170_aug1.jpg,"A man in a gray suit and white shoes. This is the Daura-Suruwal, the national dress traditionally worn by men across Nepal. It is commonly worn during festivals, weddings, and official cultural occasions.","दाउरा-सुरुवाल, नेपालभरका पुरुषहरूले परम्परागत रूपमा लगाउने राष्ट्रिय पोशाक हो। यो सामान्यतया उत्सव, विवाह र आधिकारिक सांस्कृतिक अवसरहरूमा लगाइन्छ।"
nepali_dresses_augmented/daura_suruwal/171.jpg,"A group of people sitting on chairs in a room. This is the Daura-Suruwal, the national dress traditionally worn by men across Nepal. It is commonly worn during festivals, weddings, and official cultural occasions.","एक कोठामा कुर्सीमा बस्ने मानिसहरूको समूह। यो दाउरा-सुरुवाल हो, नेपालभरि पुरुषहरूले परम्परागत रूपमा लगाउने राष्ट्रिय पोशाक। यो सामान्यतया उत्सव, विवाह, र आधिकारिक सांस्कृतिक अवसरहरूमा लगाइन्छ।"
nepali_dresses_augmented/daura_suruwal/171_aug1.jpg,"A group of people sitting on chairs in a room. This is the Daura-Suruwal, the national dress traditionally worn by men across Nepal. It is commonly worn during festivals, weddings, and official cultural occasions.","एक कोठामा कुर्सीमा बस्ने मानिसहरूको समूह। यो दाउरा-सुरुवाल हो, नेपालभरि पुरुषहरूले परम्परागत रूपमा लगाउने राष्ट्रिय पोशाक। यो सामान्यतया उत्सव, विवाह, र आधिकारिक सांस्कृतिक अवसरहरूमा लगाइन्छ।"
nepali_dresses_augmented/daura_suruwal/172.jpg,"A man in a white shirt and black vest, with his hands on his head. This is the Daura-Suruwal, the national dress traditionally worn by men across Nepal. It is commonly worn during festivals, weddings, and official cultural occasions.","एक सेतो शर्ट र कालो वेस्टमा एक व्यक्ति, आफ्नो टाउकोमा हात राखेर। यो दाउरा-सुरुवाल हो, नेपाल भरिका पुरुषहरूले परम्परागत रूपमा लगाउने राष्ट्रिय पोशाक। यो सामान्यतया उत्सव, विवाह, र आधिकारिक सांस्कृतिक अवसरहरूमा लगाइन्छ।"
nepali_dresses_augmented/daura_suruwal/172_aug1.jpg,"A man in a white shirt and black vest, with his hands on his head. This is the Daura-Suruwal, the national dress traditionally worn by men across Nepal. It is commonly worn during festivals, weddings, and official cultural occasions.","एक सेतो शर्ट र कालो वेस्टमा एक व्यक्ति, आफ्नो टाउकोमा हात राखेर। यो दाउरा-सुरुवाल हो, नेपाल भरिका पुरुषहरूले परम्परागत रूपमा लगाउने राष्ट्रिय पोशाक। यो सामान्यतया उत्सव, विवाह, र आधिकारिक सांस्कृतिक अवसरहरूमा लगाइन्छ।"
nepali_dresses_augmented/daura_suruwal/173.jpg,"A man in a red and gold outfit posing for the camera. This is the Daura-Suruwal, the national dress traditionally worn by men across Nepal. It is commonly worn during festivals, weddings, and official cultural occasions.","रातो र सुनको पोशाकमा एक व्यक्ति क्यामेराको लागि पोज गर्दै। यो दाउरा-सुरुवाल हो, परम्परागत रूपमा नेपालभरि पुरुषहरूले लगाउने राष्ट्रिय पोशाक। यो सामान्यतया उत्सव, विवाह, र आधिकारिक सांस्कृतिक अवसरहरूमा लगाइन्छ।"
nepali_dresses_augmented/daura_suruwal/173_aug1.jpg,"A man in a red and gold outfit posing for the camera. This is the Daura-Suruwal, the national dress traditionally worn by men across Nepal. It is commonly worn during festivals, weddings, and official cultural occasions.","रातो र सुनको पोशाकमा एक व्यक्ति क्यामेराको लागि पोज गर्दै। यो दाउरा-सुरुवाल हो, परम्परागत रूपमा नेपालभरि पुरुषहरूले लगाउने राष्ट्रिय पोशाक। यो सामान्यतया उत्सव, विवाह, र आधिकारिक सांस्कृतिक अवसरहरूमा लगाइन्छ।"
nepali_dresses_augmented/daura_suruwal/174.jpg,"A little boy standing with his arms crossed. This is the Daura-Suruwal, the national dress traditionally worn by men across Nepal. It is commonly worn during festivals, weddings, and official cultural occasions.","दाउरा-सुरुवाल (Daura-Suruwal), नेपालभरका पुरुषहरूले परम्परागत रूपमा लगाउने राष्ट्रिय पोशाक हो। यो सामान्यतया उत्सव, विवाह र आधिकारिक सांस्कृतिक अवसरहरूमा लगाइन्छ।"
nepali_dresses_augmented/daura_suruwal/174_aug1.jpg,"A little boy standing with his arms crossed. This is the Daura-Suruwal, the national dress traditionally worn by men across Nepal. It is commonly worn during festivals, weddings, and official cultural occasions.","दाउरा-सुरुवाल (Daura-Suruwal), नेपालभरका पुरुषहरूले परम्परागत रूपमा लगाउने राष्ट्रिय पोशाक हो। यो सामान्यतया उत्सव, विवाह र आधिकारिक सांस्कृतिक अवसरहरूमा लगाइन्छ।"
nepali_dresses_augmented/daura_suruwal/17_aug1.jpg,"A man standing in front of a white wall. This is the Daura-Suruwal, the national dress traditionally worn by men across Nepal. It is commonly worn during festivals, weddings, and official cultural occasions.","दाउरा-सुरुवाल, नेपालभरका पुरुषहरूले परम्परागत रूपमा लगाउने राष्ट्रिय पोशाक हो। यो सामान्यतया उत्सव, विवाह, र आधिकारिक सांस्कृतिक अवसरहरूमा लगाइन्छ।"
nepali_dresses_augmented/daura_suruwal/17_aug2.jpg,"A man standing in front of a white wall. This is the Daura-Suruwal, the national dress traditionally worn by men across Nepal. It is commonly worn during festivals, weddings, and official cultural occasions.","दाउरा-सुरुवाल, नेपालभरका पुरुषहरूले परम्परागत रूपमा लगाउने राष्ट्रिय पोशाक हो। यो सामान्यतया उत्सव, विवाह, र आधिकारिक सांस्कृतिक अवसरहरूमा लगाइन्छ।"
nepali_dresses_augmented/daura_suruwal/18.jpg,"A man in a blue shirt and blue pants. This is the Daura-Suruwal, the national dress traditionally worn by men across Nepal. It is commonly worn during festivals, weddings, and official cultural occasions.","नीलो शर्ट र नीलो प्यान्टमा एक पुरुष। यो दाउरा-सुरुवाल हो, परम्परागत रूपमा नेपालभरि पुरुषहरूले लगाउने राष्ट्रिय पोशाक। यो सामान्यतया उत्सव, विवाह, र आधिकारिक सांस्कृतिक अवसरहरूमा लगाइन्छ।"
nepali_dresses_augmented/daura_suruwal/18_aug1.jpg,"A man in a blue shirt and blue pants. This is the Daura-Suruwal, the national dress traditionally worn by men across Nepal. It is commonly worn during festivals, weddings, and official cultural occasions.","नीलो शर्ट र नीलो प्यान्टमा एक पुरुष। यो दाउरा-सुरुवाल हो, परम्परागत रूपमा नेपालभरि पुरुषहरूले लगाउने राष्ट्रिय पोशाक। यो सामान्यतया उत्सव, विवाह, र आधिकारिक सांस्कृतिक अवसरहरूमा लगाइन्छ।"
nepali_dresses_augmented/daura_suruwal/18_aug2.jpg,"A man in a blue shirt and blue pants. This is the Daura-Suruwal, the national dress traditionally worn by men across Nepal. It is commonly worn during festivals, weddings, and official cultural occasions.","नीलो शर्ट र नीलो प्यान्टमा एक पुरुष। यो दाउरा-सुरुवाल हो, परम्परागत रूपमा नेपालभरि पुरुषहरूले लगाउने राष्ट्रिय पोशाक। यो सामान्यतया उत्सव, विवाह, र आधिकारिक सांस्कृतिक अवसरहरूमा लगाइन्छ।"
nepali_dresses_augmented/daura_suruwal/19.jpg,"A man in a red shirt and pants. This is the Daura-Suruwal, the national dress traditionally worn by men across Nepal. It is commonly worn during festivals, weddings, and official cultural occasions.","रातो शर्ट र प्यान्टमा एक पुरुष। यो दाउरा-सुरुवाल हो, परम्परागत रूपमा नेपालभरि पुरुषहरूले लगाउने राष्ट्रिय पोशाक। यो सामान्यतया उत्सव, विवाह, र आधिकारिक सांस्कृतिक अवसरहरूमा लगाइन्छ।"
nepali_dresses_augmented/daura_suruwal/19_aug1.jpg,"A man in a red shirt and pants. This is the Daura-Suruwal, the national dress traditionally worn by men across Nepal. It is commonly worn during festivals, weddings, and official cultural occasions.","रातो शर्ट र प्यान्टमा एक पुरुष। यो दाउरा-सुरुवाल हो, परम्परागत रूपमा नेपालभरि पुरुषहरूले लगाउने राष्ट्रिय पोशाक। यो सामान्यतया उत्सव, विवाह, र आधिकारिक सांस्कृतिक अवसरहरूमा लगाइन्छ।"
nepali_dresses_augmented/daura_suruwal/19_aug2.jpg,"A man in a red shirt and pants. This is the Daura-Suruwal, the national dress traditionally worn by men across Nepal. It is commonly worn during festivals, weddings, and official cultural occasions.","रातो शर्ट र प्यान्टमा एक पुरुष। यो दाउरा-सुरुवाल हो, परम्परागत रूपमा नेपालभरि पुरुषहरूले लगाउने राष्ट्रिय पोशाक। यो सामान्यतया उत्सव, विवाह, र आधिकारिक सांस्कृतिक अवसरहरूमा लगाइन्छ।"
nepali_dresses_augmented/daura_suruwal/1_aug1.jpg,"A man wearing a white linen kurt. This is the Daura-Suruwal, the national dress traditionally worn by men across Nepal. It is commonly worn during festivals, weddings, and official cultural occasions.","यो दाउरा-सुरुवाल हो, परम्परागत रूपमा नेपालभरि पुरुषहरूले लगाउने राष्ट्रिय पोशाक। यो सामान्यतया उत्सव, विवाह, र आधिकारिक सांस्कृतिक अवसरहरूमा लगाइन्छ।"
nepali_dresses_augmented/daura_suruwal/1_aug2.jpg,"A man wearing a white linen kurt. This is the Daura-Suruwal, the national dress traditionally worn by men across Nepal. It is commonly worn during festivals, weddings, and official cultural occasions.","यो दाउरा-सुरुवाल हो, परम्परागत रूपमा नेपालभरि पुरुषहरूले लगाउने राष्ट्रिय पोशाक। यो सामान्यतया उत्सव, विवाह, र आधिकारिक सांस्कृतिक अवसरहरूमा लगाइन्छ।"
nepali_dresses_augmented/daura_suruwal/2.jpg,"A man in a suit standing on a roof. This is the Daura-Suruwal, the national dress traditionally worn by men across Nepal. It is commonly worn during festivals, weddings, and official cultural occasions.","एक सूटमा एक मानिस छतमा उभिरहेको छ। यो दाउरा-सुरुवाल हो, नेपाल भरिका पुरुषहरूले परम्परागत रूपमा लगाउने राष्ट्रिय पोशाक। यो सामान्यतया उत्सव, विवाह, र आधिकारिक सांस्कृतिक अवसरहरूमा लगाइन्छ।"
nepali_dresses_augmented/daura_suruwal/20.jpg,"A man in a suit and hat walking down the street. This is the Daura-Suruwal, the national dress traditionally worn by men across Nepal. It is commonly worn during festivals, weddings, and official cultural occasions.","सडकमा सुट र टोपीमा हिँड्ने मानिस। यो दाउरा-सुरुवाल हो, नेपालभरि पुरुषहरूले परम्परागत रूपमा लगाउने राष्ट्रिय पोशाक। यो सामान्यतया उत्सव, विवाह, र आधिकारिक सांस्कृतिक अवसरहरूमा लगाइन्छ।"
nepali_dresses_augmented/daura_suruwal/20_aug1.jpg,"A man in a suit and hat walking down the street. This is the Daura-Suruwal, the national dress traditionally worn by men across Nepal. It is commonly worn during festivals, weddings, and official cultural occasions.","सडकमा सुट र टोपीमा हिँड्ने मानिस। यो दाउरा-सुरुवाल हो, नेपालभरि पुरुषहरूले परम्परागत रूपमा लगाउने राष्ट्रिय पोशाक। यो सामान्यतया उत्सव, विवाह, र आधिकारिक सांस्कृतिक अवसरहरूमा लगाइन्छ।"
nepali_dresses_augmented/daura_suruwal/20_aug2.jpg,"A man in a suit and hat walking down the street. This is the Daura-Suruwal, the national dress traditionally worn by men across Nepal. It is commonly worn during festivals, weddings, and official cultural occasions.","सडकमा सुट र टोपीमा हिँड्ने मानिस। यो दाउरा-सुरुवाल हो, नेपालभरि पुरुषहरूले परम्परागत रूपमा लगाउने राष्ट्रिय पोशाक। यो सामान्यतया उत्सव, विवाह, र आधिकारिक सांस्कृतिक अवसरहरूमा लगाइन्छ।"
nepali_dresses_augmented/daura_suruwal/21.jpg,"A man in a gray shirt and black vest standing with his arms crossed. This is the Daura-Suruwal, the national dress traditionally worn by men across Nepal. It is commonly worn during festivals, weddings, and official cultural occasions.","दाउरा-सुरुवाल, नेपालभरका पुरुषहरूले परम्परागत रूपमा लगाउने राष्ट्रिय पोशाक हो। यो सामान्यतया उत्सव, विवाह र आधिकारिक सांस्कृतिक अवसरहरूमा लगाइन्छ।"
nepali_dresses_augmented/daura_suruwal/21_aug1.jpg,"A man in a gray shirt and black vest standing with his arms crossed. This is the Daura-Suruwal, the national dress traditionally worn by men across Nepal. It is commonly worn during festivals, weddings, and official cultural occasions.","दाउरा-सुरुवाल, नेपालभरका पुरुषहरूले परम्परागत रूपमा लगाउने राष्ट्रिय पोशाक हो। यो सामान्यतया उत्सव, विवाह र आधिकारिक सांस्कृतिक अवसरहरूमा लगाइन्छ।"
nepali_dresses_augmented/daura_suruwal/21_aug2.jpg,"A man in a gray shirt and black vest standing with his arms crossed. This is the Daura-Suruwal, the national dress traditionally worn by men across Nepal. It is commonly worn during festivals, weddings, and official cultural occasions.","दाउरा-सुरुवाल, नेपालभरका पुरुषहरूले परम्परागत रूपमा लगाउने राष्ट्रिय पोशाक हो। यो सामान्यतया उत्सव, विवाह र आधिकारिक सांस्कृतिक अवसरहरूमा लगाइन्छ।"
nepali_dresses_augmented/daura_suruwal/22.jpg,"The boy is wearing a hat. This is the Daura-Suruwal, the national dress traditionally worn by men across Nepal. It is commonly worn during festivals, weddings, and official cultural occasions.","यो दाउरा-सुरुवाल हो, जुन परम्परागत रूपमा नेपालभरका पुरुषहरूले लगाउने राष्ट्रिय पोशाक हो। यो सामान्यतया उत्सव, विवाह र आधिकारिक सांस्कृतिक अवसरहरूमा लगाइन्छ।"
nepali_dresses_augmented/daura_suruwal/22_aug1.jpg,"The boy is wearing a hat. This is the Daura-Suruwal, the national dress traditionally worn by men across Nepal. It is commonly worn during festivals, weddings, and official cultural occasions.","यो दाउरा-सुरुवाल हो, जुन परम्परागत रूपमा नेपालभरका पुरुषहरूले लगाउने राष्ट्रिय पोशाक हो। यो सामान्यतया उत्सव, विवाह र आधिकारिक सांस्कृतिक अवसरहरूमा लगाइन्छ।"
nepali_dresses_augmented/daura_suruwal/22_aug2.jpg,"The boy is wearing a hat. This is the Daura-Suruwal, the national dress traditionally worn by men across Nepal. It is commonly worn during festivals, weddings, and official cultural occasions.","यो दाउरा-सुरुवाल हो, जुन परम्परागत रूपमा नेपालभरका पुरुषहरूले लगाउने राष्ट्रिय पोशाक हो। यो सामान्यतया उत्सव, विवाह र आधिकारिक सांस्कृतिक अवसरहरूमा लगाइन्छ।"
nepali_dresses_augmented/daura_suruwal/23.jpg,"A young boy in a blue shirt and black vest. This is the Daura-Suruwal, the national dress traditionally worn by men across Nepal. It is commonly worn during festivals, weddings, and official cultural occasions.","नीलो शर्ट र कालो ज्याकेटमा एक जवान केटा। यो दाउरा-सुरुवाल हो, परम्परागत रूपमा नेपालभरि पुरुषहरूले लगाउने राष्ट्रिय पोशाक। यो सामान्यतया उत्सव, विवाह, र आधिकारिक सांस्कृतिक अवसरहरूमा लगाइन्छ।"
nepali_dresses_augmented/daura_suruwal/23_aug1.jpg,"A young boy in a blue shirt and black vest. This is the Daura-Suruwal, the national dress traditionally worn by men across Nepal. It is commonly worn during festivals, weddings, and official cultural occasions.","नीलो शर्ट र कालो ज्याकेटमा एक जवान केटा। यो दाउरा-सुरुवाल हो, परम्परागत रूपमा नेपालभरि पुरुषहरूले लगाउने राष्ट्रिय पोशाक। यो सामान्यतया उत्सव, विवाह, र आधिकारिक सांस्कृतिक अवसरहरूमा लगाइन्छ।"
nepali_dresses_augmented/daura_suruwal/23_aug2.jpg,"A young boy in a blue shirt and black vest. This is the Daura-Suruwal, the national dress traditionally worn by men across Nepal. It is commonly worn during festivals, weddings, and official cultural occasions.","नीलो शर्ट र कालो ज्याकेटमा एक जवान केटा। यो दाउरा-सुरुवाल हो, परम्परागत रूपमा नेपालभरि पुरुषहरूले लगाउने राष्ट्रिय पोशाक। यो सामान्यतया उत्सव, विवाह, र आधिकारिक सांस्कृतिक अवसरहरूमा लगाइन्छ।"
nepali_dresses_augmented/daura_suruwal/24.jpg,"A man in a red and white checkered suit. This is the Daura-Suruwal, the national dress traditionally worn by men across Nepal. It is commonly worn during festivals, weddings, and official cultural occasions.","रातो र सेतो चेकर्ड सूटमा एक पुरुष। यो दाउरा-सुरुवाल हो, नेपाल भरिका पुरुषहरूले परम्परागत रूपमा लगाउने राष्ट्रिय पोशाक। यो सामान्यतया उत्सव, विवाह, र आधिकारिक सांस्कृतिक अवसरहरूमा लगाइन्छ।"
nepali_dresses_augmented/daura_suruwal/24_aug1.jpg,"A man in a red and white checkered suit. This is the Daura-Suruwal, the national dress traditionally worn by men across Nepal. It is commonly worn during festivals, weddings, and official cultural occasions.","रातो र सेतो चेकर्ड सूटमा एक पुरुष। यो दाउरा-सुरुवाल हो, नेपाल भरिका पुरुषहरूले परम्परागत रूपमा लगाउने राष्ट्रिय पोशाक। यो सामान्यतया उत्सव, विवाह, र आधिकारिक सांस्कृतिक अवसरहरूमा लगाइन्छ।"
nepali_dresses_augmented/daura_suruwal/24_aug2.jpg,"A man in a red and white checkered suit. This is the Daura-Suruwal, the national dress traditionally worn by men across Nepal. It is commonly worn during festivals, weddings, and official cultural occasions.","रातो र सेतो चेकर्ड सूटमा एक पुरुष। यो दाउरा-सुरुवाल हो, नेपाल भरिका पुरुषहरूले परम्परागत रूपमा लगाउने राष्ट्रिय पोशाक। यो सामान्यतया उत्सव, विवाह, र आधिकारिक सांस्कृतिक अवसरहरूमा लगाइन्छ।"
nepali_dresses_augmented/daura_suruwal/25.jpg,"A boy ' s shirt and pants are on a red blanket. This is the Daura-Suruwal, the national dress traditionally worn by men across Nepal. It is commonly worn during festivals, weddings, and official cultural occasions.","एउटा केटाको शर्ट र प्यान्ट रातो कम्पनमा छ। यो दाउरा-सुरुवाल हो, जुन परम्परागत रूपमा नेपालभरि पुरुषहरूले लगाउने राष्ट्रिय पोशाक हो। यो सामान्यतया उत्सव, विवाह, र आधिकारिक सांस्कृतिक अवसरहरूमा लगाइन्छ।"
nepali_dresses_augmented/daura_suruwal/25_aug1.jpg,"A boy ' s shirt and pants are on a red blanket. This is the Daura-Suruwal, the national dress traditionally worn by men across Nepal. It is commonly worn during festivals, weddings, and official cultural occasions.","एउटा केटाको शर्ट र प्यान्ट रातो कम्पनमा छ। यो दाउरा-सुरुवाल हो, जुन परम्परागत रूपमा नेपालभरि पुरुषहरूले लगाउने राष्ट्रिय पोशाक हो। यो सामान्यतया उत्सव, विवाह, र आधिकारिक सांस्कृतिक अवसरहरूमा लगाइन्छ।"
nepali_dresses_augmented/daura_suruwal/25_aug2.jpg,"A boy ' s shirt and pants are on a red blanket. This is the Daura-Suruwal, the national dress traditionally worn by men across Nepal. It is commonly worn during festivals, weddings, and official cultural occasions.","एउटा केटाको शर्ट र प्यान्ट रातो कम्पनमा छ। यो दाउरा-सुरुवाल हो, जुन परम्परागत रूपमा नेपालभरि पुरुषहरूले लगाउने राष्ट्रिय पोशाक हो। यो सामान्यतया उत्सव, विवाह, र आधिकारिक सांस्कृतिक अवसरहरूमा लगाइन्छ।"
nepali_dresses_augmented/daura_suruwal/26.jpg,"A young boy in a purple suit and hat. This is the Daura-Suruwal, the national dress traditionally worn by men across Nepal. It is commonly worn during festivals, weddings, and official cultural occasions.","एक जवान केटा बैजनी सूट र टोपीमा। यो दाउरा-सुरुवाल हो, परम्परागत रूपमा नेपाल भरिका पुरुषहरूले लगाउने राष्ट्रिय पोशाक। यो सामान्यतया उत्सव, विवाह, र आधिकारिक सांस्कृतिक अवसरहरूमा लगाइन्छ।"
nepali_dresses_augmented/daura_suruwal/26_aug1.jpg,"A young boy in a purple suit and hat. This is the Daura-Suruwal, the national dress traditionally worn by men across Nepal. It is commonly worn during festivals, weddings, and official cultural occasions.","एक जवान केटा बैजनी सूट र टोपीमा। यो दाउरा-सुरुवाल हो, परम्परागत रूपमा नेपाल भरिका पुरुषहरूले लगाउने राष्ट्रिय पोशाक। यो सामान्यतया उत्सव, विवाह, र आधिकारिक सांस्कृतिक अवसरहरूमा लगाइन्छ।"
nepali_dresses_augmented/daura_suruwal/26_aug2.jpg,"A young boy in a purple suit and hat. This is the Daura-Suruwal, the national dress traditionally worn by men across Nepal. It is commonly worn during festivals, weddings, and official cultural occasions.","एक जवान केटा बैजनी सूट र टोपीमा। यो दाउरा-सुरुवाल हो, परम्परागत रूपमा नेपाल भरिका पुरुषहरूले लगाउने राष्ट्रिय पोशाक। यो सामान्यतया उत्सव, विवाह, र आधिकारिक सांस्कृतिक अवसरहरूमा लगाइन्छ।"
nepali_dresses_augmented/daura_suruwal/27.jpg,"Two men in matching outfits standing in front of a door. This is the Daura-Suruwal, the national dress traditionally worn by men across Nepal. It is commonly worn during festivals, weddings, and official cultural occasions.","दुई पुरुष जोडीको पोशाकमा एक ढोकाको अगाडि उभिएका छन्। यो दाउरा-सुरुवाल हो, नेपालभरि पुरुषहरूले परम्परागत रूपमा लगाउने राष्ट्रिय पोशाक। यो सामान्यतया उत्सव, विवाह, र आधिकारिक सांस्कृतिक अवसरहरूमा लगाइन्छ।"
nepali_dresses_augmented/daura_suruwal/27_aug1.jpg,"Two men in matching outfits standing in front of a door. This is the Daura-Suruwal, the national dress traditionally worn by men across Nepal. It is commonly worn during festivals, weddings, and official cultural occasions.","दुई पुरुष जोडीको पोशाकमा एक ढोकाको अगाडि उभिएका छन्। यो दाउरा-सुरुवाल हो, नेपालभरि पुरुषहरूले परम्परागत रूपमा लगाउने राष्ट्रिय पोशाक। यो सामान्यतया उत्सव, विवाह, र आधिकारिक सांस्कृतिक अवसरहरूमा लगाइन्छ।"
nepali_dresses_augmented/daura_suruwal/27_aug2.jpg,"Two men in matching outfits standing in front of a door. This is the Daura-Suruwal, the national dress traditionally worn by men across Nepal. It is commonly worn during festivals, weddings, and official cultural occasions.","दुई पुरुष जोडीको पोशाकमा एक ढोकाको अगाडि उभिएका छन्। यो दाउरा-सुरुवाल हो, नेपालभरि पुरुषहरूले परम्परागत रूपमा लगाउने राष्ट्रिय पोशाक। यो सामान्यतया उत्सव, विवाह, र आधिकारिक सांस्कृतिक अवसरहरूमा लगाइन्छ।"
nepali_dresses_augmented/daura_suruwal/28.jpg,"A young boy wearing a white kurta. This is the Daura-Suruwal, the national dress traditionally worn by men across Nepal. It is commonly worn during festivals, weddings, and official cultural occasions.","यो दाउरा-सुरुवाल हो, जुन परम्परागत रूपमा नेपालभरका पुरुषहरूले लगाउने राष्ट्रिय पोशाक हो। यो सामान्यतया उत्सव, विवाह, र आधिकारिक सांस्कृतिक अवसरहरूमा लगाइन्छ।"
nepali_dresses_augmented/daura_suruwal/28_aug1.jpg,"A young boy wearing a white kurta. This is the Daura-Suruwal, the national dress traditionally worn by men across Nepal. It is commonly worn during festivals, weddings, and official cultural occasions.","यो दाउरा-सुरुवाल हो, जुन परम्परागत रूपमा नेपालभरका पुरुषहरूले लगाउने राष्ट्रिय पोशाक हो। यो सामान्यतया उत्सव, विवाह, र आधिकारिक सांस्कृतिक अवसरहरूमा लगाइन्छ।"
nepali_dresses_augmented/daura_suruwal/28_aug2.jpg,"A young boy wearing a white kurta. This is the Daura-Suruwal, the national dress traditionally worn by men across Nepal. It is commonly worn during festivals, weddings, and official cultural occasions.","यो दाउरा-सुरुवाल हो, जुन परम्परागत रूपमा नेपालभरका पुरुषहरूले लगाउने राष्ट्रिय पोशाक हो। यो सामान्यतया उत्सव, विवाह, र आधिकारिक सांस्कृतिक अवसरहरूमा लगाइन्छ।"
nepali_dresses_augmented/daura_suruwal/29.jpg,"A man standing in front of a white curtain. This is the Daura-Suruwal, the national dress traditionally worn by men across Nepal. It is commonly worn during festivals, weddings, and official cultural occasions.","यो दाउरा-सुरुवाल हो, नेपालभरि पुरुषहरूले परम्परागत रूपमा लगाउने राष्ट्रिय पोशाक। यो सामान्यतया उत्सव, विवाह, र आधिकारिक सांस्कृतिक अवसरहरूमा लगाइन्छ।"
nepali_dresses_augmented/daura_suruwal/29_aug1.jpg,"A man standing in front of a white curtain. This is the Daura-Suruwal, the national dress traditionally worn by men across Nepal. It is commonly worn during festivals, weddings, and official cultural occasions.","यो दाउरा-सुरुवाल हो, नेपालभरि पुरुषहरूले परम्परागत रूपमा लगाउने राष्ट्रिय पोशाक। यो सामान्यतया उत्सव, विवाह, र आधिकारिक सांस्कृतिक अवसरहरूमा लगाइन्छ।"
nepali_dresses_augmented/daura_suruwal/29_aug2.jpg,"A man standing in front of a white curtain. This is the Daura-Suruwal, the national dress traditionally worn by men across Nepal. It is commonly worn during festivals, weddings, and official cultural occasions.","यो दाउरा-सुरुवाल हो, नेपालभरि पुरुषहरूले परम्परागत रूपमा लगाउने राष्ट्रिय पोशाक। यो सामान्यतया उत्सव, विवाह, र आधिकारिक सांस्कृतिक अवसरहरूमा लगाइन्छ।"
nepali_dresses_augmented/daura_suruwal/2_aug1.jpg,"A man in a suit standing on a roof. This is the Daura-Suruwal, the national dress traditionally worn by men across Nepal. It is commonly worn during festivals, weddings, and official cultural occasions.","एक सूटमा एक मानिस छतमा उभिरहेको छ। यो दाउरा-सुरुवाल हो, नेपाल भरिका पुरुषहरूले परम्परागत रूपमा लगाउने राष्ट्रिय पोशाक। यो सामान्यतया उत्सव, विवाह, र आधिकारिक सांस्कृतिक अवसरहरूमा लगाइन्छ।"
nepali_dresses_augmented/daura_suruwal/2_aug2.jpg,"A man in a suit standing on a roof. This is the Daura-Suruwal, the national dress traditionally worn by men across Nepal. It is commonly worn during festivals, weddings, and official cultural occasions.","एक सूटमा एक मानिस छतमा उभिरहेको छ। यो दाउरा-सुरुवाल हो, नेपाल भरिका पुरुषहरूले परम्परागत रूपमा लगाउने राष्ट्रिय पोशाक। यो सामान्यतया उत्सव, विवाह, र आधिकारिक सांस्कृतिक अवसरहरूमा लगाइन्छ।"
nepali_dresses_augmented/daura_suruwal/3.jpg,"A man standing with his hands in his pockets. This is the Daura-Suruwal, the national dress traditionally worn by men across Nepal. It is commonly worn during festivals, weddings, and official cultural occasions.","एक व्यक्ति आफ्नो जेबमा हात राखेर उभिरहेको छ। यो दाउरा-सुरुवाल हो, नेपालभरि पुरुषहरूले परम्परागत रूपमा लगाउने राष्ट्रिय पोशाक। यो सामान्यतया उत्सव, विवाह, र आधिकारिक सांस्कृतिक अवसरहरूमा लगाइन्छ।"
nepali_dresses_augmented/daura_suruwal/30.jpg,"A man in a black suit and sunglasses. This is the Daura-Suruwal, the national dress traditionally worn by men across Nepal. It is commonly worn during festivals, weddings, and official cultural occasions.","एक कालो सूट र धूपको चश्मामा मा एक मानिस। यो दाउरा-सुरुवाल हो, नेपाल भरिका पुरुषहरूले परम्परागत रूपमा लगाउने राष्ट्रिय पोशाक। यो सामान्यतया उत्सव, विवाह, र आधिकारिक सांस्कृतिक अवसरहरूमा लगाइन्छ।"
nepali_dresses_augmented/daura_suruwal/30_aug1.jpg,"A man in a black suit and sunglasses. This is the Daura-Suruwal, the national dress traditionally worn by men across Nepal. It is commonly worn during festivals, weddings, and official cultural occasions.","एक कालो सूट र धूपको चश्मामा मा एक मानिस। यो दाउरा-सुरुवाल हो, नेपाल भरिका पुरुषहरूले परम्परागत रूपमा लगाउने राष्ट्रिय पोशाक। यो सामान्यतया उत्सव, विवाह, र आधिकारिक सांस्कृतिक अवसरहरूमा लगाइन्छ।"
nepali_dresses_augmented/daura_suruwal/30_aug2.jpg,"A man in a black suit and sunglasses. This is the Daura-Suruwal, the national dress traditionally worn by men across Nepal. It is commonly worn during festivals, weddings, and official cultural occasions.","एक कालो सूट र धूपको चश्मामा मा एक मानिस। यो दाउरा-सुरुवाल हो, नेपाल भरिका पुरुषहरूले परम्परागत रूपमा लगाउने राष्ट्रिय पोशाक। यो सामान्यतया उत्सव, विवाह, र आधिकारिक सांस्कृतिक अवसरहरूमा लगाइन्छ।"
nepali_dresses_augmented/daura_suruwal/31.jpg,"A man in an indian traditional outfit. This is the Daura-Suruwal, the national dress traditionally worn by men across Nepal. It is commonly worn during festivals, weddings, and official cultural occasions.","एक पुरुष भारतीय परम्परागत पोशाकमा। यो दाउरा-सुरुवाल हो, नेपाल भरिका पुरुषहरूले परम्परागत रूपमा लगाउने राष्ट्रिय पोशाक। यो सामान्यतया उत्सव, विवाह, र आधिकारिक सांस्कृतिक अवसरहरूमा लगाइन्छ।"
nepali_dresses_augmented/daura_suruwal/31_aug1.jpg,"A man in an indian traditional outfit. This is the Daura-Suruwal, the national dress traditionally worn by men across Nepal. It is commonly worn during festivals, weddings, and official cultural occasions.","एक पुरुष भारतीय परम्परागत पोशाकमा। यो दाउरा-सुरुवाल हो, नेपाल भरिका पुरुषहरूले परम्परागत रूपमा लगाउने राष्ट्रिय पोशाक। यो सामान्यतया उत्सव, विवाह, र आधिकारिक सांस्कृतिक अवसरहरूमा लगाइन्छ।"
nepali_dresses_augmented/daura_suruwal/31_aug2.jpg,"A man in an indian traditional outfit. This is the Daura-Suruwal, the national dress traditionally worn by men across Nepal. It is commonly worn during festivals, weddings, and official cultural occasions.","एक पुरुष भारतीय परम्परागत पोशाकमा। यो दाउरा-सुरुवाल हो, नेपाल भरिका पुरुषहरूले परम्परागत रूपमा लगाउने राष्ट्रिय पोशाक। यो सामान्यतया उत्सव, विवाह, र आधिकारिक सांस्कृतिक अवसरहरूमा लगाइन्छ।"
nepali_dresses_augmented/daura_suruwal/32.jpg,"A man wearing a white linen kurt. This is the Daura-Suruwal, the national dress traditionally worn by men across Nepal. It is commonly worn during festivals, weddings, and official cultural occasions.","यो दाउरा-सुरुवाल हो, परम्परागत रूपमा नेपालभरि पुरुषहरूले लगाउने राष्ट्रिय पोशाक। यो सामान्यतया उत्सव, विवाह, र आधिकारिक सांस्कृतिक अवसरहरूमा लगाइन्छ।"
nepali_dresses_augmented/daura_suruwal/32_aug1.jpg,"A man wearing a white linen kurt. This is the Daura-Suruwal, the national dress traditionally worn by men across Nepal. It is commonly worn during festivals, weddings, and official cultural occasions.","यो दाउरा-सुरुवाल हो, परम्परागत रूपमा नेपालभरि पुरुषहरूले लगाउने राष्ट्रिय पोशाक। यो सामान्यतया उत्सव, विवाह, र आधिकारिक सांस्कृतिक अवसरहरूमा लगाइन्छ।"
nepali_dresses_augmented/daura_suruwal/32_aug2.jpg,"A man wearing a white linen kurt. This is the Daura-Suruwal, the national dress traditionally worn by men across Nepal. It is commonly worn during festivals, weddings, and official cultural occasions.","यो दाउरा-सुरुवाल हो, परम्परागत रूपमा नेपालभरि पुरुषहरूले लगाउने राष्ट्रिय पोशाक। यो सामान्यतया उत्सव, विवाह, र आधिकारिक सांस्कृतिक अवसरहरूमा लगाइन्छ।"
nepali_dresses_augmented/daura_suruwal/33.jpg,"A man standing in front of a house. This is the Daura-Suruwal, the national dress traditionally worn by men across Nepal. It is commonly worn during festivals, weddings, and official cultural occasions.","एक मानिस घरको अगाडि उभिरहेको छ। यो दाउरा-सुरुवाल हो, नेपालभरि पुरुषहरूले परम्परागत रूपमा लगाउने राष्ट्रिय पोशाक। यो सामान्यतया उत्सव, विवाह, र आधिकारिक सांस्कृतिक अवसरहरूमा लगाइन्छ।"
nepali_dresses_augmented/daura_suruwal/33_aug1.jpg,"A man standing in front of a house. This is the Daura-Suruwal, the national dress traditionally worn by men across Nepal. It is commonly worn during festivals, weddings, and official cultural occasions.","एक मानिस घरको अगाडि उभिरहेको छ। यो दाउरा-सुरुवाल हो, नेपालभरि पुरुषहरूले परम्परागत रूपमा लगाउने राष्ट्रिय पोशाक। यो सामान्यतया उत्सव, विवाह, र आधिकारिक सांस्कृतिक अवसरहरूमा लगाइन्छ।"
nepali_dresses_augmented/daura_suruwal/33_aug2.jpg,"A man standing in front of a house. This is the Daura-Suruwal, the national dress traditionally worn by men across Nepal. It is commonly worn during festivals, weddings, and official cultural occasions.","एक मानिस घरको अगाडि उभिरहेको छ। यो दाउरा-सुरुवाल हो, नेपालभरि पुरुषहरूले परम्परागत रूपमा लगाउने राष्ट्रिय पोशाक। यो सामान्यतया उत्सव, विवाह, र आधिकारिक सांस्कृतिक अवसरहरूमा लगाइन्छ।"
nepali_dresses_augmented/daura_suruwal/34.jpg,"A man standing in front of a mirror. This is the Daura-Suruwal, the national dress traditionally worn by men across Nepal. It is commonly worn during festivals, weddings, and official cultural occasions.","एउटा पुरुष दर्पणको अगाडि उभिरहेको छ। यो दाउरा-सुरुवाल हो, नेपालभरि पुरुषहरूले परम्परागत रूपमा लगाउने राष्ट्रिय पोशाक। यो सामान्यतया उत्सव, विवाह, र आधिकारिक सांस्कृतिक अवसरहरूमा लगाइन्छ।"
nepali_dresses_augmented/daura_suruwal/34_aug1.jpg,"A man standing in front of a mirror. This is the Daura-Suruwal, the national dress traditionally worn by men across Nepal. It is commonly worn during festivals, weddings, and official cultural occasions.","एउटा पुरुष दर्पणको अगाडि उभिरहेको छ। यो दाउरा-सुरुवाल हो, नेपालभरि पुरुषहरूले परम्परागत रूपमा लगाउने राष्ट्रिय पोशाक। यो सामान्यतया उत्सव, विवाह, र आधिकारिक सांस्कृतिक अवसरहरूमा लगाइन्छ।"
nepali_dresses_augmented/daura_suruwal/34_aug2.jpg,"A man standing in front of a mirror. This is the Daura-Suruwal, the national dress traditionally worn by men across Nepal. It is commonly worn during festivals, weddings, and official cultural occasions.","एउटा पुरुष दर्पणको अगाडि उभिरहेको छ। यो दाउरा-सुरुवाल हो, नेपालभरि पुरुषहरूले परम्परागत रूपमा लगाउने राष्ट्रिय पोशाक। यो सामान्यतया उत्सव, विवाह, र आधिकारिक सांस्कृतिक अवसरहरूमा लगाइन्छ।"
nepali_dresses_augmented/daura_suruwal/35.jpg,"A man in a purple shirt and grey pants. This is the Daura-Suruwal, the national dress traditionally worn by men across Nepal. It is commonly worn during festivals, weddings, and official cultural occasions.","यो दाउरा-सुरुवाल हो, जुन परम्परागत रूपमा नेपालभरका पुरुषहरूले लगाउने राष्ट्रिय पोशाक हो। यो सामान्यतया उत्सव, विवाह, र आधिकारिक सांस्कृतिक अवसरहरूमा लगाइन्छ।"
nepali_dresses_augmented/daura_suruwal/35_aug1.jpg,"A man in a purple shirt and grey pants. This is the Daura-Suruwal, the national dress traditionally worn by men across Nepal. It is commonly worn during festivals, weddings, and official cultural occasions.","यो दाउरा-सुरुवाल हो, जुन परम्परागत रूपमा नेपालभरका पुरुषहरूले लगाउने राष्ट्रिय पोशाक हो। यो सामान्यतया उत्सव, विवाह, र आधिकारिक सांस्कृतिक अवसरहरूमा लगाइन्छ।"
nepali_dresses_augmented/daura_suruwal/35_aug2.jpg,"A man in a purple shirt and grey pants. This is the Daura-Suruwal, the national dress traditionally worn by men across Nepal. It is commonly worn during festivals, weddings, and official cultural occasions.","यो दाउरा-सुरुवाल हो, जुन परम्परागत रूपमा नेपालभरका पुरुषहरूले लगाउने राष्ट्रिय पोशाक हो। यो सामान्यतया उत्सव, विवाह, र आधिकारिक सांस्कृतिक अवसरहरूमा लगाइन्छ।"
nepali_dresses_augmented/daura_suruwal/36.jpg,"A white and maroon wedding suit with maroon pants. This is the Daura-Suruwal, the national dress traditionally worn by men across Nepal. It is commonly worn during festivals, weddings, and official cultural occasions.","यो दाउरा-सुरुवाल हो, परम्परागत रूपमा नेपाल भरिका पुरुषहरूले लगाउने राष्ट्रिय पोशाक। यो सामान्यतया उत्सव, विवाह, र आधिकारिक सांस्कृतिक अवसरहरूमा लगाइन्छ।"
nepali_dresses_augmented/daura_suruwal/36_aug1.jpg,"A white and maroon wedding suit with maroon pants. This is the Daura-Suruwal, the national dress traditionally worn by men across Nepal. It is commonly worn during festivals, weddings, and official cultural occasions.","यो दाउरा-सुरुवाल हो, परम्परागत रूपमा नेपाल भरिका पुरुषहरूले लगाउने राष्ट्रिय पोशाक। यो सामान्यतया उत्सव, विवाह, र आधिकारिक सांस्कृतिक अवसरहरूमा लगाइन्छ।"
nepali_dresses_augmented/daura_suruwal/36_aug2.jpg,"A white and maroon wedding suit with maroon pants. This is the Daura-Suruwal, the national dress traditionally worn by men across Nepal. It is commonly worn during festivals, weddings, and official cultural occasions.","यो दाउरा-सुरुवाल हो, परम्परागत रूपमा नेपाल भरिका पुरुषहरूले लगाउने राष्ट्रिय पोशाक। यो सामान्यतया उत्सव, विवाह, र आधिकारिक सांस्कृतिक अवसरहरूमा लगाइन्छ।"
nepali_dresses_augmented/daura_suruwal/37.jpg,"A man in a white shirt and black vest standing against a black background. This is the Daura-Suruwal, the national dress traditionally worn by men across Nepal. It is commonly worn during festivals, weddings, and official cultural occasions.","एक सेतो शर्ट र कालो वेस्टमा कालो पृष्ठभूमिमा उभिएका एक पुरुष। यो दाउरा-सुरुवाल हो, नेपाल भरिका पुरुषहरूले परम्परागत रूपमा लगाउने राष्ट्रिय पोशाक। यो सामान्यतया उत्सव, विवाह, र आधिकारिक सांस्कृतिक अवसरहरूमा लगाइन्छ।"
nepali_dresses_augmented/daura_suruwal/37_aug1.jpg,"A man in a white shirt and black vest standing against a black background. This is the Daura-Suruwal, the national dress traditionally worn by men across Nepal. It is commonly worn during festivals, weddings, and official cultural occasions.","एक सेतो शर्ट र कालो वेस्टमा कालो पृष्ठभूमिमा उभिएका एक पुरुष। यो दाउरा-सुरुवाल हो, नेपाल भरिका पुरुषहरूले परम्परागत रूपमा लगाउने राष्ट्रिय पोशाक। यो सामान्यतया उत्सव, विवाह, र आधिकारिक सांस्कृतिक अवसरहरूमा लगाइन्छ।"
nepali_dresses_augmented/daura_suruwal/37_aug2.jpg,"A man in a white shirt and black vest standing against a black background. This is the Daura-Suruwal, the national dress traditionally worn by men across Nepal. It is commonly worn during festivals, weddings, and official cultural occasions.","एक सेतो शर्ट र कालो वेस्टमा कालो पृष्ठभूमिमा उभिएका एक पुरुष। यो दाउरा-सुरुवाल हो, नेपाल भरिका पुरुषहरूले परम्परागत रूपमा लगाउने राष्ट्रिय पोशाक। यो सामान्यतया उत्सव, विवाह, र आधिकारिक सांस्कृतिक अवसरहरूमा लगाइन्छ।"
nepali_dresses_augmented/daura_suruwal/38.jpg,"A man in a red and white outfit. This is the Daura-Suruwal, the national dress traditionally worn by men across Nepal. It is commonly worn during festivals, weddings, and official cultural occasions.","रातो र सेतो पोशाकमा एक पुरुष। यो दाउरा-सुरुवाल हो, नेपाल भरिका पुरुषहरूले परम्परागत रूपमा लगाउने राष्ट्रिय पोशाक। यो सामान्यतया उत्सव, विवाह, र आधिकारिक सांस्कृतिक अवसरहरूमा लगाइन्छ।"
nepali_dresses_augmented/daura_suruwal/38_aug1.jpg,"A man in a red and white outfit. This is the Daura-Suruwal, the national dress traditionally worn by men across Nepal. It is commonly worn during festivals, weddings, and official cultural occasions.","रातो र सेतो पोशाकमा एक पुरुष। यो दाउरा-सुरुवाल हो, नेपाल भरिका पुरुषहरूले परम्परागत रूपमा लगाउने राष्ट्रिय पोशाक। यो सामान्यतया उत्सव, विवाह, र आधिकारिक सांस्कृतिक अवसरहरूमा लगाइन्छ।"
nepali_dresses_augmented/daura_suruwal/38_aug2.jpg,"A man in a red and white outfit. This is the Daura-Suruwal, the national dress traditionally worn by men across Nepal. It is commonly worn during festivals, weddings, and official cultural occasions.","रातो र सेतो पोशाकमा एक पुरुष। यो दाउरा-सुरुवाल हो, नेपाल भरिका पुरुषहरूले परम्परागत रूपमा लगाउने राष्ट्रिय पोशाक। यो सामान्यतया उत्सव, विवाह, र आधिकारिक सांस्कृतिक अवसरहरूमा लगाइन्छ।"
nepali_dresses_augmented/daura_suruwal/39.jpg,"A man wearing a white and red outfit. This is the Daura-Suruwal, the national dress traditionally worn by men across Nepal. It is commonly worn during festivals, weddings, and official cultural occasions.","यो दाउरा-सुरुवाल हो, नेपालभरि पुरुषहरूले परम्परागत रूपमा लगाउने राष्ट्रिय पोशाक। यो सामान्यतया उत्सव, विवाह, र आधिकारिक सांस्कृतिक अवसरहरूमा लगाइन्छ।"
nepali_dresses_augmented/daura_suruwal/39_aug1.jpg,"A man wearing a white and red outfit. This is the Daura-Suruwal, the national dress traditionally worn by men across Nepal. It is commonly worn during festivals, weddings, and official cultural occasions.","यो दाउरा-सुरुवाल हो, नेपालभरि पुरुषहरूले परम्परागत रूपमा लगाउने राष्ट्रिय पोशाक। यो सामान्यतया उत्सव, विवाह, र आधिकारिक सांस्कृतिक अवसरहरूमा लगाइन्छ।"
nepali_dresses_augmented/daura_suruwal/39_aug2.jpg,"A man wearing a white and red outfit. This is the Daura-Suruwal, the national dress traditionally worn by men across Nepal. It is commonly worn during festivals, weddings, and official cultural occasions.","यो दाउरा-सुरुवाल हो, नेपालभरि पुरुषहरूले परम्परागत रूपमा लगाउने राष्ट्रिय पोशाक। यो सामान्यतया उत्सव, विवाह, र आधिकारिक सांस्कृतिक अवसरहरूमा लगाइन्छ।"
nepali_dresses_augmented/daura_suruwal/3_aug1.jpg,"A man standing with his hands in his pockets. This is the Daura-Suruwal, the national dress traditionally worn by men across Nepal. It is commonly worn during festivals, weddings, and official cultural occasions.","एक व्यक्ति आफ्नो जेबमा हात राखेर उभिरहेको छ। यो दाउरा-सुरुवाल हो, नेपालभरि पुरुषहरूले परम्परागत रूपमा लगाउने राष्ट्रिय पोशाक। यो सामान्यतया उत्सव, विवाह, र आधिकारिक सांस्कृतिक अवसरहरूमा लगाइन्छ।"
nepali_dresses_augmented/daura_suruwal/3_aug2.jpg,"A man standing with his hands in his pockets. This is the Daura-Suruwal, the national dress traditionally worn by men across Nepal. It is commonly worn during festivals, weddings, and official cultural occasions.","एक व्यक्ति आफ्नो जेबमा हात राखेर उभिरहेको छ। यो दाउरा-सुरुवाल हो, नेपालभरि पुरुषहरूले परम्परागत रूपमा लगाउने राष्ट्रिय पोशाक। यो सामान्यतया उत्सव, विवाह, र आधिकारिक सांस्कृतिक अवसरहरूमा लगाइन्छ।"
nepali_dresses_augmented/daura_suruwal/4.jpg,"A young boy dressed in traditional clothing stock photo. This is the Daura-Suruwal, the national dress traditionally worn by men across Nepal. It is commonly worn during festivals, weddings, and official cultural occasions.","परम्परागत कपडा स्टक फोटोमा पहिरेको एक जवान केटा। यो दाउरा-सुरुवाल हो, नेपालभरि पुरुषहरूले परम्परागत रूपमा लगाउने राष्ट्रिय पोशाक। यो सामान्यतया उत्सव, विवाह, र आधिकारिक सांस्कृतिक अवसरहरूमा लगाइन्छ।"
nepali_dresses_augmented/daura_suruwal/40.jpg,"A man in a beige suit and white shoes. This is the Daura-Suruwal, the national dress traditionally worn by men across Nepal. It is commonly worn during festivals, weddings, and official cultural occasions.","बेज सूट र सेतो जुत्तामा एक पुरुष। यो दाउरा-सुरुवाल हो, नेपालभरि पुरुषहरूले परम्परागत रूपमा लगाउने राष्ट्रिय पोशाक। यो सामान्यतया उत्सव, विवाह, र आधिकारिक सांस्कृतिक अवसरहरूमा लगाइन्छ।"
nepali_dresses_augmented/daura_suruwal/40_aug1.jpg,"A man in a beige suit and white shoes. This is the Daura-Suruwal, the national dress traditionally worn by men across Nepal. It is commonly worn during festivals, weddings, and official cultural occasions.","बेज सूट र सेतो जुत्तामा एक पुरुष। यो दाउरा-सुरुवाल हो, नेपालभरि पुरुषहरूले परम्परागत रूपमा लगाउने राष्ट्रिय पोशाक। यो सामान्यतया उत्सव, विवाह, र आधिकारिक सांस्कृतिक अवसरहरूमा लगाइन्छ।"
nepali_dresses_augmented/daura_suruwal/40_aug2.jpg,"A man in a beige suit and white shoes. This is the Daura-Suruwal, the national dress traditionally worn by men across Nepal. It is commonly worn during festivals, weddings, and official cultural occasions.","बेज सूट र सेतो जुत्तामा एक पुरुष। यो दाउरा-सुरुवाल हो, नेपालभरि पुरुषहरूले परम्परागत रूपमा लगाउने राष्ट्रिय पोशाक। यो सामान्यतया उत्सव, विवाह, र आधिकारिक सांस्कृतिक अवसरहरूमा लगाइन्छ।"
nepali_dresses_augmented/daura_suruwal/41.jpg,"A man in a suit and tie standing next to curtains. This is the Daura-Suruwal, the national dress traditionally worn by men across Nepal. It is commonly worn during festivals, weddings, and official cultural occasions.","पर्दाको छेउमा खडा सूट र टाईमा एक पुरुष। यो दाउरा-सुरुवाल हो, परम्परागत रूपमा नेपालभरि पुरुषहरूले लगाउने राष्ट्रिय पोशाक। यो सामान्यतया उत्सव, विवाह, र आधिकारिक सांस्कृतिक अवसरहरूमा लगाइन्छ।"
nepali_dresses_augmented/daura_suruwal/41_aug1.jpg,"A man in a suit and tie standing next to curtains. This is the Daura-Suruwal, the national dress traditionally worn by men across Nepal. It is commonly worn during festivals, weddings, and official cultural occasions.","पर्दाको छेउमा खडा सूट र टाईमा एक पुरुष। यो दाउरा-सुरुवाल हो, परम्परागत रूपमा नेपालभरि पुरुषहरूले लगाउने राष्ट्रिय पोशाक। यो सामान्यतया उत्सव, विवाह, र आधिकारिक सांस्कृतिक अवसरहरूमा लगाइन्छ।"
nepali_dresses_augmented/daura_suruwal/41_aug2.jpg,"A man in a suit and tie standing next to curtains. This is the Daura-Suruwal, the national dress traditionally worn by men across Nepal. It is commonly worn during festivals, weddings, and official cultural occasions.","पर्दाको छेउमा खडा सूट र टाईमा एक पुरुष। यो दाउरा-सुरुवाल हो, परम्परागत रूपमा नेपालभरि पुरुषहरूले लगाउने राष्ट्रिय पोशाक। यो सामान्यतया उत्सव, विवाह, र आधिकारिक सांस्कृतिक अवसरहरूमा लगाइन्छ।"
nepali_dresses_augmented/daura_suruwal/42.jpg,"A man standing on a porch with his arms crossed. This is the Daura-Suruwal, the national dress traditionally worn by men across Nepal. It is commonly worn during festivals, weddings, and official cultural occasions.","दाउरा-सुरुवाल (Daura-Suruwal), नेपालभरका पुरुषहरूले परम्परागत रूपमा लगाउने राष्ट्रिय पोशाक हो। यो सामान्यतया उत्सव, विवाह र आधिकारिक सांस्कृतिक अवसरहरूमा लगाइन्छ।"
nepali_dresses_augmented/daura_suruwal/42_aug1.jpg,"A man standing on a porch with his arms crossed. This is the Daura-Suruwal, the national dress traditionally worn by men across Nepal. It is commonly worn during festivals, weddings, and official cultural occasions.","दाउरा-सुरुवाल (Daura-Suruwal), नेपालभरका पुरुषहरूले परम्परागत रूपमा लगाउने राष्ट्रिय पोशाक हो। यो सामान्यतया उत्सव, विवाह र आधिकारिक सांस्कृतिक अवसरहरूमा लगाइन्छ।"
nepali_dresses_augmented/daura_suruwal/42_aug2.jpg,"A man standing on a porch with his arms crossed. This is the Daura-Suruwal, the national dress traditionally worn by men across Nepal. It is commonly worn during festivals, weddings, and official cultural occasions.","दाउरा-सुरुवाल (Daura-Suruwal), नेपालभरका पुरुषहरूले परम्परागत रूपमा लगाउने राष्ट्रिय पोशाक हो। यो सामान्यतया उत्सव, विवाह र आधिकारिक सांस्कृतिक अवसरहरूमा लगाइन्छ।"
nepali_dresses_augmented/daura_suruwal/43.jpg,"A baby boy ' s outfit with a hoodie and pants. This is the Daura-Suruwal, the national dress traditionally worn by men across Nepal. It is commonly worn during festivals, weddings, and official cultural occasions.","एक बच्चाको पोशाक होडी र प्यान्टको साथ। यो दाउरा-सुरुवाल हो, जुन परम्परागत रूपमा नेपाल भरिका पुरुषहरूले लगाउने राष्ट्रिय पोशाक हो। यो सामान्यतया उत्सव, विवाह, र आधिकारिक सांस्कृतिक अवसरहरूमा लगाइन्छ।"
nepali_dresses_augmented/daura_suruwal/43_aug1.jpg,"A baby boy ' s outfit with a hoodie and pants. This is the Daura-Suruwal, the national dress traditionally worn by men across Nepal. It is commonly worn during festivals, weddings, and official cultural occasions.","एक बच्चाको पोशाक होडी र प्यान्टको साथ। यो दाउरा-सुरुवाल हो, जुन परम्परागत रूपमा नेपाल भरिका पुरुषहरूले लगाउने राष्ट्रिय पोशाक हो। यो सामान्यतया उत्सव, विवाह, र आधिकारिक सांस्कृतिक अवसरहरूमा लगाइन्छ।"
nepali_dresses_augmented/daura_suruwal/43_aug2.jpg,"A baby boy ' s outfit with a hoodie and pants. This is the Daura-Suruwal, the national dress traditionally worn by men across Nepal. It is commonly worn during festivals, weddings, and official cultural occasions.","एक बच्चाको पोशाक होडी र प्यान्टको साथ। यो दाउरा-सुरुवाल हो, जुन परम्परागत रूपमा नेपाल भरिका पुरुषहरूले लगाउने राष्ट्रिय पोशाक हो। यो सामान्यतया उत्सव, विवाह, र आधिकारिक सांस्कृतिक अवसरहरूमा लगाइन्छ।"
nepali_dresses_augmented/daura_suruwal/44.jpg,"A baby boy ' s outfit and hat. This is the Daura-Suruwal, the national dress traditionally worn by men across Nepal. It is commonly worn during festivals, weddings, and official cultural occasions.","एक बच्चाको पोशाक र टोपी। यो दाउरा-सुरुवाल हो, जुन परम्परागत रूपमा नेपालभरि पुरुषहरूले लगाउने राष्ट्रिय पोशाक हो। यो सामान्यतया उत्सव, विवाह, र आधिकारिक सांस्कृतिक अवसरहरूमा लगाइन्छ।"
nepali_dresses_augmented/daura_suruwal/44_aug1.jpg,"A baby boy ' s outfit and hat. This is the Daura-Suruwal, the national dress traditionally worn by men across Nepal. It is commonly worn during festivals, weddings, and official cultural occasions.","एक बच्चाको पोशाक र टोपी। यो दाउरा-सुरुवाल हो, जुन परम्परागत रूपमा नेपालभरि पुरुषहरूले लगाउने राष्ट्रिय पोशाक हो। यो सामान्यतया उत्सव, विवाह, र आधिकारिक सांस्कृतिक अवसरहरूमा लगाइन्छ।"
nepali_dresses_augmented/daura_suruwal/44_aug2.jpg,"A baby boy ' s outfit and hat. This is the Daura-Suruwal, the national dress traditionally worn by men across Nepal. It is commonly worn during festivals, weddings, and official cultural occasions.","एक बच्चाको पोशाक र टोपी। यो दाउरा-सुरुवाल हो, जुन परम्परागत रूपमा नेपालभरि पुरुषहरूले लगाउने राष्ट्रिय पोशाक हो। यो सामान्यतया उत्सव, विवाह, र आधिकारिक सांस्कृतिक अवसरहरूमा लगाइन्छ।"
nepali_dresses_augmented/daura_suruwal/45.jpg,"A baby girl ' s dress and hat set. This is the Daura-Suruwal, the national dress traditionally worn by men across Nepal. It is commonly worn during festivals, weddings, and official cultural occasions.","एक बालिकाको पोशाक र टोपी सेट। यो दाउरा-सुरुवाल हो, जुन परम्परागत रूपमा नेपालभरि पुरुषहरूले लगाउने राष्ट्रिय पोशाक हो। यो सामान्यतया उत्सव, विवाह, र आधिकारिक सांस्कृतिक अवसरहरूमा लगाइन्छ।"
nepali_dresses_augmented/daura_suruwal/45_aug1.jpg,"A baby girl ' s dress and hat set. This is the Daura-Suruwal, the national dress traditionally worn by men across Nepal. It is commonly worn during festivals, weddings, and official cultural occasions.","एक बालिकाको पोशाक र टोपी सेट। यो दाउरा-सुरुवाल हो, जुन परम्परागत रूपमा नेपालभरि पुरुषहरूले लगाउने राष्ट्रिय पोशाक हो। यो सामान्यतया उत्सव, विवाह, र आधिकारिक सांस्कृतिक अवसरहरूमा लगाइन्छ।"
nepali_dresses_augmented/daura_suruwal/45_aug2.jpg,"A baby girl ' s dress and hat set. This is the Daura-Suruwal, the national dress traditionally worn by men across Nepal. It is commonly worn during festivals, weddings, and official cultural occasions.","एक बालिकाको पोशाक र टोपी सेट। यो दाउरा-सुरुवाल हो, जुन परम्परागत रूपमा नेपालभरि पुरुषहरूले लगाउने राष्ट्रिय पोशाक हो। यो सामान्यतया उत्सव, विवाह, र आधिकारिक सांस्कृतिक अवसरहरूमा लगाइन्छ।"
nepali_dresses_augmented/daura_suruwal/46.jpg,"A baby girl ' s winter set in red and beige. This is the Daura-Suruwal, the national dress traditionally worn by men across Nepal. It is commonly worn during festivals, weddings, and official cultural occasions.","एक बालिकाको जाडो रातो र बेजमा सेट गरिएको छ। यो दाउरा-सुरुवाल हो, जुन परम्परागत रूपमा नेपालभरि पुरुषहरूले लगाउने राष्ट्रिय पोशाक हो। यो सामान्यतया उत्सव, विवाह, र आधिकारिक सांस्कृतिक अवसरहरूमा लगाइन्छ।"
nepali_dresses_augmented/daura_suruwal/46_aug1.jpg,"A baby girl ' s winter set in red and beige. This is the Daura-Suruwal, the national dress traditionally worn by men across Nepal. It is commonly worn during festivals, weddings, and official cultural occasions.","एक बालिकाको जाडो रातो र बेजमा सेट गरिएको छ। यो दाउरा-सुरुवाल हो, जुन परम्परागत रूपमा नेपालभरि पुरुषहरूले लगाउने राष्ट्रिय पोशाक हो। यो सामान्यतया उत्सव, विवाह, र आधिकारिक सांस्कृतिक अवसरहरूमा लगाइन्छ।"
nepali_dresses_augmented/daura_suruwal/46_aug2.jpg,"A baby girl ' s winter set in red and beige. This is the Daura-Suruwal, the national dress traditionally worn by men across Nepal. It is commonly worn during festivals, weddings, and official cultural occasions.","एक बालिकाको जाडो रातो र बेजमा सेट गरिएको छ। यो दाउरा-सुरुवाल हो, जुन परम्परागत रूपमा नेपालभरि पुरुषहरूले लगाउने राष्ट्रिय पोशाक हो। यो सामान्यतया उत्सव, विवाह, र आधिकारिक सांस्कृतिक अवसरहरूमा लगाइन्छ।"
nepali_dresses_augmented/daura_suruwal/47.jpg,"A man in a traditional costume. This is the Daura-Suruwal, the national dress traditionally worn by men across Nepal. It is commonly worn during festivals, weddings, and official cultural occasions.","परम्परागत पोशाकमा एक पुरुष। यो दाउरा-सुरुवाल हो, नेपाल भरिका पुरुषहरूले परम्परागत रूपमा लगाउने राष्ट्रिय पोशाक। यो सामान्यतया उत्सव, विवाह, र आधिकारिक सांस्कृतिक अवसरहरूमा लगाइन्छ।"
nepali_dresses_augmented/daura_suruwal/47_aug1.jpg,"A man in a traditional costume. This is the Daura-Suruwal, the national dress traditionally worn by men across Nepal. It is commonly worn during festivals, weddings, and official cultural occasions.","परम्परागत पोशाकमा एक पुरुष। यो दाउरा-सुरुवाल हो, नेपाल भरिका पुरुषहरूले परम्परागत रूपमा लगाउने राष्ट्रिय पोशाक। यो सामान्यतया उत्सव, विवाह, र आधिकारिक सांस्कृतिक अवसरहरूमा लगाइन्छ।"
nepali_dresses_augmented/daura_suruwal/47_aug2.jpg,"A man in a traditional costume. This is the Daura-Suruwal, the national dress traditionally worn by men across Nepal. It is commonly worn during festivals, weddings, and official cultural occasions.","परम्परागत पोशाकमा एक पुरुष। यो दाउरा-सुरुवाल हो, नेपाल भरिका पुरुषहरूले परम्परागत रूपमा लगाउने राष्ट्रिय पोशाक। यो सामान्यतया उत्सव, विवाह, र आधिकारिक सांस्कृतिक अवसरहरूमा लगाइन्छ।"
nepali_dresses_augmented/daura_suruwal/48.jpg,"A young boy dressed in a traditional costume. This is the Daura-Suruwal, the national dress traditionally worn by men across Nepal. It is commonly worn during festivals, weddings, and official cultural occasions.","एक जवान केटा परम्परागत पोशाकमा लुगा लगाएका थिए। यो दाउरा-सुरुवाल हो, नेपालभरि पुरुषहरूले परम्परागत रूपमा लगाउने राष्ट्रिय पोशाक। यो सामान्यतया उत्सव, विवाह, र आधिकारिक सांस्कृतिक अवसरहरूमा लगाइन्छ।"
nepali_dresses_augmented/daura_suruwal/48_aug1.jpg,"A young boy dressed in a traditional costume. This is the Daura-Suruwal, the national dress traditionally worn by men across Nepal. It is commonly worn during festivals, weddings, and official cultural occasions.","एक जवान केटा परम्परागत पोशाकमा लुगा लगाएका थिए। यो दाउरा-सुरुवाल हो, नेपालभरि पुरुषहरूले परम्परागत रूपमा लगाउने राष्ट्रिय पोशाक। यो सामान्यतया उत्सव, विवाह, र आधिकारिक सांस्कृतिक अवसरहरूमा लगाइन्छ।"
nepali_dresses_augmented/daura_suruwal/48_aug2.jpg,"A young boy dressed in a traditional costume. This is the Daura-Suruwal, the national dress traditionally worn by men across Nepal. It is commonly worn during festivals, weddings, and official cultural occasions.","एक जवान केटा परम्परागत पोशाकमा लुगा लगाएका थिए। यो दाउरा-सुरुवाल हो, नेपालभरि पुरुषहरूले परम्परागत रूपमा लगाउने राष्ट्रिय पोशाक। यो सामान्यतया उत्सव, विवाह, र आधिकारिक सांस्कृतिक अवसरहरूमा लगाइन्छ।"
nepali_dresses_augmented/daura_suruwal/49.jpg,"Three pieces of pink and blue floral fabric. This is the Daura-Suruwal, the national dress traditionally worn by men across Nepal. It is commonly worn during festivals, weddings, and official cultural occasions.","तीन टुक्रा गुलाबी र निलो फूल कपडा। यो दाउरा-सुरुवाल हो, परम्परागत रूपमा नेपाल भरिका पुरुषहरूले लगाउने राष्ट्रिय पोशाक। यो सामान्यतया उत्सव, विवाह, र आधिकारिक सांस्कृतिक अवसरहरूमा लगाइन्छ।"
nepali_dresses_augmented/daura_suruwal/49_aug1.jpg,"Three pieces of pink and blue floral fabric. This is the Daura-Suruwal, the national dress traditionally worn by men across Nepal. It is commonly worn during festivals, weddings, and official cultural occasions.","तीन टुक्रा गुलाबी र निलो फूल कपडा। यो दाउरा-सुरुवाल हो, परम्परागत रूपमा नेपाल भरिका पुरुषहरूले लगाउने राष्ट्रिय पोशाक। यो सामान्यतया उत्सव, विवाह, र आधिकारिक सांस्कृतिक अवसरहरूमा लगाइन्छ।"
nepali_dresses_augmented/daura_suruwal/49_aug2.jpg,"Three pieces of pink and blue floral fabric. This is the Daura-Suruwal, the national dress traditionally worn by men across Nepal. It is commonly worn during festivals, weddings, and official cultural occasions.","तीन टुक्रा गुलाबी र निलो फूल कपडा। यो दाउरा-सुरुवाल हो, परम्परागत रूपमा नेपाल भरिका पुरुषहरूले लगाउने राष्ट्रिय पोशाक। यो सामान्यतया उत्सव, विवाह, र आधिकारिक सांस्कृतिक अवसरहरूमा लगाइन्छ।"
nepali_dresses_augmented/daura_suruwal/4_aug1.jpg,"A young boy dressed in traditional clothing stock photo. This is the Daura-Suruwal, the national dress traditionally worn by men across Nepal. It is commonly worn during festivals, weddings, and official cultural occasions.","परम्परागत कपडा स्टक फोटोमा पहिरेको एक जवान केटा। यो दाउरा-सुरुवाल हो, नेपालभरि पुरुषहरूले परम्परागत रूपमा लगाउने राष्ट्रिय पोशाक। यो सामान्यतया उत्सव, विवाह, र आधिकारिक सांस्कृतिक अवसरहरूमा लगाइन्छ।"
nepali_dresses_augmented/daura_suruwal/4_aug2.jpg,"A young boy dressed in traditional clothing stock photo. This is the Daura-Suruwal, the national dress traditionally worn by men across Nepal. It is commonly worn during festivals, weddings, and official cultural occasions.","परम्परागत कपडा स्टक फोटोमा पहिरेको एक जवान केटा। यो दाउरा-सुरुवाल हो, नेपालभरि पुरुषहरूले परम्परागत रूपमा लगाउने राष्ट्रिय पोशाक। यो सामान्यतया उत्सव, विवाह, र आधिकारिक सांस्कृतिक अवसरहरूमा लगाइन्छ।"
nepali_dresses_augmented/daura_suruwal/5.jpg,"A man standing on a porch with his arms crossed. This is the Daura-Suruwal, the national dress traditionally worn by men across Nepal. It is commonly worn during festivals, weddings, and official cultural occasions.","दाउरा-सुरुवाल (Daura-Suruwal), नेपालभरका पुरुषहरूले परम्परागत रूपमा लगाउने राष्ट्रिय पोशाक हो। यो सामान्यतया उत्सव, विवाह र आधिकारिक सांस्कृतिक अवसरहरूमा लगाइन्छ।"
nepali_dresses_augmented/daura_suruwal/50.jpg,"A little boy in a suit and hat. This is the Daura-Suruwal, the national dress traditionally worn by men across Nepal. It is commonly worn during festivals, weddings, and official cultural occasions.","एउटा सूट र टोपीमा सानो केटा। यो दाउरा-सुरुवाल हो, नेपालभरि पुरुषहरूले परम्परागत रूपमा लगाउने राष्ट्रिय पोशाक। यो सामान्यतया उत्सव, विवाह, र आधिकारिक सांस्कृतिक अवसरहरूमा लगाइन्छ।"
nepali_dresses_augmented/daura_suruwal/50_aug1.jpg,"A little boy in a suit and hat. This is the Daura-Suruwal, the national dress traditionally worn by men across Nepal. It is commonly worn during festivals, weddings, and official cultural occasions.","एउटा सूट र टोपीमा सानो केटा। यो दाउरा-सुरुवाल हो, नेपालभरि पुरुषहरूले परम्परागत रूपमा लगाउने राष्ट्रिय पोशाक। यो सामान्यतया उत्सव, विवाह, र आधिकारिक सांस्कृतिक अवसरहरूमा लगाइन्छ।"
nepali_dresses_augmented/daura_suruwal/50_aug2.jpg,"A little boy in a suit and hat. This is the Daura-Suruwal, the national dress traditionally worn by men across Nepal. It is commonly worn during festivals, weddings, and official cultural occasions.","एउटा सूट र टोपीमा सानो केटा। यो दाउरा-सुरुवाल हो, नेपालभरि पुरुषहरूले परम्परागत रूपमा लगाउने राष्ट्रिय पोशाक। यो सामान्यतया उत्सव, विवाह, र आधिकारिक सांस्कृतिक अवसरहरूमा लगाइन्छ।"
nepali_dresses_augmented/daura_suruwal/51.jpg,"A young boy in a white shirt and blue pants. This is the Daura-Suruwal, the national dress traditionally worn by men across Nepal. It is commonly worn during festivals, weddings, and official cultural occasions.","यो दाउरा-सुरुवाल हो, जुन परम्परागत रूपमा नेपालभरका पुरुषहरूले लगाउने राष्ट्रिय पोशाक हो। यो सामान्यतया उत्सव, विवाह, र आधिकारिक सांस्कृतिक अवसरहरूमा लगाइन्छ।"
nepali_dresses_augmented/daura_suruwal/51_aug1.jpg,"A young boy in a white shirt and blue pants. This is the Daura-Suruwal, the national dress traditionally worn by men across Nepal. It is commonly worn during festivals, weddings, and official cultural occasions.","यो दाउरा-सुरुवाल हो, जुन परम्परागत रूपमा नेपालभरका पुरुषहरूले लगाउने राष्ट्रिय पोशाक हो। यो सामान्यतया उत्सव, विवाह, र आधिकारिक सांस्कृतिक अवसरहरूमा लगाइन्छ।"
nepali_dresses_augmented/daura_suruwal/51_aug2.jpg,"A young boy in a white shirt and blue pants. This is the Daura-Suruwal, the national dress traditionally worn by men across Nepal. It is commonly worn during festivals, weddings, and official cultural occasions.","यो दाउरा-सुरुवाल हो, जुन परम्परागत रूपमा नेपालभरका पुरुषहरूले लगाउने राष्ट्रिय पोशाक हो। यो सामान्यतया उत्सव, विवाह, र आधिकारिक सांस्कृतिक अवसरहरूमा लगाइन्छ।"
nepali_dresses_augmented/daura_suruwal/52.jpg,"A man wearing a red and white outfit. This is the Daura-Suruwal, the national dress traditionally worn by men across Nepal. It is commonly worn during festivals, weddings, and official cultural occasions.","रातो र सेतो पोशाक लगाउने एक पुरुष। यो दाउरा-सुरुवाल हो, परम्परागत रूपमा नेपालभरि पुरुषहरूले लगाउने राष्ट्रिय पोशाक। यो सामान्यतया उत्सव, विवाह, र आधिकारिक सांस्कृतिक अवसरहरूमा लगाइन्छ।"
nepali_dresses_augmented/daura_suruwal/52_aug1.jpg,"A man wearing a red and white outfit. This is the Daura-Suruwal, the national dress traditionally worn by men across Nepal. It is commonly worn during festivals, weddings, and official cultural occasions.","रातो र सेतो पोशाक लगाउने एक पुरुष। यो दाउरा-सुरुवाल हो, परम्परागत रूपमा नेपालभरि पुरुषहरूले लगाउने राष्ट्रिय पोशाक। यो सामान्यतया उत्सव, विवाह, र आधिकारिक सांस्कृतिक अवसरहरूमा लगाइन्छ।"
nepali_dresses_augmented/daura_suruwal/52_aug2.jpg,"A man wearing a red and white outfit. This is the Daura-Suruwal, the national dress traditionally worn by men across Nepal. It is commonly worn during festivals, weddings, and official cultural occasions.","रातो र सेतो पोशाक लगाउने एक पुरुष। यो दाउरा-सुरुवाल हो, परम्परागत रूपमा नेपालभरि पुरुषहरूले लगाउने राष्ट्रिय पोशाक। यो सामान्यतया उत्सव, विवाह, र आधिकारिक सांस्कृतिक अवसरहरूमा लगाइन्छ।"
nepali_dresses_augmented/daura_suruwal/53.jpg,"A man wearing a red and white outfit. This is the Daura-Suruwal, the national dress traditionally worn by men across Nepal. It is commonly worn during festivals, weddings, and official cultural occasions.","रातो र सेतो पोशाक लगाउने एक पुरुष। यो दाउरा-सुरुवाल हो, परम्परागत रूपमा नेपालभरि पुरुषहरूले लगाउने राष्ट्रिय पोशाक। यो सामान्यतया उत्सव, विवाह, र आधिकारिक सांस्कृतिक अवसरहरूमा लगाइन्छ।"
nepali_dresses_augmented/daura_suruwal/53_aug1.jpg,"A man wearing a red and white outfit. This is the Daura-Suruwal, the national dress traditionally worn by men across Nepal. It is commonly worn during festivals, weddings, and official cultural occasions.","रातो र सेतो पोशाक लगाउने एक पुरुष। यो दाउरा-सुरुवाल हो, परम्परागत रूपमा नेपालभरि पुरुषहरूले लगाउने राष्ट्रिय पोशाक। यो सामान्यतया उत्सव, विवाह, र आधिकारिक सांस्कृतिक अवसरहरूमा लगाइन्छ।"
nepali_dresses_augmented/daura_suruwal/53_aug2.jpg,"A man wearing a red and white outfit. This is the Daura-Suruwal, the national dress traditionally worn by men across Nepal. It is commonly worn during festivals, weddings, and official cultural occasions.","रातो र सेतो पोशाक लगाउने एक पुरुष। यो दाउरा-सुरुवाल हो, परम्परागत रूपमा नेपालभरि पुरुषहरूले लगाउने राष्ट्रिय पोशाक। यो सामान्यतया उत्सव, विवाह, र आधिकारिक सांस्कृतिक अवसरहरूमा लगाइन्छ।"
nepali_dresses_augmented/daura_suruwal/54.jpg,"A man in a blue suit walking down the street. This is the Daura-Suruwal, the national dress traditionally worn by men across Nepal. It is commonly worn during festivals, weddings, and official cultural occasions.","नीलो पोशाकमा सडकमा हिँड्ने मानिस। यो दाउरा-सुरुवाल हो, नेपालभरि पुरुषहरूले परम्परागत रूपमा लगाउने राष्ट्रिय पोशाक। यो सामान्यतया उत्सव, विवाह, र आधिकारिक सांस्कृतिक अवसरहरूमा लगाइन्छ।"
nepali_dresses_augmented/daura_suruwal/54_aug1.jpg,"A man in a blue suit walking down the street. This is the Daura-Suruwal, the national dress traditionally worn by men across Nepal. It is commonly worn during festivals, weddings, and official cultural occasions.","नीलो पोशाकमा सडकमा हिँड्ने मानिस। यो दाउरा-सुरुवाल हो, नेपालभरि पुरुषहरूले परम्परागत रूपमा लगाउने राष्ट्रिय पोशाक। यो सामान्यतया उत्सव, विवाह, र आधिकारिक सांस्कृतिक अवसरहरूमा लगाइन्छ।"
nepali_dresses_augmented/daura_suruwal/54_aug2.jpg,"A man in a blue suit walking down the street. This is the Daura-Suruwal, the national dress traditionally worn by men across Nepal. It is commonly worn during festivals, weddings, and official cultural occasions.","नीलो पोशाकमा सडकमा हिँड्ने मानिस। यो दाउरा-सुरुवाल हो, नेपालभरि पुरुषहरूले परम्परागत रूपमा लगाउने राष्ट्रिय पोशाक। यो सामान्यतया उत्सव, विवाह, र आधिकारिक सांस्कृतिक अवसरहरूमा लगाइन्छ।"
nepali_dresses_augmented/daura_suruwal/55.jpg,"A man in a white shirt and grey pants. This is the Daura-Suruwal, the national dress traditionally worn by men across Nepal. It is commonly worn during festivals, weddings, and official cultural occasions.","यो दाउरा-सुरुवाल हो, नेपालभरका पुरुषहरूले परम्परागत रूपमा लगाउने राष्ट्रिय पोशाक। यो सामान्यतया उत्सव, विवाह, र आधिकारिक सांस्कृतिक अवसरहरूमा लगाइन्छ।"
nepali_dresses_augmented/daura_suruwal/55_aug1.jpg,"A man in a white shirt and grey pants. This is the Daura-Suruwal, the national dress traditionally worn by men across Nepal. It is commonly worn during festivals, weddings, and official cultural occasions.","यो दाउरा-सुरुवाल हो, नेपालभरका पुरुषहरूले परम्परागत रूपमा लगाउने राष्ट्रिय पोशाक। यो सामान्यतया उत्सव, विवाह, र आधिकारिक सांस्कृतिक अवसरहरूमा लगाइन्छ।"
nepali_dresses_augmented/daura_suruwal/55_aug2.jpg,"A man in a white shirt and grey pants. This is the Daura-Suruwal, the national dress traditionally worn by men across Nepal. It is commonly worn during festivals, weddings, and official cultural occasions.","यो दाउरा-सुरुवाल हो, नेपालभरका पुरुषहरूले परम्परागत रूपमा लगाउने राष्ट्रिय पोशाक। यो सामान्यतया उत्सव, विवाह, र आधिकारिक सांस्कृतिक अवसरहरूमा लगाइन्छ।"
nepali_dresses_augmented/daura_suruwal/56.jpg,"A man dressed in traditional clothing. This is the Daura-Suruwal, the national dress traditionally worn by men across Nepal. It is commonly worn during festivals, weddings, and official cultural occasions.","परम्परागत लुगा लगाएका पुरुष. यो दाउरा-सुरुवाल हो, नेपालभरि पुरुषहरूले परम्परागत रूपमा लगाउने राष्ट्रिय लुगा। यो सामान्यतया उत्सव, विवाह, र आधिकारिक सांस्कृतिक अवसरहरूमा लगाइन्छ।"
nepali_dresses_augmented/daura_suruwal/56_aug1.jpg,"A man dressed in traditional clothing. This is the Daura-Suruwal, the national dress traditionally worn by men across Nepal. It is commonly worn during festivals, weddings, and official cultural occasions.","परम्परागत लुगा लगाएका पुरुष. यो दाउरा-सुरुवाल हो, नेपालभरि पुरुषहरूले परम्परागत रूपमा लगाउने राष्ट्रिय लुगा। यो सामान्यतया उत्सव, विवाह, र आधिकारिक सांस्कृतिक अवसरहरूमा लगाइन्छ।"
nepali_dresses_augmented/daura_suruwal/56_aug2.jpg,"A man dressed in traditional clothing. This is the Daura-Suruwal, the national dress traditionally worn by men across Nepal. It is commonly worn during festivals, weddings, and official cultural occasions.","परम्परागत लुगा लगाएका पुरुष. यो दाउरा-सुरुवाल हो, नेपालभरि पुरुषहरूले परम्परागत रूपमा लगाउने राष्ट्रिय लुगा। यो सामान्यतया उत्सव, विवाह, र आधिकारिक सांस्कृतिक अवसरहरूमा लगाइन्छ।"
nepali_dresses_augmented/daura_suruwal/57.jpg,"A little boy is sitting on a couch. This is the Daura-Suruwal, the national dress traditionally worn by men across Nepal. It is commonly worn during festivals, weddings, and official cultural occasions.","एउटा सानो केटा सोफामा बसिरहेको छ। यो दाउरा-सुरुवाल हो, जुन परम्परागत रूपमा नेपालभरि पुरुषहरूले लगाउने राष्ट्रिय पोशाक हो। यो सामान्यतया उत्सव, विवाह र आधिकारिक सांस्कृतिक अवसरहरूमा लगाइन्छ।"
nepali_dresses_augmented/daura_suruwal/57_aug1.jpg,"A little boy is sitting on a couch. This is the Daura-Suruwal, the national dress traditionally worn by men across Nepal. It is commonly worn during festivals, weddings, and official cultural occasions.","एउटा सानो केटा सोफामा बसिरहेको छ। यो दाउरा-सुरुवाल हो, जुन परम्परागत रूपमा नेपालभरि पुरुषहरूले लगाउने राष्ट्रिय पोशाक हो। यो सामान्यतया उत्सव, विवाह र आधिकारिक सांस्कृतिक अवसरहरूमा लगाइन्छ।"
nepali_dresses_augmented/daura_suruwal/57_aug2.jpg,"A little boy is sitting on a couch. This is the Daura-Suruwal, the national dress traditionally worn by men across Nepal. It is commonly worn during festivals, weddings, and official cultural occasions.","एउटा सानो केटा सोफामा बसिरहेको छ। यो दाउरा-सुरुवाल हो, जुन परम्परागत रूपमा नेपालभरि पुरुषहरूले लगाउने राष्ट्रिय पोशाक हो। यो सामान्यतया उत्सव, विवाह र आधिकारिक सांस्कृतिक अवसरहरूमा लगाइन्छ।"
nepali_dresses_augmented/daura_suruwal/58.jpg,"A young boy wearing a grey kurta. This is the Daura-Suruwal, the national dress traditionally worn by men across Nepal. It is commonly worn during festivals, weddings, and official cultural occasions.","दाउरा-सुरुवाल, नेपालभरका पुरुषहरूले परम्परागत रूपमा लगाउने राष्ट्रिय पोशाक हो। यो सामान्यतया उत्सव, विवाह, र आधिकारिक सांस्कृतिक अवसरहरूमा लगाइन्छ।"
nepali_dresses_augmented/daura_suruwal/58_aug1.jpg,"A young boy wearing a grey kurta. This is the Daura-Suruwal, the national dress traditionally worn by men across Nepal. It is commonly worn during festivals, weddings, and official cultural occasions.","दाउरा-सुरुवाल, नेपालभरका पुरुषहरूले परम्परागत रूपमा लगाउने राष्ट्रिय पोशाक हो। यो सामान्यतया उत्सव, विवाह, र आधिकारिक सांस्कृतिक अवसरहरूमा लगाइन्छ।"
nepali_dresses_augmented/daura_suruwal/58_aug2.jpg,"A young boy wearing a grey kurta. This is the Daura-Suruwal, the national dress traditionally worn by men across Nepal. It is commonly worn during festivals, weddings, and official cultural occasions.","दाउरा-सुरुवाल, नेपालभरका पुरुषहरूले परम्परागत रूपमा लगाउने राष्ट्रिय पोशाक हो। यो सामान्यतया उत्सव, विवाह, र आधिकारिक सांस्कृतिक अवसरहरूमा लगाइन्छ।"
nepali_dresses_augmented/daura_suruwal/59.jpg,"A man in a white lab coat and pants. This is the Daura-Suruwal, the national dress traditionally worn by men across Nepal. It is commonly worn during festivals, weddings, and official cultural occasions.","यो दाउरा-सुरुवाल हो, नेपालभरि पुरुषले परम्परागत रूपमा लगाउने राष्ट्रिय पोशाक। यो सामान्यतया उत्सव, विवाह, र आधिकारिक सांस्कृतिक अवसरहरूमा लगाइन्छ।"
nepali_dresses_augmented/daura_suruwal/59_aug1.jpg,"A man in a white lab coat and pants. This is the Daura-Suruwal, the national dress traditionally worn by men across Nepal. It is commonly worn during festivals, weddings, and official cultural occasions.","यो दाउरा-सुरुवाल हो, नेपालभरि पुरुषले परम्परागत रूपमा लगाउने राष्ट्रिय पोशाक। यो सामान्यतया उत्सव, विवाह, र आधिकारिक सांस्कृतिक अवसरहरूमा लगाइन्छ।"
nepali_dresses_augmented/daura_suruwal/59_aug2.jpg,"A man in a white lab coat and pants. This is the Daura-Suruwal, the national dress traditionally worn by men across Nepal. It is commonly worn during festivals, weddings, and official cultural occasions.","यो दाउरा-सुरुवाल हो, नेपालभरि पुरुषले परम्परागत रूपमा लगाउने राष्ट्रिय पोशाक। यो सामान्यतया उत्सव, विवाह, र आधिकारिक सांस्कृतिक अवसरहरूमा लगाइन्छ।"
nepali_dresses_augmented/daura_suruwal/5_aug1.jpg,"A man standing on a porch with his arms crossed. This is the Daura-Suruwal, the national dress traditionally worn by men across Nepal. It is commonly worn during festivals, weddings, and official cultural occasions.","दाउरा-सुरुवाल (Daura-Suruwal), नेपालभरका पुरुषहरूले परम्परागत रूपमा लगाउने राष्ट्रिय पोशाक हो। यो सामान्यतया उत्सव, विवाह र आधिकारिक सांस्कृतिक अवसरहरूमा लगाइन्छ।"
nepali_dresses_augmented/daura_suruwal/5_aug2.jpg,"A man standing on a porch with his arms crossed. This is the Daura-Suruwal, the national dress traditionally worn by men across Nepal. It is commonly worn during festivals, weddings, and official cultural occasions.","दाउरा-सुरुवाल (Daura-Suruwal), नेपालभरका पुरुषहरूले परम्परागत रूपमा लगाउने राष्ट्रिय पोशाक हो। यो सामान्यतया उत्सव, विवाह र आधिकारिक सांस्कृतिक अवसरहरूमा लगाइन्छ।"
nepali_dresses_augmented/daura_suruwal/6.jpg,"A white shirt with red and blue flowers on it. This is the Daura-Suruwal, the national dress traditionally worn by men across Nepal. It is commonly worn during festivals, weddings, and official cultural occasions.","यो दाउरा-सुरुवाल हो, जुन परम्परागत रूपमा नेपालभरका पुरुषहरूले लगाउने राष्ट्रिय पोशाक हो। यो सामान्यतया उत्सव, विवाह, र आधिकारिक सांस्कृतिक अवसरहरूमा लगाइन्छ।"
nepali_dresses_augmented/daura_suruwal/60.jpg,"A child ' s pajamas on a bed. This is the Daura-Suruwal, the national dress traditionally worn by men across Nepal. It is commonly worn during festivals, weddings, and official cultural occasions.","एक बच्चाको पिजामा बिस्तरमा। यो दाउरा-सुरुवाल हो, जुन परम्परागत रूपमा नेपालभरि पुरुषहरूले लगाउने राष्ट्रिय पोशाक हो। यो सामान्यतया उत्सव, विवाह, र आधिकारिक सांस्कृतिक अवसरहरूमा लगाइन्छ।"
nepali_dresses_augmented/daura_suruwal/60_aug1.jpg,"A child ' s pajamas on a bed. This is the Daura-Suruwal, the national dress traditionally worn by men across Nepal. It is commonly worn during festivals, weddings, and official cultural occasions.","एक बच्चाको पिजामा बिस्तरमा। यो दाउरा-सुरुवाल हो, जुन परम्परागत रूपमा नेपालभरि पुरुषहरूले लगाउने राष्ट्रिय पोशाक हो। यो सामान्यतया उत्सव, विवाह, र आधिकारिक सांस्कृतिक अवसरहरूमा लगाइन्छ।"
nepali_dresses_augmented/daura_suruwal/60_aug2.jpg,"A child ' s pajamas on a bed. This is the Daura-Suruwal, the national dress traditionally worn by men across Nepal. It is commonly worn during festivals, weddings, and official cultural occasions.","एक बच्चाको पिजामा बिस्तरमा। यो दाउरा-सुरुवाल हो, जुन परम्परागत रूपमा नेपालभरि पुरुषहरूले लगाउने राष्ट्रिय पोशाक हो। यो सामान्यतया उत्सव, विवाह, र आधिकारिक सांस्कृतिक अवसरहरूमा लगाइन्छ।"
nepali_dresses_augmented/daura_suruwal/61.jpg,"A man in a red and white outfit. This is the Daura-Suruwal, the national dress traditionally worn by men across Nepal. It is commonly worn during festivals, weddings, and official cultural occasions.","रातो र सेतो पोशाकमा एक पुरुष। यो दाउरा-सुरुवाल हो, नेपाल भरिका पुरुषहरूले परम्परागत रूपमा लगाउने राष्ट्रिय पोशाक। यो सामान्यतया उत्सव, विवाह, र आधिकारिक सांस्कृतिक अवसरहरूमा लगाइन्छ।"
nepali_dresses_augmented/daura_suruwal/61_aug1.jpg,"A man in a red and white outfit. This is the Daura-Suruwal, the national dress traditionally worn by men across Nepal. It is commonly worn during festivals, weddings, and official cultural occasions.","रातो र सेतो पोशाकमा एक पुरुष। यो दाउरा-सुरुवाल हो, नेपाल भरिका पुरुषहरूले परम्परागत रूपमा लगाउने राष्ट्रिय पोशाक। यो सामान्यतया उत्सव, विवाह, र आधिकारिक सांस्कृतिक अवसरहरूमा लगाइन्छ।"
nepali_dresses_augmented/daura_suruwal/61_aug2.jpg,"A man in a red and white outfit. This is the Daura-Suruwal, the national dress traditionally worn by men across Nepal. It is commonly worn during festivals, weddings, and official cultural occasions.","रातो र सेतो पोशाकमा एक पुरुष। यो दाउरा-सुरुवाल हो, नेपाल भरिका पुरुषहरूले परम्परागत रूपमा लगाउने राष्ट्रिय पोशाक। यो सामान्यतया उत्सव, विवाह, र आधिकारिक सांस्कृतिक अवसरहरूमा लगाइन्छ।"
nepali_dresses_augmented/daura_suruwal/62.jpg,"A man in a white and red outfit sitting on a chair. This is the Daura-Suruwal, the national dress traditionally worn by men across Nepal. It is commonly worn during festivals, weddings, and official cultural occasions.","एउटा सेतो र रातो पोशाकमा कुर्सीमा बस्ने मानिस। यो दाउरा-सुरुवाल हो, नेपालभरि पुरुषहरूले परम्परागत रूपमा लगाउने राष्ट्रिय पोशाक। यो सामान्यतया उत्सव, विवाह, र आधिकारिक सांस्कृतिक अवसरहरूमा लगाइन्छ।"
nepali_dresses_augmented/daura_suruwal/62_aug1.jpg,"A man in a white and red outfit sitting on a chair. This is the Daura-Suruwal, the national dress traditionally worn by men across Nepal. It is commonly worn during festivals, weddings, and official cultural occasions.","एउटा सेतो र रातो पोशाकमा कुर्सीमा बस्ने मानिस। यो दाउरा-सुरुवाल हो, नेपालभरि पुरुषहरूले परम्परागत रूपमा लगाउने राष्ट्रिय पोशाक। यो सामान्यतया उत्सव, विवाह, र आधिकारिक सांस्कृतिक अवसरहरूमा लगाइन्छ।"
nepali_dresses_augmented/daura_suruwal/62_aug2.jpg,"A man in a white and red outfit sitting on a chair. This is the Daura-Suruwal, the national dress traditionally worn by men across Nepal. It is commonly worn during festivals, weddings, and official cultural occasions.","एउटा सेतो र रातो पोशाकमा कुर्सीमा बस्ने मानिस। यो दाउरा-सुरुवाल हो, नेपालभरि पुरुषहरूले परम्परागत रूपमा लगाउने राष्ट्रिय पोशाक। यो सामान्यतया उत्सव, विवाह, र आधिकारिक सांस्कृतिक अवसरहरूमा लगाइन्छ।"
nepali_dresses_augmented/daura_suruwal/63.jpg,"A man in a red and gold outfit. This is the Daura-Suruwal, the national dress traditionally worn by men across Nepal. It is commonly worn during festivals, weddings, and official cultural occasions.","रातो र सुनको पोशाकमा एक पुरुष। यो दाउरा-सुरुवाल हो, परम्परागत रूपमा नेपालभरि पुरुषहरूले लगाउने राष्ट्रिय पोशाक। यो सामान्यतया उत्सव, विवाह, र आधिकारिक सांस्कृतिक अवसरहरूमा लगाइन्छ।"
nepali_dresses_augmented/daura_suruwal/63_aug1.jpg,"A man in a red and gold outfit. This is the Daura-Suruwal, the national dress traditionally worn by men across Nepal. It is commonly worn during festivals, weddings, and official cultural occasions.","रातो र सुनको पोशाकमा एक पुरुष। यो दाउरा-सुरुवाल हो, परम्परागत रूपमा नेपालभरि पुरुषहरूले लगाउने राष्ट्रिय पोशाक। यो सामान्यतया उत्सव, विवाह, र आधिकारिक सांस्कृतिक अवसरहरूमा लगाइन्छ।"
nepali_dresses_augmented/daura_suruwal/63_aug2.jpg,"A man in a red and gold outfit. This is the Daura-Suruwal, the national dress traditionally worn by men across Nepal. It is commonly worn during festivals, weddings, and official cultural occasions.","रातो र सुनको पोशाकमा एक पुरुष। यो दाउरा-सुरुवाल हो, परम्परागत रूपमा नेपालभरि पुरुषहरूले लगाउने राष्ट्रिय पोशाक। यो सामान्यतया उत्सव, विवाह, र आधिकारिक सांस्कृतिक अवसरहरूमा लगाइन्छ।"
nepali_dresses_augmented/daura_suruwal/64.jpg,"A man in a red suit standing next to a table. This is the Daura-Suruwal, the national dress traditionally worn by men across Nepal. It is commonly worn during festivals, weddings, and official cultural occasions.","रातो पोशाकमा बसेका एक व्यक्ति टेबलको छेउमा उभिएका छन्। यो दाउरा-सुरुवाल हो, नेपालभरि पुरुषहरूले परम्परागत रूपमा लगाउने राष्ट्रिय पोशाक। यो सामान्यतया उत्सव, विवाह, र आधिकारिक सांस्कृतिक अवसरहरूमा लगाइन्छ।"
nepali_dresses_augmented/daura_suruwal/64_aug1.jpg,"A man in a red suit standing next to a table. This is the Daura-Suruwal, the national dress traditionally worn by men across Nepal. It is commonly worn during festivals, weddings, and official cultural occasions.","रातो पोशाकमा बसेका एक व्यक्ति टेबलको छेउमा उभिएका छन्। यो दाउरा-सुरुवाल हो, नेपालभरि पुरुषहरूले परम्परागत रूपमा लगाउने राष्ट्रिय पोशाक। यो सामान्यतया उत्सव, विवाह, र आधिकारिक सांस्कृतिक अवसरहरूमा लगाइन्छ।"
nepali_dresses_augmented/daura_suruwal/64_aug2.jpg,"A man in a red suit standing next to a table. This is the Daura-Suruwal, the national dress traditionally worn by men across Nepal. It is commonly worn during festivals, weddings, and official cultural occasions.","रातो पोशाकमा बसेका एक व्यक्ति टेबलको छेउमा उभिएका छन्। यो दाउरा-सुरुवाल हो, नेपालभरि पुरुषहरूले परम्परागत रूपमा लगाउने राष्ट्रिय पोशाक। यो सामान्यतया उत्सव, विवाह, र आधिकारिक सांस्कृतिक अवसरहरूमा लगाइन्छ।"
nepali_dresses_augmented/daura_suruwal/65.jpg,"A man wearing a red and white outfit. This is the Daura-Suruwal, the national dress traditionally worn by men across Nepal. It is commonly worn during festivals, weddings, and official cultural occasions.","रातो र सेतो पोशाक लगाउने एक पुरुष। यो दाउरा-सुरुवाल हो, परम्परागत रूपमा नेपालभरि पुरुषहरूले लगाउने राष्ट्रिय पोशाक। यो सामान्यतया उत्सव, विवाह, र आधिकारिक सांस्कृतिक अवसरहरूमा लगाइन्छ।"
nepali_dresses_augmented/daura_suruwal/65_aug1.jpg,"A man wearing a red and white outfit. This is the Daura-Suruwal, the national dress traditionally worn by men across Nepal. It is commonly worn during festivals, weddings, and official cultural occasions.","रातो र सेतो पोशाक लगाउने एक पुरुष। यो दाउरा-सुरुवाल हो, परम्परागत रूपमा नेपालभरि पुरुषहरूले लगाउने राष्ट्रिय पोशाक। यो सामान्यतया उत्सव, विवाह, र आधिकारिक सांस्कृतिक अवसरहरूमा लगाइन्छ।"
nepali_dresses_augmented/daura_suruwal/65_aug2.jpg,"A man wearing a red and white outfit. This is the Daura-Suruwal, the national dress traditionally worn by men across Nepal. It is commonly worn during festivals, weddings, and official cultural occasions.","रातो र सेतो पोशाक लगाउने एक पुरुष। यो दाउरा-सुरुवाल हो, परम्परागत रूपमा नेपालभरि पुरुषहरूले लगाउने राष्ट्रिय पोशाक। यो सामान्यतया उत्सव, विवाह, र आधिकारिक सांस्कृतिक अवसरहरूमा लगाइन्छ।"
nepali_dresses_augmented/daura_suruwal/66.jpg,"A man wearing a maroon velvet jacket and white pants. This is the Daura-Suruwal, the national dress traditionally worn by men across Nepal. It is commonly worn during festivals, weddings, and official cultural occasions.","एक मानिसले ब्राउन भल्भेट ज्याकेट र सेतो प्यान्ट लगाएको छ। यो दाउरा-सुरुवाल हो, परम्परागत रूपमा नेपाल भरिका पुरुषहरूले लगाउने राष्ट्रिय पोशाक। यो सामान्यतया उत्सव, विवाह, र आधिकारिक सांस्कृतिक अवसरहरूमा लगाइन्छ।"
nepali_dresses_augmented/daura_suruwal/66_aug1.jpg,"A man wearing a maroon velvet jacket and white pants. This is the Daura-Suruwal, the national dress traditionally worn by men across Nepal. It is commonly worn during festivals, weddings, and official cultural occasions.","एक मानिसले ब्राउन भल्भेट ज्याकेट र सेतो प्यान्ट लगाएको छ। यो दाउरा-सुरुवाल हो, परम्परागत रूपमा नेपाल भरिका पुरुषहरूले लगाउने राष्ट्रिय पोशाक। यो सामान्यतया उत्सव, विवाह, र आधिकारिक सांस्कृतिक अवसरहरूमा लगाइन्छ।"
nepali_dresses_augmented/daura_suruwal/66_aug2.jpg,"A man wearing a maroon velvet jacket and white pants. This is the Daura-Suruwal, the national dress traditionally worn by men across Nepal. It is commonly worn during festivals, weddings, and official cultural occasions.","एक मानिसले ब्राउन भल्भेट ज्याकेट र सेतो प्यान्ट लगाएको छ। यो दाउरा-सुरुवाल हो, परम्परागत रूपमा नेपाल भरिका पुरुषहरूले लगाउने राष्ट्रिय पोशाक। यो सामान्यतया उत्सव, विवाह, र आधिकारिक सांस्कृतिक अवसरहरूमा लगाइन्छ।"
nepali_dresses_augmented/daura_suruwal/67.jpg,"A man in traditional clothing. This is the Daura-Suruwal, the national dress traditionally worn by men across Nepal. It is commonly worn during festivals, weddings, and official cultural occasions.","परम्परागत लुगा लगाउने पुरुष. यो दाउरा-सुरुवाल हो, नेपालभरि पुरुषहरूले परम्परागत रूपमा लगाउने राष्ट्रिय पोशाक। यो सामान्यतया उत्सव, विवाह र आधिकारिक सांस्कृतिक अवसरहरूमा लगाइन्छ।"
nepali_dresses_augmented/daura_suruwal/67_aug1.jpg,"A man in traditional clothing. This is the Daura-Suruwal, the national dress traditionally worn by men across Nepal. It is commonly worn during festivals, weddings, and official cultural occasions.","परम्परागत लुगा लगाउने पुरुष. यो दाउरा-सुरुवाल हो, नेपालभरि पुरुषहरूले परम्परागत रूपमा लगाउने राष्ट्रिय पोशाक। यो सामान्यतया उत्सव, विवाह र आधिकारिक सांस्कृतिक अवसरहरूमा लगाइन्छ।"
nepali_dresses_augmented/daura_suruwal/67_aug2.jpg,"A man in traditional clothing. This is the Daura-Suruwal, the national dress traditionally worn by men across Nepal. It is commonly worn during festivals, weddings, and official cultural occasions.","परम्परागत लुगा लगाउने पुरुष. यो दाउरा-सुरुवाल हो, नेपालभरि पुरुषहरूले परम्परागत रूपमा लगाउने राष्ट्रिय पोशाक। यो सामान्यतया उत्सव, विवाह र आधिकारिक सांस्कृतिक अवसरहरूमा लगाइन्छ।"
nepali_dresses_augmented/daura_suruwal/68.jpg,"A man in a red and white outfit sitting on a chair. This is the Daura-Suruwal, the national dress traditionally worn by men across Nepal. It is commonly worn during festivals, weddings, and official cultural occasions.","रातो र सेतो पोशाकमा एक पुरुष कुर्सीमा बसिरहेको छ। यो दाउरा-सुरुवाल हो, नेपालभरि पुरुषहरूले परम्परागत रूपमा लगाउने राष्ट्रिय पोशाक। यो सामान्यतया उत्सव, विवाह, र आधिकारिक सांस्कृतिक अवसरहरूमा लगाइन्छ।"
nepali_dresses_augmented/daura_suruwal/68_aug1.jpg,"A man in a red and white outfit sitting on a chair. This is the Daura-Suruwal, the national dress traditionally worn by men across Nepal. It is commonly worn during festivals, weddings, and official cultural occasions.","रातो र सेतो पोशाकमा एक पुरुष कुर्सीमा बसिरहेको छ। यो दाउरा-सुरुवाल हो, नेपालभरि पुरुषहरूले परम्परागत रूपमा लगाउने राष्ट्रिय पोशाक। यो सामान्यतया उत्सव, विवाह, र आधिकारिक सांस्कृतिक अवसरहरूमा लगाइन्छ।"
nepali_dresses_augmented/daura_suruwal/68_aug2.jpg,"A man in a red and white outfit sitting on a chair. This is the Daura-Suruwal, the national dress traditionally worn by men across Nepal. It is commonly worn during festivals, weddings, and official cultural occasions.","रातो र सेतो पोशाकमा एक पुरुष कुर्सीमा बसिरहेको छ। यो दाउरा-सुरुवाल हो, नेपालभरि पुरुषहरूले परम्परागत रूपमा लगाउने राष्ट्रिय पोशाक। यो सामान्यतया उत्सव, विवाह, र आधिकारिक सांस्कृतिक अवसरहरूमा लगाइन्छ।"
nepali_dresses_augmented/daura_suruwal/69.jpg,"A man in a white and maroon outfit. This is the Daura-Suruwal, the national dress traditionally worn by men across Nepal. It is commonly worn during festivals, weddings, and official cultural occasions.","यो दाउरा-सुरुवाल हो, परम्परागत रूपमा नेपालभरि पुरुषहरूले लगाउने राष्ट्रिय पोशाक। यो सामान्यतया उत्सव, विवाह, र आधिकारिक सांस्कृतिक अवसरहरूमा लगाइन्छ।"
nepali_dresses_augmented/daura_suruwal/69_aug1.jpg,"A man in a white and maroon outfit. This is the Daura-Suruwal, the national dress traditionally worn by men across Nepal. It is commonly worn during festivals, weddings, and official cultural occasions.","यो दाउरा-सुरुवाल हो, परम्परागत रूपमा नेपालभरि पुरुषहरूले लगाउने राष्ट्रिय पोशाक। यो सामान्यतया उत्सव, विवाह, र आधिकारिक सांस्कृतिक अवसरहरूमा लगाइन्छ।"
nepali_dresses_augmented/daura_suruwal/69_aug2.jpg,"A man in a white and maroon outfit. This is the Daura-Suruwal, the national dress traditionally worn by men across Nepal. It is commonly worn during festivals, weddings, and official cultural occasions.","यो दाउरा-सुरुवाल हो, परम्परागत रूपमा नेपालभरि पुरुषहरूले लगाउने राष्ट्रिय पोशाक। यो सामान्यतया उत्सव, विवाह, र आधिकारिक सांस्कृतिक अवसरहरूमा लगाइन्छ।"
nepali_dresses_augmented/daura_suruwal/6_aug1.jpg,"A white shirt with red and blue flowers on it. This is the Daura-Suruwal, the national dress traditionally worn by men across Nepal. It is commonly worn during festivals, weddings, and official cultural occasions.","यो दाउरा-सुरुवाल हो, जुन परम्परागत रूपमा नेपालभरका पुरुषहरूले लगाउने राष्ट्रिय पोशाक हो। यो सामान्यतया उत्सव, विवाह, र आधिकारिक सांस्कृतिक अवसरहरूमा लगाइन्छ।"
nepali_dresses_augmented/daura_suruwal/6_aug2.jpg,"A white shirt with red and blue flowers on it. This is the Daura-Suruwal, the national dress traditionally worn by men across Nepal. It is commonly worn during festivals, weddings, and official cultural occasions.","यो दाउरा-सुरुवाल हो, जुन परम्परागत रूपमा नेपालभरका पुरुषहरूले लगाउने राष्ट्रिय पोशाक हो। यो सामान्यतया उत्सव, विवाह, र आधिकारिक सांस्कृतिक अवसरहरूमा लगाइन्छ।"
nepali_dresses_augmented/daura_suruwal/7.jpg,"A boy in a suit and hat standing with his arms crossed. This is the Daura-Suruwal, the national dress traditionally worn by men across Nepal. It is commonly worn during festivals, weddings, and official cultural occasions.","सुट र टोपी लगाएका एक केटाले आफ्नो हातहरू क्रस गरेर उभिए। यो दाउरा-सुरुवाल हो, जुन परम्परागत रूपमा नेपालभरका पुरुषहरूले लगाउने राष्ट्रिय पोशाक हो। यो सामान्यतया उत्सव, विवाह र आधिकारिक सांस्कृतिक अवसरहरूमा लगाइन्छ।"
nepali_dresses_augmented/daura_suruwal/70.jpg,"A man wearing a maroon and white outfit. This is the Daura-Suruwal, the national dress traditionally worn by men across Nepal. It is commonly worn during festivals, weddings, and official cultural occasions.","दाउरा-सुरुवाल, नेपालभरका पुरुषहरूले परम्परागत रूपमा लगाउने राष्ट्रिय पोशाक हो। यो सामान्यतया उत्सव, विवाह, र आधिकारिक सांस्कृतिक अवसरहरूमा लगाइन्छ।"
nepali_dresses_augmented/daura_suruwal/70_aug1.jpg,"A man wearing a maroon and white outfit. This is the Daura-Suruwal, the national dress traditionally worn by men across Nepal. It is commonly worn during festivals, weddings, and official cultural occasions.","दाउरा-सुरुवाल, नेपालभरका पुरुषहरूले परम्परागत रूपमा लगाउने राष्ट्रिय पोशाक हो। यो सामान्यतया उत्सव, विवाह, र आधिकारिक सांस्कृतिक अवसरहरूमा लगाइन्छ।"
nepali_dresses_augmented/daura_suruwal/70_aug2.jpg,"A man wearing a maroon and white outfit. This is the Daura-Suruwal, the national dress traditionally worn by men across Nepal. It is commonly worn during festivals, weddings, and official cultural occasions.","दाउरा-सुरुवाल, नेपालभरका पुरुषहरूले परम्परागत रूपमा लगाउने राष्ट्रिय पोशाक हो। यो सामान्यतया उत्सव, विवाह, र आधिकारिक सांस्कृतिक अवसरहरूमा लगाइन्छ।"
nepali_dresses_augmented/daura_suruwal/71.jpg,"A man in a white and red outfit sitting on a chair. This is the Daura-Suruwal, the national dress traditionally worn by men across Nepal. It is commonly worn during festivals, weddings, and official cultural occasions.","एउटा सेतो र रातो पोशाकमा कुर्सीमा बस्ने मानिस। यो दाउरा-सुरुवाल हो, नेपालभरि पुरुषहरूले परम्परागत रूपमा लगाउने राष्ट्रिय पोशाक। यो सामान्यतया उत्सव, विवाह, र आधिकारिक सांस्कृतिक अवसरहरूमा लगाइन्छ।"
nepali_dresses_augmented/daura_suruwal/71_aug1.jpg,"A man in a white and red outfit sitting on a chair. This is the Daura-Suruwal, the national dress traditionally worn by men across Nepal. It is commonly worn during festivals, weddings, and official cultural occasions.","एउटा सेतो र रातो पोशाकमा कुर्सीमा बस्ने मानिस। यो दाउरा-सुरुवाल हो, नेपालभरि पुरुषहरूले परम्परागत रूपमा लगाउने राष्ट्रिय पोशाक। यो सामान्यतया उत्सव, विवाह, र आधिकारिक सांस्कृतिक अवसरहरूमा लगाइन्छ।"
nepali_dresses_augmented/daura_suruwal/71_aug2.jpg,"A man in a white and red outfit sitting on a chair. This is the Daura-Suruwal, the national dress traditionally worn by men across Nepal. It is commonly worn during festivals, weddings, and official cultural occasions.","एउटा सेतो र रातो पोशाकमा कुर्सीमा बस्ने मानिस। यो दाउरा-सुरुवाल हो, नेपालभरि पुरुषहरूले परम्परागत रूपमा लगाउने राष्ट्रिय पोशाक। यो सामान्यतया उत्सव, विवाह, र आधिकारिक सांस्कृतिक अवसरहरूमा लगाइन्छ।"
nepali_dresses_augmented/daura_suruwal/72.jpg,"A little boy in a red outfit standing on the steps. This is the Daura-Suruwal, the national dress traditionally worn by men across Nepal. It is commonly worn during festivals, weddings, and official cultural occasions.","एउटा सानो केटा रातो पोशाकमा सिढीमा उभिरहेको छ। यो दाउरा-सुरुवाल हो, नेपालभरि पुरुषहरूले परम्परागत रूपमा लगाउने राष्ट्रिय पोशाक। यो सामान्यतया उत्सव, विवाह, र आधिकारिक सांस्कृतिक अवसरहरूमा लगाइन्छ।"
nepali_dresses_augmented/daura_suruwal/72_aug1.jpg,"A little boy in a red outfit standing on the steps. This is the Daura-Suruwal, the national dress traditionally worn by men across Nepal. It is commonly worn during festivals, weddings, and official cultural occasions.","एउटा सानो केटा रातो पोशाकमा सिढीमा उभिरहेको छ। यो दाउरा-सुरुवाल हो, नेपालभरि पुरुषहरूले परम्परागत रूपमा लगाउने राष्ट्रिय पोशाक। यो सामान्यतया उत्सव, विवाह, र आधिकारिक सांस्कृतिक अवसरहरूमा लगाइन्छ।"
nepali_dresses_augmented/daura_suruwal/72_aug2.jpg,"A little boy in a red outfit standing on the steps. This is the Daura-Suruwal, the national dress traditionally worn by men across Nepal. It is commonly worn during festivals, weddings, and official cultural occasions.","एउटा सानो केटा रातो पोशाकमा सिढीमा उभिरहेको छ। यो दाउरा-सुरुवाल हो, नेपालभरि पुरुषहरूले परम्परागत रूपमा लगाउने राष्ट्रिय पोशाक। यो सामान्यतया उत्सव, विवाह, र आधिकारिक सांस्कृतिक अवसरहरूमा लगाइन्छ।"
nepali_dresses_augmented/daura_suruwal/73.jpg,"A man wearing a red and gold outfit. This is the Daura-Suruwal, the national dress traditionally worn by men across Nepal. It is commonly worn during festivals, weddings, and official cultural occasions.","रातो र सुनको पोशाक लगाएका पुरुष. यो दाउरा-सुरुवाल हो, नेपालभरि पुरुषहरूले परम्परागत रूपमा लगाउने राष्ट्रिय पोशाक। यो सामान्यतया उत्सव, विवाह, र आधिकारिक सांस्कृतिक अवसरहरूमा लगाइन्छ।"
nepali_dresses_augmented/daura_suruwal/73_aug1.jpg,"A man wearing a red and gold outfit. This is the Daura-Suruwal, the national dress traditionally worn by men across Nepal. It is commonly worn during festivals, weddings, and official cultural occasions.","रातो र सुनको पोशाक लगाएका पुरुष. यो दाउरा-सुरुवाल हो, नेपालभरि पुरुषहरूले परम्परागत रूपमा लगाउने राष्ट्रिय पोशाक। यो सामान्यतया उत्सव, विवाह, र आधिकारिक सांस्कृतिक अवसरहरूमा लगाइन्छ।"
nepali_dresses_augmented/daura_suruwal/73_aug2.jpg,"A man wearing a red and gold outfit. This is the Daura-Suruwal, the national dress traditionally worn by men across Nepal. It is commonly worn during festivals, weddings, and official cultural occasions.","रातो र सुनको पोशाक लगाएका पुरुष. यो दाउरा-सुरुवाल हो, नेपालभरि पुरुषहरूले परम्परागत रूपमा लगाउने राष्ट्रिय पोशाक। यो सामान्यतया उत्सव, विवाह, र आधिकारिक सांस्कृतिक अवसरहरूमा लगाइन्छ।"
nepali_dresses_augmented/daura_suruwal/74.jpg,"A man in a pink shirt and black pants. This is the Daura-Suruwal, the national dress traditionally worn by men across Nepal. It is commonly worn during festivals, weddings, and official cultural occasions.","गुलाबी शर्ट र कालो प्यान्टमा एक पुरुष। यो दाउरा-सुरुवाल हो, परम्परागत रूपमा नेपालभरि पुरुषहरूले लगाउने राष्ट्रिय पोशाक। यो सामान्यतया उत्सव, विवाह, र आधिकारिक सांस्कृतिक अवसरहरूमा लगाइन्छ।"
nepali_dresses_augmented/daura_suruwal/74_aug1.jpg,"A man in a pink shirt and black pants. This is the Daura-Suruwal, the national dress traditionally worn by men across Nepal. It is commonly worn during festivals, weddings, and official cultural occasions.","गुलाबी शर्ट र कालो प्यान्टमा एक पुरुष। यो दाउरा-सुरुवाल हो, परम्परागत रूपमा नेपालभरि पुरुषहरूले लगाउने राष्ट्रिय पोशाक। यो सामान्यतया उत्सव, विवाह, र आधिकारिक सांस्कृतिक अवसरहरूमा लगाइन्छ।"
nepali_dresses_augmented/daura_suruwal/74_aug2.jpg,"A man in a pink shirt and black pants. This is the Daura-Suruwal, the national dress traditionally worn by men across Nepal. It is commonly worn during festivals, weddings, and official cultural occasions.","गुलाबी शर्ट र कालो प्यान्टमा एक पुरुष। यो दाउरा-सुरुवाल हो, परम्परागत रूपमा नेपालभरि पुरुषहरूले लगाउने राष्ट्रिय पोशाक। यो सामान्यतया उत्सव, विवाह, र आधिकारिक सांस्कृतिक अवसरहरूमा लगाइन्छ।"
nepali_dresses_augmented/daura_suruwal/75.jpg,"Two men in purple suits standing next to a door. This is the Daura-Suruwal, the national dress traditionally worn by men across Nepal. It is commonly worn during festivals, weddings, and official cultural occasions.","दुबै जना बैजनी पोशाकमा एक ढोकाको छेउमा उभिएका थिए। यो दाउरा-सुरुवाल हो, नेपालभरि पुरुषहरूले परम्परागत रूपमा लगाउने राष्ट्रिय पोशाक। यो सामान्यतया उत्सव, विवाह र आधिकारिक सांस्कृतिक अवसरहरूमा लगाइन्छ।"
nepali_dresses_augmented/daura_suruwal/75_aug1.jpg,"Two men in purple suits standing next to a door. This is the Daura-Suruwal, the national dress traditionally worn by men across Nepal. It is commonly worn during festivals, weddings, and official cultural occasions.","दुबै जना बैजनी पोशाकमा एक ढोकाको छेउमा उभिएका थिए। यो दाउरा-सुरुवाल हो, नेपालभरि पुरुषहरूले परम्परागत रूपमा लगाउने राष्ट्रिय पोशाक। यो सामान्यतया उत्सव, विवाह र आधिकारिक सांस्कृतिक अवसरहरूमा लगाइन्छ।"
nepali_dresses_augmented/daura_suruwal/75_aug2.jpg,"Two men in purple suits standing next to a door. This is the Daura-Suruwal, the national dress traditionally worn by men across Nepal. It is commonly worn during festivals, weddings, and official cultural occasions.","दुबै जना बैजनी पोशाकमा एक ढोकाको छेउमा उभिएका थिए। यो दाउरा-सुरुवाल हो, नेपालभरि पुरुषहरूले परम्परागत रूपमा लगाउने राष्ट्रिय पोशाक। यो सामान्यतया उत्सव, विवाह र आधिकारिक सांस्कृतिक अवसरहरूमा लगाइन्छ।"
nepali_dresses_augmented/daura_suruwal/76.jpg,"A young boy wearing a red and gold outfit. This is the Daura-Suruwal, the national dress traditionally worn by men across Nepal. It is commonly worn during festivals, weddings, and official cultural occasions.","एक जवान केटाले रातो र सुनको पोशाक लगाएको छ। यो दाउरा-सुरुवाल हो, जुन परम्परागत रूपमा नेपालभरि पुरुषहरूले लगाउने राष्ट्रिय पोशाक हो। यो सामान्यतया उत्सव, विवाह, र आधिकारिक सांस्कृतिक अवसरहरूमा लगाइन्छ।"
nepali_dresses_augmented/daura_suruwal/76_aug1.jpg,"A young boy wearing a red and gold outfit. This is the Daura-Suruwal, the national dress traditionally worn by men across Nepal. It is commonly worn during festivals, weddings, and official cultural occasions.","एक जवान केटाले रातो र सुनको पोशाक लगाएको छ। यो दाउरा-सुरुवाल हो, जुन परम्परागत रूपमा नेपालभरि पुरुषहरूले लगाउने राष्ट्रिय पोशाक हो। यो सामान्यतया उत्सव, विवाह, र आधिकारिक सांस्कृतिक अवसरहरूमा लगाइन्छ।"
nepali_dresses_augmented/daura_suruwal/76_aug2.jpg,"A young boy wearing a red and gold outfit. This is the Daura-Suruwal, the national dress traditionally worn by men across Nepal. It is commonly worn during festivals, weddings, and official cultural occasions.","एक जवान केटाले रातो र सुनको पोशाक लगाएको छ। यो दाउरा-सुरुवाल हो, जुन परम्परागत रूपमा नेपालभरि पुरुषहरूले लगाउने राष्ट्रिय पोशाक हो। यो सामान्यतया उत्सव, विवाह, र आधिकारिक सांस्कृतिक अवसरहरूमा लगाइन्छ।"
nepali_dresses_augmented/daura_suruwal/77.jpg,"A man in a red and white outfit. This is the Daura-Suruwal, the national dress traditionally worn by men across Nepal. It is commonly worn during festivals, weddings, and official cultural occasions.","रातो र सेतो पोशाकमा एक पुरुष। यो दाउरा-सुरुवाल हो, नेपाल भरिका पुरुषहरूले परम्परागत रूपमा लगाउने राष्ट्रिय पोशाक। यो सामान्यतया उत्सव, विवाह, र आधिकारिक सांस्कृतिक अवसरहरूमा लगाइन्छ।"
nepali_dresses_augmented/daura_suruwal/77_aug1.jpg,"A man in a red and white outfit. This is the Daura-Suruwal, the national dress traditionally worn by men across Nepal. It is commonly worn during festivals, weddings, and official cultural occasions.","रातो र सेतो पोशाकमा एक पुरुष। यो दाउरा-सुरुवाल हो, नेपाल भरिका पुरुषहरूले परम्परागत रूपमा लगाउने राष्ट्रिय पोशाक। यो सामान्यतया उत्सव, विवाह, र आधिकारिक सांस्कृतिक अवसरहरूमा लगाइन्छ।"
nepali_dresses_augmented/daura_suruwal/77_aug2.jpg,"A man in a red and white outfit. This is the Daura-Suruwal, the national dress traditionally worn by men across Nepal. It is commonly worn during festivals, weddings, and official cultural occasions.","रातो र सेतो पोशाकमा एक पुरुष। यो दाउरा-सुरुवाल हो, नेपाल भरिका पुरुषहरूले परम्परागत रूपमा लगाउने राष्ट्रिय पोशाक। यो सामान्यतया उत्सव, विवाह, र आधिकारिक सांस्कृतिक अवसरहरूमा लगाइन्छ।"
nepali_dresses_augmented/daura_suruwal/78.jpg,"A little boy in a red outfit standing on the steps. This is the Daura-Suruwal, the national dress traditionally worn by men across Nepal. It is commonly worn during festivals, weddings, and official cultural occasions.","एउटा सानो केटा रातो पोशाकमा सिढीमा उभिरहेको छ। यो दाउरा-सुरुवाल हो, नेपालभरि पुरुषहरूले परम्परागत रूपमा लगाउने राष्ट्रिय पोशाक। यो सामान्यतया उत्सव, विवाह, र आधिकारिक सांस्कृतिक अवसरहरूमा लगाइन्छ।"
nepali_dresses_augmented/daura_suruwal/78_aug1.jpg,"A little boy in a red outfit standing on the steps. This is the Daura-Suruwal, the national dress traditionally worn by men across Nepal. It is commonly worn during festivals, weddings, and official cultural occasions.","एउटा सानो केटा रातो पोशाकमा सिढीमा उभिरहेको छ। यो दाउरा-सुरुवाल हो, नेपालभरि पुरुषहरूले परम्परागत रूपमा लगाउने राष्ट्रिय पोशाक। यो सामान्यतया उत्सव, विवाह, र आधिकारिक सांस्कृतिक अवसरहरूमा लगाइन्छ।"
nepali_dresses_augmented/daura_suruwal/78_aug2.jpg,"A little boy in a red outfit standing on the steps. This is the Daura-Suruwal, the national dress traditionally worn by men across Nepal. It is commonly worn during festivals, weddings, and official cultural occasions.","एउटा सानो केटा रातो पोशाकमा सिढीमा उभिरहेको छ। यो दाउरा-सुरुवाल हो, नेपालभरि पुरुषहरूले परम्परागत रूपमा लगाउने राष्ट्रिय पोशाक। यो सामान्यतया उत्सव, विवाह, र आधिकारिक सांस्कृतिक अवसरहरूमा लगाइन्छ।"
nepali_dresses_augmented/daura_suruwal/79.jpg,"A young boy dressed in traditional indian attire. This is the Daura-Suruwal, the national dress traditionally worn by men across Nepal. It is commonly worn during festivals, weddings, and official cultural occasions.","एक जवान केटा परम्परागत भारतीय पोशाकमा पहिरेको छ। यो दाउरा-सुरुवाल हो, राष्ट्रिय पोशाक जुन परम्परागत रूपमा नेपालभरि पुरुषहरूले लगाउँछन्। यो सामान्यतया उत्सव, विवाह, र आधिकारिक सांस्कृतिक अवसरहरूमा लगाइन्छ।"
nepali_dresses_augmented/daura_suruwal/79_aug1.jpg,"A young boy dressed in traditional indian attire. This is the Daura-Suruwal, the national dress traditionally worn by men across Nepal. It is commonly worn during festivals, weddings, and official cultural occasions.","एक जवान केटा परम्परागत भारतीय पोशाकमा पहिरेको छ। यो दाउरा-सुरुवाल हो, राष्ट्रिय पोशाक जुन परम्परागत रूपमा नेपालभरि पुरुषहरूले लगाउँछन्। यो सामान्यतया उत्सव, विवाह, र आधिकारिक सांस्कृतिक अवसरहरूमा लगाइन्छ।"
nepali_dresses_augmented/daura_suruwal/79_aug2.jpg,"A young boy dressed in traditional indian attire. This is the Daura-Suruwal, the national dress traditionally worn by men across Nepal. It is commonly worn during festivals, weddings, and official cultural occasions.","एक जवान केटा परम्परागत भारतीय पोशाकमा पहिरेको छ। यो दाउरा-सुरुवाल हो, राष्ट्रिय पोशाक जुन परम्परागत रूपमा नेपालभरि पुरुषहरूले लगाउँछन्। यो सामान्यतया उत्सव, विवाह, र आधिकारिक सांस्कृतिक अवसरहरूमा लगाइन्छ।"
nepali_dresses_augmented/daura_suruwal/7_aug1.jpg,"A boy in a suit and hat standing with his arms crossed. This is the Daura-Suruwal, the national dress traditionally worn by men across Nepal. It is commonly worn during festivals, weddings, and official cultural occasions.","सुट र टोपी लगाएका एक केटाले आफ्नो हातहरू क्रस गरेर उभिए। यो दाउरा-सुरुवाल हो, जुन परम्परागत रूपमा नेपालभरका पुरुषहरूले लगाउने राष्ट्रिय पोशाक हो। यो सामान्यतया उत्सव, विवाह र आधिकारिक सांस्कृतिक अवसरहरूमा लगाइन्छ।"
nepali_dresses_augmented/daura_suruwal/7_aug2.jpg,"A boy in a suit and hat standing with his arms crossed. This is the Daura-Suruwal, the national dress traditionally worn by men across Nepal. It is commonly worn during festivals, weddings, and official cultural occasions.","सुट र टोपी लगाएका एक केटाले आफ्नो हातहरू क्रस गरेर उभिए। यो दाउरा-सुरुवाल हो, जुन परम्परागत रूपमा नेपालभरका पुरुषहरूले लगाउने राष्ट्रिय पोशाक हो। यो सामान्यतया उत्सव, विवाह र आधिकारिक सांस्कृतिक अवसरहरूमा लगाइन्छ।"
nepali_dresses_augmented/daura_suruwal/8.jpg,"A man in a suit with a crown on his head. This is the Daura-Suruwal, the national dress traditionally worn by men across Nepal. It is commonly worn during festivals, weddings, and official cultural occasions.","एक पुरुषको सूटमा एउटा मुकुट छ। यो दाउरा-सुरुवाल हो, नेपालभरि पुरुषहरूले परम्परागत रूपमा लगाउने राष्ट्रिय पोशाक। यो सामान्यतया उत्सव, विवाह, र आधिकारिक सांस्कृतिक अवसरहरूमा लगाइन्छ।"
nepali_dresses_augmented/daura_suruwal/80.jpg,"A white and red outfit with a maroon stoler. This is the Daura-Suruwal, the national dress traditionally worn by men across Nepal. It is commonly worn during festivals, weddings, and official cultural occasions.","यो दाउरा-सुरुवाल हो, परम्परागत रूपमा नेपाल भरिका पुरुषहरूले लगाउने राष्ट्रिय पोशाक। यो सामान्यतया उत्सव, विवाह, र आधिकारिक सांस्कृतिक अवसरहरूमा लगाइन्छ।"
nepali_dresses_augmented/daura_suruwal/80_aug1.jpg,"A white and red outfit with a maroon stoler. This is the Daura-Suruwal, the national dress traditionally worn by men across Nepal. It is commonly worn during festivals, weddings, and official cultural occasions.","यो दाउरा-सुरुवाल हो, परम्परागत रूपमा नेपाल भरिका पुरुषहरूले लगाउने राष्ट्रिय पोशाक। यो सामान्यतया उत्सव, विवाह, र आधिकारिक सांस्कृतिक अवसरहरूमा लगाइन्छ।"
nepali_dresses_augmented/daura_suruwal/80_aug2.jpg,"A white and red outfit with a maroon stoler. This is the Daura-Suruwal, the national dress traditionally worn by men across Nepal. It is commonly worn during festivals, weddings, and official cultural occasions.","यो दाउरा-सुरुवाल हो, परम्परागत रूपमा नेपाल भरिका पुरुषहरूले लगाउने राष्ट्रिय पोशाक। यो सामान्यतया उत्सव, विवाह, र आधिकारिक सांस्कृतिक अवसरहरूमा लगाइन्छ।"
nepali_dresses_augmented/daura_suruwal/81.jpg,"A man standing in front of a building. This is the Daura-Suruwal, the national dress traditionally worn by men across Nepal. It is commonly worn during festivals, weddings, and official cultural occasions.","एक व्यक्ति भवनको अगाडि उभिरहेको छ। यो दाउरा-सुरुवाल हो, नेपालभरि पुरुषहरूले परम्परागत रूपमा लगाउने राष्ट्रिय पोशाक। यो सामान्यतया उत्सव, विवाह, र आधिकारिक सांस्कृतिक अवसरहरूमा लगाइन्छ।"
nepali_dresses_augmented/daura_suruwal/81_aug1.jpg,"A man standing in front of a building. This is the Daura-Suruwal, the national dress traditionally worn by men across Nepal. It is commonly worn during festivals, weddings, and official cultural occasions.","एक व्यक्ति भवनको अगाडि उभिरहेको छ। यो दाउरा-सुरुवाल हो, नेपालभरि पुरुषहरूले परम्परागत रूपमा लगाउने राष्ट्रिय पोशाक। यो सामान्यतया उत्सव, विवाह, र आधिकारिक सांस्कृतिक अवसरहरूमा लगाइन्छ।"
nepali_dresses_augmented/daura_suruwal/81_aug2.jpg,"A man standing in front of a building. This is the Daura-Suruwal, the national dress traditionally worn by men across Nepal. It is commonly worn during festivals, weddings, and official cultural occasions.","एक व्यक्ति भवनको अगाडि उभिरहेको छ। यो दाउरा-सुरुवाल हो, नेपालभरि पुरुषहरूले परम्परागत रूपमा लगाउने राष्ट्रिय पोशाक। यो सामान्यतया उत्सव, विवाह, र आधिकारिक सांस्कृतिक अवसरहरूमा लगाइन्छ।"
nepali_dresses_augmented/daura_suruwal/82.jpg,"A yellow and orange kurti suit with red border. This is the Daura-Suruwal, the national dress traditionally worn by men across Nepal. It is commonly worn during festivals, weddings, and official cultural occasions.","रातो सिमानाको साथ पहेंलो र सुन्तलाको कुरती सूट। यो दाउरा-सुरुवाल हो, परम्परागत रूपमा नेपालभरि पुरुषहरूले लगाउने राष्ट्रिय पोशाक। यो सामान्यतया उत्सव, विवाह, र आधिकारिक सांस्कृतिक अवसरहरूमा लगाइन्छ।"
nepali_dresses_augmented/daura_suruwal/82_aug1.jpg,"A yellow and orange kurti suit with red border. This is the Daura-Suruwal, the national dress traditionally worn by men across Nepal. It is commonly worn during festivals, weddings, and official cultural occasions.","रातो सिमानाको साथ पहेंलो र सुन्तलाको कुरती सूट। यो दाउरा-सुरुवाल हो, परम्परागत रूपमा नेपालभरि पुरुषहरूले लगाउने राष्ट्रिय पोशाक। यो सामान्यतया उत्सव, विवाह, र आधिकारिक सांस्कृतिक अवसरहरूमा लगाइन्छ।"
nepali_dresses_augmented/daura_suruwal/82_aug2.jpg,"A yellow and orange kurti suit with red border. This is the Daura-Suruwal, the national dress traditionally worn by men across Nepal. It is commonly worn during festivals, weddings, and official cultural occasions.","रातो सिमानाको साथ पहेंलो र सुन्तलाको कुरती सूट। यो दाउरा-सुरुवाल हो, परम्परागत रूपमा नेपालभरि पुरुषहरूले लगाउने राष्ट्रिय पोशाक। यो सामान्यतया उत्सव, विवाह, र आधिकारिक सांस्कृतिक अवसरहरूमा लगाइन्छ।"
nepali_dresses_augmented/daura_suruwal/83.jpg,"A man and woman walking on a wooden bridge. This is the Daura-Suruwal, the national dress traditionally worn by men across Nepal. It is commonly worn during festivals, weddings, and official cultural occasions.","एक पुरुष र महिला काठको पुलमा हिंडिरहेका छन्। यो दाउरा-सुरुवाल हो, नेपालभरि पुरुषहरूले परम्परागत रूपमा लगाउने राष्ट्रिय पोशाक। यो सामान्यतया चाडपर्व, विवाह र आधिकारिक सांस्कृतिक अवसरहरूमा लगाइन्छ।"
nepali_dresses_augmented/daura_suruwal/83_aug1.jpg,"A man and woman walking on a wooden bridge. This is the Daura-Suruwal, the national dress traditionally worn by men across Nepal. It is commonly worn during festivals, weddings, and official cultural occasions.","एक पुरुष र महिला काठको पुलमा हिंडिरहेका छन्। यो दाउरा-सुरुवाल हो, नेपालभरि पुरुषहरूले परम्परागत रूपमा लगाउने राष्ट्रिय पोशाक। यो सामान्यतया चाडपर्व, विवाह र आधिकारिक सांस्कृतिक अवसरहरूमा लगाइन्छ।"
nepali_dresses_augmented/daura_suruwal/83_aug2.jpg,"A man and woman walking on a wooden bridge. This is the Daura-Suruwal, the national dress traditionally worn by men across Nepal. It is commonly worn during festivals, weddings, and official cultural occasions.","एक पुरुष र महिला काठको पुलमा हिंडिरहेका छन्। यो दाउरा-सुरुवाल हो, नेपालभरि पुरुषहरूले परम्परागत रूपमा लगाउने राष्ट्रिय पोशाक। यो सामान्यतया चाडपर्व, विवाह र आधिकारिक सांस्कृतिक अवसरहरूमा लगाइन्छ।"
nepali_dresses_augmented/daura_suruwal/84.jpg,"A young boy wearing a traditional chinese clothing. This is the Daura-Suruwal, the national dress traditionally worn by men across Nepal. It is commonly worn during festivals, weddings, and official cultural occasions.","परम्परागत चिनियाँ कपडा लगाउने एक जवान केटा। यो दाउरा-सुरुवाल हो, नेपालभरि पुरुषहरूले परम्परागत रूपमा लगाउने राष्ट्रिय पोशाक। यो सामान्यतया उत्सव, विवाह, र आधिकारिक सांस्कृतिक अवसरहरूमा लगाइन्छ।"
nepali_dresses_augmented/daura_suruwal/84_aug1.jpg,"A young boy wearing a traditional chinese clothing. This is the Daura-Suruwal, the national dress traditionally worn by men across Nepal. It is commonly worn during festivals, weddings, and official cultural occasions.","परम्परागत चिनियाँ कपडा लगाउने एक जवान केटा। यो दाउरा-सुरुवाल हो, नेपालभरि पुरुषहरूले परम्परागत रूपमा लगाउने राष्ट्रिय पोशाक। यो सामान्यतया उत्सव, विवाह, र आधिकारिक सांस्कृतिक अवसरहरूमा लगाइन्छ।"
nepali_dresses_augmented/daura_suruwal/84_aug2.jpg,"A young boy wearing a traditional chinese clothing. This is the Daura-Suruwal, the national dress traditionally worn by men across Nepal. It is commonly worn during festivals, weddings, and official cultural occasions.","परम्परागत चिनियाँ कपडा लगाउने एक जवान केटा। यो दाउरा-सुरुवाल हो, नेपालभरि पुरुषहरूले परम्परागत रूपमा लगाउने राष्ट्रिय पोशाक। यो सामान्यतया उत्सव, विवाह, र आधिकारिक सांस्कृतिक अवसरहरूमा लगाइन्छ।"
nepali_dresses_augmented/daura_suruwal/85.jpg,"A man dressed in traditional clothing. This is the Daura-Suruwal, the national dress traditionally worn by men across Nepal. It is commonly worn during festivals, weddings, and official cultural occasions.","परम्परागत लुगा लगाएका पुरुष. यो दाउरा-सुरुवाल हो, नेपालभरि पुरुषहरूले परम्परागत रूपमा लगाउने राष्ट्रिय लुगा। यो सामान्यतया उत्सव, विवाह, र आधिकारिक सांस्कृतिक अवसरहरूमा लगाइन्छ।"
nepali_dresses_augmented/daura_suruwal/85_aug1.jpg,"A man dressed in traditional clothing. This is the Daura-Suruwal, the national dress traditionally worn by men across Nepal. It is commonly worn during festivals, weddings, and official cultural occasions.","परम्परागत लुगा लगाएका पुरुष. यो दाउरा-सुरुवाल हो, नेपालभरि पुरुषहरूले परम्परागत रूपमा लगाउने राष्ट्रिय लुगा। यो सामान्यतया उत्सव, विवाह, र आधिकारिक सांस्कृतिक अवसरहरूमा लगाइन्छ।"
nepali_dresses_augmented/daura_suruwal/85_aug2.jpg,"A man dressed in traditional clothing. This is the Daura-Suruwal, the national dress traditionally worn by men across Nepal. It is commonly worn during festivals, weddings, and official cultural occasions.","परम्परागत लुगा लगाएका पुरुष. यो दाउरा-सुरुवाल हो, नेपालभरि पुरुषहरूले परम्परागत रूपमा लगाउने राष्ट्रिय लुगा। यो सामान्यतया उत्सव, विवाह, र आधिकारिक सांस्कृतिक अवसरहरूमा लगाइन्छ।"
nepali_dresses_augmented/daura_suruwal/86.jpg,"A man walking down the street in dubai, uae - stock image. This is the Daura-Suruwal, the national dress traditionally worn by men across Nepal. It is commonly worn during festivals, weddings, and official cultural occasions.","दुबईको सडकमा हिँड्ने एक पुरुष, uae - स्टक छवि। यो दाउरा-सुरुवाल हो, नेपालभरि पुरुषहरूले परम्परागत रूपमा लगाउने राष्ट्रिय पोशाक। यो सामान्यतया उत्सव, विवाह, र आधिकारिक सांस्कृतिक अवसरहरूमा लगाइन्छ।"
nepali_dresses_augmented/daura_suruwal/86_aug1.jpg,"A man walking down the street in dubai, uae - stock image. This is the Daura-Suruwal, the national dress traditionally worn by men across Nepal. It is commonly worn during festivals, weddings, and official cultural occasions.","दुबईको सडकमा हिँड्ने एक पुरुष, uae - स्टक छवि। यो दाउरा-सुरुवाल हो, नेपालभरि पुरुषहरूले परम्परागत रूपमा लगाउने राष्ट्रिय पोशाक। यो सामान्यतया उत्सव, विवाह, र आधिकारिक सांस्कृतिक अवसरहरूमा लगाइन्छ।"
nepali_dresses_augmented/daura_suruwal/86_aug2.jpg,"A man walking down the street in dubai, uae - stock image. This is the Daura-Suruwal, the national dress traditionally worn by men across Nepal. It is commonly worn during festivals, weddings, and official cultural occasions.","दुबईको सडकमा हिँड्ने एक पुरुष, uae - स्टक छवि। यो दाउरा-सुरुवाल हो, नेपालभरि पुरुषहरूले परम्परागत रूपमा लगाउने राष्ट्रिय पोशाक। यो सामान्यतया उत्सव, विवाह, र आधिकारिक सांस्कृतिक अवसरहरूमा लगाइन्छ।"
nepali_dresses_augmented/daura_suruwal/87.jpg,"A man wearing a face mask in the streets of mumbai, india - stock image. This is the Daura-Suruwal, the national dress traditionally worn by men across Nepal. It is commonly worn during festivals, weddings, and official cultural occasions.","भारतको मुम्बईको सडकमा फेस मास्क लगाउने एक पुरुष - स्टक छवि। यो दाउरा-सुरुवाल हो, नेपालभरि पुरुषहरूले परम्परागत रूपमा लगाउने राष्ट्रिय पोशाक। यो सामान्यतया उत्सव, विवाह, र आधिकारिक सांस्कृतिक अवसरहरूमा लगाइन्छ।"
nepali_dresses_augmented/daura_suruwal/87_aug1.jpg,"A man wearing a face mask in the streets of mumbai, india - stock image. This is the Daura-Suruwal, the national dress traditionally worn by men across Nepal. It is commonly worn during festivals, weddings, and official cultural occasions.","भारतको मुम्बईको सडकमा फेस मास्क लगाउने एक पुरुष - स्टक छवि। यो दाउरा-सुरुवाल हो, नेपालभरि पुरुषहरूले परम्परागत रूपमा लगाउने राष्ट्रिय पोशाक। यो सामान्यतया उत्सव, विवाह, र आधिकारिक सांस्कृतिक अवसरहरूमा लगाइन्छ।"
nepali_dresses_augmented/daura_suruwal/87_aug2.jpg,"A man wearing a face mask in the streets of mumbai, india - stock image. This is the Daura-Suruwal, the national dress traditionally worn by men across Nepal. It is commonly worn during festivals, weddings, and official cultural occasions.","भारतको मुम्बईको सडकमा फेस मास्क लगाउने एक पुरुष - स्टक छवि। यो दाउरा-सुरुवाल हो, नेपालभरि पुरुषहरूले परम्परागत रूपमा लगाउने राष्ट्रिय पोशाक। यो सामान्यतया उत्सव, विवाह, र आधिकारिक सांस्कृतिक अवसरहरूमा लगाइन्छ।"
nepali_dresses_augmented/daura_suruwal/88.jpg,"A young man in traditional clothing poses for the camera. This is the Daura-Suruwal, the national dress traditionally worn by men across Nepal. It is commonly worn during festivals, weddings, and official cultural occasions.","परम्परागत लुगा लगाएका एक युवाले क्यामेराको लागि पोज गर्दछन्। यो दाउरा-सुरुवाल हो, नेपालभरि पुरुषहरूले परम्परागत रूपमा लगाउने राष्ट्रिय पोशाक। यो सामान्यतया उत्सव, विवाह, र आधिकारिक सांस्कृतिक अवसरहरूमा लगाइन्छ।"
nepali_dresses_augmented/daura_suruwal/88_aug1.jpg,"A young man in traditional clothing poses for the camera. This is the Daura-Suruwal, the national dress traditionally worn by men across Nepal. It is commonly worn during festivals, weddings, and official cultural occasions.","परम्परागत लुगा लगाएका एक युवाले क्यामेराको लागि पोज गर्दछन्। यो दाउरा-सुरुवाल हो, नेपालभरि पुरुषहरूले परम्परागत रूपमा लगाउने राष्ट्रिय पोशाक। यो सामान्यतया उत्सव, विवाह, र आधिकारिक सांस्कृतिक अवसरहरूमा लगाइन्छ।"
nepali_dresses_augmented/daura_suruwal/88_aug2.jpg,"A young man in traditional clothing poses for the camera. This is the Daura-Suruwal, the national dress traditionally worn by men across Nepal. It is commonly worn during festivals, weddings, and official cultural occasions.","परम्परागत लुगा लगाएका एक युवाले क्यामेराको लागि पोज गर्दछन्। यो दाउरा-सुरुवाल हो, नेपालभरि पुरुषहरूले परम्परागत रूपमा लगाउने राष्ट्रिय पोशाक। यो सामान्यतया उत्सव, विवाह, र आधिकारिक सांस्कृतिक अवसरहरूमा लगाइन्छ।"
nepali_dresses_augmented/daura_suruwal/89.jpg,"A group of men standing in front of a building. This is the Daura-Suruwal, the national dress traditionally worn by men across Nepal. It is commonly worn during festivals, weddings, and official cultural occasions.","एक भवनको अगाडि उभिएका पुरुषहरूको समूह। यो दाउरा-सुरुवाल हो, नेपालभरि पुरुषहरूले परम्परागत रूपमा लगाउने राष्ट्रिय पोशाक। यो सामान्यतया उत्सव, विवाह, र आधिकारिक सांस्कृतिक अवसरहरूमा लगाइन्छ।"
nepali_dresses_augmented/daura_suruwal/89_aug1.jpg,"A group of men standing in front of a building. This is the Daura-Suruwal, the national dress traditionally worn by men across Nepal. It is commonly worn during festivals, weddings, and official cultural occasions.","एक भवनको अगाडि उभिएका पुरुषहरूको समूह। यो दाउरा-सुरुवाल हो, नेपालभरि पुरुषहरूले परम्परागत रूपमा लगाउने राष्ट्रिय पोशाक। यो सामान्यतया उत्सव, विवाह, र आधिकारिक सांस्कृतिक अवसरहरूमा लगाइन्छ।"
nepali_dresses_augmented/daura_suruwal/89_aug2.jpg,"A group of men standing in front of a building. This is the Daura-Suruwal, the national dress traditionally worn by men across Nepal. It is commonly worn during festivals, weddings, and official cultural occasions.","एक भवनको अगाडि उभिएका पुरुषहरूको समूह। यो दाउरा-सुरुवाल हो, नेपालभरि पुरुषहरूले परम्परागत रूपमा लगाउने राष्ट्रिय पोशाक। यो सामान्यतया उत्सव, विवाह, र आधिकारिक सांस्कृतिक अवसरहरूमा लगाइन्छ।"
nepali_dresses_augmented/daura_suruwal/8_aug1.jpg,"A man in a suit with a crown on his head. This is the Daura-Suruwal, the national dress traditionally worn by men across Nepal. It is commonly worn during festivals, weddings, and official cultural occasions.","एक पुरुषको सूटमा एउटा मुकुट छ। यो दाउरा-सुरुवाल हो, नेपालभरि पुरुषहरूले परम्परागत रूपमा लगाउने राष्ट्रिय पोशाक। यो सामान्यतया उत्सव, विवाह, र आधिकारिक सांस्कृतिक अवसरहरूमा लगाइन्छ।"
nepali_dresses_augmented/daura_suruwal/8_aug2.jpg,"A man in a suit with a crown on his head. This is the Daura-Suruwal, the national dress traditionally worn by men across Nepal. It is commonly worn during festivals, weddings, and official cultural occasions.","एक पुरुषको सूटमा एउटा मुकुट छ। यो दाउरा-सुरुवाल हो, नेपालभरि पुरुषहरूले परम्परागत रूपमा लगाउने राष्ट्रिय पोशाक। यो सामान्यतया उत्सव, विवाह, र आधिकारिक सांस्कृतिक अवसरहरूमा लगाइन्छ।"
nepali_dresses_augmented/daura_suruwal/9.jpg,"Three men standing next to each other men. This is the Daura-Suruwal, the national dress traditionally worn by men across Nepal. It is commonly worn during festivals, weddings, and official cultural occasions.","तीन जना पुरुष एकअर्काको छेउमा उभिरहेका छन्। यो दाउरा-सुरुवाल हो, नेपालभरि पुरुषहरूले परम्परागत रूपमा लगाउने राष्ट्रिय पोशाक। यो सामान्यतया उत्सव, विवाह, र आधिकारिक सांस्कृतिक अवसरहरूमा लगाइन्छ।"
nepali_dresses_augmented/daura_suruwal/90.jpg,"A man sitting on top of a stool. This is the Daura-Suruwal, the national dress traditionally worn by men across Nepal. It is commonly worn during festivals, weddings, and official cultural occasions.","एक पुरुष एक कुर्सीको शीर्षमा बसिरहेको छ। यो दाउरा-सुरुवाल हो, परम्परागत रूपमा नेपालभरि पुरुषहरूले लगाउने राष्ट्रिय पोशाक। यो सामान्यतया उत्सव, विवाह, र आधिकारिक सांस्कृतिक अवसरहरूमा लगाइन्छ।"
nepali_dresses_augmented/daura_suruwal/90_aug1.jpg,"A man sitting on top of a stool. This is the Daura-Suruwal, the national dress traditionally worn by men across Nepal. It is commonly worn during festivals, weddings, and official cultural occasions.","एक पुरुष एक कुर्सीको शीर्षमा बसिरहेको छ। यो दाउरा-सुरुवाल हो, परम्परागत रूपमा नेपालभरि पुरुषहरूले लगाउने राष्ट्रिय पोशाक। यो सामान्यतया उत्सव, विवाह, र आधिकारिक सांस्कृतिक अवसरहरूमा लगाइन्छ।"
nepali_dresses_augmented/daura_suruwal/90_aug2.jpg,"A man sitting on top of a stool. This is the Daura-Suruwal, the national dress traditionally worn by men across Nepal. It is commonly worn during festivals, weddings, and official cultural occasions.","एक पुरुष एक कुर्सीको शीर्षमा बसिरहेको छ। यो दाउरा-सुरुवाल हो, परम्परागत रूपमा नेपालभरि पुरुषहरूले लगाउने राष्ट्रिय पोशाक। यो सामान्यतया उत्सव, विवाह, र आधिकारिक सांस्कृतिक अवसरहरूमा लगाइन्छ।"
nepali_dresses_augmented/daura_suruwal/91.jpg,"A boy holding a flag and pointing at it. This is the Daura-Suruwal, the national dress traditionally worn by men across Nepal. It is commonly worn during festivals, weddings, and official cultural occasions.","एउटा बालकले झण्डा समातेर त्यसलाई औंल्याइरहेको छ। यो दाउरा-सुरुवाल हो, जुन परम्परागत रूपमा नेपालभरि पुरुषहरूले लगाउने राष्ट्रिय पोशाक हो। यो सामान्यतया उत्सव, विवाह, र आधिकारिक सांस्कृतिक अवसरहरूमा लगाइन्छ।"
nepali_dresses_augmented/daura_suruwal/91_aug1.jpg,"A boy holding a flag and pointing at it. This is the Daura-Suruwal, the national dress traditionally worn by men across Nepal. It is commonly worn during festivals, weddings, and official cultural occasions.","एउटा बालकले झण्डा समातेर त्यसलाई औंल्याइरहेको छ। यो दाउरा-सुरुवाल हो, जुन परम्परागत रूपमा नेपालभरि पुरुषहरूले लगाउने राष्ट्रिय पोशाक हो। यो सामान्यतया उत्सव, विवाह, र आधिकारिक सांस्कृतिक अवसरहरूमा लगाइन्छ।"
nepali_dresses_augmented/daura_suruwal/91_aug2.jpg,"A boy holding a flag and pointing at it. This is the Daura-Suruwal, the national dress traditionally worn by men across Nepal. It is commonly worn during festivals, weddings, and official cultural occasions.","एउटा बालकले झण्डा समातेर त्यसलाई औंल्याइरहेको छ। यो दाउरा-सुरुवाल हो, जुन परम्परागत रूपमा नेपालभरि पुरुषहरूले लगाउने राष्ट्रिय पोशाक हो। यो सामान्यतया उत्सव, विवाह, र आधिकारिक सांस्कृतिक अवसरहरूमा लगाइन्छ।"
nepali_dresses_augmented/daura_suruwal/92.jpg,"A man in a maroon jacket and white shirt. This is the Daura-Suruwal, the national dress traditionally worn by men across Nepal. It is commonly worn during festivals, weddings, and official cultural occasions.","एक ब्राउन ज्याकेट र सेतो शर्टमा एक पुरुष। यो दाउरा-सुरुवाल हो, परम्परागत रूपमा नेपाल भरिका पुरुषहरूले लगाउने राष्ट्रिय पोशाक। यो सामान्यतया उत्सव, विवाह, र आधिकारिक सांस्कृतिक अवसरहरूमा लगाइन्छ।"
nepali_dresses_augmented/daura_suruwal/92_aug1.jpg,"A man in a maroon jacket and white shirt. This is the Daura-Suruwal, the national dress traditionally worn by men across Nepal. It is commonly worn during festivals, weddings, and official cultural occasions.","एक ब्राउन ज्याकेट र सेतो शर्टमा एक पुरुष। यो दाउरा-सुरुवाल हो, परम्परागत रूपमा नेपाल भरिका पुरुषहरूले लगाउने राष्ट्रिय पोशाक। यो सामान्यतया उत्सव, विवाह, र आधिकारिक सांस्कृतिक अवसरहरूमा लगाइन्छ।"
nepali_dresses_augmented/daura_suruwal/92_aug2.jpg,"A man in a maroon jacket and white shirt. This is the Daura-Suruwal, the national dress traditionally worn by men across Nepal. It is commonly worn during festivals, weddings, and official cultural occasions.","एक ब्राउन ज्याकेट र सेतो शर्टमा एक पुरुष। यो दाउरा-सुरुवाल हो, परम्परागत रूपमा नेपाल भरिका पुरुषहरूले लगाउने राष्ट्रिय पोशाक। यो सामान्यतया उत्सव, विवाह, र आधिकारिक सांस्कृतिक अवसरहरूमा लगाइन्छ।"
nepali_dresses_augmented/daura_suruwal/93.jpg,"A man in a suit standing next to a car. This is the Daura-Suruwal, the national dress traditionally worn by men across Nepal. It is commonly worn during festivals, weddings, and official cultural occasions.","एउटा सुटमा बसेको मानिस कारको छेउमा उभिएको छ। यो दाउरा-सुरुवाल हो, नेपालभरि पुरुषहरूले परम्परागत रूपमा लगाउने राष्ट्रिय पोशाक। यो सामान्यतया उत्सव, विवाह, र आधिकारिक सांस्कृतिक अवसरहरूमा लगाइन्छ।"
nepali_dresses_augmented/daura_suruwal/93_aug1.jpg,"A man in a suit standing next to a car. This is the Daura-Suruwal, the national dress traditionally worn by men across Nepal. It is commonly worn during festivals, weddings, and official cultural occasions.","एउटा सुटमा बसेको मानिस कारको छेउमा उभिएको छ। यो दाउरा-सुरुवाल हो, नेपालभरि पुरुषहरूले परम्परागत रूपमा लगाउने राष्ट्रिय पोशाक। यो सामान्यतया उत्सव, विवाह, र आधिकारिक सांस्कृतिक अवसरहरूमा लगाइन्छ।"
nepali_dresses_augmented/daura_suruwal/93_aug2.jpg,"A man in a suit standing next to a car. This is the Daura-Suruwal, the national dress traditionally worn by men across Nepal. It is commonly worn during festivals, weddings, and official cultural occasions.","एउटा सुटमा बसेको मानिस कारको छेउमा उभिएको छ। यो दाउरा-सुरुवाल हो, नेपालभरि पुरुषहरूले परम्परागत रूपमा लगाउने राष्ट्रिय पोशाक। यो सामान्यतया उत्सव, विवाह, र आधिकारिक सांस्कृतिक अवसरहरूमा लगाइन्छ।"
nepali_dresses_augmented/daura_suruwal/94.jpg,"A man in a maroon jacket and white shirt. This is the Daura-Suruwal, the national dress traditionally worn by men across Nepal. It is commonly worn during festivals, weddings, and official cultural occasions.","एक ब्राउन ज्याकेट र सेतो शर्टमा एक पुरुष। यो दाउरा-सुरुवाल हो, परम्परागत रूपमा नेपाल भरिका पुरुषहरूले लगाउने राष्ट्रिय पोशाक। यो सामान्यतया उत्सव, विवाह, र आधिकारिक सांस्कृतिक अवसरहरूमा लगाइन्छ।"
nepali_dresses_augmented/daura_suruwal/94_aug1.jpg,"A man in a maroon jacket and white shirt. This is the Daura-Suruwal, the national dress traditionally worn by men across Nepal. It is commonly worn during festivals, weddings, and official cultural occasions.","एक ब्राउन ज्याकेट र सेतो शर्टमा एक पुरुष। यो दाउरा-सुरुवाल हो, परम्परागत रूपमा नेपाल भरिका पुरुषहरूले लगाउने राष्ट्रिय पोशाक। यो सामान्यतया उत्सव, विवाह, र आधिकारिक सांस्कृतिक अवसरहरूमा लगाइन्छ।"
nepali_dresses_augmented/daura_suruwal/94_aug2.jpg,"A man in a maroon jacket and white shirt. This is the Daura-Suruwal, the national dress traditionally worn by men across Nepal. It is commonly worn during festivals, weddings, and official cultural occasions.","एक ब्राउन ज्याकेट र सेतो शर्टमा एक पुरुष। यो दाउरा-सुरुवाल हो, परम्परागत रूपमा नेपाल भरिका पुरुषहरूले लगाउने राष्ट्रिय पोशाक। यो सामान्यतया उत्सव, विवाह, र आधिकारिक सांस्कृतिक अवसरहरूमा लगाइन्छ।"
nepali_dresses_augmented/daura_suruwal/95.jpg,"A man in a blue shirt and pants sitting on a stool. This is the Daura-Suruwal, the national dress traditionally worn by men across Nepal. It is commonly worn during festivals, weddings, and official cultural occasions.","एक नीलो शर्ट र प्यान्टमा एक कुर्सीमा बस्ने एक व्यक्ति। यो दाउरा-सुरुवाल हो, नेपाल भरिका पुरुषहरूले परम्परागत रूपमा लगाउने राष्ट्रिय पोशाक। यो सामान्यतया उत्सव, विवाह, र आधिकारिक सांस्कृतिक अवसरहरूमा लगाइन्छ।"
nepali_dresses_augmented/daura_suruwal/95_aug1.jpg,"A man in a blue shirt and pants sitting on a stool. This is the Daura-Suruwal, the national dress traditionally worn by men across Nepal. It is commonly worn during festivals, weddings, and official cultural occasions.","एक नीलो शर्ट र प्यान्टमा एक कुर्सीमा बस्ने एक व्यक्ति। यो दाउरा-सुरुवाल हो, नेपाल भरिका पुरुषहरूले परम्परागत रूपमा लगाउने राष्ट्रिय पोशाक। यो सामान्यतया उत्सव, विवाह, र आधिकारिक सांस्कृतिक अवसरहरूमा लगाइन्छ।"
nepali_dresses_augmented/daura_suruwal/95_aug2.jpg,"A man in a blue shirt and pants sitting on a stool. This is the Daura-Suruwal, the national dress traditionally worn by men across Nepal. It is commonly worn during festivals, weddings, and official cultural occasions.","एक नीलो शर्ट र प्यान्टमा एक कुर्सीमा बस्ने एक व्यक्ति। यो दाउरा-सुरुवाल हो, नेपाल भरिका पुरुषहरूले परम्परागत रूपमा लगाउने राष्ट्रिय पोशाक। यो सामान्यतया उत्सव, विवाह, र आधिकारिक सांस्कृतिक अवसरहरूमा लगाइन्छ।"
nepali_dresses_augmented/daura_suruwal/96.jpg,"A little boy in a suit and hat. This is the Daura-Suruwal, the national dress traditionally worn by men across Nepal. It is commonly worn during festivals, weddings, and official cultural occasions.","एउटा सूट र टोपीमा सानो केटा। यो दाउरा-सुरुवाल हो, नेपालभरि पुरुषहरूले परम्परागत रूपमा लगाउने राष्ट्रिय पोशाक। यो सामान्यतया उत्सव, विवाह, र आधिकारिक सांस्कृतिक अवसरहरूमा लगाइन्छ।"
nepali_dresses_augmented/daura_suruwal/96_aug1.jpg,"A little boy in a suit and hat. This is the Daura-Suruwal, the national dress traditionally worn by men across Nepal. It is commonly worn during festivals, weddings, and official cultural occasions.","एउटा सूट र टोपीमा सानो केटा। यो दाउरा-सुरुवाल हो, नेपालभरि पुरुषहरूले परम्परागत रूपमा लगाउने राष्ट्रिय पोशाक। यो सामान्यतया उत्सव, विवाह, र आधिकारिक सांस्कृतिक अवसरहरूमा लगाइन्छ।"
nepali_dresses_augmented/daura_suruwal/96_aug2.jpg,"A little boy in a suit and hat. This is the Daura-Suruwal, the national dress traditionally worn by men across Nepal. It is commonly worn during festivals, weddings, and official cultural occasions.","एउटा सूट र टोपीमा सानो केटा। यो दाउरा-सुरुवाल हो, नेपालभरि पुरुषहरूले परम्परागत रूपमा लगाउने राष्ट्रिय पोशाक। यो सामान्यतया उत्सव, विवाह, र आधिकारिक सांस्कृतिक अवसरहरूमा लगाइन्छ।"
nepali_dresses_augmented/daura_suruwal/97.jpg,"A bride and groom walking down the road. This is the Daura-Suruwal, the national dress traditionally worn by men across Nepal. It is commonly worn during festivals, weddings, and official cultural occasions.","एक दुलही र दुलही सडकमा हिंडिरहेका छन्। यो दाउरा-सुरुवाल हो, नेपालभरि पुरुषहरूले परम्परागत रूपमा लगाउने राष्ट्रिय पोशाक। यो सामान्यतया उत्सव, विवाह, र आधिकारिक सांस्कृतिक अवसरहरूमा लगाइन्छ।"
nepali_dresses_augmented/daura_suruwal/97_aug1.jpg,"A bride and groom walking down the road. This is the Daura-Suruwal, the national dress traditionally worn by men across Nepal. It is commonly worn during festivals, weddings, and official cultural occasions.","एक दुलही र दुलही सडकमा हिंडिरहेका छन्। यो दाउरा-सुरुवाल हो, नेपालभरि पुरुषहरूले परम्परागत रूपमा लगाउने राष्ट्रिय पोशाक। यो सामान्यतया उत्सव, विवाह, र आधिकारिक सांस्कृतिक अवसरहरूमा लगाइन्छ।"
nepali_dresses_augmented/daura_suruwal/97_aug2.jpg,"A bride and groom walking down the road. This is the Daura-Suruwal, the national dress traditionally worn by men across Nepal. It is commonly worn during festivals, weddings, and official cultural occasions.","एक दुलही र दुलही सडकमा हिंडिरहेका छन्। यो दाउरा-सुरुवाल हो, नेपालभरि पुरुषहरूले परम्परागत रूपमा लगाउने राष्ट्रिय पोशाक। यो सामान्यतया उत्सव, विवाह, र आधिकारिक सांस्कृतिक अवसरहरूमा लगाइन्छ।"
nepali_dresses_augmented/daura_suruwal/98.jpg,"A man standing in front of a brick wall. This is the Daura-Suruwal, the national dress traditionally worn by men across Nepal. It is commonly worn during festivals, weddings, and official cultural occasions.","इँटाको पर्खालको अगाडि उभिएका पुरुष. यो दाउरा-सुरुवाल हो, नेपालभरि पुरुषहरूले परम्परागत रूपमा लगाउने राष्ट्रिय पोशाक। यो सामान्यतया उत्सव, विवाह, र आधिकारिक सांस्कृतिक अवसरहरूमा लगाइन्छ।"
nepali_dresses_augmented/daura_suruwal/98_aug1.jpg,"A man standing in front of a brick wall. This is the Daura-Suruwal, the national dress traditionally worn by men across Nepal. It is commonly worn during festivals, weddings, and official cultural occasions.","इँटाको पर्खालको अगाडि उभिएका पुरुष. यो दाउरा-सुरुवाल हो, नेपालभरि पुरुषहरूले परम्परागत रूपमा लगाउने राष्ट्रिय पोशाक। यो सामान्यतया उत्सव, विवाह, र आधिकारिक सांस्कृतिक अवसरहरूमा लगाइन्छ।"
nepali_dresses_augmented/daura_suruwal/98_aug2.jpg,"A man standing in front of a brick wall. This is the Daura-Suruwal, the national dress traditionally worn by men across Nepal. It is commonly worn during festivals, weddings, and official cultural occasions.","इँटाको पर्खालको अगाडि उभिएका पुरुष. यो दाउरा-सुरुवाल हो, नेपालभरि पुरुषहरूले परम्परागत रूपमा लगाउने राष्ट्रिय पोशाक। यो सामान्यतया उत्सव, विवाह, र आधिकारिक सांस्कृतिक अवसरहरूमा लगाइन्छ।"
nepali_dresses_augmented/daura_suruwal/99.jpg,"A young boy wearing a grey kurta. This is the Daura-Suruwal, the national dress traditionally worn by men across Nepal. It is commonly worn during festivals, weddings, and official cultural occasions.","दाउरा-सुरुवाल, नेपालभरका पुरुषहरूले परम्परागत रूपमा लगाउने राष्ट्रिय पोशाक हो। यो सामान्यतया उत्सव, विवाह, र आधिकारिक सांस्कृतिक अवसरहरूमा लगाइन्छ।"
nepali_dresses_augmented/daura_suruwal/99_aug1.jpg,"A young boy wearing a grey kurta. This is the Daura-Suruwal, the national dress traditionally worn by men across Nepal. It is commonly worn during festivals, weddings, and official cultural occasions.","दाउरा-सुरुवाल, नेपालभरका पुरुषहरूले परम्परागत रूपमा लगाउने राष्ट्रिय पोशाक हो। यो सामान्यतया उत्सव, विवाह, र आधिकारिक सांस्कृतिक अवसरहरूमा लगाइन्छ।"
nepali_dresses_augmented/daura_suruwal/99_aug2.jpg,"A young boy wearing a grey kurta. This is the Daura-Suruwal, the national dress traditionally worn by men across Nepal. It is commonly worn during festivals, weddings, and official cultural occasions.","दाउरा-सुरुवाल, नेपालभरका पुरुषहरूले परम्परागत रूपमा लगाउने राष्ट्रिय पोशाक हो। यो सामान्यतया उत्सव, विवाह, र आधिकारिक सांस्कृतिक अवसरहरूमा लगाइन्छ।"
nepali_dresses_augmented/daura_suruwal/9_aug1.jpg,"Three men standing next to each other men. This is the Daura-Suruwal, the national dress traditionally worn by men across Nepal. It is commonly worn during festivals, weddings, and official cultural occasions.","तीन जना पुरुष एकअर्काको छेउमा उभिरहेका छन्। यो दाउरा-सुरुवाल हो, नेपालभरि पुरुषहरूले परम्परागत रूपमा लगाउने राष्ट्रिय पोशाक। यो सामान्यतया उत्सव, विवाह, र आधिकारिक सांस्कृतिक अवसरहरूमा लगाइन्छ।"
nepali_dresses_augmented/daura_suruwal/9_aug2.jpg,"Three men standing next to each other men. This is the Daura-Suruwal, the national dress traditionally worn by men across Nepal. It is commonly worn during festivals, weddings, and official cultural occasions.","तीन जना पुरुष एकअर्काको छेउमा उभिरहेका छन्। यो दाउरा-सुरुवाल हो, नेपालभरि पुरुषहरूले परम्परागत रूपमा लगाउने राष्ट्रिय पोशाक। यो सामान्यतया उत्सव, विवाह, र आधिकारिक सांस्कृतिक अवसरहरूमा लगाइन्छ।"
