image_path,caption_en,caption_ne
nepali_dresses_augmented/gunyo_cholo/1.jpg,"A group of girls in pink dresses walking down the street. This is the Gunyo-Cholo, a traditional dress worn by Nepali girls and women. It is often worn during coming-of-age ceremonies and cultural celebrations.","गुन्यो-चोलो, नेपाली केटी र महिलाले लगाउने परम्परागत पोशाक हो। यो प्रायः वयस्कता समारोह र सांस्कृतिक उत्सवहरूमा लगाइन्छ।"
nepali_dresses_augmented/gunyo_cholo/10.jpg,"A red jacket with yellow and red flowers. This is the Gunyo-Cholo, a traditional dress worn by Nepali girls and women. It is often worn during coming-of-age ceremonies and cultural celebrations.","पहेलो र रातो फूलको साथ रातो ज्याकेट। यो गुन्यो-चोलो हो, एक परम्परागत पोशाक जुन नेपाली केटीहरू र महिलाहरूले लगाउँछन्। यो प्रायः वयस्कता समारोह र सांस्कृतिक उत्सवहरूमा लगाइन्छ।"
nepali_dresses_augmented/gunyo_cholo/10_aug1.jpg,"A red jacket with yellow and red flowers. This is the Gunyo-Cholo, a traditional dress worn by Nepali girls and women. It is often worn during coming-of-age ceremonies and cultural celebrations.","पहेलो र रातो फूलको साथ रातो ज्याकेट। यो गुन्यो-चोलो हो, एक परम्परागत पोशाक जुन नेपाली केटीहरू र महिलाहरूले लगाउँछन्। यो प्रायः वयस्कता समारोह र सांस्कृतिक उत्सवहरूमा लगाइन्छ।"
nepali_dresses_augmented/gunyo_cholo/10_aug10.jpg,"A red jacket with yellow and red flowers. This is the Gunyo-Cholo, a traditional dress worn by Nepali girls and women. It is often worn during coming-of-age ceremonies and cultural celebrations.","पहेलो र रातो फूलको साथ रातो ज्याकेट। यो गुन्यो-चोलो हो, एक परम्परागत पोशाक जुन नेपाली केटीहरू र महिलाहरूले लगाउँछन्। यो प्रायः वयस्कता समारोह र सांस्कृतिक उत्सवहरूमा लगाइन्छ।"
nepali_dresses_augmented/gunyo_cholo/10_aug2.jpg,"A red jacket with yellow and red flowers. This is the Gunyo-Cholo, a traditional dress worn by Nepali girls and women. It is often worn during coming-of-age ceremonies and cultural celebrations.","पहेलो र रातो फूलको साथ रातो ज्याकेट। यो गुन्यो-चोलो हो, एक परम्परागत पोशाक जुन नेपाली केटीहरू र महिलाहरूले लगाउँछन्। यो प्रायः वयस्कता समारोह र सांस्कृतिक उत्सवहरूमा लगाइन्छ।"
nepali_dresses_augmented/gunyo_cholo/10_aug3.jpg,"A red jacket with yellow and red flowers. This is the Gunyo-Cholo, a traditional dress worn by Nepali girls and women. It is often worn during coming-of-age ceremonies and cultural celebrations.","पहेलो र रातो फूलको साथ रातो ज्याकेट। यो गुन्यो-चोलो हो, एक परम्परागत पोशाक जुन नेपाली केटीहरू र महिलाहरूले लगाउँछन्। यो प्रायः वयस्कता समारोह र सांस्कृतिक उत्सवहरूमा लगाइन्छ।"
nepali_dresses_augmented/gunyo_cholo/10_aug4.jpg,"A red jacket with yellow and red flowers. This is the Gunyo-Cholo, a traditional dress worn by Nepali girls and women. It is often worn during coming-of-age ceremonies and cultural celebrations.","पहेलो र रातो फूलको साथ रातो ज्याकेट। यो गुन्यो-चोलो हो, एक परम्परागत पोशाक जुन नेपाली केटीहरू र महिलाहरूले लगाउँछन्। यो प्रायः वयस्कता समारोह र सांस्कृतिक उत्सवहरूमा लगाइन्छ।"
nepali_dresses_augmented/gunyo_cholo/10_aug5.jpg,"A red jacket with yellow and red flowers. This is the Gunyo-Cholo, a traditional dress worn by Nepali girls and women. It is often worn during coming-of-age ceremonies and cultural celebrations.","पहेलो र रातो फूलको साथ रातो ज्याकेट। यो गुन्यो-चोलो हो, एक परम्परागत पोशाक जुन नेपाली केटीहरू र महिलाहरूले लगाउँछन्। यो प्रायः वयस्कता समारोह र सांस्कृतिक उत्सवहरूमा लगाइन्छ।"
nepali_dresses_augmented/gunyo_cholo/10_aug6.jpg,"A red jacket with yellow and red flowers. This is the Gunyo-Cholo, a traditional dress worn by Nepali girls and women. It is often worn during coming-of-age ceremonies and cultural celebrations.","पहेलो र रातो फूलको साथ रातो ज्याकेट। यो गुन्यो-चोलो हो, एक परम्परागत पोशाक जुन नेपाली केटीहरू र महिलाहरूले लगाउँछन्। यो प्रायः वयस्कता समारोह र सांस्कृतिक उत्सवहरूमा लगाइन्छ।"
nepali_dresses_augmented/gunyo_cholo/10_aug7.jpg,"A red jacket with yellow and red flowers. This is the Gunyo-Cholo, a traditional dress worn by Nepali girls and women. It is often worn during coming-of-age ceremonies and cultural celebrations.","पहेलो र रातो फूलको साथ रातो ज्याकेट। यो गुन्यो-चोलो हो, एक परम्परागत पोशाक जुन नेपाली केटीहरू र महिलाहरूले लगाउँछन्। यो प्रायः वयस्कता समारोह र सांस्कृतिक उत्सवहरूमा लगाइन्छ।"
nepali_dresses_augmented/gunyo_cholo/10_aug8.jpg,"A red jacket with yellow and red flowers. This is the Gunyo-Cholo, a traditional dress worn by Nepali girls and women. It is often worn during coming-of-age ceremonies and cultural celebrations.","पहेलो र रातो फूलको साथ रातो ज्याकेट। यो गुन्यो-चोलो हो, एक परम्परागत पोशाक जुन नेपाली केटीहरू र महिलाहरूले लगाउँछन्। यो प्रायः वयस्कता समारोह र सांस्कृतिक उत्सवहरूमा लगाइन्छ।"
nepali_dresses_augmented/gunyo_cholo/10_aug9.jpg,"A red jacket with yellow and red flowers. This is the Gunyo-Cholo, a traditional dress worn by Nepali girls and women. It is often worn during coming-of-age ceremonies and cultural celebrations.","पहेलो र रातो फूलको साथ रातो ज्याकेट। यो गुन्यो-चोलो हो, एक परम्परागत पोशाक जुन नेपाली केटीहरू र महिलाहरूले लगाउँछन्। यो प्रायः वयस्कता समारोह र सांस्कृतिक उत्सवहरूमा लगाइन्छ।"
nepali_dresses_augmented/gunyo_cholo/11.jpg,"Two women in red dresses are dancing together. This is the Gunyo-Cholo, a traditional dress worn by Nepali girls and women. It is often worn during coming-of-age ceremonies and cultural celebrations.","दुई महिला रातो पोशाकमा सँगै नाच्दैछन्। यो गुन्यो-चोलो हो, एक परम्परागत पोशाक जुन नेपाली केटीहरू र महिलाहरूले लगाउँछन्। यो प्रायः वयस्कता समारोह र सांस्कृतिक उत्सवहरूमा लगाइन्छ।"
nepali_dresses_augmented/gunyo_cholo/11_aug1.jpg,"Two women in red dresses are dancing together. This is the Gunyo-Cholo, a traditional dress worn by Nepali girls and women. It is often worn during coming-of-age ceremonies and cultural celebrations.","दुई महिला रातो पोशाकमा सँगै नाच्दैछन्। यो गुन्यो-चोलो हो, एक परम्परागत पोशाक जुन नेपाली केटीहरू र महिलाहरूले लगाउँछन्। यो प्रायः वयस्कता समारोह र सांस्कृतिक उत्सवहरूमा लगाइन्छ।"
nepali_dresses_augmented/gunyo_cholo/11_aug10.jpg,"Two women in red dresses are dancing together. This is the Gunyo-Cholo, a traditional dress worn by Nepali girls and women. It is often worn during coming-of-age ceremonies and cultural celebrations.","दुई महिला रातो पोशाकमा सँगै नाच्दैछन्। यो गुन्यो-चोलो हो, एक परम्परागत पोशाक जुन नेपाली केटीहरू र महिलाहरूले लगाउँछन्। यो प्रायः वयस्कता समारोह र सांस्कृतिक उत्सवहरूमा लगाइन्छ।"
nepali_dresses_augmented/gunyo_cholo/11_aug2.jpg,"Two women in red dresses are dancing together. This is the Gunyo-Cholo, a traditional dress worn by Nepali girls and women. It is often worn during coming-of-age ceremonies and cultural celebrations.","दुई महिला रातो पोशाकमा सँगै नाच्दैछन्। यो गुन्यो-चोलो हो, एक परम्परागत पोशाक जुन नेपाली केटीहरू र महिलाहरूले लगाउँछन्। यो प्रायः वयस्कता समारोह र सांस्कृतिक उत्सवहरूमा लगाइन्छ।"
nepali_dresses_augmented/gunyo_cholo/11_aug3.jpg,"Two women in red dresses are dancing together. This is the Gunyo-Cholo, a traditional dress worn by Nepali girls and women. It is often worn during coming-of-age ceremonies and cultural celebrations.","दुई महिला रातो पोशाकमा सँगै नाच्दैछन्। यो गुन्यो-चोलो हो, एक परम्परागत पोशाक जुन नेपाली केटीहरू र महिलाहरूले लगाउँछन्। यो प्रायः वयस्कता समारोह र सांस्कृतिक उत्सवहरूमा लगाइन्छ।"
nepali_dresses_augmented/gunyo_cholo/11_aug4.jpg,"Two women in red dresses are dancing together. This is the Gunyo-Cholo, a traditional dress worn by Nepali girls and women. It is often worn during coming-of-age ceremonies and cultural celebrations.","दुई महिला रातो पोशाकमा सँगै नाच्दैछन्। यो गुन्यो-चोलो हो, एक परम्परागत पोशाक जुन नेपाली केटीहरू र महिलाहरूले लगाउँछन्। यो प्रायः वयस्कता समारोह र सांस्कृतिक उत्सवहरूमा लगाइन्छ।"
nepali_dresses_augmented/gunyo_cholo/11_aug5.jpg,"Two women in red dresses are dancing together. This is the Gunyo-Cholo, a traditional dress worn by Nepali girls and women. It is often worn during coming-of-age ceremonies and cultural celebrations.","दुई महिला रातो पोशाकमा सँगै नाच्दैछन्। यो गुन्यो-चोलो हो, एक परम्परागत पोशाक जुन नेपाली केटीहरू र महिलाहरूले लगाउँछन्। यो प्रायः वयस्कता समारोह र सांस्कृतिक उत्सवहरूमा लगाइन्छ।"
nepali_dresses_augmented/gunyo_cholo/11_aug6.jpg,"Two women in red dresses are dancing together. This is the Gunyo-Cholo, a traditional dress worn by Nepali girls and women. It is often worn during coming-of-age ceremonies and cultural celebrations.","दुई महिला रातो पोशाकमा सँगै नाच्दैछन्। यो गुन्यो-चोलो हो, एक परम्परागत पोशाक जुन नेपाली केटीहरू र महिलाहरूले लगाउँछन्। यो प्रायः वयस्कता समारोह र सांस्कृतिक उत्सवहरूमा लगाइन्छ।"
nepali_dresses_augmented/gunyo_cholo/11_aug7.jpg,"Two women in red dresses are dancing together. This is the Gunyo-Cholo, a traditional dress worn by Nepali girls and women. It is often worn during coming-of-age ceremonies and cultural celebrations.","दुई महिला रातो पोशाकमा सँगै नाच्दैछन्। यो गुन्यो-चोलो हो, एक परम्परागत पोशाक जुन नेपाली केटीहरू र महिलाहरूले लगाउँछन्। यो प्रायः वयस्कता समारोह र सांस्कृतिक उत्सवहरूमा लगाइन्छ।"
nepali_dresses_augmented/gunyo_cholo/11_aug8.jpg,"Two women in red dresses are dancing together. This is the Gunyo-Cholo, a traditional dress worn by Nepali girls and women. It is often worn during coming-of-age ceremonies and cultural celebrations.","दुई महिला रातो पोशाकमा सँगै नाच्दैछन्। यो गुन्यो-चोलो हो, एक परम्परागत पोशाक जुन नेपाली केटीहरू र महिलाहरूले लगाउँछन्। यो प्रायः वयस्कता समारोह र सांस्कृतिक उत्सवहरूमा लगाइन्छ।"
nepali_dresses_augmented/gunyo_cholo/11_aug9.jpg,"Two women in red dresses are dancing together. This is the Gunyo-Cholo, a traditional dress worn by Nepali girls and women. It is often worn during coming-of-age ceremonies and cultural celebrations.","दुई महिला रातो पोशाकमा सँगै नाच्दैछन्। यो गुन्यो-चोलो हो, एक परम्परागत पोशाक जुन नेपाली केटीहरू र महिलाहरूले लगाउँछन्। यो प्रायः वयस्कता समारोह र सांस्कृतिक उत्सवहरूमा लगाइन्छ।"
nepali_dresses_augmented/gunyo_cholo/12.jpg,"A little girl in traditional dress holding a flower. This is the Gunyo-Cholo, a traditional dress worn by Nepali girls and women. It is often worn during coming-of-age ceremonies and cultural celebrations.","परम्परागत पोशाकमा एउटा सानो केटीले फूल पकडेर । यो गुन्यो-चोलो हो, नेपाली केटी र महिलाले लगाउने परम्परागत पोशाक । यो प्रायः वयस्कता समारोह र सांस्कृतिक उत्सवहरूमा लगाइन्छ ।"
nepali_dresses_augmented/gunyo_cholo/12_aug1.jpg,"A little girl in traditional dress holding a flower. This is the Gunyo-Cholo, a traditional dress worn by Nepali girls and women. It is often worn during coming-of-age ceremonies and cultural celebrations.","परम्परागत पोशाकमा एउटा सानो केटीले फूल पकडेर । यो गुन्यो-चोलो हो, नेपाली केटी र महिलाले लगाउने परम्परागत पोशाक । यो प्रायः वयस्कता समारोह र सांस्कृतिक उत्सवहरूमा लगाइन्छ ।"
nepali_dresses_augmented/gunyo_cholo/12_aug10.jpg,"A little girl in traditional dress holding a flower. This is the Gunyo-Cholo, a traditional dress worn by Nepali girls and women. It is often worn during coming-of-age ceremonies and cultural celebrations.","परम्परागत पोशाकमा एउटा सानो केटीले फूल पकडेर । यो गुन्यो-चोलो हो, नेपाली केटी र महिलाले लगाउने परम्परागत पोशाक । यो प्रायः वयस्कता समारोह र सांस्कृतिक उत्सवहरूमा लगाइन्छ ।"
nepali_dresses_augmented/gunyo_cholo/12_aug2.jpg,"A little girl in traditional dress holding a flower. This is the Gunyo-Cholo, a traditional dress worn by Nepali girls and women. It is often worn during coming-of-age ceremonies and cultural celebrations.","परम्परागत पोशाकमा एउटा सानो केटीले फूल पकडेर । यो गुन्यो-चोलो हो, नेपाली केटी र महिलाले लगाउने परम्परागत पोशाक । यो प्रायः वयस्कता समारोह र सांस्कृतिक उत्सवहरूमा लगाइन्छ ।"
nepali_dresses_augmented/gunyo_cholo/12_aug3.jpg,"A little girl in traditional dress holding a flower. This is the Gunyo-Cholo, a traditional dress worn by Nepali girls and women. It is often worn during coming-of-age ceremonies and cultural celebrations.","परम्परागत पोशाकमा एउटा सानो केटीले फूल पकडेर । यो गुन्यो-चोलो हो, नेपाली केटी र महिलाले लगाउने परम्परागत पोशाक । यो प्रायः वयस्कता समारोह र सांस्कृतिक उत्सवहरूमा लगाइन्छ ।"
nepali_dresses_augmented/gunyo_cholo/12_aug4.jpg,"A little girl in traditional dress holding a flower. This is the Gunyo-Cholo, a traditional dress worn by Nepali girls and women. It is often worn during coming-of-age ceremonies and cultural celebrations.","परम्परागत पोशाकमा एउटा सानो केटीले फूल पकडेर । यो गुन्यो-चोलो हो, नेपाली केटी र महिलाले लगाउने परम्परागत पोशाक । यो प्रायः वयस्कता समारोह र सांस्कृतिक उत्सवहरूमा लगाइन्छ ।"
nepali_dresses_augmented/gunyo_cholo/12_aug5.jpg,"A little girl in traditional dress holding a flower. This is the Gunyo-Cholo, a traditional dress worn by Nepali girls and women. It is often worn during coming-of-age ceremonies and cultural celebrations.","परम्परागत पोशाकमा एउटा सानो केटीले फूल पकडेर । यो गुन्यो-चोलो हो, नेपाली केटी र महिलाले लगाउने परम्परागत पोशाक । यो प्रायः वयस्कता समारोह र सांस्कृतिक उत्सवहरूमा लगाइन्छ ।"
nepali_dresses_augmented/gunyo_cholo/12_aug6.jpg,"A little girl in traditional dress holding a flower. This is the Gunyo-Cholo, a traditional dress worn by Nepali girls and women. It is often worn during coming-of-age ceremonies and cultural celebrations.","परम्परागत पोशाकमा एउटा सानो केटीले फूल पकडेर । यो गुन्यो-चोलो हो, नेपाली केटी र महिलाले लगाउने परम्परागत पोशाक । यो प्रायः वयस्कता समारोह र सांस्कृतिक उत्सवहरूमा लगाइन्छ ।"
nepali_dresses_augmented/gunyo_cholo/12_aug7.jpg,"A little girl in traditional dress holding a flower. This is the Gunyo-Cholo, a traditional dress worn by Nepali girls and women. It is often worn during coming-of-age ceremonies and cultural celebrations.","परम्परागत पोशाकमा एउटा सानो केटीले फूल पकडेर । यो गुन्यो-चोलो हो, नेपाली केटी र महिलाले लगाउने परम्परागत पोशाक । यो प्रायः वयस्कता समारोह र सांस्कृतिक उत्सवहरूमा लगाइन्छ ।"
nepali_dresses_augmented/gunyo_cholo/12_aug8.jpg,"A little girl in traditional dress holding a flower. This is the Gunyo-Cholo, a traditional dress worn by Nepali girls and women. It is often worn during coming-of-age ceremonies and cultural celebrations.","परम्परागत पोशाकमा एउटा सानो केटीले फूल पकडेर । यो गुन्यो-चोलो हो, नेपाली केटी र महिलाले लगाउने परम्परागत पोशाक । यो प्रायः वयस्कता समारोह र सांस्कृतिक उत्सवहरूमा लगाइन्छ ।"
nepali_dresses_augmented/gunyo_cholo/12_aug9.jpg,"A little girl in traditional dress holding a flower. This is the Gunyo-Cholo, a traditional dress worn by Nepali girls and women. It is often worn during coming-of-age ceremonies and cultural celebrations.","परम्परागत पोशाकमा एउटा सानो केटीले फूल पकडेर । यो गुन्यो-चोलो हो, नेपाली केटी र महिलाले लगाउने परम्परागत पोशाक । यो प्रायः वयस्कता समारोह र सांस्कृतिक उत्सवहरूमा लगाइन्छ ।"
nepali_dresses_augmented/gunyo_cholo/13.jpg,"A woman in a red dress sitting on a bed. This is the Gunyo-Cholo, a traditional dress worn by Nepali girls and women. It is often worn during coming-of-age ceremonies and cultural celebrations.","रातो पोशाकमा एक महिला बेडमा बसिरहेको छ। यो गुन्यो-चोलो हो, एक परम्परागत पोशाक जुन नेपाली केटीहरू र महिलाहरूले लगाउँछन्। यो प्रायः वयस्कता समारोह र सांस्कृतिक उत्सवहरूमा लगाइन्छ।"
nepali_dresses_augmented/gunyo_cholo/13_aug1.jpg,"A woman in a red dress sitting on a bed. This is the Gunyo-Cholo, a traditional dress worn by Nepali girls and women. It is often worn during coming-of-age ceremonies and cultural celebrations.","रातो पोशाकमा एक महिला बेडमा बसिरहेको छ। यो गुन्यो-चोलो हो, एक परम्परागत पोशाक जुन नेपाली केटीहरू र महिलाहरूले लगाउँछन्। यो प्रायः वयस्कता समारोह र सांस्कृतिक उत्सवहरूमा लगाइन्छ।"
nepali_dresses_augmented/gunyo_cholo/13_aug10.jpg,"A woman in a red dress sitting on a bed. This is the Gunyo-Cholo, a traditional dress worn by Nepali girls and women. It is often worn during coming-of-age ceremonies and cultural celebrations.","रातो पोशाकमा एक महिला बेडमा बसिरहेको छ। यो गुन्यो-चोलो हो, एक परम्परागत पोशाक जुन नेपाली केटीहरू र महिलाहरूले लगाउँछन्। यो प्रायः वयस्कता समारोह र सांस्कृतिक उत्सवहरूमा लगाइन्छ।"
nepali_dresses_augmented/gunyo_cholo/13_aug2.jpg,"A woman in a red dress sitting on a bed. This is the Gunyo-Cholo, a traditional dress worn by Nepali girls and women. It is often worn during coming-of-age ceremonies and cultural celebrations.","रातो पोशाकमा एक महिला बेडमा बसिरहेको छ। यो गुन्यो-चोलो हो, एक परम्परागत पोशाक जुन नेपाली केटीहरू र महिलाहरूले लगाउँछन्। यो प्रायः वयस्कता समारोह र सांस्कृतिक उत्सवहरूमा लगाइन्छ।"
nepali_dresses_augmented/gunyo_cholo/13_aug3.jpg,"A woman in a red dress sitting on a bed. This is the Gunyo-Cholo, a traditional dress worn by Nepali girls and women. It is often worn during coming-of-age ceremonies and cultural celebrations.","रातो पोशाकमा एक महिला बेडमा बसिरहेको छ। यो गुन्यो-चोलो हो, एक परम्परागत पोशाक जुन नेपाली केटीहरू र महिलाहरूले लगाउँछन्। यो प्रायः वयस्कता समारोह र सांस्कृतिक उत्सवहरूमा लगाइन्छ।"
nepali_dresses_augmented/gunyo_cholo/13_aug4.jpg,"A woman in a red dress sitting on a bed. This is the Gunyo-Cholo, a traditional dress worn by Nepali girls and women. It is often worn during coming-of-age ceremonies and cultural celebrations.","रातो पोशाकमा एक महिला बेडमा बसिरहेको छ। यो गुन्यो-चोलो हो, एक परम्परागत पोशाक जुन नेपाली केटीहरू र महिलाहरूले लगाउँछन्। यो प्रायः वयस्कता समारोह र सांस्कृतिक उत्सवहरूमा लगाइन्छ।"
nepali_dresses_augmented/gunyo_cholo/13_aug5.jpg,"A woman in a red dress sitting on a bed. This is the Gunyo-Cholo, a traditional dress worn by Nepali girls and women. It is often worn during coming-of-age ceremonies and cultural celebrations.","रातो पोशाकमा एक महिला बेडमा बसिरहेको छ। यो गुन्यो-चोलो हो, एक परम्परागत पोशाक जुन नेपाली केटीहरू र महिलाहरूले लगाउँछन्। यो प्रायः वयस्कता समारोह र सांस्कृतिक उत्सवहरूमा लगाइन्छ।"
nepali_dresses_augmented/gunyo_cholo/13_aug6.jpg,"A woman in a red dress sitting on a bed. This is the Gunyo-Cholo, a traditional dress worn by Nepali girls and women. It is often worn during coming-of-age ceremonies and cultural celebrations.","रातो पोशाकमा एक महिला बेडमा बसिरहेको छ। यो गुन्यो-चोलो हो, एक परम्परागत पोशाक जुन नेपाली केटीहरू र महिलाहरूले लगाउँछन्। यो प्रायः वयस्कता समारोह र सांस्कृतिक उत्सवहरूमा लगाइन्छ।"
nepali_dresses_augmented/gunyo_cholo/13_aug7.jpg,"A woman in a red dress sitting on a bed. This is the Gunyo-Cholo, a traditional dress worn by Nepali girls and women. It is often worn during coming-of-age ceremonies and cultural celebrations.","रातो पोशाकमा एक महिला बेडमा बसिरहेको छ। यो गुन्यो-चोलो हो, एक परम्परागत पोशाक जुन नेपाली केटीहरू र महिलाहरूले लगाउँछन्। यो प्रायः वयस्कता समारोह र सांस्कृतिक उत्सवहरूमा लगाइन्छ।"
nepali_dresses_augmented/gunyo_cholo/13_aug8.jpg,"A woman in a red dress sitting on a bed. This is the Gunyo-Cholo, a traditional dress worn by Nepali girls and women. It is often worn during coming-of-age ceremonies and cultural celebrations.","रातो पोशाकमा एक महिला बेडमा बसिरहेको छ। यो गुन्यो-चोलो हो, एक परम्परागत पोशाक जुन नेपाली केटीहरू र महिलाहरूले लगाउँछन्। यो प्रायः वयस्कता समारोह र सांस्कृतिक उत्सवहरूमा लगाइन्छ।"
nepali_dresses_augmented/gunyo_cholo/13_aug9.jpg,"A woman in a red dress sitting on a bed. This is the Gunyo-Cholo, a traditional dress worn by Nepali girls and women. It is often worn during coming-of-age ceremonies and cultural celebrations.","रातो पोशाकमा एक महिला बेडमा बसिरहेको छ। यो गुन्यो-चोलो हो, एक परम्परागत पोशाक जुन नेपाली केटीहरू र महिलाहरूले लगाउँछन्। यो प्रायः वयस्कता समारोह र सांस्कृतिक उत्सवहरूमा लगाइन्छ।"
nepali_dresses_augmented/gunyo_cholo/14.jpg,"Two young girls in red sari saris. This is the Gunyo-Cholo, a traditional dress worn by Nepali girls and women. It is often worn during coming-of-age ceremonies and cultural celebrations.","दुई युवतीहरू रातो साड़ी साडीमा। यो गुन्यो-चोलो हो, एक परम्परागत पोशाक जुन नेपाली केटीहरू र महिलाहरूले लगाउँछन्। यो प्रायः वयस्कता समारोह र सांस्कृतिक उत्सवहरूमा लगाइन्छ।"
nepali_dresses_augmented/gunyo_cholo/14_aug1.jpg,"Two young girls in red sari saris. This is the Gunyo-Cholo, a traditional dress worn by Nepali girls and women. It is often worn during coming-of-age ceremonies and cultural celebrations.","दुई युवतीहरू रातो साड़ी साडीमा। यो गुन्यो-चोलो हो, एक परम्परागत पोशाक जुन नेपाली केटीहरू र महिलाहरूले लगाउँछन्। यो प्रायः वयस्कता समारोह र सांस्कृतिक उत्सवहरूमा लगाइन्छ।"
nepali_dresses_augmented/gunyo_cholo/14_aug10.jpg,"Two young girls in red sari saris. This is the Gunyo-Cholo, a traditional dress worn by Nepali girls and women. It is often worn during coming-of-age ceremonies and cultural celebrations.","दुई युवतीहरू रातो साड़ी साडीमा। यो गुन्यो-चोलो हो, एक परम्परागत पोशाक जुन नेपाली केटीहरू र महिलाहरूले लगाउँछन्। यो प्रायः वयस्कता समारोह र सांस्कृतिक उत्सवहरूमा लगाइन्छ।"
nepali_dresses_augmented/gunyo_cholo/14_aug2.jpg,"Two young girls in red sari saris. This is the Gunyo-Cholo, a traditional dress worn by Nepali girls and women. It is often worn during coming-of-age ceremonies and cultural celebrations.","दुई युवतीहरू रातो साड़ी साडीमा। यो गुन्यो-चोलो हो, एक परम्परागत पोशाक जुन नेपाली केटीहरू र महिलाहरूले लगाउँछन्। यो प्रायः वयस्कता समारोह र सांस्कृतिक उत्सवहरूमा लगाइन्छ।"
nepali_dresses_augmented/gunyo_cholo/14_aug3.jpg,"Two young girls in red sari saris. This is the Gunyo-Cholo, a traditional dress worn by Nepali girls and women. It is often worn during coming-of-age ceremonies and cultural celebrations.","दुई युवतीहरू रातो साड़ी साडीमा। यो गुन्यो-चोलो हो, एक परम्परागत पोशाक जुन नेपाली केटीहरू र महिलाहरूले लगाउँछन्। यो प्रायः वयस्कता समारोह र सांस्कृतिक उत्सवहरूमा लगाइन्छ।"
nepali_dresses_augmented/gunyo_cholo/14_aug4.jpg,"Two young girls in red sari saris. This is the Gunyo-Cholo, a traditional dress worn by Nepali girls and women. It is often worn during coming-of-age ceremonies and cultural celebrations.","दुई युवतीहरू रातो साड़ी साडीमा। यो गुन्यो-चोलो हो, एक परम्परागत पोशाक जुन नेपाली केटीहरू र महिलाहरूले लगाउँछन्। यो प्रायः वयस्कता समारोह र सांस्कृतिक उत्सवहरूमा लगाइन्छ।"
nepali_dresses_augmented/gunyo_cholo/14_aug5.jpg,"Two young girls in red sari saris. This is the Gunyo-Cholo, a traditional dress worn by Nepali girls and women. It is often worn during coming-of-age ceremonies and cultural celebrations.","दुई युवतीहरू रातो साड़ी साडीमा। यो गुन्यो-चोलो हो, एक परम्परागत पोशाक जुन नेपाली केटीहरू र महिलाहरूले लगाउँछन्। यो प्रायः वयस्कता समारोह र सांस्कृतिक उत्सवहरूमा लगाइन्छ।"
nepali_dresses_augmented/gunyo_cholo/14_aug6.jpg,"Two young girls in red sari saris. This is the Gunyo-Cholo, a traditional dress worn by Nepali girls and women. It is often worn during coming-of-age ceremonies and cultural celebrations.","दुई युवतीहरू रातो साड़ी साडीमा। यो गुन्यो-चोलो हो, एक परम्परागत पोशाक जुन नेपाली केटीहरू र महिलाहरूले लगाउँछन्। यो प्रायः वयस्कता समारोह र सांस्कृतिक उत्सवहरूमा लगाइन्छ।"
nepali_dresses_augmented/gunyo_cholo/14_aug7.jpg,"Two young girls in red sari saris. This is the Gunyo-Cholo, a traditional dress worn by Nepali girls and women. It is often worn during coming-of-age ceremonies and cultural celebrations.","दुई युवतीहरू रातो साड़ी साडीमा। यो गुन्यो-चोलो हो, एक परम्परागत पोशाक जुन नेपाली केटीहरू र महिलाहरूले लगाउँछन्। यो प्रायः वयस्कता समारोह र सांस्कृतिक उत्सवहरूमा लगाइन्छ।"
nepali_dresses_augmented/gunyo_cholo/14_aug8.jpg,"Two young girls in red sari saris. This is the Gunyo-Cholo, a traditional dress worn by Nepali girls and women. It is often worn during coming-of-age ceremonies and cultural celebrations.","दुई युवतीहरू रातो साड़ी साडीमा। यो गुन्यो-चोलो हो, एक परम्परागत पोशाक जुन नेपाली केटीहरू र महिलाहरूले लगाउँछन्। यो प्रायः वयस्कता समारोह र सांस्कृतिक उत्सवहरूमा लगाइन्छ।"
nepali_dresses_augmented/gunyo_cholo/14_aug9.jpg,"Two young girls in red sari saris. This is the Gunyo-Cholo, a traditional dress worn by Nepali girls and women. It is often worn during coming-of-age ceremonies and cultural celebrations.","दुई युवतीहरू रातो साड़ी साडीमा। यो गुन्यो-चोलो हो, एक परम्परागत पोशाक जुन नेपाली केटीहरू र महिलाहरूले लगाउँछन्। यो प्रायः वयस्कता समारोह र सांस्कृतिक उत्सवहरूमा लगाइन्छ।"
nepali_dresses_augmented/gunyo_cholo/15.jpg,"A woman in a colorful dress and headdre. This is the Gunyo-Cholo, a traditional dress worn by Nepali girls and women. It is often worn during coming-of-age ceremonies and cultural celebrations.","एक रंगीन पोशाक र हेड्रेमा महिला। यो गुन्यो-चोलो हो, एक परम्परागत पोशाक जुन नेपाली केटीहरू र महिलाहरूले लगाउँछन्। यो प्रायः वयस्कता समारोह र सांस्कृतिक उत्सवहरूमा लगाइन्छ।"
nepali_dresses_augmented/gunyo_cholo/15_aug1.jpg,"A woman in a colorful dress and headdre. This is the Gunyo-Cholo, a traditional dress worn by Nepali girls and women. It is often worn during coming-of-age ceremonies and cultural celebrations.","एक रंगीन पोशाक र हेड्रेमा महिला। यो गुन्यो-चोलो हो, एक परम्परागत पोशाक जुन नेपाली केटीहरू र महिलाहरूले लगाउँछन्। यो प्रायः वयस्कता समारोह र सांस्कृतिक उत्सवहरूमा लगाइन्छ।"
nepali_dresses_augmented/gunyo_cholo/15_aug10.jpg,"A woman in a colorful dress and headdre. This is the Gunyo-Cholo, a traditional dress worn by Nepali girls and women. It is often worn during coming-of-age ceremonies and cultural celebrations.","एक रंगीन पोशाक र हेड्रेमा महिला। यो गुन्यो-चोलो हो, एक परम्परागत पोशाक जुन नेपाली केटीहरू र महिलाहरूले लगाउँछन्। यो प्रायः वयस्कता समारोह र सांस्कृतिक उत्सवहरूमा लगाइन्छ।"
nepali_dresses_augmented/gunyo_cholo/15_aug2.jpg,"A woman in a colorful dress and headdre. This is the Gunyo-Cholo, a traditional dress worn by Nepali girls and women. It is often worn during coming-of-age ceremonies and cultural celebrations.","एक रंगीन पोशाक र हेड्रेमा महिला। यो गुन्यो-चोलो हो, एक परम्परागत पोशाक जुन नेपाली केटीहरू र महिलाहरूले लगाउँछन्। यो प्रायः वयस्कता समारोह र सांस्कृतिक उत्सवहरूमा लगाइन्छ।"
nepali_dresses_augmented/gunyo_cholo/15_aug3.jpg,"A woman in a colorful dress and headdre. This is the Gunyo-Cholo, a traditional dress worn by Nepali girls and women. It is often worn during coming-of-age ceremonies and cultural celebrations.","एक रंगीन पोशाक र हेड्रेमा महिला। यो गुन्यो-चोलो हो, एक परम्परागत पोशाक जुन नेपाली केटीहरू र महिलाहरूले लगाउँछन्। यो प्रायः वयस्कता समारोह र सांस्कृतिक उत्सवहरूमा लगाइन्छ।"
nepali_dresses_augmented/gunyo_cholo/15_aug4.jpg,"A woman in a colorful dress and headdre. This is the Gunyo-Cholo, a traditional dress worn by Nepali girls and women. It is often worn during coming-of-age ceremonies and cultural celebrations.","एक रंगीन पोशाक र हेड्रेमा महिला। यो गुन्यो-चोलो हो, एक परम्परागत पोशाक जुन नेपाली केटीहरू र महिलाहरूले लगाउँछन्। यो प्रायः वयस्कता समारोह र सांस्कृतिक उत्सवहरूमा लगाइन्छ।"
nepali_dresses_augmented/gunyo_cholo/15_aug5.jpg,"A woman in a colorful dress and headdre. This is the Gunyo-Cholo, a traditional dress worn by Nepali girls and women. It is often worn during coming-of-age ceremonies and cultural celebrations.","एक रंगीन पोशाक र हेड्रेमा महिला। यो गुन्यो-चोलो हो, एक परम्परागत पोशाक जुन नेपाली केटीहरू र महिलाहरूले लगाउँछन्। यो प्रायः वयस्कता समारोह र सांस्कृतिक उत्सवहरूमा लगाइन्छ।"
nepali_dresses_augmented/gunyo_cholo/15_aug6.jpg,"A woman in a colorful dress and headdre. This is the Gunyo-Cholo, a traditional dress worn by Nepali girls and women. It is often worn during coming-of-age ceremonies and cultural celebrations.","एक रंगीन पोशाक र हेड्रेमा महिला। यो गुन्यो-चोलो हो, एक परम्परागत पोशाक जुन नेपाली केटीहरू र महिलाहरूले लगाउँछन्। यो प्रायः वयस्कता समारोह र सांस्कृतिक उत्सवहरूमा लगाइन्छ।"
nepali_dresses_augmented/gunyo_cholo/15_aug7.jpg,"A woman in a colorful dress and headdre. This is the Gunyo-Cholo, a traditional dress worn by Nepali girls and women. It is often worn during coming-of-age ceremonies and cultural celebrations.","एक रंगीन पोशाक र हेड्रेमा महिला। यो गुन्यो-चोलो हो, एक परम्परागत पोशाक जुन नेपाली केटीहरू र महिलाहरूले लगाउँछन्। यो प्रायः वयस्कता समारोह र सांस्कृतिक उत्सवहरूमा लगाइन्छ।"
nepali_dresses_augmented/gunyo_cholo/15_aug8.jpg,"A woman in a colorful dress and headdre. This is the Gunyo-Cholo, a traditional dress worn by Nepali girls and women. It is often worn during coming-of-age ceremonies and cultural celebrations.","एक रंगीन पोशाक र हेड्रेमा महिला। यो गुन्यो-चोलो हो, एक परम्परागत पोशाक जुन नेपाली केटीहरू र महिलाहरूले लगाउँछन्। यो प्रायः वयस्कता समारोह र सांस्कृतिक उत्सवहरूमा लगाइन्छ।"
nepali_dresses_augmented/gunyo_cholo/15_aug9.jpg,"A woman in a colorful dress and headdre. This is the Gunyo-Cholo, a traditional dress worn by Nepali girls and women. It is often worn during coming-of-age ceremonies and cultural celebrations.","एक रंगीन पोशाक र हेड्रेमा महिला। यो गुन्यो-चोलो हो, एक परम्परागत पोशाक जुन नेपाली केटीहरू र महिलाहरूले लगाउँछन्। यो प्रायः वयस्कता समारोह र सांस्कृतिक उत्सवहरूमा लगाइन्छ।"
nepali_dresses_augmented/gunyo_cholo/16.jpg,"A little girl in a red and gold outfit. This is the Gunyo-Cholo, a traditional dress worn by Nepali girls and women. It is often worn during coming-of-age ceremonies and cultural celebrations.","एक सानो केटी रातो र सुनको पोशाकमा। यो गुन्यो-चोलो हो, एक परम्परागत पोशाक जुन नेपाली केटीहरू र महिलाहरूले लगाउँछन्। यो प्रायः वयस्कता समारोह र सांस्कृतिक उत्सवहरूमा लगाइन्छ।"
nepali_dresses_augmented/gunyo_cholo/16_aug1.jpg,"A little girl in a red and gold outfit. This is the Gunyo-Cholo, a traditional dress worn by Nepali girls and women. It is often worn during coming-of-age ceremonies and cultural celebrations.","एक सानो केटी रातो र सुनको पोशाकमा। यो गुन्यो-चोलो हो, एक परम्परागत पोशाक जुन नेपाली केटीहरू र महिलाहरूले लगाउँछन्। यो प्रायः वयस्कता समारोह र सांस्कृतिक उत्सवहरूमा लगाइन्छ।"
nepali_dresses_augmented/gunyo_cholo/16_aug10.jpg,"A little girl in a red and gold outfit. This is the Gunyo-Cholo, a traditional dress worn by Nepali girls and women. It is often worn during coming-of-age ceremonies and cultural celebrations.","एक सानो केटी रातो र सुनको पोशाकमा। यो गुन्यो-चोलो हो, एक परम्परागत पोशाक जुन नेपाली केटीहरू र महिलाहरूले लगाउँछन्। यो प्रायः वयस्कता समारोह र सांस्कृतिक उत्सवहरूमा लगाइन्छ।"
nepali_dresses_augmented/gunyo_cholo/16_aug2.jpg,"A little girl in a red and gold outfit. This is the Gunyo-Cholo, a traditional dress worn by Nepali girls and women. It is often worn during coming-of-age ceremonies and cultural celebrations.","एक सानो केटी रातो र सुनको पोशाकमा। यो गुन्यो-चोलो हो, एक परम्परागत पोशाक जुन नेपाली केटीहरू र महिलाहरूले लगाउँछन्। यो प्रायः वयस्कता समारोह र सांस्कृतिक उत्सवहरूमा लगाइन्छ।"
nepali_dresses_augmented/gunyo_cholo/16_aug3.jpg,"A little girl in a red and gold outfit. This is the Gunyo-Cholo, a traditional dress worn by Nepali girls and women. It is often worn during coming-of-age ceremonies and cultural celebrations.","एक सानो केटी रातो र सुनको पोशाकमा। यो गुन्यो-चोलो हो, एक परम्परागत पोशाक जुन नेपाली केटीहरू र महिलाहरूले लगाउँछन्। यो प्रायः वयस्कता समारोह र सांस्कृतिक उत्सवहरूमा लगाइन्छ।"
nepali_dresses_augmented/gunyo_cholo/16_aug4.jpg,"A little girl in a red and gold outfit. This is the Gunyo-Cholo, a traditional dress worn by Nepali girls and women. It is often worn during coming-of-age ceremonies and cultural celebrations.","एक सानो केटी रातो र सुनको पोशाकमा। यो गुन्यो-चोलो हो, एक परम्परागत पोशाक जुन नेपाली केटीहरू र महिलाहरूले लगाउँछन्। यो प्रायः वयस्कता समारोह र सांस्कृतिक उत्सवहरूमा लगाइन्छ।"
nepali_dresses_augmented/gunyo_cholo/16_aug5.jpg,"A little girl in a red and gold outfit. This is the Gunyo-Cholo, a traditional dress worn by Nepali girls and women. It is often worn during coming-of-age ceremonies and cultural celebrations.","एक सानो केटी रातो र सुनको पोशाकमा। यो गुन्यो-चोलो हो, एक परम्परागत पोशाक जुन नेपाली केटीहरू र महिलाहरूले लगाउँछन्। यो प्रायः वयस्कता समारोह र सांस्कृतिक उत्सवहरूमा लगाइन्छ।"
nepali_dresses_augmented/gunyo_cholo/16_aug6.jpg,"A little girl in a red and gold outfit. This is the Gunyo-Cholo, a traditional dress worn by Nepali girls and women. It is often worn during coming-of-age ceremonies and cultural celebrations.","एक सानो केटी रातो र सुनको पोशाकमा। यो गुन्यो-चोलो हो, एक परम्परागत पोशाक जुन नेपाली केटीहरू र महिलाहरूले लगाउँछन्। यो प्रायः वयस्कता समारोह र सांस्कृतिक उत्सवहरूमा लगाइन्छ।"
nepali_dresses_augmented/gunyo_cholo/16_aug7.jpg,"A little girl in a red and gold outfit. This is the Gunyo-Cholo, a traditional dress worn by Nepali girls and women. It is often worn during coming-of-age ceremonies and cultural celebrations.","एक सानो केटी रातो र सुनको पोशाकमा। यो गुन्यो-चोलो हो, एक परम्परागत पोशाक जुन नेपाली केटीहरू र महिलाहरूले लगाउँछन्। यो प्रायः वयस्कता समारोह र सांस्कृतिक उत्सवहरूमा लगाइन्छ।"
nepali_dresses_augmented/gunyo_cholo/16_aug8.jpg,"A little girl in a red and gold outfit. This is the Gunyo-Cholo, a traditional dress worn by Nepali girls and women. It is often worn during coming-of-age ceremonies and cultural celebrations.","एक सानो केटी रातो र सुनको पोशाकमा। यो गुन्यो-चोलो हो, एक परम्परागत पोशाक जुन नेपाली केटीहरू र महिलाहरूले लगाउँछन्। यो प्रायः वयस्कता समारोह र सांस्कृतिक उत्सवहरूमा लगाइन्छ।"
nepali_dresses_augmented/gunyo_cholo/16_aug9.jpg,"A little girl in a red and gold outfit. This is the Gunyo-Cholo, a traditional dress worn by Nepali girls and women. It is often worn during coming-of-age ceremonies and cultural celebrations.","एक सानो केटी रातो र सुनको पोशाकमा। यो गुन्यो-चोलो हो, एक परम्परागत पोशाक जुन नेपाली केटीहरू र महिलाहरूले लगाउँछन्। यो प्रायः वयस्कता समारोह र सांस्कृतिक उत्सवहरूमा लगाइन्छ।"
nepali_dresses_augmented/gunyo_cholo/17.jpg,"A woman in a red blouse and green sari. This is the Gunyo-Cholo, a traditional dress worn by Nepali girls and women. It is often worn during coming-of-age ceremonies and cultural celebrations.","एक महिला रातो ब्लाउज र हरियो साड़ीमा। यो गुन्यो-चोलो हो, एक परम्परागत पोशाक जुन नेपाली केटीहरू र महिलाहरूले लगाउँछन्। यो प्रायः वयस्कता समारोह र सांस्कृतिक उत्सवहरूमा लगाइन्छ।"
nepali_dresses_augmented/gunyo_cholo/17_aug1.jpg,"A woman in a red blouse and green sari. This is the Gunyo-Cholo, a traditional dress worn by Nepali girls and women. It is often worn during coming-of-age ceremonies and cultural celebrations.","एक महिला रातो ब्लाउज र हरियो साड़ीमा। यो गुन्यो-चोलो हो, एक परम्परागत पोशाक जुन नेपाली केटीहरू र महिलाहरूले लगाउँछन्। यो प्रायः वयस्कता समारोह र सांस्कृतिक उत्सवहरूमा लगाइन्छ।"
nepali_dresses_augmented/gunyo_cholo/17_aug10.jpg,"A woman in a red blouse and green sari. This is the Gunyo-Cholo, a traditional dress worn by Nepali girls and women. It is often worn during coming-of-age ceremonies and cultural celebrations.","एक महिला रातो ब्लाउज र हरियो साड़ीमा। यो गुन्यो-चोलो हो, एक परम्परागत पोशाक जुन नेपाली केटीहरू र महिलाहरूले लगाउँछन्। यो प्रायः वयस्कता समारोह र सांस्कृतिक उत्सवहरूमा लगाइन्छ।"
nepali_dresses_augmented/gunyo_cholo/17_aug2.jpg,"A woman in a red blouse and green sari. This is the Gunyo-Cholo, a traditional dress worn by Nepali girls and women. It is often worn during coming-of-age ceremonies and cultural celebrations.","एक महिला रातो ब्लाउज र हरियो साड़ीमा। यो गुन्यो-चोलो हो, एक परम्परागत पोशाक जुन नेपाली केटीहरू र महिलाहरूले लगाउँछन्। यो प्रायः वयस्कता समारोह र सांस्कृतिक उत्सवहरूमा लगाइन्छ।"
nepali_dresses_augmented/gunyo_cholo/17_aug3.jpg,"A woman in a red blouse and green sari. This is the Gunyo-Cholo, a traditional dress worn by Nepali girls and women. It is often worn during coming-of-age ceremonies and cultural celebrations.","एक महिला रातो ब्लाउज र हरियो साड़ीमा। यो गुन्यो-चोलो हो, एक परम्परागत पोशाक जुन नेपाली केटीहरू र महिलाहरूले लगाउँछन्। यो प्रायः वयस्कता समारोह र सांस्कृतिक उत्सवहरूमा लगाइन्छ।"
nepali_dresses_augmented/gunyo_cholo/17_aug4.jpg,"A woman in a red blouse and green sari. This is the Gunyo-Cholo, a traditional dress worn by Nepali girls and women. It is often worn during coming-of-age ceremonies and cultural celebrations.","एक महिला रातो ब्लाउज र हरियो साड़ीमा। यो गुन्यो-चोलो हो, एक परम्परागत पोशाक जुन नेपाली केटीहरू र महिलाहरूले लगाउँछन्। यो प्रायः वयस्कता समारोह र सांस्कृतिक उत्सवहरूमा लगाइन्छ।"
nepali_dresses_augmented/gunyo_cholo/17_aug5.jpg,"A woman in a red blouse and green sari. This is the Gunyo-Cholo, a traditional dress worn by Nepali girls and women. It is often worn during coming-of-age ceremonies and cultural celebrations.","एक महिला रातो ब्लाउज र हरियो साड़ीमा। यो गुन्यो-चोलो हो, एक परम्परागत पोशाक जुन नेपाली केटीहरू र महिलाहरूले लगाउँछन्। यो प्रायः वयस्कता समारोह र सांस्कृतिक उत्सवहरूमा लगाइन्छ।"
nepali_dresses_augmented/gunyo_cholo/17_aug6.jpg,"A woman in a red blouse and green sari. This is the Gunyo-Cholo, a traditional dress worn by Nepali girls and women. It is often worn during coming-of-age ceremonies and cultural celebrations.","एक महिला रातो ब्लाउज र हरियो साड़ीमा। यो गुन्यो-चोलो हो, एक परम्परागत पोशाक जुन नेपाली केटीहरू र महिलाहरूले लगाउँछन्। यो प्रायः वयस्कता समारोह र सांस्कृतिक उत्सवहरूमा लगाइन्छ।"
nepali_dresses_augmented/gunyo_cholo/17_aug7.jpg,"A woman in a red blouse and green sari. This is the Gunyo-Cholo, a traditional dress worn by Nepali girls and women. It is often worn during coming-of-age ceremonies and cultural celebrations.","एक महिला रातो ब्लाउज र हरियो साड़ीमा। यो गुन्यो-चोलो हो, एक परम्परागत पोशाक जुन नेपाली केटीहरू र महिलाहरूले लगाउँछन्। यो प्रायः वयस्कता समारोह र सांस्कृतिक उत्सवहरूमा लगाइन्छ।"
nepali_dresses_augmented/gunyo_cholo/17_aug8.jpg,"A woman in a red blouse and green sari. This is the Gunyo-Cholo, a traditional dress worn by Nepali girls and women. It is often worn during coming-of-age ceremonies and cultural celebrations.","एक महिला रातो ब्लाउज र हरियो साड़ीमा। यो गुन्यो-चोलो हो, एक परम्परागत पोशाक जुन नेपाली केटीहरू र महिलाहरूले लगाउँछन्। यो प्रायः वयस्कता समारोह र सांस्कृतिक उत्सवहरूमा लगाइन्छ।"
nepali_dresses_augmented/gunyo_cholo/17_aug9.jpg,"A woman in a red blouse and green sari. This is the Gunyo-Cholo, a traditional dress worn by Nepali girls and women. It is often worn during coming-of-age ceremonies and cultural celebrations.","एक महिला रातो ब्लाउज र हरियो साड़ीमा। यो गुन्यो-चोलो हो, एक परम्परागत पोशाक जुन नेपाली केटीहरू र महिलाहरूले लगाउँछन्। यो प्रायः वयस्कता समारोह र सांस्कृतिक उत्सवहरूमा लगाइन्छ।"
nepali_dresses_augmented/gunyo_cholo/18.jpg,"A woman in a red and black dress sitting on a white chair. This is the Gunyo-Cholo, a traditional dress worn by Nepali girls and women. It is often worn during coming-of-age ceremonies and cultural celebrations.","एक महिला रातो र कालो पोशाकमा एक सेतो कुर्सीमा बसिरहेको छ। यो गुन्यो-चोलो हो, एक परम्परागत पोशाक जुन नेपाली केटीहरू र महिलाहरूले लगाउँछन्। यो प्रायः वयस्कता समारोह र सांस्कृतिक उत्सवहरूमा लगाइन्छ।"
nepali_dresses_augmented/gunyo_cholo/18_aug1.jpg,"A woman in a red and black dress sitting on a white chair. This is the Gunyo-Cholo, a traditional dress worn by Nepali girls and women. It is often worn during coming-of-age ceremonies and cultural celebrations.","एक महिला रातो र कालो पोशाकमा एक सेतो कुर्सीमा बसिरहेको छ। यो गुन्यो-चोलो हो, एक परम्परागत पोशाक जुन नेपाली केटीहरू र महिलाहरूले लगाउँछन्। यो प्रायः वयस्कता समारोह र सांस्कृतिक उत्सवहरूमा लगाइन्छ।"
nepali_dresses_augmented/gunyo_cholo/18_aug10.jpg,"A woman in a red and black dress sitting on a white chair. This is the Gunyo-Cholo, a traditional dress worn by Nepali girls and women. It is often worn during coming-of-age ceremonies and cultural celebrations.","एक महिला रातो र कालो पोशाकमा एक सेतो कुर्सीमा बसिरहेको छ। यो गुन्यो-चोलो हो, एक परम्परागत पोशाक जुन नेपाली केटीहरू र महिलाहरूले लगाउँछन्। यो प्रायः वयस्कता समारोह र सांस्कृतिक उत्सवहरूमा लगाइन्छ।"
nepali_dresses_augmented/gunyo_cholo/18_aug2.jpg,"A woman in a red and black dress sitting on a white chair. This is the Gunyo-Cholo, a traditional dress worn by Nepali girls and women. It is often worn during coming-of-age ceremonies and cultural celebrations.","एक महिला रातो र कालो पोशाकमा एक सेतो कुर्सीमा बसिरहेको छ। यो गुन्यो-चोलो हो, एक परम्परागत पोशाक जुन नेपाली केटीहरू र महिलाहरूले लगाउँछन्। यो प्रायः वयस्कता समारोह र सांस्कृतिक उत्सवहरूमा लगाइन्छ।"
nepali_dresses_augmented/gunyo_cholo/18_aug3.jpg,"A woman in a red and black dress sitting on a white chair. This is the Gunyo-Cholo, a traditional dress worn by Nepali girls and women. It is often worn during coming-of-age ceremonies and cultural celebrations.","एक महिला रातो र कालो पोशाकमा एक सेतो कुर्सीमा बसिरहेको छ। यो गुन्यो-चोलो हो, एक परम्परागत पोशाक जुन नेपाली केटीहरू र महिलाहरूले लगाउँछन्। यो प्रायः वयस्कता समारोह र सांस्कृतिक उत्सवहरूमा लगाइन्छ।"
nepali_dresses_augmented/gunyo_cholo/18_aug4.jpg,"A woman in a red and black dress sitting on a white chair. This is the Gunyo-Cholo, a traditional dress worn by Nepali girls and women. It is often worn during coming-of-age ceremonies and cultural celebrations.","एक महिला रातो र कालो पोशाकमा एक सेतो कुर्सीमा बसिरहेको छ। यो गुन्यो-चोलो हो, एक परम्परागत पोशाक जुन नेपाली केटीहरू र महिलाहरूले लगाउँछन्। यो प्रायः वयस्कता समारोह र सांस्कृतिक उत्सवहरूमा लगाइन्छ।"
nepali_dresses_augmented/gunyo_cholo/18_aug5.jpg,"A woman in a red and black dress sitting on a white chair. This is the Gunyo-Cholo, a traditional dress worn by Nepali girls and women. It is often worn during coming-of-age ceremonies and cultural celebrations.","एक महिला रातो र कालो पोशाकमा एक सेतो कुर्सीमा बसिरहेको छ। यो गुन्यो-चोलो हो, एक परम्परागत पोशाक जुन नेपाली केटीहरू र महिलाहरूले लगाउँछन्। यो प्रायः वयस्कता समारोह र सांस्कृतिक उत्सवहरूमा लगाइन्छ।"
nepali_dresses_augmented/gunyo_cholo/18_aug6.jpg,"A woman in a red and black dress sitting on a white chair. This is the Gunyo-Cholo, a traditional dress worn by Nepali girls and women. It is often worn during coming-of-age ceremonies and cultural celebrations.","एक महिला रातो र कालो पोशाकमा एक सेतो कुर्सीमा बसिरहेको छ। यो गुन्यो-चोलो हो, एक परम्परागत पोशाक जुन नेपाली केटीहरू र महिलाहरूले लगाउँछन्। यो प्रायः वयस्कता समारोह र सांस्कृतिक उत्सवहरूमा लगाइन्छ।"
nepali_dresses_augmented/gunyo_cholo/18_aug7.jpg,"A woman in a red and black dress sitting on a white chair. This is the Gunyo-Cholo, a traditional dress worn by Nepali girls and women. It is often worn during coming-of-age ceremonies and cultural celebrations.","एक महिला रातो र कालो पोशाकमा एक सेतो कुर्सीमा बसिरहेको छ। यो गुन्यो-चोलो हो, एक परम्परागत पोशाक जुन नेपाली केटीहरू र महिलाहरूले लगाउँछन्। यो प्रायः वयस्कता समारोह र सांस्कृतिक उत्सवहरूमा लगाइन्छ।"
nepali_dresses_augmented/gunyo_cholo/18_aug8.jpg,"A woman in a red and black dress sitting on a white chair. This is the Gunyo-Cholo, a traditional dress worn by Nepali girls and women. It is often worn during coming-of-age ceremonies and cultural celebrations.","एक महिला रातो र कालो पोशाकमा एक सेतो कुर्सीमा बसिरहेको छ। यो गुन्यो-चोलो हो, एक परम्परागत पोशाक जुन नेपाली केटीहरू र महिलाहरूले लगाउँछन्। यो प्रायः वयस्कता समारोह र सांस्कृतिक उत्सवहरूमा लगाइन्छ।"
nepali_dresses_augmented/gunyo_cholo/18_aug9.jpg,"A woman in a red and black dress sitting on a white chair. This is the Gunyo-Cholo, a traditional dress worn by Nepali girls and women. It is often worn during coming-of-age ceremonies and cultural celebrations.","एक महिला रातो र कालो पोशाकमा एक सेतो कुर्सीमा बसिरहेको छ। यो गुन्यो-चोलो हो, एक परम्परागत पोशाक जुन नेपाली केटीहरू र महिलाहरूले लगाउँछन्। यो प्रायः वयस्कता समारोह र सांस्कृतिक उत्सवहरूमा लगाइन्छ।"
nepali_dresses_augmented/gunyo_cholo/19.jpg,"A woman in a red and white dress dancing. This is the Gunyo-Cholo, a traditional dress worn by Nepali girls and women. It is often worn during coming-of-age ceremonies and cultural celebrations.","एक महिला रातो र सेतो पोशाकमा नाच्दै। यो गुन्यो-चोलो हो, नेपाली केटी र महिलाहरूले लगाउने परम्परागत पोशाक। यो प्रायः वयस्कता समारोह र सांस्कृतिक उत्सवहरूमा लगाइन्छ।"
nepali_dresses_augmented/gunyo_cholo/19_aug1.jpg,"A woman in a red and white dress dancing. This is the Gunyo-Cholo, a traditional dress worn by Nepali girls and women. It is often worn during coming-of-age ceremonies and cultural celebrations.","एक महिला रातो र सेतो पोशाकमा नाच्दै। यो गुन्यो-चोलो हो, नेपाली केटी र महिलाहरूले लगाउने परम्परागत पोशाक। यो प्रायः वयस्कता समारोह र सांस्कृतिक उत्सवहरूमा लगाइन्छ।"
nepali_dresses_augmented/gunyo_cholo/19_aug10.jpg,"A woman in a red and white dress dancing. This is the Gunyo-Cholo, a traditional dress worn by Nepali girls and women. It is often worn during coming-of-age ceremonies and cultural celebrations.","एक महिला रातो र सेतो पोशाकमा नाच्दै। यो गुन्यो-चोलो हो, नेपाली केटी र महिलाहरूले लगाउने परम्परागत पोशाक। यो प्रायः वयस्कता समारोह र सांस्कृतिक उत्सवहरूमा लगाइन्छ।"
nepali_dresses_augmented/gunyo_cholo/19_aug2.jpg,"A woman in a red and white dress dancing. This is the Gunyo-Cholo, a traditional dress worn by Nepali girls and women. It is often worn during coming-of-age ceremonies and cultural celebrations.","एक महिला रातो र सेतो पोशाकमा नाच्दै। यो गुन्यो-चोलो हो, नेपाली केटी र महिलाहरूले लगाउने परम्परागत पोशाक। यो प्रायः वयस्कता समारोह र सांस्कृतिक उत्सवहरूमा लगाइन्छ।"
nepali_dresses_augmented/gunyo_cholo/19_aug3.jpg,"A woman in a red and white dress dancing. This is the Gunyo-Cholo, a traditional dress worn by Nepali girls and women. It is often worn during coming-of-age ceremonies and cultural celebrations.","एक महिला रातो र सेतो पोशाकमा नाच्दै। यो गुन्यो-चोलो हो, नेपाली केटी र महिलाहरूले लगाउने परम्परागत पोशाक। यो प्रायः वयस्कता समारोह र सांस्कृतिक उत्सवहरूमा लगाइन्छ।"
nepali_dresses_augmented/gunyo_cholo/19_aug4.jpg,"A woman in a red and white dress dancing. This is the Gunyo-Cholo, a traditional dress worn by Nepali girls and women. It is often worn during coming-of-age ceremonies and cultural celebrations.","एक महिला रातो र सेतो पोशाकमा नाच्दै। यो गुन्यो-चोलो हो, नेपाली केटी र महिलाहरूले लगाउने परम्परागत पोशाक। यो प्रायः वयस्कता समारोह र सांस्कृतिक उत्सवहरूमा लगाइन्छ।"
nepali_dresses_augmented/gunyo_cholo/19_aug5.jpg,"A woman in a red and white dress dancing. This is the Gunyo-Cholo, a traditional dress worn by Nepali girls and women. It is often worn during coming-of-age ceremonies and cultural celebrations.","एक महिला रातो र सेतो पोशाकमा नाच्दै। यो गुन्यो-चोलो हो, नेपाली केटी र महिलाहरूले लगाउने परम्परागत पोशाक। यो प्रायः वयस्कता समारोह र सांस्कृतिक उत्सवहरूमा लगाइन्छ।"
nepali_dresses_augmented/gunyo_cholo/19_aug6.jpg,"A woman in a red and white dress dancing. This is the Gunyo-Cholo, a traditional dress worn by Nepali girls and women. It is often worn during coming-of-age ceremonies and cultural celebrations.","एक महिला रातो र सेतो पोशाकमा नाच्दै। यो गुन्यो-चोलो हो, नेपाली केटी र महिलाहरूले लगाउने परम्परागत पोशाक। यो प्रायः वयस्कता समारोह र सांस्कृतिक उत्सवहरूमा लगाइन्छ।"
nepali_dresses_augmented/gunyo_cholo/19_aug7.jpg,"A woman in a red and white dress dancing. This is the Gunyo-Cholo, a traditional dress worn by Nepali girls and women. It is often worn during coming-of-age ceremonies and cultural celebrations.","एक महिला रातो र सेतो पोशाकमा नाच्दै। यो गुन्यो-चोलो हो, नेपाली केटी र महिलाहरूले लगाउने परम्परागत पोशाक। यो प्रायः वयस्कता समारोह र सांस्कृतिक उत्सवहरूमा लगाइन्छ।"
nepali_dresses_augmented/gunyo_cholo/19_aug8.jpg,"A woman in a red and white dress dancing. This is the Gunyo-Cholo, a traditional dress worn by Nepali girls and women. It is often worn during coming-of-age ceremonies and cultural celebrations.","एक महिला रातो र सेतो पोशाकमा नाच्दै। यो गुन्यो-चोलो हो, नेपाली केटी र महिलाहरूले लगाउने परम्परागत पोशाक। यो प्रायः वयस्कता समारोह र सांस्कृतिक उत्सवहरूमा लगाइन्छ।"
nepali_dresses_augmented/gunyo_cholo/19_aug9.jpg,"A woman in a red and white dress dancing. This is the Gunyo-Cholo, a traditional dress worn by Nepali girls and women. It is often worn during coming-of-age ceremonies and cultural celebrations.","एक महिला रातो र सेतो पोशाकमा नाच्दै। यो गुन्यो-चोलो हो, नेपाली केटी र महिलाहरूले लगाउने परम्परागत पोशाक। यो प्रायः वयस्कता समारोह र सांस्कृतिक उत्सवहरूमा लगाइन्छ।"
nepali_dresses_augmented/gunyo_cholo/1_aug1.jpg,"A group of girls in pink dresses walking down the street. This is the Gunyo-Cholo, a traditional dress worn by Nepali girls and women. It is often worn during coming-of-age ceremonies and cultural celebrations.","गुन्यो-चोलो, नेपाली केटी र महिलाले लगाउने परम्परागत पोशाक हो। यो प्रायः वयस्कता समारोह र सांस्कृतिक उत्सवहरूमा लगाइन्छ।"
nepali_dresses_augmented/gunyo_cholo/1_aug10.jpg,"A group of girls in pink dresses walking down the street. This is the Gunyo-Cholo, a traditional dress worn by Nepali girls and women. It is often worn during coming-of-age ceremonies and cultural celebrations.","गुन्यो-चोलो, नेपाली केटी र महिलाले लगाउने परम्परागत पोशाक हो। यो प्रायः वयस्कता समारोह र सांस्कृतिक उत्सवहरूमा लगाइन्छ।"
nepali_dresses_augmented/gunyo_cholo/1_aug2.jpg,"A group of girls in pink dresses walking down the street. This is the Gunyo-Cholo, a traditional dress worn by Nepali girls and women. It is often worn during coming-of-age ceremonies and cultural celebrations.","गुन्यो-चोलो, नेपाली केटी र महिलाले लगाउने परम्परागत पोशाक हो। यो प्रायः वयस्कता समारोह र सांस्कृतिक उत्सवहरूमा लगाइन्छ।"
nepali_dresses_augmented/gunyo_cholo/1_aug3.jpg,"A group of girls in pink dresses walking down the street. This is the Gunyo-Cholo, a traditional dress worn by Nepali girls and women. It is often worn during coming-of-age ceremonies and cultural celebrations.","गुन्यो-चोलो, नेपाली केटी र महिलाले लगाउने परम्परागत पोशाक हो। यो प्रायः वयस्कता समारोह र सांस्कृतिक उत्सवहरूमा लगाइन्छ।"
nepali_dresses_augmented/gunyo_cholo/1_aug4.jpg,"A group of girls in pink dresses walking down the street. This is the Gunyo-Cholo, a traditional dress worn by Nepali girls and women. It is often worn during coming-of-age ceremonies and cultural celebrations.","गुन्यो-चोलो, नेपाली केटी र महिलाले लगाउने परम्परागत पोशाक हो। यो प्रायः वयस्कता समारोह र सांस्कृतिक उत्सवहरूमा लगाइन्छ।"
nepali_dresses_augmented/gunyo_cholo/1_aug5.jpg,"A group of girls in pink dresses walking down the street. This is the Gunyo-Cholo, a traditional dress worn by Nepali girls and women. It is often worn during coming-of-age ceremonies and cultural celebrations.","गुन्यो-चोलो, नेपाली केटी र महिलाले लगाउने परम्परागत पोशाक हो। यो प्रायः वयस्कता समारोह र सांस्कृतिक उत्सवहरूमा लगाइन्छ।"
nepali_dresses_augmented/gunyo_cholo/1_aug6.jpg,"A group of girls in pink dresses walking down the street. This is the Gunyo-Cholo, a traditional dress worn by Nepali girls and women. It is often worn during coming-of-age ceremonies and cultural celebrations.","गुन्यो-चोलो, नेपाली केटी र महिलाले लगाउने परम्परागत पोशाक हो। यो प्रायः वयस्कता समारोह र सांस्कृतिक उत्सवहरूमा लगाइन्छ।"
nepali_dresses_augmented/gunyo_cholo/1_aug7.jpg,"A group of girls in pink dresses walking down the street. This is the Gunyo-Cholo, a traditional dress worn by Nepali girls and women. It is often worn during coming-of-age ceremonies and cultural celebrations.","गुन्यो-चोलो, नेपाली केटी र महिलाले लगाउने परम्परागत पोशाक हो। यो प्रायः वयस्कता समारोह र सांस्कृतिक उत्सवहरूमा लगाइन्छ।"
nepali_dresses_augmented/gunyo_cholo/1_aug8.jpg,"A group of girls in pink dresses walking down the street. This is the Gunyo-Cholo, a traditional dress worn by Nepali girls and women. It is often worn during coming-of-age ceremonies and cultural celebrations.","गुन्यो-चोलो, नेपाली केटी र महिलाले लगाउने परम्परागत पोशाक हो। यो प्रायः वयस्कता समारोह र सांस्कृतिक उत्सवहरूमा लगाइन्छ।"
nepali_dresses_augmented/gunyo_cholo/1_aug9.jpg,"A group of girls in pink dresses walking down the street. This is the Gunyo-Cholo, a traditional dress worn by Nepali girls and women. It is often worn during coming-of-age ceremonies and cultural celebrations.","गुन्यो-चोलो, नेपाली केटी र महिलाले लगाउने परम्परागत पोशाक हो। यो प्रायः वयस्कता समारोह र सांस्कृतिक उत्सवहरूमा लगाइन्छ।"
nepali_dresses_augmented/gunyo_cholo/2.jpg,"A woman in a red and yellow dress. This is the Gunyo-Cholo, a traditional dress worn by Nepali girls and women. It is often worn during coming-of-age ceremonies and cultural celebrations.","एक महिला रातो र पहेंलो पोशाकमा। यो गुन्यो-चोलो हो, एक परम्परागत पोशाक जुन नेपाली केटीहरू र महिलाहरूले लगाउँछन्। यो प्रायः वयस्कता समारोह र सांस्कृतिक उत्सवहरूमा लगाइन्छ।"
nepali_dresses_augmented/gunyo_cholo/20.jpg,"A young girl in a red dress sitting on a gold throne. This is the Gunyo-Cholo, a traditional dress worn by Nepali girls and women. It is often worn during coming-of-age ceremonies and cultural celebrations.","सुनको सिंहासनमा बसिरहेको रातो पोशाकमा एक युवती। यो गुन्यो-चोलो हो, नेपाली केटी र महिलाहरूले लगाउने परम्परागत पोशाक हो। यो प्रायः वयस्कता समारोह र सांस्कृतिक उत्सवहरूमा लगाइन्छ।"
nepali_dresses_augmented/gunyo_cholo/20_aug1.jpg,"A young girl in a red dress sitting on a gold throne. This is the Gunyo-Cholo, a traditional dress worn by Nepali girls and women. It is often worn during coming-of-age ceremonies and cultural celebrations.","सुनको सिंहासनमा बसिरहेको रातो पोशाकमा एक युवती। यो गुन्यो-चोलो हो, नेपाली केटी र महिलाहरूले लगाउने परम्परागत पोशाक हो। यो प्रायः वयस्कता समारोह र सांस्कृतिक उत्सवहरूमा लगाइन्छ।"
nepali_dresses_augmented/gunyo_cholo/20_aug10.jpg,"A young girl in a red dress sitting on a gold throne. This is the Gunyo-Cholo, a traditional dress worn by Nepali girls and women. It is often worn during coming-of-age ceremonies and cultural celebrations.","सुनको सिंहासनमा बसिरहेको रातो पोशाकमा एक युवती। यो गुन्यो-चोलो हो, नेपाली केटी र महिलाहरूले लगाउने परम्परागत पोशाक हो। यो प्रायः वयस्कता समारोह र सांस्कृतिक उत्सवहरूमा लगाइन्छ।"
nepali_dresses_augmented/gunyo_cholo/20_aug2.jpg,"A young girl in a red dress sitting on a gold throne. This is the Gunyo-Cholo, a traditional dress worn by Nepali girls and women. It is often worn during coming-of-age ceremonies and cultural celebrations.","सुनको सिंहासनमा बसिरहेको रातो पोशाकमा एक युवती। यो गुन्यो-चोलो हो, नेपाली केटी र महिलाहरूले लगाउने परम्परागत पोशाक हो। यो प्रायः वयस्कता समारोह र सांस्कृतिक उत्सवहरूमा लगाइन्छ।"
nepali_dresses_augmented/gunyo_cholo/20_aug3.jpg,"A young girl in a red dress sitting on a gold throne. This is the Gunyo-Cholo, a traditional dress worn by Nepali girls and women. It is often worn during coming-of-age ceremonies and cultural celebrations.","सुनको सिंहासनमा बसिरहेको रातो पोशाकमा एक युवती। यो गुन्यो-चोलो हो, नेपाली केटी र महिलाहरूले लगाउने परम्परागत पोशाक हो। यो प्रायः वयस्कता समारोह र सांस्कृतिक उत्सवहरूमा लगाइन्छ।"
nepali_dresses_augmented/gunyo_cholo/20_aug4.jpg,"A young girl in a red dress sitting on a gold throne. This is the Gunyo-Cholo, a traditional dress worn by Nepali girls and women. It is often worn during coming-of-age ceremonies and cultural celebrations.","सुनको सिंहासनमा बसिरहेको रातो पोशाकमा एक युवती। यो गुन्यो-चोलो हो, नेपाली केटी र महिलाहरूले लगाउने परम्परागत पोशाक हो। यो प्रायः वयस्कता समारोह र सांस्कृतिक उत्सवहरूमा लगाइन्छ।"
nepali_dresses_augmented/gunyo_cholo/20_aug5.jpg,"A young girl in a red dress sitting on a gold throne. This is the Gunyo-Cholo, a traditional dress worn by Nepali girls and women. It is often worn during coming-of-age ceremonies and cultural celebrations.","सुनको सिंहासनमा बसिरहेको रातो पोशाकमा एक युवती। यो गुन्यो-चोलो हो, नेपाली केटी र महिलाहरूले लगाउने परम्परागत पोशाक हो। यो प्रायः वयस्कता समारोह र सांस्कृतिक उत्सवहरूमा लगाइन्छ।"
nepali_dresses_augmented/gunyo_cholo/20_aug6.jpg,"A young girl in a red dress sitting on a gold throne. This is the Gunyo-Cholo, a traditional dress worn by Nepali girls and women. It is often worn during coming-of-age ceremonies and cultural celebrations.","सुनको सिंहासनमा बसिरहेको रातो पोशाकमा एक युवती। यो गुन्यो-चोलो हो, नेपाली केटी र महिलाहरूले लगाउने परम्परागत पोशाक हो। यो प्रायः वयस्कता समारोह र सांस्कृतिक उत्सवहरूमा लगाइन्छ।"
nepali_dresses_augmented/gunyo_cholo/20_aug7.jpg,"A young girl in a red dress sitting on a gold throne. This is the Gunyo-Cholo, a traditional dress worn by Nepali girls and women. It is often worn during coming-of-age ceremonies and cultural celebrations.","सुनको सिंहासनमा बसिरहेको रातो पोशाकमा एक युवती। यो गुन्यो-चोलो हो, नेपाली केटी र महिलाहरूले लगाउने परम्परागत पोशाक हो। यो प्रायः वयस्कता समारोह र सांस्कृतिक उत्सवहरूमा लगाइन्छ।"
nepali_dresses_augmented/gunyo_cholo/20_aug8.jpg,"A young girl in a red dress sitting on a gold throne. This is the Gunyo-Cholo, a traditional dress worn by Nepali girls and women. It is often worn during coming-of-age ceremonies and cultural celebrations.","सुनको सिंहासनमा बसिरहेको रातो पोशाकमा एक युवती। यो गुन्यो-चोलो हो, नेपाली केटी र महिलाहरूले लगाउने परम्परागत पोशाक हो। यो प्रायः वयस्कता समारोह र सांस्कृतिक उत्सवहरूमा लगाइन्छ।"
nepali_dresses_augmented/gunyo_cholo/20_aug9.jpg,"A young girl in a red dress sitting on a gold throne. This is the Gunyo-Cholo, a traditional dress worn by Nepali girls and women. It is often worn during coming-of-age ceremonies and cultural celebrations.","सुनको सिंहासनमा बसिरहेको रातो पोशाकमा एक युवती। यो गुन्यो-चोलो हो, नेपाली केटी र महिलाहरूले लगाउने परम्परागत पोशाक हो। यो प्रायः वयस्कता समारोह र सांस्कृतिक उत्सवहरूमा लगाइन्छ।"
nepali_dresses_augmented/gunyo_cholo/21.jpg,"A woman in a red and yellow sari. This is the Gunyo-Cholo, a traditional dress worn by Nepali girls and women. It is often worn during coming-of-age ceremonies and cultural celebrations.","एक महिला रातो र पहेंलो साड़ीमा। यो गुन्यो-चोलो हो, एक परम्परागत पोशाक जुन नेपाली केटीहरू र महिलाहरूले लगाउँछन्। यो प्रायः वयस्कता समारोह र सांस्कृतिक उत्सवहरूमा लगाइन्छ।"
nepali_dresses_augmented/gunyo_cholo/21_aug1.jpg,"A woman in a red and yellow sari. This is the Gunyo-Cholo, a traditional dress worn by Nepali girls and women. It is often worn during coming-of-age ceremonies and cultural celebrations.","एक महिला रातो र पहेंलो साड़ीमा। यो गुन्यो-चोलो हो, एक परम्परागत पोशाक जुन नेपाली केटीहरू र महिलाहरूले लगाउँछन्। यो प्रायः वयस्कता समारोह र सांस्कृतिक उत्सवहरूमा लगाइन्छ।"
nepali_dresses_augmented/gunyo_cholo/21_aug10.jpg,"A woman in a red and yellow sari. This is the Gunyo-Cholo, a traditional dress worn by Nepali girls and women. It is often worn during coming-of-age ceremonies and cultural celebrations.","एक महिला रातो र पहेंलो साड़ीमा। यो गुन्यो-चोलो हो, एक परम्परागत पोशाक जुन नेपाली केटीहरू र महिलाहरूले लगाउँछन्। यो प्रायः वयस्कता समारोह र सांस्कृतिक उत्सवहरूमा लगाइन्छ।"
nepali_dresses_augmented/gunyo_cholo/21_aug2.jpg,"A woman in a red and yellow sari. This is the Gunyo-Cholo, a traditional dress worn by Nepali girls and women. It is often worn during coming-of-age ceremonies and cultural celebrations.","एक महिला रातो र पहेंलो साड़ीमा। यो गुन्यो-चोलो हो, एक परम्परागत पोशाक जुन नेपाली केटीहरू र महिलाहरूले लगाउँछन्। यो प्रायः वयस्कता समारोह र सांस्कृतिक उत्सवहरूमा लगाइन्छ।"
nepali_dresses_augmented/gunyo_cholo/21_aug3.jpg,"A woman in a red and yellow sari. This is the Gunyo-Cholo, a traditional dress worn by Nepali girls and women. It is often worn during coming-of-age ceremonies and cultural celebrations.","एक महिला रातो र पहेंलो साड़ीमा। यो गुन्यो-चोलो हो, एक परम्परागत पोशाक जुन नेपाली केटीहरू र महिलाहरूले लगाउँछन्। यो प्रायः वयस्कता समारोह र सांस्कृतिक उत्सवहरूमा लगाइन्छ।"
nepali_dresses_augmented/gunyo_cholo/21_aug4.jpg,"A woman in a red and yellow sari. This is the Gunyo-Cholo, a traditional dress worn by Nepali girls and women. It is often worn during coming-of-age ceremonies and cultural celebrations.","एक महिला रातो र पहेंलो साड़ीमा। यो गुन्यो-चोलो हो, एक परम्परागत पोशाक जुन नेपाली केटीहरू र महिलाहरूले लगाउँछन्। यो प्रायः वयस्कता समारोह र सांस्कृतिक उत्सवहरूमा लगाइन्छ।"
nepali_dresses_augmented/gunyo_cholo/21_aug5.jpg,"A woman in a red and yellow sari. This is the Gunyo-Cholo, a traditional dress worn by Nepali girls and women. It is often worn during coming-of-age ceremonies and cultural celebrations.","एक महिला रातो र पहेंलो साड़ीमा। यो गुन्यो-चोलो हो, एक परम्परागत पोशाक जुन नेपाली केटीहरू र महिलाहरूले लगाउँछन्। यो प्रायः वयस्कता समारोह र सांस्कृतिक उत्सवहरूमा लगाइन्छ।"
nepali_dresses_augmented/gunyo_cholo/21_aug6.jpg,"A woman in a red and yellow sari. This is the Gunyo-Cholo, a traditional dress worn by Nepali girls and women. It is often worn during coming-of-age ceremonies and cultural celebrations.","एक महिला रातो र पहेंलो साड़ीमा। यो गुन्यो-चोलो हो, एक परम्परागत पोशाक जुन नेपाली केटीहरू र महिलाहरूले लगाउँछन्। यो प्रायः वयस्कता समारोह र सांस्कृतिक उत्सवहरूमा लगाइन्छ।"
nepali_dresses_augmented/gunyo_cholo/21_aug7.jpg,"A woman in a red and yellow sari. This is the Gunyo-Cholo, a traditional dress worn by Nepali girls and women. It is often worn during coming-of-age ceremonies and cultural celebrations.","एक महिला रातो र पहेंलो साड़ीमा। यो गुन्यो-चोलो हो, एक परम्परागत पोशाक जुन नेपाली केटीहरू र महिलाहरूले लगाउँछन्। यो प्रायः वयस्कता समारोह र सांस्कृतिक उत्सवहरूमा लगाइन्छ।"
nepali_dresses_augmented/gunyo_cholo/21_aug8.jpg,"A woman in a red and yellow sari. This is the Gunyo-Cholo, a traditional dress worn by Nepali girls and women. It is often worn during coming-of-age ceremonies and cultural celebrations.","एक महिला रातो र पहेंलो साड़ीमा। यो गुन्यो-चोलो हो, एक परम्परागत पोशाक जुन नेपाली केटीहरू र महिलाहरूले लगाउँछन्। यो प्रायः वयस्कता समारोह र सांस्कृतिक उत्सवहरूमा लगाइन्छ।"
nepali_dresses_augmented/gunyo_cholo/21_aug9.jpg,"A woman in a red and yellow sari. This is the Gunyo-Cholo, a traditional dress worn by Nepali girls and women. It is often worn during coming-of-age ceremonies and cultural celebrations.","एक महिला रातो र पहेंलो साड़ीमा। यो गुन्यो-चोलो हो, एक परम्परागत पोशाक जुन नेपाली केटीहरू र महिलाहरूले लगाउँछन्। यो प्रायः वयस्कता समारोह र सांस्कृतिक उत्सवहरूमा लगाइन्छ।"
nepali_dresses_augmented/gunyo_cholo/22.jpg,"A woman in a red dress carrying a basket. This is the Gunyo-Cholo, a traditional dress worn by Nepali girls and women. It is often worn during coming-of-age ceremonies and cultural celebrations.","एक महिला रातो पोशाकमा टोकरी बोक्दै। यो गुन्यो-चोलो हो, एक परम्परागत पोशाक जुन नेपाली केटीहरू र महिलाहरूले लगाउँछन्। यो प्रायः वयस्कता समारोह र सांस्कृतिक उत्सवहरूमा लगाइन्छ।"
nepali_dresses_augmented/gunyo_cholo/22_aug1.jpg,"A woman in a red dress carrying a basket. This is the Gunyo-Cholo, a traditional dress worn by Nepali girls and women. It is often worn during coming-of-age ceremonies and cultural celebrations.","एक महिला रातो पोशाकमा टोकरी बोक्दै। यो गुन्यो-चोलो हो, एक परम्परागत पोशाक जुन नेपाली केटीहरू र महिलाहरूले लगाउँछन्। यो प्रायः वयस्कता समारोह र सांस्कृतिक उत्सवहरूमा लगाइन्छ।"
nepali_dresses_augmented/gunyo_cholo/22_aug10.jpg,"A woman in a red dress carrying a basket. This is the Gunyo-Cholo, a traditional dress worn by Nepali girls and women. It is often worn during coming-of-age ceremonies and cultural celebrations.","एक महिला रातो पोशाकमा टोकरी बोक्दै। यो गुन्यो-चोलो हो, एक परम्परागत पोशाक जुन नेपाली केटीहरू र महिलाहरूले लगाउँछन्। यो प्रायः वयस्कता समारोह र सांस्कृतिक उत्सवहरूमा लगाइन्छ।"
nepali_dresses_augmented/gunyo_cholo/22_aug2.jpg,"A woman in a red dress carrying a basket. This is the Gunyo-Cholo, a traditional dress worn by Nepali girls and women. It is often worn during coming-of-age ceremonies and cultural celebrations.","एक महिला रातो पोशाकमा टोकरी बोक्दै। यो गुन्यो-चोलो हो, एक परम्परागत पोशाक जुन नेपाली केटीहरू र महिलाहरूले लगाउँछन्। यो प्रायः वयस्कता समारोह र सांस्कृतिक उत्सवहरूमा लगाइन्छ।"
nepali_dresses_augmented/gunyo_cholo/22_aug3.jpg,"A woman in a red dress carrying a basket. This is the Gunyo-Cholo, a traditional dress worn by Nepali girls and women. It is often worn during coming-of-age ceremonies and cultural celebrations.","एक महिला रातो पोशाकमा टोकरी बोक्दै। यो गुन्यो-चोलो हो, एक परम्परागत पोशाक जुन नेपाली केटीहरू र महिलाहरूले लगाउँछन्। यो प्रायः वयस्कता समारोह र सांस्कृतिक उत्सवहरूमा लगाइन्छ।"
nepali_dresses_augmented/gunyo_cholo/22_aug4.jpg,"A woman in a red dress carrying a basket. This is the Gunyo-Cholo, a traditional dress worn by Nepali girls and women. It is often worn during coming-of-age ceremonies and cultural celebrations.","एक महिला रातो पोशाकमा टोकरी बोक्दै। यो गुन्यो-चोलो हो, एक परम्परागत पोशाक जुन नेपाली केटीहरू र महिलाहरूले लगाउँछन्। यो प्रायः वयस्कता समारोह र सांस्कृतिक उत्सवहरूमा लगाइन्छ।"
nepali_dresses_augmented/gunyo_cholo/22_aug5.jpg,"A woman in a red dress carrying a basket. This is the Gunyo-Cholo, a traditional dress worn by Nepali girls and women. It is often worn during coming-of-age ceremonies and cultural celebrations.","एक महिला रातो पोशाकमा टोकरी बोक्दै। यो गुन्यो-चोलो हो, एक परम्परागत पोशाक जुन नेपाली केटीहरू र महिलाहरूले लगाउँछन्। यो प्रायः वयस्कता समारोह र सांस्कृतिक उत्सवहरूमा लगाइन्छ।"
nepali_dresses_augmented/gunyo_cholo/22_aug6.jpg,"A woman in a red dress carrying a basket. This is the Gunyo-Cholo, a traditional dress worn by Nepali girls and women. It is often worn during coming-of-age ceremonies and cultural celebrations.","एक महिला रातो पोशाकमा टोकरी बोक्दै। यो गुन्यो-चोलो हो, एक परम्परागत पोशाक जुन नेपाली केटीहरू र महिलाहरूले लगाउँछन्। यो प्रायः वयस्कता समारोह र सांस्कृतिक उत्सवहरूमा लगाइन्छ।"
nepali_dresses_augmented/gunyo_cholo/22_aug7.jpg,"A woman in a red dress carrying a basket. This is the Gunyo-Cholo, a traditional dress worn by Nepali girls and women. It is often worn during coming-of-age ceremonies and cultural celebrations.","एक महिला रातो पोशाकमा टोकरी बोक्दै। यो गुन्यो-चोलो हो, एक परम्परागत पोशाक जुन नेपाली केटीहरू र महिलाहरूले लगाउँछन्। यो प्रायः वयस्कता समारोह र सांस्कृतिक उत्सवहरूमा लगाइन्छ।"
nepali_dresses_augmented/gunyo_cholo/22_aug8.jpg,"A woman in a red dress carrying a basket. This is the Gunyo-Cholo, a traditional dress worn by Nepali girls and women. It is often worn during coming-of-age ceremonies and cultural celebrations.","एक महिला रातो पोशाकमा टोकरी बोक्दै। यो गुन्यो-चोलो हो, एक परम्परागत पोशाक जुन नेपाली केटीहरू र महिलाहरूले लगाउँछन्। यो प्रायः वयस्कता समारोह र सांस्कृतिक उत्सवहरूमा लगाइन्छ।"
nepali_dresses_augmented/gunyo_cholo/22_aug9.jpg,"A woman in a red dress carrying a basket. This is the Gunyo-Cholo, a traditional dress worn by Nepali girls and women. It is often worn during coming-of-age ceremonies and cultural celebrations.","एक महिला रातो पोशाकमा टोकरी बोक्दै। यो गुन्यो-चोलो हो, एक परम्परागत पोशाक जुन नेपाली केटीहरू र महिलाहरूले लगाउँछन्। यो प्रायः वयस्कता समारोह र सांस्कृतिक उत्सवहरूमा लगाइन्छ।"
nepali_dresses_augmented/gunyo_cholo/23.jpg,"A group of young girls dressed in traditional thai costumes stock photo. This is the Gunyo-Cholo, a traditional dress worn by Nepali girls and women. It is often worn during coming-of-age ceremonies and cultural celebrations.","परम्परागत थाई पोशाकमा लुगा लगाएका युवतीहरूको समूहको स्टक फोटो। यो गुन्यो-चोलो हो, एक परम्परागत पोशाक जुन नेपाली केटी र महिलाहरूले लगाउँछन्। यो प्रायः वयस्कता समारोह र सांस्कृतिक उत्सवहरूमा लगाइन्छ।"
nepali_dresses_augmented/gunyo_cholo/23_aug1.jpg,"A group of young girls dressed in traditional thai costumes stock photo. This is the Gunyo-Cholo, a traditional dress worn by Nepali girls and women. It is often worn during coming-of-age ceremonies and cultural celebrations.","परम्परागत थाई पोशाकमा लुगा लगाएका युवतीहरूको समूहको स्टक फोटो। यो गुन्यो-चोलो हो, एक परम्परागत पोशाक जुन नेपाली केटी र महिलाहरूले लगाउँछन्। यो प्रायः वयस्कता समारोह र सांस्कृतिक उत्सवहरूमा लगाइन्छ।"
nepali_dresses_augmented/gunyo_cholo/23_aug10.jpg,"A group of young girls dressed in traditional thai costumes stock photo. This is the Gunyo-Cholo, a traditional dress worn by Nepali girls and women. It is often worn during coming-of-age ceremonies and cultural celebrations.","परम्परागत थाई पोशाकमा लुगा लगाएका युवतीहरूको समूहको स्टक फोटो। यो गुन्यो-चोलो हो, एक परम्परागत पोशाक जुन नेपाली केटी र महिलाहरूले लगाउँछन्। यो प्रायः वयस्कता समारोह र सांस्कृतिक उत्सवहरूमा लगाइन्छ।"
nepali_dresses_augmented/gunyo_cholo/23_aug2.jpg,"A group of young girls dressed in traditional thai costumes stock photo. This is the Gunyo-Cholo, a traditional dress worn by Nepali girls and women. It is often worn during coming-of-age ceremonies and cultural celebrations.","परम्परागत थाई पोशाकमा लुगा लगाएका युवतीहरूको समूहको स्टक फोटो। यो गुन्यो-चोलो हो, एक परम्परागत पोशाक जुन नेपाली केटी र महिलाहरूले लगाउँछन्। यो प्रायः वयस्कता समारोह र सांस्कृतिक उत्सवहरूमा लगाइन्छ।"
nepali_dresses_augmented/gunyo_cholo/23_aug3.jpg,"A group of young girls dressed in traditional thai costumes stock photo. This is the Gunyo-Cholo, a traditional dress worn by Nepali girls and women. It is often worn during coming-of-age ceremonies and cultural celebrations.","परम्परागत थाई पोशाकमा लुगा लगाएका युवतीहरूको समूहको स्टक फोटो। यो गुन्यो-चोलो हो, एक परम्परागत पोशाक जुन नेपाली केटी र महिलाहरूले लगाउँछन्। यो प्रायः वयस्कता समारोह र सांस्कृतिक उत्सवहरूमा लगाइन्छ।"
nepali_dresses_augmented/gunyo_cholo/23_aug4.jpg,"A group of young girls dressed in traditional thai costumes stock photo. This is the Gunyo-Cholo, a traditional dress worn by Nepali girls and women. It is often worn during coming-of-age ceremonies and cultural celebrations.","परम्परागत थाई पोशाकमा लुगा लगाएका युवतीहरूको समूहको स्टक फोटो। यो गुन्यो-चोलो हो, एक परम्परागत पोशाक जुन नेपाली केटी र महिलाहरूले लगाउँछन्। यो प्रायः वयस्कता समारोह र सांस्कृतिक उत्सवहरूमा लगाइन्छ।"
nepali_dresses_augmented/gunyo_cholo/23_aug5.jpg,"A group of young girls dressed in traditional thai costumes stock photo. This is the Gunyo-Cholo, a traditional dress worn by Nepali girls and women. It is often worn during coming-of-age ceremonies and cultural celebrations.","परम्परागत थाई पोशाकमा लुगा लगाएका युवतीहरूको समूहको स्टक फोटो। यो गुन्यो-चोलो हो, एक परम्परागत पोशाक जुन नेपाली केटी र महिलाहरूले लगाउँछन्। यो प्रायः वयस्कता समारोह र सांस्कृतिक उत्सवहरूमा लगाइन्छ।"
nepali_dresses_augmented/gunyo_cholo/23_aug6.jpg,"A group of young girls dressed in traditional thai costumes stock photo. This is the Gunyo-Cholo, a traditional dress worn by Nepali girls and women. It is often worn during coming-of-age ceremonies and cultural celebrations.","परम्परागत थाई पोशाकमा लुगा लगाएका युवतीहरूको समूहको स्टक फोटो। यो गुन्यो-चोलो हो, एक परम्परागत पोशाक जुन नेपाली केटी र महिलाहरूले लगाउँछन्। यो प्रायः वयस्कता समारोह र सांस्कृतिक उत्सवहरूमा लगाइन्छ।"
nepali_dresses_augmented/gunyo_cholo/23_aug7.jpg,"A group of young girls dressed in traditional thai costumes stock photo. This is the Gunyo-Cholo, a traditional dress worn by Nepali girls and women. It is often worn during coming-of-age ceremonies and cultural celebrations.","परम्परागत थाई पोशाकमा लुगा लगाएका युवतीहरूको समूहको स्टक फोटो। यो गुन्यो-चोलो हो, एक परम्परागत पोशाक जुन नेपाली केटी र महिलाहरूले लगाउँछन्। यो प्रायः वयस्कता समारोह र सांस्कृतिक उत्सवहरूमा लगाइन्छ।"
nepali_dresses_augmented/gunyo_cholo/23_aug8.jpg,"A group of young girls dressed in traditional thai costumes stock photo. This is the Gunyo-Cholo, a traditional dress worn by Nepali girls and women. It is often worn during coming-of-age ceremonies and cultural celebrations.","परम्परागत थाई पोशाकमा लुगा लगाएका युवतीहरूको समूहको स्टक फोटो। यो गुन्यो-चोलो हो, एक परम्परागत पोशाक जुन नेपाली केटी र महिलाहरूले लगाउँछन्। यो प्रायः वयस्कता समारोह र सांस्कृतिक उत्सवहरूमा लगाइन्छ।"
nepali_dresses_augmented/gunyo_cholo/23_aug9.jpg,"A group of young girls dressed in traditional thai costumes stock photo. This is the Gunyo-Cholo, a traditional dress worn by Nepali girls and women. It is often worn during coming-of-age ceremonies and cultural celebrations.","परम्परागत थाई पोशाकमा लुगा लगाएका युवतीहरूको समूहको स्टक फोटो। यो गुन्यो-चोलो हो, एक परम्परागत पोशाक जुन नेपाली केटी र महिलाहरूले लगाउँछन्। यो प्रायः वयस्कता समारोह र सांस्कृतिक उत्सवहरूमा लगाइन्छ।"
nepali_dresses_augmented/gunyo_cholo/24.jpg,"A woman standing in front of a tree. This is the Gunyo-Cholo, a traditional dress worn by Nepali girls and women. It is often worn during coming-of-age ceremonies and cultural celebrations.","एक महिला एक रूखको अगाडि उभिएकी छिन्। यो गुन्यो-चोलो हो, नेपाली केटी र महिलाहरूले लगाउने परम्परागत पोशाक हो। यो प्रायः वयस्कता समारोह र सांस्कृतिक उत्सवहरूमा लगाइन्छ।"
nepali_dresses_augmented/gunyo_cholo/24_aug1.jpg,"A woman standing in front of a tree. This is the Gunyo-Cholo, a traditional dress worn by Nepali girls and women. It is often worn during coming-of-age ceremonies and cultural celebrations.","एक महिला एक रूखको अगाडि उभिएकी छिन्। यो गुन्यो-चोलो हो, नेपाली केटी र महिलाहरूले लगाउने परम्परागत पोशाक हो। यो प्रायः वयस्कता समारोह र सांस्कृतिक उत्सवहरूमा लगाइन्छ।"
nepali_dresses_augmented/gunyo_cholo/24_aug10.jpg,"A woman standing in front of a tree. This is the Gunyo-Cholo, a traditional dress worn by Nepali girls and women. It is often worn during coming-of-age ceremonies and cultural celebrations.","एक महिला एक रूखको अगाडि उभिएकी छिन्। यो गुन्यो-चोलो हो, नेपाली केटी र महिलाहरूले लगाउने परम्परागत पोशाक हो। यो प्रायः वयस्कता समारोह र सांस्कृतिक उत्सवहरूमा लगाइन्छ।"
nepali_dresses_augmented/gunyo_cholo/24_aug2.jpg,"A woman standing in front of a tree. This is the Gunyo-Cholo, a traditional dress worn by Nepali girls and women. It is often worn during coming-of-age ceremonies and cultural celebrations.","एक महिला एक रूखको अगाडि उभिएकी छिन्। यो गुन्यो-चोलो हो, नेपाली केटी र महिलाहरूले लगाउने परम्परागत पोशाक हो। यो प्रायः वयस्कता समारोह र सांस्कृतिक उत्सवहरूमा लगाइन्छ।"
nepali_dresses_augmented/gunyo_cholo/24_aug3.jpg,"A woman standing in front of a tree. This is the Gunyo-Cholo, a traditional dress worn by Nepali girls and women. It is often worn during coming-of-age ceremonies and cultural celebrations.","एक महिला एक रूखको अगाडि उभिएकी छिन्। यो गुन्यो-चोलो हो, नेपाली केटी र महिलाहरूले लगाउने परम्परागत पोशाक हो। यो प्रायः वयस्कता समारोह र सांस्कृतिक उत्सवहरूमा लगाइन्छ।"
nepali_dresses_augmented/gunyo_cholo/24_aug4.jpg,"A woman standing in front of a tree. This is the Gunyo-Cholo, a traditional dress worn by Nepali girls and women. It is often worn during coming-of-age ceremonies and cultural celebrations.","एक महिला एक रूखको अगाडि उभिएकी छिन्। यो गुन्यो-चोलो हो, नेपाली केटी र महिलाहरूले लगाउने परम्परागत पोशाक हो। यो प्रायः वयस्कता समारोह र सांस्कृतिक उत्सवहरूमा लगाइन्छ।"
nepali_dresses_augmented/gunyo_cholo/24_aug5.jpg,"A woman standing in front of a tree. This is the Gunyo-Cholo, a traditional dress worn by Nepali girls and women. It is often worn during coming-of-age ceremonies and cultural celebrations.","एक महिला एक रूखको अगाडि उभिएकी छिन्। यो गुन्यो-चोलो हो, नेपाली केटी र महिलाहरूले लगाउने परम्परागत पोशाक हो। यो प्रायः वयस्कता समारोह र सांस्कृतिक उत्सवहरूमा लगाइन्छ।"
nepali_dresses_augmented/gunyo_cholo/24_aug6.jpg,"A woman standing in front of a tree. This is the Gunyo-Cholo, a traditional dress worn by Nepali girls and women. It is often worn during coming-of-age ceremonies and cultural celebrations.","एक महिला एक रूखको अगाडि उभिएकी छिन्। यो गुन्यो-चोलो हो, नेपाली केटी र महिलाहरूले लगाउने परम्परागत पोशाक हो। यो प्रायः वयस्कता समारोह र सांस्कृतिक उत्सवहरूमा लगाइन्छ।"
nepali_dresses_augmented/gunyo_cholo/24_aug7.jpg,"A woman standing in front of a tree. This is the Gunyo-Cholo, a traditional dress worn by Nepali girls and women. It is often worn during coming-of-age ceremonies and cultural celebrations.","एक महिला एक रूखको अगाडि उभिएकी छिन्। यो गुन्यो-चोलो हो, नेपाली केटी र महिलाहरूले लगाउने परम्परागत पोशाक हो। यो प्रायः वयस्कता समारोह र सांस्कृतिक उत्सवहरूमा लगाइन्छ।"
nepali_dresses_augmented/gunyo_cholo/24_aug8.jpg,"A woman standing in front of a tree. This is the Gunyo-Cholo, a traditional dress worn by Nepali girls and women. It is often worn during coming-of-age ceremonies and cultural celebrations.","एक महिला एक रूखको अगाडि उभिएकी छिन्। यो गुन्यो-चोलो हो, नेपाली केटी र महिलाहरूले लगाउने परम्परागत पोशाक हो। यो प्रायः वयस्कता समारोह र सांस्कृतिक उत्सवहरूमा लगाइन्छ।"
nepali_dresses_augmented/gunyo_cholo/24_aug9.jpg,"A woman standing in front of a tree. This is the Gunyo-Cholo, a traditional dress worn by Nepali girls and women. It is often worn during coming-of-age ceremonies and cultural celebrations.","एक महिला एक रूखको अगाडि उभिएकी छिन्। यो गुन्यो-चोलो हो, नेपाली केटी र महिलाहरूले लगाउने परम्परागत पोशाक हो। यो प्रायः वयस्कता समारोह र सांस्कृतिक उत्सवहरूमा लगाइन्छ।"
nepali_dresses_augmented/gunyo_cholo/25.jpg,"A woman in a red and yellow dress standing on the street. This is the Gunyo-Cholo, a traditional dress worn by Nepali girls and women. It is often worn during coming-of-age ceremonies and cultural celebrations.","सडकमा खडा रातो र पहेंलो पोशाकमा एक महिला। यो गुन्यो-चोलो हो, एक परम्परागत पोशाक जुन नेपाली केटीहरू र महिलाहरूले लगाउँछन्। यो प्रायः वयस्कता समारोह र सांस्कृतिक उत्सवहरूमा लगाइन्छ।"
nepali_dresses_augmented/gunyo_cholo/25_aug1.jpg,"A woman in a red and yellow dress standing on the street. This is the Gunyo-Cholo, a traditional dress worn by Nepali girls and women. It is often worn during coming-of-age ceremonies and cultural celebrations.","सडकमा खडा रातो र पहेंलो पोशाकमा एक महिला। यो गुन्यो-चोलो हो, एक परम्परागत पोशाक जुन नेपाली केटीहरू र महिलाहरूले लगाउँछन्। यो प्रायः वयस्कता समारोह र सांस्कृतिक उत्सवहरूमा लगाइन्छ।"
nepali_dresses_augmented/gunyo_cholo/25_aug10.jpg,"A woman in a red and yellow dress standing on the street. This is the Gunyo-Cholo, a traditional dress worn by Nepali girls and women. It is often worn during coming-of-age ceremonies and cultural celebrations.","सडकमा खडा रातो र पहेंलो पोशाकमा एक महिला। यो गुन्यो-चोलो हो, एक परम्परागत पोशाक जुन नेपाली केटीहरू र महिलाहरूले लगाउँछन्। यो प्रायः वयस्कता समारोह र सांस्कृतिक उत्सवहरूमा लगाइन्छ।"
nepali_dresses_augmented/gunyo_cholo/25_aug2.jpg,"A woman in a red and yellow dress standing on the street. This is the Gunyo-Cholo, a traditional dress worn by Nepali girls and women. It is often worn during coming-of-age ceremonies and cultural celebrations.","सडकमा खडा रातो र पहेंलो पोशाकमा एक महिला। यो गुन्यो-चोलो हो, एक परम्परागत पोशाक जुन नेपाली केटीहरू र महिलाहरूले लगाउँछन्। यो प्रायः वयस्कता समारोह र सांस्कृतिक उत्सवहरूमा लगाइन्छ।"
nepali_dresses_augmented/gunyo_cholo/25_aug3.jpg,"A woman in a red and yellow dress standing on the street. This is the Gunyo-Cholo, a traditional dress worn by Nepali girls and women. It is often worn during coming-of-age ceremonies and cultural celebrations.","सडकमा खडा रातो र पहेंलो पोशाकमा एक महिला। यो गुन्यो-चोलो हो, एक परम्परागत पोशाक जुन नेपाली केटीहरू र महिलाहरूले लगाउँछन्। यो प्रायः वयस्कता समारोह र सांस्कृतिक उत्सवहरूमा लगाइन्छ।"
nepali_dresses_augmented/gunyo_cholo/25_aug4.jpg,"A woman in a red and yellow dress standing on the street. This is the Gunyo-Cholo, a traditional dress worn by Nepali girls and women. It is often worn during coming-of-age ceremonies and cultural celebrations.","सडकमा खडा रातो र पहेंलो पोशाकमा एक महिला। यो गुन्यो-चोलो हो, एक परम्परागत पोशाक जुन नेपाली केटीहरू र महिलाहरूले लगाउँछन्। यो प्रायः वयस्कता समारोह र सांस्कृतिक उत्सवहरूमा लगाइन्छ।"
nepali_dresses_augmented/gunyo_cholo/25_aug5.jpg,"A woman in a red and yellow dress standing on the street. This is the Gunyo-Cholo, a traditional dress worn by Nepali girls and women. It is often worn during coming-of-age ceremonies and cultural celebrations.","सडकमा खडा रातो र पहेंलो पोशाकमा एक महिला। यो गुन्यो-चोलो हो, एक परम्परागत पोशाक जुन नेपाली केटीहरू र महिलाहरूले लगाउँछन्। यो प्रायः वयस्कता समारोह र सांस्कृतिक उत्सवहरूमा लगाइन्छ।"
nepali_dresses_augmented/gunyo_cholo/25_aug6.jpg,"A woman in a red and yellow dress standing on the street. This is the Gunyo-Cholo, a traditional dress worn by Nepali girls and women. It is often worn during coming-of-age ceremonies and cultural celebrations.","सडकमा खडा रातो र पहेंलो पोशाकमा एक महिला। यो गुन्यो-चोलो हो, एक परम्परागत पोशाक जुन नेपाली केटीहरू र महिलाहरूले लगाउँछन्। यो प्रायः वयस्कता समारोह र सांस्कृतिक उत्सवहरूमा लगाइन्छ।"
nepali_dresses_augmented/gunyo_cholo/25_aug7.jpg,"A woman in a red and yellow dress standing on the street. This is the Gunyo-Cholo, a traditional dress worn by Nepali girls and women. It is often worn during coming-of-age ceremonies and cultural celebrations.","सडकमा खडा रातो र पहेंलो पोशाकमा एक महिला। यो गुन्यो-चोलो हो, एक परम्परागत पोशाक जुन नेपाली केटीहरू र महिलाहरूले लगाउँछन्। यो प्रायः वयस्कता समारोह र सांस्कृतिक उत्सवहरूमा लगाइन्छ।"
nepali_dresses_augmented/gunyo_cholo/25_aug8.jpg,"A woman in a red and yellow dress standing on the street. This is the Gunyo-Cholo, a traditional dress worn by Nepali girls and women. It is often worn during coming-of-age ceremonies and cultural celebrations.","सडकमा खडा रातो र पहेंलो पोशाकमा एक महिला। यो गुन्यो-चोलो हो, एक परम्परागत पोशाक जुन नेपाली केटीहरू र महिलाहरूले लगाउँछन्। यो प्रायः वयस्कता समारोह र सांस्कृतिक उत्सवहरूमा लगाइन्छ।"
nepali_dresses_augmented/gunyo_cholo/25_aug9.jpg,"A woman in a red and yellow dress standing on the street. This is the Gunyo-Cholo, a traditional dress worn by Nepali girls and women. It is often worn during coming-of-age ceremonies and cultural celebrations.","सडकमा खडा रातो र पहेंलो पोशाकमा एक महिला। यो गुन्यो-चोलो हो, एक परम्परागत पोशाक जुन नेपाली केटीहरू र महिलाहरूले लगाउँछन्। यो प्रायः वयस्कता समारोह र सांस्कृतिक उत्सवहरूमा लगाइन्छ।"
nepali_dresses_augmented/gunyo_cholo/26.jpg,"A woman standing in front of a green bush. This is the Gunyo-Cholo, a traditional dress worn by Nepali girls and women. It is often worn during coming-of-age ceremonies and cultural celebrations.","एक महिला हरियो झाडीको अगाडि उभिएकी। यो गुन्यो-चोलो हो, नेपाली केटी र महिलाहरूले लगाउने परम्परागत पोशाक। यो प्रायः वयस्कता समारोह र सांस्कृतिक उत्सवहरूमा लगाइन्छ।"
nepali_dresses_augmented/gunyo_cholo/26_aug1.jpg,"A woman standing in front of a green bush. This is the Gunyo-Cholo, a traditional dress worn by Nepali girls and women. It is often worn during coming-of-age ceremonies and cultural celebrations.","एक महिला हरियो झाडीको अगाडि उभिएकी। यो गुन्यो-चोलो हो, नेपाली केटी र महिलाहरूले लगाउने परम्परागत पोशाक। यो प्रायः वयस्कता समारोह र सांस्कृतिक उत्सवहरूमा लगाइन्छ।"
nepali_dresses_augmented/gunyo_cholo/26_aug10.jpg,"A woman standing in front of a green bush. This is the Gunyo-Cholo, a traditional dress worn by Nepali girls and women. It is often worn during coming-of-age ceremonies and cultural celebrations.","एक महिला हरियो झाडीको अगाडि उभिएकी। यो गुन्यो-चोलो हो, नेपाली केटी र महिलाहरूले लगाउने परम्परागत पोशाक। यो प्रायः वयस्कता समारोह र सांस्कृतिक उत्सवहरूमा लगाइन्छ।"
nepali_dresses_augmented/gunyo_cholo/26_aug2.jpg,"A woman standing in front of a green bush. This is the Gunyo-Cholo, a traditional dress worn by Nepali girls and women. It is often worn during coming-of-age ceremonies and cultural celebrations.","एक महिला हरियो झाडीको अगाडि उभिएकी। यो गुन्यो-चोलो हो, नेपाली केटी र महिलाहरूले लगाउने परम्परागत पोशाक। यो प्रायः वयस्कता समारोह र सांस्कृतिक उत्सवहरूमा लगाइन्छ।"
nepali_dresses_augmented/gunyo_cholo/26_aug3.jpg,"A woman standing in front of a green bush. This is the Gunyo-Cholo, a traditional dress worn by Nepali girls and women. It is often worn during coming-of-age ceremonies and cultural celebrations.","एक महिला हरियो झाडीको अगाडि उभिएकी। यो गुन्यो-चोलो हो, नेपाली केटी र महिलाहरूले लगाउने परम्परागत पोशाक। यो प्रायः वयस्कता समारोह र सांस्कृतिक उत्सवहरूमा लगाइन्छ।"
nepali_dresses_augmented/gunyo_cholo/26_aug4.jpg,"A woman standing in front of a green bush. This is the Gunyo-Cholo, a traditional dress worn by Nepali girls and women. It is often worn during coming-of-age ceremonies and cultural celebrations.","एक महिला हरियो झाडीको अगाडि उभिएकी। यो गुन्यो-चोलो हो, नेपाली केटी र महिलाहरूले लगाउने परम्परागत पोशाक। यो प्रायः वयस्कता समारोह र सांस्कृतिक उत्सवहरूमा लगाइन्छ।"
nepali_dresses_augmented/gunyo_cholo/26_aug5.jpg,"A woman standing in front of a green bush. This is the Gunyo-Cholo, a traditional dress worn by Nepali girls and women. It is often worn during coming-of-age ceremonies and cultural celebrations.","एक महिला हरियो झाडीको अगाडि उभिएकी। यो गुन्यो-चोलो हो, नेपाली केटी र महिलाहरूले लगाउने परम्परागत पोशाक। यो प्रायः वयस्कता समारोह र सांस्कृतिक उत्सवहरूमा लगाइन्छ।"
nepali_dresses_augmented/gunyo_cholo/26_aug6.jpg,"A woman standing in front of a green bush. This is the Gunyo-Cholo, a traditional dress worn by Nepali girls and women. It is often worn during coming-of-age ceremonies and cultural celebrations.","एक महिला हरियो झाडीको अगाडि उभिएकी। यो गुन्यो-चोलो हो, नेपाली केटी र महिलाहरूले लगाउने परम्परागत पोशाक। यो प्रायः वयस्कता समारोह र सांस्कृतिक उत्सवहरूमा लगाइन्छ।"
nepali_dresses_augmented/gunyo_cholo/26_aug7.jpg,"A woman standing in front of a green bush. This is the Gunyo-Cholo, a traditional dress worn by Nepali girls and women. It is often worn during coming-of-age ceremonies and cultural celebrations.","एक महिला हरियो झाडीको अगाडि उभिएकी। यो गुन्यो-चोलो हो, नेपाली केटी र महिलाहरूले लगाउने परम्परागत पोशाक। यो प्रायः वयस्कता समारोह र सांस्कृतिक उत्सवहरूमा लगाइन्छ।"
nepali_dresses_augmented/gunyo_cholo/26_aug8.jpg,"A woman standing in front of a green bush. This is the Gunyo-Cholo, a traditional dress worn by Nepali girls and women. It is often worn during coming-of-age ceremonies and cultural celebrations.","एक महिला हरियो झाडीको अगाडि उभिएकी। यो गुन्यो-चोलो हो, नेपाली केटी र महिलाहरूले लगाउने परम्परागत पोशाक। यो प्रायः वयस्कता समारोह र सांस्कृतिक उत्सवहरूमा लगाइन्छ।"
nepali_dresses_augmented/gunyo_cholo/26_aug9.jpg,"A woman standing in front of a green bush. This is the Gunyo-Cholo, a traditional dress worn by Nepali girls and women. It is often worn during coming-of-age ceremonies and cultural celebrations.","एक महिला हरियो झाडीको अगाडि उभिएकी। यो गुन्यो-चोलो हो, नेपाली केटी र महिलाहरूले लगाउने परम्परागत पोशाक। यो प्रायः वयस्कता समारोह र सांस्कृतिक उत्सवहरूमा लगाइन्छ।"
nepali_dresses_augmented/gunyo_cholo/27.jpg,"A young girl dressed in traditional chinese clothing. This is the Gunyo-Cholo, a traditional dress worn by Nepali girls and women. It is often worn during coming-of-age ceremonies and cultural celebrations.","एक युवती परम्परागत चिनियाँ कपडामा लुगा लगाउँछिन्। यो गुन्यो-चोलो हो, नेपाली केटी र महिलाहरूले लगाउने परम्परागत पोशाक हो। यो प्रायः वयस्कता समारोह र सांस्कृतिक उत्सवहरूमा लगाइन्छ।"
nepali_dresses_augmented/gunyo_cholo/27_aug1.jpg,"A young girl dressed in traditional chinese clothing. This is the Gunyo-Cholo, a traditional dress worn by Nepali girls and women. It is often worn during coming-of-age ceremonies and cultural celebrations.","एक युवती परम्परागत चिनियाँ कपडामा लुगा लगाउँछिन्। यो गुन्यो-चोलो हो, नेपाली केटी र महिलाहरूले लगाउने परम्परागत पोशाक हो। यो प्रायः वयस्कता समारोह र सांस्कृतिक उत्सवहरूमा लगाइन्छ।"
nepali_dresses_augmented/gunyo_cholo/27_aug10.jpg,"A young girl dressed in traditional chinese clothing. This is the Gunyo-Cholo, a traditional dress worn by Nepali girls and women. It is often worn during coming-of-age ceremonies and cultural celebrations.","एक युवती परम्परागत चिनियाँ कपडामा लुगा लगाउँछिन्। यो गुन्यो-चोलो हो, नेपाली केटी र महिलाहरूले लगाउने परम्परागत पोशाक हो। यो प्रायः वयस्कता समारोह र सांस्कृतिक उत्सवहरूमा लगाइन्छ।"
nepali_dresses_augmented/gunyo_cholo/27_aug2.jpg,"A young girl dressed in traditional chinese clothing. This is the Gunyo-Cholo, a traditional dress worn by Nepali girls and women. It is often worn during coming-of-age ceremonies and cultural celebrations.","एक युवती परम्परागत चिनियाँ कपडामा लुगा लगाउँछिन्। यो गुन्यो-चोलो हो, नेपाली केटी र महिलाहरूले लगाउने परम्परागत पोशाक हो। यो प्रायः वयस्कता समारोह र सांस्कृतिक उत्सवहरूमा लगाइन्छ।"
nepali_dresses_augmented/gunyo_cholo/27_aug3.jpg,"A young girl dressed in traditional chinese clothing. This is the Gunyo-Cholo, a traditional dress worn by Nepali girls and women. It is often worn during coming-of-age ceremonies and cultural celebrations.","एक युवती परम्परागत चिनियाँ कपडामा लुगा लगाउँछिन्। यो गुन्यो-चोलो हो, नेपाली केटी र महिलाहरूले लगाउने परम्परागत पोशाक हो। यो प्रायः वयस्कता समारोह र सांस्कृतिक उत्सवहरूमा लगाइन्छ।"
nepali_dresses_augmented/gunyo_cholo/27_aug4.jpg,"A young girl dressed in traditional chinese clothing. This is the Gunyo-Cholo, a traditional dress worn by Nepali girls and women. It is often worn during coming-of-age ceremonies and cultural celebrations.","एक युवती परम्परागत चिनियाँ कपडामा लुगा लगाउँछिन्। यो गुन्यो-चोलो हो, नेपाली केटी र महिलाहरूले लगाउने परम्परागत पोशाक हो। यो प्रायः वयस्कता समारोह र सांस्कृतिक उत्सवहरूमा लगाइन्छ।"
nepali_dresses_augmented/gunyo_cholo/27_aug5.jpg,"A young girl dressed in traditional chinese clothing. This is the Gunyo-Cholo, a traditional dress worn by Nepali girls and women. It is often worn during coming-of-age ceremonies and cultural celebrations.","एक युवती परम्परागत चिनियाँ कपडामा लुगा लगाउँछिन्। यो गुन्यो-चोलो हो, नेपाली केटी र महिलाहरूले लगाउने परम्परागत पोशाक हो। यो प्रायः वयस्कता समारोह र सांस्कृतिक उत्सवहरूमा लगाइन्छ।"
nepali_dresses_augmented/gunyo_cholo/27_aug6.jpg,"A young girl dressed in traditional chinese clothing. This is the Gunyo-Cholo, a traditional dress worn by Nepali girls and women. It is often worn during coming-of-age ceremonies and cultural celebrations.","एक युवती परम्परागत चिनियाँ कपडामा लुगा लगाउँछिन्। यो गुन्यो-चोलो हो, नेपाली केटी र महिलाहरूले लगाउने परम्परागत पोशाक हो। यो प्रायः वयस्कता समारोह र सांस्कृतिक उत्सवहरूमा लगाइन्छ।"
nepali_dresses_augmented/gunyo_cholo/27_aug7.jpg,"A young girl dressed in traditional chinese clothing. This is the Gunyo-Cholo, a traditional dress worn by Nepali girls and women. It is often worn during coming-of-age ceremonies and cultural celebrations.","एक युवती परम्परागत चिनियाँ कपडामा लुगा लगाउँछिन्। यो गुन्यो-चोलो हो, नेपाली केटी र महिलाहरूले लगाउने परम्परागत पोशाक हो। यो प्रायः वयस्कता समारोह र सांस्कृतिक उत्सवहरूमा लगाइन्छ।"
nepali_dresses_augmented/gunyo_cholo/27_aug8.jpg,"A young girl dressed in traditional chinese clothing. This is the Gunyo-Cholo, a traditional dress worn by Nepali girls and women. It is often worn during coming-of-age ceremonies and cultural celebrations.","एक युवती परम्परागत चिनियाँ कपडामा लुगा लगाउँछिन्। यो गुन्यो-चोलो हो, नेपाली केटी र महिलाहरूले लगाउने परम्परागत पोशाक हो। यो प्रायः वयस्कता समारोह र सांस्कृतिक उत्सवहरूमा लगाइन्छ।"
nepali_dresses_augmented/gunyo_cholo/27_aug9.jpg,"A young girl dressed in traditional chinese clothing. This is the Gunyo-Cholo, a traditional dress worn by Nepali girls and women. It is often worn during coming-of-age ceremonies and cultural celebrations.","एक युवती परम्परागत चिनियाँ कपडामा लुगा लगाउँछिन्। यो गुन्यो-चोलो हो, नेपाली केटी र महिलाहरूले लगाउने परम्परागत पोशाक हो। यो प्रायः वयस्कता समारोह र सांस्कृतिक उत्सवहरूमा लगाइन्छ।"
nepali_dresses_augmented/gunyo_cholo/28.jpg,"A woman in a green blouse and yellow skirt. This is the Gunyo-Cholo, a traditional dress worn by Nepali girls and women. It is often worn during coming-of-age ceremonies and cultural celebrations.","एक महिला हरियो ब्लाउज र पहेंलो स्कर्टमा। यो गुन्यो-चोलो हो, एक परम्परागत पोशाक जुन नेपाली केटीहरू र महिलाहरूले लगाउँछन्। यो प्रायः वयस्कता समारोह र सांस्कृतिक उत्सवहरूमा लगाइन्छ।"
nepali_dresses_augmented/gunyo_cholo/28_aug1.jpg,"A woman in a green blouse and yellow skirt. This is the Gunyo-Cholo, a traditional dress worn by Nepali girls and women. It is often worn during coming-of-age ceremonies and cultural celebrations.","एक महिला हरियो ब्लाउज र पहेंलो स्कर्टमा। यो गुन्यो-चोलो हो, एक परम्परागत पोशाक जुन नेपाली केटीहरू र महिलाहरूले लगाउँछन्। यो प्रायः वयस्कता समारोह र सांस्कृतिक उत्सवहरूमा लगाइन्छ।"
nepali_dresses_augmented/gunyo_cholo/28_aug10.jpg,"A woman in a green blouse and yellow skirt. This is the Gunyo-Cholo, a traditional dress worn by Nepali girls and women. It is often worn during coming-of-age ceremonies and cultural celebrations.","एक महिला हरियो ब्लाउज र पहेंलो स्कर्टमा। यो गुन्यो-चोलो हो, एक परम्परागत पोशाक जुन नेपाली केटीहरू र महिलाहरूले लगाउँछन्। यो प्रायः वयस्कता समारोह र सांस्कृतिक उत्सवहरूमा लगाइन्छ।"
nepali_dresses_augmented/gunyo_cholo/28_aug2.jpg,"A woman in a green blouse and yellow skirt. This is the Gunyo-Cholo, a traditional dress worn by Nepali girls and women. It is often worn during coming-of-age ceremonies and cultural celebrations.","एक महिला हरियो ब्लाउज र पहेंलो स्कर्टमा। यो गुन्यो-चोलो हो, एक परम्परागत पोशाक जुन नेपाली केटीहरू र महिलाहरूले लगाउँछन्। यो प्रायः वयस्कता समारोह र सांस्कृतिक उत्सवहरूमा लगाइन्छ।"
nepali_dresses_augmented/gunyo_cholo/28_aug3.jpg,"A woman in a green blouse and yellow skirt. This is the Gunyo-Cholo, a traditional dress worn by Nepali girls and women. It is often worn during coming-of-age ceremonies and cultural celebrations.","एक महिला हरियो ब्लाउज र पहेंलो स्कर्टमा। यो गुन्यो-चोलो हो, एक परम्परागत पोशाक जुन नेपाली केटीहरू र महिलाहरूले लगाउँछन्। यो प्रायः वयस्कता समारोह र सांस्कृतिक उत्सवहरूमा लगाइन्छ।"
nepali_dresses_augmented/gunyo_cholo/28_aug4.jpg,"A woman in a green blouse and yellow skirt. This is the Gunyo-Cholo, a traditional dress worn by Nepali girls and women. It is often worn during coming-of-age ceremonies and cultural celebrations.","एक महिला हरियो ब्लाउज र पहेंलो स्कर्टमा। यो गुन्यो-चोलो हो, एक परम्परागत पोशाक जुन नेपाली केटीहरू र महिलाहरूले लगाउँछन्। यो प्रायः वयस्कता समारोह र सांस्कृतिक उत्सवहरूमा लगाइन्छ।"
nepali_dresses_augmented/gunyo_cholo/28_aug5.jpg,"A woman in a green blouse and yellow skirt. This is the Gunyo-Cholo, a traditional dress worn by Nepali girls and women. It is often worn during coming-of-age ceremonies and cultural celebrations.","एक महिला हरियो ब्लाउज र पहेंलो स्कर्टमा। यो गुन्यो-चोलो हो, एक परम्परागत पोशाक जुन नेपाली केटीहरू र महिलाहरूले लगाउँछन्। यो प्रायः वयस्कता समारोह र सांस्कृतिक उत्सवहरूमा लगाइन्छ।"
nepali_dresses_augmented/gunyo_cholo/28_aug6.jpg,"A woman in a green blouse and yellow skirt. This is the Gunyo-Cholo, a traditional dress worn by Nepali girls and women. It is often worn during coming-of-age ceremonies and cultural celebrations.","एक महिला हरियो ब्लाउज र पहेंलो स्कर्टमा। यो गुन्यो-चोलो हो, एक परम्परागत पोशाक जुन नेपाली केटीहरू र महिलाहरूले लगाउँछन्। यो प्रायः वयस्कता समारोह र सांस्कृतिक उत्सवहरूमा लगाइन्छ।"
nepali_dresses_augmented/gunyo_cholo/28_aug7.jpg,"A woman in a green blouse and yellow skirt. This is the Gunyo-Cholo, a traditional dress worn by Nepali girls and women. It is often worn during coming-of-age ceremonies and cultural celebrations.","एक महिला हरियो ब्लाउज र पहेंलो स्कर्टमा। यो गुन्यो-चोलो हो, एक परम्परागत पोशाक जुन नेपाली केटीहरू र महिलाहरूले लगाउँछन्। यो प्रायः वयस्कता समारोह र सांस्कृतिक उत्सवहरूमा लगाइन्छ।"
nepali_dresses_augmented/gunyo_cholo/28_aug8.jpg,"A woman in a green blouse and yellow skirt. This is the Gunyo-Cholo, a traditional dress worn by Nepali girls and women. It is often worn during coming-of-age ceremonies and cultural celebrations.","एक महिला हरियो ब्लाउज र पहेंलो स्कर्टमा। यो गुन्यो-चोलो हो, एक परम्परागत पोशाक जुन नेपाली केटीहरू र महिलाहरूले लगाउँछन्। यो प्रायः वयस्कता समारोह र सांस्कृतिक उत्सवहरूमा लगाइन्छ।"
nepali_dresses_augmented/gunyo_cholo/28_aug9.jpg,"A woman in a green blouse and yellow skirt. This is the Gunyo-Cholo, a traditional dress worn by Nepali girls and women. It is often worn during coming-of-age ceremonies and cultural celebrations.","एक महिला हरियो ब्लाउज र पहेंलो स्कर्टमा। यो गुन्यो-चोलो हो, एक परम्परागत पोशाक जुन नेपाली केटीहरू र महिलाहरूले लगाउँछन्। यो प्रायः वयस्कता समारोह र सांस्कृतिक उत्सवहरूमा लगाइन्छ।"
nepali_dresses_augmented/gunyo_cholo/29.jpg,"A young girl in traditional dress stands at a podium with a microphone. This is the Gunyo-Cholo, a traditional dress worn by Nepali girls and women. It is often worn during coming-of-age ceremonies and cultural celebrations.","परम्परागत पोशाकमा एक युवती माइक्रोफोनको साथ पोडियममा उभिएकी छिन्। यो गुन्यो-चोलो हो, नेपाली केटी र महिलाहरूले लगाउने परम्परागत पोशाक हो। यो प्रायः वयस्कता समारोह र सांस्कृतिक उत्सवहरूमा लगाइन्छ।"
nepali_dresses_augmented/gunyo_cholo/29_aug1.jpg,"A young girl in traditional dress stands at a podium with a microphone. This is the Gunyo-Cholo, a traditional dress worn by Nepali girls and women. It is often worn during coming-of-age ceremonies and cultural celebrations.","परम्परागत पोशाकमा एक युवती माइक्रोफोनको साथ पोडियममा उभिएकी छिन्। यो गुन्यो-चोलो हो, नेपाली केटी र महिलाहरूले लगाउने परम्परागत पोशाक हो। यो प्रायः वयस्कता समारोह र सांस्कृतिक उत्सवहरूमा लगाइन्छ।"
nepali_dresses_augmented/gunyo_cholo/29_aug10.jpg,"A young girl in traditional dress stands at a podium with a microphone. This is the Gunyo-Cholo, a traditional dress worn by Nepali girls and women. It is often worn during coming-of-age ceremonies and cultural celebrations.","परम्परागत पोशाकमा एक युवती माइक्रोफोनको साथ पोडियममा उभिएकी छिन्। यो गुन्यो-चोलो हो, नेपाली केटी र महिलाहरूले लगाउने परम्परागत पोशाक हो। यो प्रायः वयस्कता समारोह र सांस्कृतिक उत्सवहरूमा लगाइन्छ।"
nepali_dresses_augmented/gunyo_cholo/29_aug2.jpg,"A young girl in traditional dress stands at a podium with a microphone. This is the Gunyo-Cholo, a traditional dress worn by Nepali girls and women. It is often worn during coming-of-age ceremonies and cultural celebrations.","परम्परागत पोशाकमा एक युवती माइक्रोफोनको साथ पोडियममा उभिएकी छिन्। यो गुन्यो-चोलो हो, नेपाली केटी र महिलाहरूले लगाउने परम्परागत पोशाक हो। यो प्रायः वयस्कता समारोह र सांस्कृतिक उत्सवहरूमा लगाइन्छ।"
nepali_dresses_augmented/gunyo_cholo/29_aug3.jpg,"A young girl in traditional dress stands at a podium with a microphone. This is the Gunyo-Cholo, a traditional dress worn by Nepali girls and women. It is often worn during coming-of-age ceremonies and cultural celebrations.","परम्परागत पोशाकमा एक युवती माइक्रोफोनको साथ पोडियममा उभिएकी छिन्। यो गुन्यो-चोलो हो, नेपाली केटी र महिलाहरूले लगाउने परम्परागत पोशाक हो। यो प्रायः वयस्कता समारोह र सांस्कृतिक उत्सवहरूमा लगाइन्छ।"
nepali_dresses_augmented/gunyo_cholo/29_aug4.jpg,"A young girl in traditional dress stands at a podium with a microphone. This is the Gunyo-Cholo, a traditional dress worn by Nepali girls and women. It is often worn during coming-of-age ceremonies and cultural celebrations.","परम्परागत पोशाकमा एक युवती माइक्रोफोनको साथ पोडियममा उभिएकी छिन्। यो गुन्यो-चोलो हो, नेपाली केटी र महिलाहरूले लगाउने परम्परागत पोशाक हो। यो प्रायः वयस्कता समारोह र सांस्कृतिक उत्सवहरूमा लगाइन्छ।"
nepali_dresses_augmented/gunyo_cholo/29_aug5.jpg,"A young girl in traditional dress stands at a podium with a microphone. This is the Gunyo-Cholo, a traditional dress worn by Nepali girls and women. It is often worn during coming-of-age ceremonies and cultural celebrations.","परम्परागत पोशाकमा एक युवती माइक्रोफोनको साथ पोडियममा उभिएकी छिन्। यो गुन्यो-चोलो हो, नेपाली केटी र महिलाहरूले लगाउने परम्परागत पोशाक हो। यो प्रायः वयस्कता समारोह र सांस्कृतिक उत्सवहरूमा लगाइन्छ।"
nepali_dresses_augmented/gunyo_cholo/29_aug6.jpg,"A young girl in traditional dress stands at a podium with a microphone. This is the Gunyo-Cholo, a traditional dress worn by Nepali girls and women. It is often worn during coming-of-age ceremonies and cultural celebrations.","परम्परागत पोशाकमा एक युवती माइक्रोफोनको साथ पोडियममा उभिएकी छिन्। यो गुन्यो-चोलो हो, नेपाली केटी र महिलाहरूले लगाउने परम्परागत पोशाक हो। यो प्रायः वयस्कता समारोह र सांस्कृतिक उत्सवहरूमा लगाइन्छ।"
nepali_dresses_augmented/gunyo_cholo/29_aug7.jpg,"A young girl in traditional dress stands at a podium with a microphone. This is the Gunyo-Cholo, a traditional dress worn by Nepali girls and women. It is often worn during coming-of-age ceremonies and cultural celebrations.","परम्परागत पोशाकमा एक युवती माइक्रोफोनको साथ पोडियममा उभिएकी छिन्। यो गुन्यो-चोलो हो, नेपाली केटी र महिलाहरूले लगाउने परम्परागत पोशाक हो। यो प्रायः वयस्कता समारोह र सांस्कृतिक उत्सवहरूमा लगाइन्छ।"
nepali_dresses_augmented/gunyo_cholo/29_aug8.jpg,"A young girl in traditional dress stands at a podium with a microphone. This is the Gunyo-Cholo, a traditional dress worn by Nepali girls and women. It is often worn during coming-of-age ceremonies and cultural celebrations.","परम्परागत पोशाकमा एक युवती माइक्रोफोनको साथ पोडियममा उभिएकी छिन्। यो गुन्यो-चोलो हो, नेपाली केटी र महिलाहरूले लगाउने परम्परागत पोशाक हो। यो प्रायः वयस्कता समारोह र सांस्कृतिक उत्सवहरूमा लगाइन्छ।"
nepali_dresses_augmented/gunyo_cholo/29_aug9.jpg,"A young girl in traditional dress stands at a podium with a microphone. This is the Gunyo-Cholo, a traditional dress worn by Nepali girls and women. It is often worn during coming-of-age ceremonies and cultural celebrations.","परम्परागत पोशाकमा एक युवती माइक्रोफोनको साथ पोडियममा उभिएकी छिन्। यो गुन्यो-चोलो हो, नेपाली केटी र महिलाहरूले लगाउने परम्परागत पोशाक हो। यो प्रायः वयस्कता समारोह र सांस्कृतिक उत्सवहरूमा लगाइन्छ।"
nepali_dresses_augmented/gunyo_cholo/2_aug1.jpg,"A woman in a red and yellow dress. This is the Gunyo-Cholo, a traditional dress worn by Nepali girls and women. It is often worn during coming-of-age ceremonies and cultural celebrations.","एक महिला रातो र पहेंलो पोशाकमा। यो गुन्यो-चोलो हो, एक परम्परागत पोशाक जुन नेपाली केटीहरू र महिलाहरूले लगाउँछन्। यो प्रायः वयस्कता समारोह र सांस्कृतिक उत्सवहरूमा लगाइन्छ।"
nepali_dresses_augmented/gunyo_cholo/2_aug10.jpg,"A woman in a red and yellow dress. This is the Gunyo-Cholo, a traditional dress worn by Nepali girls and women. It is often worn during coming-of-age ceremonies and cultural celebrations.","एक महिला रातो र पहेंलो पोशाकमा। यो गुन्यो-चोलो हो, एक परम्परागत पोशाक जुन नेपाली केटीहरू र महिलाहरूले लगाउँछन्। यो प्रायः वयस्कता समारोह र सांस्कृतिक उत्सवहरूमा लगाइन्छ।"
nepali_dresses_augmented/gunyo_cholo/2_aug2.jpg,"A woman in a red and yellow dress. This is the Gunyo-Cholo, a traditional dress worn by Nepali girls and women. It is often worn during coming-of-age ceremonies and cultural celebrations.","एक महिला रातो र पहेंलो पोशाकमा। यो गुन्यो-चोलो हो, एक परम्परागत पोशाक जुन नेपाली केटीहरू र महिलाहरूले लगाउँछन्। यो प्रायः वयस्कता समारोह र सांस्कृतिक उत्सवहरूमा लगाइन्छ।"
nepali_dresses_augmented/gunyo_cholo/2_aug3.jpg,"A woman in a red and yellow dress. This is the Gunyo-Cholo, a traditional dress worn by Nepali girls and women. It is often worn during coming-of-age ceremonies and cultural celebrations.","एक महिला रातो र पहेंलो पोशाकमा। यो गुन्यो-चोलो हो, एक परम्परागत पोशाक जुन नेपाली केटीहरू र महिलाहरूले लगाउँछन्। यो प्रायः वयस्कता समारोह र सांस्कृतिक उत्सवहरूमा लगाइन्छ।"
nepali_dresses_augmented/gunyo_cholo/2_aug4.jpg,"A woman in a red and yellow dress. This is the Gunyo-Cholo, a traditional dress worn by Nepali girls and women. It is often worn during coming-of-age ceremonies and cultural celebrations.","एक महिला रातो र पहेंलो पोशाकमा। यो गुन्यो-चोलो हो, एक परम्परागत पोशाक जुन नेपाली केटीहरू र महिलाहरूले लगाउँछन्। यो प्रायः वयस्कता समारोह र सांस्कृतिक उत्सवहरूमा लगाइन्छ।"
nepali_dresses_augmented/gunyo_cholo/2_aug5.jpg,"A woman in a red and yellow dress. This is the Gunyo-Cholo, a traditional dress worn by Nepali girls and women. It is often worn during coming-of-age ceremonies and cultural celebrations.","एक महिला रातो र पहेंलो पोशाकमा। यो गुन्यो-चोलो हो, एक परम्परागत पोशाक जुन नेपाली केटीहरू र महिलाहरूले लगाउँछन्। यो प्रायः वयस्कता समारोह र सांस्कृतिक उत्सवहरूमा लगाइन्छ।"
nepali_dresses_augmented/gunyo_cholo/2_aug6.jpg,"A woman in a red and yellow dress. This is the Gunyo-Cholo, a traditional dress worn by Nepali girls and women. It is often worn during coming-of-age ceremonies and cultural celebrations.","एक महिला रातो र पहेंलो पोशाकमा। यो गुन्यो-चोलो हो, एक परम्परागत पोशाक जुन नेपाली केटीहरू र महिलाहरूले लगाउँछन्। यो प्रायः वयस्कता समारोह र सांस्कृतिक उत्सवहरूमा लगाइन्छ।"
nepali_dresses_augmented/gunyo_cholo/2_aug7.jpg,"A woman in a red and yellow dress. This is the Gunyo-Cholo, a traditional dress worn by Nepali girls and women. It is often worn during coming-of-age ceremonies and cultural celebrations.","एक महिला रातो र पहेंलो पोशाकमा। यो गुन्यो-चोलो हो, एक परम्परागत पोशाक जुन नेपाली केटीहरू र महिलाहरूले लगाउँछन्। यो प्रायः वयस्कता समारोह र सांस्कृतिक उत्सवहरूमा लगाइन्छ।"
nepali_dresses_augmented/gunyo_cholo/2_aug8.jpg,"A woman in a red and yellow dress. This is the Gunyo-Cholo, a traditional dress worn by Nepali girls and women. It is often worn during coming-of-age ceremonies and cultural celebrations.","एक महिला रातो र पहेंलो पोशाकमा। यो गुन्यो-चोलो हो, एक परम्परागत पोशाक जुन नेपाली केटीहरू र महिलाहरूले लगाउँछन्। यो प्रायः वयस्कता समारोह र सांस्कृतिक उत्सवहरूमा लगाइन्छ।"
nepali_dresses_augmented/gunyo_cholo/2_aug9.jpg,"A woman in a red and yellow dress. This is the Gunyo-Cholo, a traditional dress worn by Nepali girls and women. It is often worn during coming-of-age ceremonies and cultural celebrations.","एक महिला रातो र पहेंलो पोशाकमा। यो गुन्यो-चोलो हो, एक परम्परागत पोशाक जुन नेपाली केटीहरू र महिलाहरूले लगाउँछन्। यो प्रायः वयस्कता समारोह र सांस्कृतिक उत्सवहरूमा लगाइन्छ।"
nepali_dresses_augmented/gunyo_cholo/3.jpg,"A woman wearing a blue blouse and yellow skirt. This is the Gunyo-Cholo, a traditional dress worn by Nepali girls and women. It is often worn during coming-of-age ceremonies and cultural celebrations.","एक महिलाले नीलो ब्लाउज र पहेंलो स्कर्ट लगाउँछिन्। यो गुन्यो-चोलो हो, नेपाली केटी र महिलाहरूले लगाउने परम्परागत पोशाक। यो प्रायः वयस्कता समारोह र सांस्कृतिक उत्सवहरूमा लगाइन्छ।"
nepali_dresses_augmented/gunyo_cholo/30.jpg,"A young girl dressed in traditional clothing and headdres stands in front of a hedge hedge - stock photo. This is the Gunyo-Cholo, a traditional dress worn by Nepali girls and women. It is often worn during coming-of-age ceremonies and cultural celebrations.","परम्परागत कपडा र हेड्रेस लगाएका एक युवती हेज हेज स्टक फोटोको अगाडि उभिएकी छिन्। यो गुन्यो-चोलो हो, नेपाली केटी र महिलाले लगाउने परम्परागत पोशाक हो। यो प्रायः वयस्कता समारोह र सांस्कृतिक उत्सवहरूमा लगाइन्छ।"
nepali_dresses_augmented/gunyo_cholo/30_aug1.jpg,"A young girl dressed in traditional clothing and headdres stands in front of a hedge hedge - stock photo. This is the Gunyo-Cholo, a traditional dress worn by Nepali girls and women. It is often worn during coming-of-age ceremonies and cultural celebrations.","परम्परागत कपडा र हेड्रेस लगाएका एक युवती हेज हेज स्टक फोटोको अगाडि उभिएकी छिन्। यो गुन्यो-चोलो हो, नेपाली केटी र महिलाले लगाउने परम्परागत पोशाक हो। यो प्रायः वयस्कता समारोह र सांस्कृतिक उत्सवहरूमा लगाइन्छ।"
nepali_dresses_augmented/gunyo_cholo/30_aug10.jpg,"A young girl dressed in traditional clothing and headdres stands in front of a hedge hedge - stock photo. This is the Gunyo-Cholo, a traditional dress worn by Nepali girls and women. It is often worn during coming-of-age ceremonies and cultural celebrations.","परम्परागत कपडा र हेड्रेस लगाएका एक युवती हेज हेज स्टक फोटोको अगाडि उभिएकी छिन्। यो गुन्यो-चोलो हो, नेपाली केटी र महिलाले लगाउने परम्परागत पोशाक हो। यो प्रायः वयस्कता समारोह र सांस्कृतिक उत्सवहरूमा लगाइन्छ।"
nepali_dresses_augmented/gunyo_cholo/30_aug2.jpg,"A young girl dressed in traditional clothing and headdres stands in front of a hedge hedge - stock photo. This is the Gunyo-Cholo, a traditional dress worn by Nepali girls and women. It is often worn during coming-of-age ceremonies and cultural celebrations.","परम्परागत कपडा र हेड्रेस लगाएका एक युवती हेज हेज स्टक फोटोको अगाडि उभिएकी छिन्। यो गुन्यो-चोलो हो, नेपाली केटी र महिलाले लगाउने परम्परागत पोशाक हो। यो प्रायः वयस्कता समारोह र सांस्कृतिक उत्सवहरूमा लगाइन्छ।"
nepali_dresses_augmented/gunyo_cholo/30_aug3.jpg,"A young girl dressed in traditional clothing and headdres stands in front of a hedge hedge - stock photo. This is the Gunyo-Cholo, a traditional dress worn by Nepali girls and women. It is often worn during coming-of-age ceremonies and cultural celebrations.","परम्परागत कपडा र हेड्रेस लगाएका एक युवती हेज हेज स्टक फोटोको अगाडि उभिएकी छिन्। यो गुन्यो-चोलो हो, नेपाली केटी र महिलाले लगाउने परम्परागत पोशाक हो। यो प्रायः वयस्कता समारोह र सांस्कृतिक उत्सवहरूमा लगाइन्छ।"
nepali_dresses_augmented/gunyo_cholo/30_aug4.jpg,"A young girl dressed in traditional clothing and headdres stands in front of a hedge hedge - stock photo. This is the Gunyo-Cholo, a traditional dress worn by Nepali girls and women. It is often worn during coming-of-age ceremonies and cultural celebrations.","परम्परागत कपडा र हेड्रेस लगाएका एक युवती हेज हेज स्टक फोटोको अगाडि उभिएकी छिन्। यो गुन्यो-चोलो हो, नेपाली केटी र महिलाले लगाउने परम्परागत पोशाक हो। यो प्रायः वयस्कता समारोह र सांस्कृतिक उत्सवहरूमा लगाइन्छ।"
nepali_dresses_augmented/gunyo_cholo/30_aug5.jpg,"A young girl dressed in traditional clothing and headdres stands in front of a hedge hedge - stock photo. This is the Gunyo-Cholo, a traditional dress worn by Nepali girls and women. It is often worn during coming-of-age ceremonies and cultural celebrations.","परम्परागत कपडा र हेड्रेस लगाएका एक युवती हेज हेज स्टक फोटोको अगाडि उभिएकी छिन्। यो गुन्यो-चोलो हो, नेपाली केटी र महिलाले लगाउने परम्परागत पोशाक हो। यो प्रायः वयस्कता समारोह र सांस्कृतिक उत्सवहरूमा लगाइन्छ।"
nepali_dresses_augmented/gunyo_cholo/30_aug6.jpg,"A young girl dressed in traditional clothing and headdres stands in front of a hedge hedge - stock photo. This is the Gunyo-Cholo, a traditional dress worn by Nepali girls and women. It is often worn during coming-of-age ceremonies and cultural celebrations.","परम्परागत कपडा र हेड्रेस लगाएका एक युवती हेज हेज स्टक फोटोको अगाडि उभिएकी छिन्। यो गुन्यो-चोलो हो, नेपाली केटी र महिलाले लगाउने परम्परागत पोशाक हो। यो प्रायः वयस्कता समारोह र सांस्कृतिक उत्सवहरूमा लगाइन्छ।"
nepali_dresses_augmented/gunyo_cholo/30_aug7.jpg,"A young girl dressed in traditional clothing and headdres stands in front of a hedge hedge - stock photo. This is the Gunyo-Cholo, a traditional dress worn by Nepali girls and women. It is often worn during coming-of-age ceremonies and cultural celebrations.","परम्परागत कपडा र हेड्रेस लगाएका एक युवती हेज हेज स्टक फोटोको अगाडि उभिएकी छिन्। यो गुन्यो-चोलो हो, नेपाली केटी र महिलाले लगाउने परम्परागत पोशाक हो। यो प्रायः वयस्कता समारोह र सांस्कृतिक उत्सवहरूमा लगाइन्छ।"
nepali_dresses_augmented/gunyo_cholo/30_aug8.jpg,"A young girl dressed in traditional clothing and headdres stands in front of a hedge hedge - stock photo. This is the Gunyo-Cholo, a traditional dress worn by Nepali girls and women. It is often worn during coming-of-age ceremonies and cultural celebrations.","परम्परागत कपडा र हेड्रेस लगाएका एक युवती हेज हेज स्टक फोटोको अगाडि उभिएकी छिन्। यो गुन्यो-चोलो हो, नेपाली केटी र महिलाले लगाउने परम्परागत पोशाक हो। यो प्रायः वयस्कता समारोह र सांस्कृतिक उत्सवहरूमा लगाइन्छ।"
nepali_dresses_augmented/gunyo_cholo/30_aug9.jpg,"A young girl dressed in traditional clothing and headdres stands in front of a hedge hedge - stock photo. This is the Gunyo-Cholo, a traditional dress worn by Nepali girls and women. It is often worn during coming-of-age ceremonies and cultural celebrations.","परम्परागत कपडा र हेड्रेस लगाएका एक युवती हेज हेज स्टक फोटोको अगाडि उभिएकी छिन्। यो गुन्यो-चोलो हो, नेपाली केटी र महिलाले लगाउने परम्परागत पोशाक हो। यो प्रायः वयस्कता समारोह र सांस्कृतिक उत्सवहरूमा लगाइन्छ।"
nepali_dresses_augmented/gunyo_cholo/31.jpg,"A woman wearing a colorful skirt and black top. This is the Gunyo-Cholo, a traditional dress worn by Nepali girls and women. It is often worn during coming-of-age ceremonies and cultural celebrations.","एक महिलाले रंगीन स्कर्ट र कालो टोप लगाउँछिन्। यो गुन्यो-चोलो हो, नेपाली केटी र महिलाहरूले लगाउने परम्परागत पोशाक हो। यो प्रायः वयस्कता समारोह र सांस्कृतिक उत्सवहरूमा लगाइन्छ।"
nepali_dresses_augmented/gunyo_cholo/31_aug1.jpg,"A woman wearing a colorful skirt and black top. This is the Gunyo-Cholo, a traditional dress worn by Nepali girls and women. It is often worn during coming-of-age ceremonies and cultural celebrations.","एक महिलाले रंगीन स्कर्ट र कालो टोप लगाउँछिन्। यो गुन्यो-चोलो हो, नेपाली केटी र महिलाहरूले लगाउने परम्परागत पोशाक हो। यो प्रायः वयस्कता समारोह र सांस्कृतिक उत्सवहरूमा लगाइन्छ।"
nepali_dresses_augmented/gunyo_cholo/31_aug2.jpg,"A woman wearing a colorful skirt and black top. This is the Gunyo-Cholo, a traditional dress worn by Nepali girls and women. It is often worn during coming-of-age ceremonies and cultural celebrations.","एक महिलाले रंगीन स्कर्ट र कालो टोप लगाउँछिन्। यो गुन्यो-चोलो हो, नेपाली केटी र महिलाहरूले लगाउने परम्परागत पोशाक हो। यो प्रायः वयस्कता समारोह र सांस्कृतिक उत्सवहरूमा लगाइन्छ।"
nepali_dresses_augmented/gunyo_cholo/31_aug3.jpg,"A woman wearing a colorful skirt and black top. This is the Gunyo-Cholo, a traditional dress worn by Nepali girls and women. It is often worn during coming-of-age ceremonies and cultural celebrations.","एक महिलाले रंगीन स्कर्ट र कालो टोप लगाउँछिन्। यो गुन्यो-चोलो हो, नेपाली केटी र महिलाहरूले लगाउने परम्परागत पोशाक हो। यो प्रायः वयस्कता समारोह र सांस्कृतिक उत्सवहरूमा लगाइन्छ।"
nepali_dresses_augmented/gunyo_cholo/31_aug4.jpg,"A woman wearing a colorful skirt and black top. This is the Gunyo-Cholo, a traditional dress worn by Nepali girls and women. It is often worn during coming-of-age ceremonies and cultural celebrations.","एक महिलाले रंगीन स्कर्ट र कालो टोप लगाउँछिन्। यो गुन्यो-चोलो हो, नेपाली केटी र महिलाहरूले लगाउने परम्परागत पोशाक हो। यो प्रायः वयस्कता समारोह र सांस्कृतिक उत्सवहरूमा लगाइन्छ।"
nepali_dresses_augmented/gunyo_cholo/31_aug5.jpg,"A woman wearing a colorful skirt and black top. This is the Gunyo-Cholo, a traditional dress worn by Nepali girls and women. It is often worn during coming-of-age ceremonies and cultural celebrations.","एक महिलाले रंगीन स्कर्ट र कालो टोप लगाउँछिन्। यो गुन्यो-चोलो हो, नेपाली केटी र महिलाहरूले लगाउने परम्परागत पोशाक हो। यो प्रायः वयस्कता समारोह र सांस्कृतिक उत्सवहरूमा लगाइन्छ।"
nepali_dresses_augmented/gunyo_cholo/31_aug6.jpg,"A woman wearing a colorful skirt and black top. This is the Gunyo-Cholo, a traditional dress worn by Nepali girls and women. It is often worn during coming-of-age ceremonies and cultural celebrations.","एक महिलाले रंगीन स्कर्ट र कालो टोप लगाउँछिन्। यो गुन्यो-चोलो हो, नेपाली केटी र महिलाहरूले लगाउने परम्परागत पोशाक हो। यो प्रायः वयस्कता समारोह र सांस्कृतिक उत्सवहरूमा लगाइन्छ।"
nepali_dresses_augmented/gunyo_cholo/31_aug7.jpg,"A woman wearing a colorful skirt and black top. This is the Gunyo-Cholo, a traditional dress worn by Nepali girls and women. It is often worn during coming-of-age ceremonies and cultural celebrations.","एक महिलाले रंगीन स्कर्ट र कालो टोप लगाउँछिन्। यो गुन्यो-चोलो हो, नेपाली केटी र महिलाहरूले लगाउने परम्परागत पोशाक हो। यो प्रायः वयस्कता समारोह र सांस्कृतिक उत्सवहरूमा लगाइन्छ।"
nepali_dresses_augmented/gunyo_cholo/31_aug8.jpg,"A woman wearing a colorful skirt and black top. This is the Gunyo-Cholo, a traditional dress worn by Nepali girls and women. It is often worn during coming-of-age ceremonies and cultural celebrations.","एक महिलाले रंगीन स्कर्ट र कालो टोप लगाउँछिन्। यो गुन्यो-चोलो हो, नेपाली केटी र महिलाहरूले लगाउने परम्परागत पोशाक हो। यो प्रायः वयस्कता समारोह र सांस्कृतिक उत्सवहरूमा लगाइन्छ।"
nepali_dresses_augmented/gunyo_cholo/31_aug9.jpg,"A woman wearing a colorful skirt and black top. This is the Gunyo-Cholo, a traditional dress worn by Nepali girls and women. It is often worn during coming-of-age ceremonies and cultural celebrations.","एक महिलाले रंगीन स्कर्ट र कालो टोप लगाउँछिन्। यो गुन्यो-चोलो हो, नेपाली केटी र महिलाहरूले लगाउने परम्परागत पोशाक हो। यो प्रायः वयस्कता समारोह र सांस्कृतिक उत्सवहरूमा लगाइन्छ।"
nepali_dresses_augmented/gunyo_cholo/32.jpg,"A young girl dressed in traditional indian clothing and jewelry - stock image. This is the Gunyo-Cholo, a traditional dress worn by Nepali girls and women. It is often worn during coming-of-age ceremonies and cultural celebrations.","परम्परागत भारतीय कपडा र गहना लगाउने एक युवतीको स्टक छवि। यो गुन्यो-चोलो हो, नेपाली केटी र महिलाहरूले लगाउने परम्परागत पोशाक। यो प्रायः वयस्कता समारोह र सांस्कृतिक उत्सवहरूमा लगाइन्छ।"
nepali_dresses_augmented/gunyo_cholo/32_aug1.jpg,"A young girl dressed in traditional indian clothing and jewelry - stock image. This is the Gunyo-Cholo, a traditional dress worn by Nepali girls and women. It is often worn during coming-of-age ceremonies and cultural celebrations.","परम्परागत भारतीय कपडा र गहना लगाउने एक युवतीको स्टक छवि। यो गुन्यो-चोलो हो, नेपाली केटी र महिलाहरूले लगाउने परम्परागत पोशाक। यो प्रायः वयस्कता समारोह र सांस्कृतिक उत्सवहरूमा लगाइन्छ।"
nepali_dresses_augmented/gunyo_cholo/32_aug2.jpg,"A young girl dressed in traditional indian clothing and jewelry - stock image. This is the Gunyo-Cholo, a traditional dress worn by Nepali girls and women. It is often worn during coming-of-age ceremonies and cultural celebrations.","परम्परागत भारतीय कपडा र गहना लगाउने एक युवतीको स्टक छवि। यो गुन्यो-चोलो हो, नेपाली केटी र महिलाहरूले लगाउने परम्परागत पोशाक। यो प्रायः वयस्कता समारोह र सांस्कृतिक उत्सवहरूमा लगाइन्छ।"
nepali_dresses_augmented/gunyo_cholo/32_aug3.jpg,"A young girl dressed in traditional indian clothing and jewelry - stock image. This is the Gunyo-Cholo, a traditional dress worn by Nepali girls and women. It is often worn during coming-of-age ceremonies and cultural celebrations.","परम्परागत भारतीय कपडा र गहना लगाउने एक युवतीको स्टक छवि। यो गुन्यो-चोलो हो, नेपाली केटी र महिलाहरूले लगाउने परम्परागत पोशाक। यो प्रायः वयस्कता समारोह र सांस्कृतिक उत्सवहरूमा लगाइन्छ।"
nepali_dresses_augmented/gunyo_cholo/32_aug4.jpg,"A young girl dressed in traditional indian clothing and jewelry - stock image. This is the Gunyo-Cholo, a traditional dress worn by Nepali girls and women. It is often worn during coming-of-age ceremonies and cultural celebrations.","परम्परागत भारतीय कपडा र गहना लगाउने एक युवतीको स्टक छवि। यो गुन्यो-चोलो हो, नेपाली केटी र महिलाहरूले लगाउने परम्परागत पोशाक। यो प्रायः वयस्कता समारोह र सांस्कृतिक उत्सवहरूमा लगाइन्छ।"
nepali_dresses_augmented/gunyo_cholo/32_aug5.jpg,"A young girl dressed in traditional indian clothing and jewelry - stock image. This is the Gunyo-Cholo, a traditional dress worn by Nepali girls and women. It is often worn during coming-of-age ceremonies and cultural celebrations.","परम्परागत भारतीय कपडा र गहना लगाउने एक युवतीको स्टक छवि। यो गुन्यो-चोलो हो, नेपाली केटी र महिलाहरूले लगाउने परम्परागत पोशाक। यो प्रायः वयस्कता समारोह र सांस्कृतिक उत्सवहरूमा लगाइन्छ।"
nepali_dresses_augmented/gunyo_cholo/32_aug6.jpg,"A young girl dressed in traditional indian clothing and jewelry - stock image. This is the Gunyo-Cholo, a traditional dress worn by Nepali girls and women. It is often worn during coming-of-age ceremonies and cultural celebrations.","परम्परागत भारतीय कपडा र गहना लगाउने एक युवतीको स्टक छवि। यो गुन्यो-चोलो हो, नेपाली केटी र महिलाहरूले लगाउने परम्परागत पोशाक। यो प्रायः वयस्कता समारोह र सांस्कृतिक उत्सवहरूमा लगाइन्छ।"
nepali_dresses_augmented/gunyo_cholo/32_aug7.jpg,"A young girl dressed in traditional indian clothing and jewelry - stock image. This is the Gunyo-Cholo, a traditional dress worn by Nepali girls and women. It is often worn during coming-of-age ceremonies and cultural celebrations.","परम्परागत भारतीय कपडा र गहना लगाउने एक युवतीको स्टक छवि। यो गुन्यो-चोलो हो, नेपाली केटी र महिलाहरूले लगाउने परम्परागत पोशाक। यो प्रायः वयस्कता समारोह र सांस्कृतिक उत्सवहरूमा लगाइन्छ।"
nepali_dresses_augmented/gunyo_cholo/32_aug8.jpg,"A young girl dressed in traditional indian clothing and jewelry - stock image. This is the Gunyo-Cholo, a traditional dress worn by Nepali girls and women. It is often worn during coming-of-age ceremonies and cultural celebrations.","परम्परागत भारतीय कपडा र गहना लगाउने एक युवतीको स्टक छवि। यो गुन्यो-चोलो हो, नेपाली केटी र महिलाहरूले लगाउने परम्परागत पोशाक। यो प्रायः वयस्कता समारोह र सांस्कृतिक उत्सवहरूमा लगाइन्छ।"
nepali_dresses_augmented/gunyo_cholo/32_aug9.jpg,"A young girl dressed in traditional indian clothing and jewelry - stock image. This is the Gunyo-Cholo, a traditional dress worn by Nepali girls and women. It is often worn during coming-of-age ceremonies and cultural celebrations.","परम्परागत भारतीय कपडा र गहना लगाउने एक युवतीको स्टक छवि। यो गुन्यो-चोलो हो, नेपाली केटी र महिलाहरूले लगाउने परम्परागत पोशाक। यो प्रायः वयस्कता समारोह र सांस्कृतिक उत्सवहरूमा लगाइन्छ।"
nepali_dresses_augmented/gunyo_cholo/33.jpg,"A group of women posing for the camera. This is the Gunyo-Cholo, a traditional dress worn by Nepali girls and women. It is often worn during coming-of-age ceremonies and cultural celebrations.","क्यामेराको लागि पोज गर्ने महिलाहरूको समूह। यो गुन्यो-चोलो हो, एक परम्परागत पोशाक जुन नेपाली केटीहरू र महिलाहरूले लगाउँछन्। यो प्रायः वयस्कता समारोह र सांस्कृतिक उत्सवहरूमा लगाइन्छ।"
nepali_dresses_augmented/gunyo_cholo/33_aug1.jpg,"A group of women posing for the camera. This is the Gunyo-Cholo, a traditional dress worn by Nepali girls and women. It is often worn during coming-of-age ceremonies and cultural celebrations.","क्यामेराको लागि पोज गर्ने महिलाहरूको समूह। यो गुन्यो-चोलो हो, एक परम्परागत पोशाक जुन नेपाली केटीहरू र महिलाहरूले लगाउँछन्। यो प्रायः वयस्कता समारोह र सांस्कृतिक उत्सवहरूमा लगाइन्छ।"
nepali_dresses_augmented/gunyo_cholo/33_aug2.jpg,"A group of women posing for the camera. This is the Gunyo-Cholo, a traditional dress worn by Nepali girls and women. It is often worn during coming-of-age ceremonies and cultural celebrations.","क्यामेराको लागि पोज गर्ने महिलाहरूको समूह। यो गुन्यो-चोलो हो, एक परम्परागत पोशाक जुन नेपाली केटीहरू र महिलाहरूले लगाउँछन्। यो प्रायः वयस्कता समारोह र सांस्कृतिक उत्सवहरूमा लगाइन्छ।"
nepali_dresses_augmented/gunyo_cholo/33_aug3.jpg,"A group of women posing for the camera. This is the Gunyo-Cholo, a traditional dress worn by Nepali girls and women. It is often worn during coming-of-age ceremonies and cultural celebrations.","क्यामेराको लागि पोज गर्ने महिलाहरूको समूह। यो गुन्यो-चोलो हो, एक परम्परागत पोशाक जुन नेपाली केटीहरू र महिलाहरूले लगाउँछन्। यो प्रायः वयस्कता समारोह र सांस्कृतिक उत्सवहरूमा लगाइन्छ।"
nepali_dresses_augmented/gunyo_cholo/33_aug4.jpg,"A group of women posing for the camera. This is the Gunyo-Cholo, a traditional dress worn by Nepali girls and women. It is often worn during coming-of-age ceremonies and cultural celebrations.","क्यामेराको लागि पोज गर्ने महिलाहरूको समूह। यो गुन्यो-चोलो हो, एक परम्परागत पोशाक जुन नेपाली केटीहरू र महिलाहरूले लगाउँछन्। यो प्रायः वयस्कता समारोह र सांस्कृतिक उत्सवहरूमा लगाइन्छ।"
nepali_dresses_augmented/gunyo_cholo/33_aug5.jpg,"A group of women posing for the camera. This is the Gunyo-Cholo, a traditional dress worn by Nepali girls and women. It is often worn during coming-of-age ceremonies and cultural celebrations.","क्यामेराको लागि पोज गर्ने महिलाहरूको समूह। यो गुन्यो-चोलो हो, एक परम्परागत पोशाक जुन नेपाली केटीहरू र महिलाहरूले लगाउँछन्। यो प्रायः वयस्कता समारोह र सांस्कृतिक उत्सवहरूमा लगाइन्छ।"
nepali_dresses_augmented/gunyo_cholo/33_aug6.jpg,"A group of women posing for the camera. This is the Gunyo-Cholo, a traditional dress worn by Nepali girls and women. It is often worn during coming-of-age ceremonies and cultural celebrations.","क्यामेराको लागि पोज गर्ने महिलाहरूको समूह। यो गुन्यो-चोलो हो, एक परम्परागत पोशाक जुन नेपाली केटीहरू र महिलाहरूले लगाउँछन्। यो प्रायः वयस्कता समारोह र सांस्कृतिक उत्सवहरूमा लगाइन्छ।"
nepali_dresses_augmented/gunyo_cholo/33_aug7.jpg,"A group of women posing for the camera. This is the Gunyo-Cholo, a traditional dress worn by Nepali girls and women. It is often worn during coming-of-age ceremonies and cultural celebrations.","क्यामेराको लागि पोज गर्ने महिलाहरूको समूह। यो गुन्यो-चोलो हो, एक परम्परागत पोशाक जुन नेपाली केटीहरू र महिलाहरूले लगाउँछन्। यो प्रायः वयस्कता समारोह र सांस्कृतिक उत्सवहरूमा लगाइन्छ।"
nepali_dresses_augmented/gunyo_cholo/33_aug8.jpg,"A group of women posing for the camera. This is the Gunyo-Cholo, a traditional dress worn by Nepali girls and women. It is often worn during coming-of-age ceremonies and cultural celebrations.","क्यामेराको लागि पोज गर्ने महिलाहरूको समूह। यो गुन्यो-चोलो हो, एक परम्परागत पोशाक जुन नेपाली केटीहरू र महिलाहरूले लगाउँछन्। यो प्रायः वयस्कता समारोह र सांस्कृतिक उत्सवहरूमा लगाइन्छ।"
nepali_dresses_augmented/gunyo_cholo/33_aug9.jpg,"A group of women posing for the camera. This is the Gunyo-Cholo, a traditional dress worn by Nepali girls and women. It is often worn during coming-of-age ceremonies and cultural celebrations.","क्यामेराको लागि पोज गर्ने महिलाहरूको समूह। यो गुन्यो-चोलो हो, एक परम्परागत पोशाक जुन नेपाली केटीहरू र महिलाहरूले लगाउँछन्। यो प्रायः वयस्कता समारोह र सांस्कृतिक उत्सवहरूमा लगाइन्छ।"
nepali_dresses_augmented/gunyo_cholo/34.jpg,"A group of people are dancing in the street. This is the Gunyo-Cholo, a traditional dress worn by Nepali girls and women. It is often worn during coming-of-age ceremonies and cultural celebrations.","एक समूह मानिसहरु सडकमा नाच्दैछन्। यो गुन्यो-चोलो हो, एक परम्परागत पोशाक जुन नेपाली केटी र महिलाहरूले लगाउँछन्। यो प्रायः वयस्कता समारोह र सांस्कृतिक उत्सवहरूमा लगाइन्छ।"
nepali_dresses_augmented/gunyo_cholo/34_aug1.jpg,"A group of people are dancing in the street. This is the Gunyo-Cholo, a traditional dress worn by Nepali girls and women. It is often worn during coming-of-age ceremonies and cultural celebrations.","एक समूह मानिसहरु सडकमा नाच्दैछन्। यो गुन्यो-चोलो हो, एक परम्परागत पोशाक जुन नेपाली केटी र महिलाहरूले लगाउँछन्। यो प्रायः वयस्कता समारोह र सांस्कृतिक उत्सवहरूमा लगाइन्छ।"
nepali_dresses_augmented/gunyo_cholo/34_aug2.jpg,"A group of people are dancing in the street. This is the Gunyo-Cholo, a traditional dress worn by Nepali girls and women. It is often worn during coming-of-age ceremonies and cultural celebrations.","एक समूह मानिसहरु सडकमा नाच्दैछन्। यो गुन्यो-चोलो हो, एक परम्परागत पोशाक जुन नेपाली केटी र महिलाहरूले लगाउँछन्। यो प्रायः वयस्कता समारोह र सांस्कृतिक उत्सवहरूमा लगाइन्छ।"
nepali_dresses_augmented/gunyo_cholo/34_aug3.jpg,"A group of people are dancing in the street. This is the Gunyo-Cholo, a traditional dress worn by Nepali girls and women. It is often worn during coming-of-age ceremonies and cultural celebrations.","एक समूह मानिसहरु सडकमा नाच्दैछन्। यो गुन्यो-चोलो हो, एक परम्परागत पोशाक जुन नेपाली केटी र महिलाहरूले लगाउँछन्। यो प्रायः वयस्कता समारोह र सांस्कृतिक उत्सवहरूमा लगाइन्छ।"
nepali_dresses_augmented/gunyo_cholo/34_aug4.jpg,"A group of people are dancing in the street. This is the Gunyo-Cholo, a traditional dress worn by Nepali girls and women. It is often worn during coming-of-age ceremonies and cultural celebrations.","एक समूह मानिसहरु सडकमा नाच्दैछन्। यो गुन्यो-चोलो हो, एक परम्परागत पोशाक जुन नेपाली केटी र महिलाहरूले लगाउँछन्। यो प्रायः वयस्कता समारोह र सांस्कृतिक उत्सवहरूमा लगाइन्छ।"
nepali_dresses_augmented/gunyo_cholo/34_aug5.jpg,"A group of people are dancing in the street. This is the Gunyo-Cholo, a traditional dress worn by Nepali girls and women. It is often worn during coming-of-age ceremonies and cultural celebrations.","एक समूह मानिसहरु सडकमा नाच्दैछन्। यो गुन्यो-चोलो हो, एक परम्परागत पोशाक जुन नेपाली केटी र महिलाहरूले लगाउँछन्। यो प्रायः वयस्कता समारोह र सांस्कृतिक उत्सवहरूमा लगाइन्छ।"
nepali_dresses_augmented/gunyo_cholo/34_aug6.jpg,"A group of people are dancing in the street. This is the Gunyo-Cholo, a traditional dress worn by Nepali girls and women. It is often worn during coming-of-age ceremonies and cultural celebrations.","एक समूह मानिसहरु सडकमा नाच्दैछन्। यो गुन्यो-चोलो हो, एक परम्परागत पोशाक जुन नेपाली केटी र महिलाहरूले लगाउँछन्। यो प्रायः वयस्कता समारोह र सांस्कृतिक उत्सवहरूमा लगाइन्छ।"
nepali_dresses_augmented/gunyo_cholo/34_aug7.jpg,"A group of people are dancing in the street. This is the Gunyo-Cholo, a traditional dress worn by Nepali girls and women. It is often worn during coming-of-age ceremonies and cultural celebrations.","एक समूह मानिसहरु सडकमा नाच्दैछन्। यो गुन्यो-चोलो हो, एक परम्परागत पोशाक जुन नेपाली केटी र महिलाहरूले लगाउँछन्। यो प्रायः वयस्कता समारोह र सांस्कृतिक उत्सवहरूमा लगाइन्छ।"
nepali_dresses_augmented/gunyo_cholo/34_aug8.jpg,"A group of people are dancing in the street. This is the Gunyo-Cholo, a traditional dress worn by Nepali girls and women. It is often worn during coming-of-age ceremonies and cultural celebrations.","एक समूह मानिसहरु सडकमा नाच्दैछन्। यो गुन्यो-चोलो हो, एक परम्परागत पोशाक जुन नेपाली केटी र महिलाहरूले लगाउँछन्। यो प्रायः वयस्कता समारोह र सांस्कृतिक उत्सवहरूमा लगाइन्छ।"
nepali_dresses_augmented/gunyo_cholo/34_aug9.jpg,"A group of people are dancing in the street. This is the Gunyo-Cholo, a traditional dress worn by Nepali girls and women. It is often worn during coming-of-age ceremonies and cultural celebrations.","एक समूह मानिसहरु सडकमा नाच्दैछन्। यो गुन्यो-चोलो हो, एक परम्परागत पोशाक जुन नेपाली केटी र महिलाहरूले लगाउँछन्। यो प्रायः वयस्कता समारोह र सांस्कृतिक उत्सवहरूमा लगाइन्छ।"
nepali_dresses_augmented/gunyo_cholo/35.jpg,"A group of women in red and yellow outfits. This is the Gunyo-Cholo, a traditional dress worn by Nepali girls and women. It is often worn during coming-of-age ceremonies and cultural celebrations.","एक समूह महिलाहरु रातो र पहेंलो पोशाकमा। यो गुन्यो-चोलो हो, एक परम्परागत पोशाक जुन नेपाली केटीहरू र महिलाहरूले लगाउँछन्। यो प्रायः वयस्कता समारोह र सांस्कृतिक उत्सवहरूमा लगाइन्छ।"
nepali_dresses_augmented/gunyo_cholo/35_aug1.jpg,"A group of women in red and yellow outfits. This is the Gunyo-Cholo, a traditional dress worn by Nepali girls and women. It is often worn during coming-of-age ceremonies and cultural celebrations.","एक समूह महिलाहरु रातो र पहेंलो पोशाकमा। यो गुन्यो-चोलो हो, एक परम्परागत पोशाक जुन नेपाली केटीहरू र महिलाहरूले लगाउँछन्। यो प्रायः वयस्कता समारोह र सांस्कृतिक उत्सवहरूमा लगाइन्छ।"
nepali_dresses_augmented/gunyo_cholo/35_aug2.jpg,"A group of women in red and yellow outfits. This is the Gunyo-Cholo, a traditional dress worn by Nepali girls and women. It is often worn during coming-of-age ceremonies and cultural celebrations.","एक समूह महिलाहरु रातो र पहेंलो पोशाकमा। यो गुन्यो-चोलो हो, एक परम्परागत पोशाक जुन नेपाली केटीहरू र महिलाहरूले लगाउँछन्। यो प्रायः वयस्कता समारोह र सांस्कृतिक उत्सवहरूमा लगाइन्छ।"
nepali_dresses_augmented/gunyo_cholo/35_aug3.jpg,"A group of women in red and yellow outfits. This is the Gunyo-Cholo, a traditional dress worn by Nepali girls and women. It is often worn during coming-of-age ceremonies and cultural celebrations.","एक समूह महिलाहरु रातो र पहेंलो पोशाकमा। यो गुन्यो-चोलो हो, एक परम्परागत पोशाक जुन नेपाली केटीहरू र महिलाहरूले लगाउँछन्। यो प्रायः वयस्कता समारोह र सांस्कृतिक उत्सवहरूमा लगाइन्छ।"
nepali_dresses_augmented/gunyo_cholo/35_aug4.jpg,"A group of women in red and yellow outfits. This is the Gunyo-Cholo, a traditional dress worn by Nepali girls and women. It is often worn during coming-of-age ceremonies and cultural celebrations.","एक समूह महिलाहरु रातो र पहेंलो पोशाकमा। यो गुन्यो-चोलो हो, एक परम्परागत पोशाक जुन नेपाली केटीहरू र महिलाहरूले लगाउँछन्। यो प्रायः वयस्कता समारोह र सांस्कृतिक उत्सवहरूमा लगाइन्छ।"
nepali_dresses_augmented/gunyo_cholo/35_aug5.jpg,"A group of women in red and yellow outfits. This is the Gunyo-Cholo, a traditional dress worn by Nepali girls and women. It is often worn during coming-of-age ceremonies and cultural celebrations.","एक समूह महिलाहरु रातो र पहेंलो पोशाकमा। यो गुन्यो-चोलो हो, एक परम्परागत पोशाक जुन नेपाली केटीहरू र महिलाहरूले लगाउँछन्। यो प्रायः वयस्कता समारोह र सांस्कृतिक उत्सवहरूमा लगाइन्छ।"
nepali_dresses_augmented/gunyo_cholo/35_aug6.jpg,"A group of women in red and yellow outfits. This is the Gunyo-Cholo, a traditional dress worn by Nepali girls and women. It is often worn during coming-of-age ceremonies and cultural celebrations.","एक समूह महिलाहरु रातो र पहेंलो पोशाकमा। यो गुन्यो-चोलो हो, एक परम्परागत पोशाक जुन नेपाली केटीहरू र महिलाहरूले लगाउँछन्। यो प्रायः वयस्कता समारोह र सांस्कृतिक उत्सवहरूमा लगाइन्छ।"
nepali_dresses_augmented/gunyo_cholo/35_aug7.jpg,"A group of women in red and yellow outfits. This is the Gunyo-Cholo, a traditional dress worn by Nepali girls and women. It is often worn during coming-of-age ceremonies and cultural celebrations.","एक समूह महिलाहरु रातो र पहेंलो पोशाकमा। यो गुन्यो-चोलो हो, एक परम्परागत पोशाक जुन नेपाली केटीहरू र महिलाहरूले लगाउँछन्। यो प्रायः वयस्कता समारोह र सांस्कृतिक उत्सवहरूमा लगाइन्छ।"
nepali_dresses_augmented/gunyo_cholo/35_aug8.jpg,"A group of women in red and yellow outfits. This is the Gunyo-Cholo, a traditional dress worn by Nepali girls and women. It is often worn during coming-of-age ceremonies and cultural celebrations.","एक समूह महिलाहरु रातो र पहेंलो पोशाकमा। यो गुन्यो-चोलो हो, एक परम्परागत पोशाक जुन नेपाली केटीहरू र महिलाहरूले लगाउँछन्। यो प्रायः वयस्कता समारोह र सांस्कृतिक उत्सवहरूमा लगाइन्छ।"
nepali_dresses_augmented/gunyo_cholo/35_aug9.jpg,"A group of women in red and yellow outfits. This is the Gunyo-Cholo, a traditional dress worn by Nepali girls and women. It is often worn during coming-of-age ceremonies and cultural celebrations.","एक समूह महिलाहरु रातो र पहेंलो पोशाकमा। यो गुन्यो-चोलो हो, एक परम्परागत पोशाक जुन नेपाली केटीहरू र महिलाहरूले लगाउँछन्। यो प्रायः वयस्कता समारोह र सांस्कृतिक उत्सवहरूमा लगाइन्छ।"
nepali_dresses_augmented/gunyo_cholo/36.jpg,"Two young girls dressed in traditional clothing. This is the Gunyo-Cholo, a traditional dress worn by Nepali girls and women. It is often worn during coming-of-age ceremonies and cultural celebrations.","दुई युवतीले परम्परागत कपडा लगाएका छन्। यो गुन्यो-चोलो हो, नेपाली युवती र महिलाले लगाउने परम्परागत पोशाक हो। यो प्रायः वयस्कता समारोह र सांस्कृतिक उत्सवहरूमा लगाइन्छ।"
nepali_dresses_augmented/gunyo_cholo/36_aug1.jpg,"Two young girls dressed in traditional clothing. This is the Gunyo-Cholo, a traditional dress worn by Nepali girls and women. It is often worn during coming-of-age ceremonies and cultural celebrations.","दुई युवतीले परम्परागत कपडा लगाएका छन्। यो गुन्यो-चोलो हो, नेपाली युवती र महिलाले लगाउने परम्परागत पोशाक हो। यो प्रायः वयस्कता समारोह र सांस्कृतिक उत्सवहरूमा लगाइन्छ।"
nepali_dresses_augmented/gunyo_cholo/36_aug2.jpg,"Two young girls dressed in traditional clothing. This is the Gunyo-Cholo, a traditional dress worn by Nepali girls and women. It is often worn during coming-of-age ceremonies and cultural celebrations.","दुई युवतीले परम्परागत कपडा लगाएका छन्। यो गुन्यो-चोलो हो, नेपाली युवती र महिलाले लगाउने परम्परागत पोशाक हो। यो प्रायः वयस्कता समारोह र सांस्कृतिक उत्सवहरूमा लगाइन्छ।"
nepali_dresses_augmented/gunyo_cholo/36_aug3.jpg,"Two young girls dressed in traditional clothing. This is the Gunyo-Cholo, a traditional dress worn by Nepali girls and women. It is often worn during coming-of-age ceremonies and cultural celebrations.","दुई युवतीले परम्परागत कपडा लगाएका छन्। यो गुन्यो-चोलो हो, नेपाली युवती र महिलाले लगाउने परम्परागत पोशाक हो। यो प्रायः वयस्कता समारोह र सांस्कृतिक उत्सवहरूमा लगाइन्छ।"
nepali_dresses_augmented/gunyo_cholo/36_aug4.jpg,"Two young girls dressed in traditional clothing. This is the Gunyo-Cholo, a traditional dress worn by Nepali girls and women. It is often worn during coming-of-age ceremonies and cultural celebrations.","दुई युवतीले परम्परागत कपडा लगाएका छन्। यो गुन्यो-चोलो हो, नेपाली युवती र महिलाले लगाउने परम्परागत पोशाक हो। यो प्रायः वयस्कता समारोह र सांस्कृतिक उत्सवहरूमा लगाइन्छ।"
nepali_dresses_augmented/gunyo_cholo/36_aug5.jpg,"Two young girls dressed in traditional clothing. This is the Gunyo-Cholo, a traditional dress worn by Nepali girls and women. It is often worn during coming-of-age ceremonies and cultural celebrations.","दुई युवतीले परम्परागत कपडा लगाएका छन्। यो गुन्यो-चोलो हो, नेपाली युवती र महिलाले लगाउने परम्परागत पोशाक हो। यो प्रायः वयस्कता समारोह र सांस्कृतिक उत्सवहरूमा लगाइन्छ।"
nepali_dresses_augmented/gunyo_cholo/36_aug6.jpg,"Two young girls dressed in traditional clothing. This is the Gunyo-Cholo, a traditional dress worn by Nepali girls and women. It is often worn during coming-of-age ceremonies and cultural celebrations.","दुई युवतीले परम्परागत कपडा लगाएका छन्। यो गुन्यो-चोलो हो, नेपाली युवती र महिलाले लगाउने परम्परागत पोशाक हो। यो प्रायः वयस्कता समारोह र सांस्कृतिक उत्सवहरूमा लगाइन्छ।"
nepali_dresses_augmented/gunyo_cholo/36_aug7.jpg,"Two young girls dressed in traditional clothing. This is the Gunyo-Cholo, a traditional dress worn by Nepali girls and women. It is often worn during coming-of-age ceremonies and cultural celebrations.","दुई युवतीले परम्परागत कपडा लगाएका छन्। यो गुन्यो-चोलो हो, नेपाली युवती र महिलाले लगाउने परम्परागत पोशाक हो। यो प्रायः वयस्कता समारोह र सांस्कृतिक उत्सवहरूमा लगाइन्छ।"
nepali_dresses_augmented/gunyo_cholo/36_aug8.jpg,"Two young girls dressed in traditional clothing. This is the Gunyo-Cholo, a traditional dress worn by Nepali girls and women. It is often worn during coming-of-age ceremonies and cultural celebrations.","दुई युवतीले परम्परागत कपडा लगाएका छन्। यो गुन्यो-चोलो हो, नेपाली युवती र महिलाले लगाउने परम्परागत पोशाक हो। यो प्रायः वयस्कता समारोह र सांस्कृतिक उत्सवहरूमा लगाइन्छ।"
nepali_dresses_augmented/gunyo_cholo/36_aug9.jpg,"Two young girls dressed in traditional clothing. This is the Gunyo-Cholo, a traditional dress worn by Nepali girls and women. It is often worn during coming-of-age ceremonies and cultural celebrations.","दुई युवतीले परम्परागत कपडा लगाएका छन्। यो गुन्यो-चोलो हो, नेपाली युवती र महिलाले लगाउने परम्परागत पोशाक हो। यो प्रायः वयस्कता समारोह र सांस्कृतिक उत्सवहरूमा लगाइन्छ।"
nepali_dresses_augmented/gunyo_cholo/37.jpg,"A woman in a black and white dress holding a piece of food. This is the Gunyo-Cholo, a traditional dress worn by Nepali girls and women. It is often worn during coming-of-age ceremonies and cultural celebrations.","एक महिला कालो र सेतो पोशाकमा खानाको टुक्रा पकडेर। यो गुन्यो-चोलो हो, एक परम्परागत पोशाक जुन नेपाली केटीहरू र महिलाहरूले लगाउँछन्। यो प्रायः वयस्कता समारोह र सांस्कृतिक उत्सवहरूमा लगाइन्छ।"
nepali_dresses_augmented/gunyo_cholo/37_aug1.jpg,"A woman in a black and white dress holding a piece of food. This is the Gunyo-Cholo, a traditional dress worn by Nepali girls and women. It is often worn during coming-of-age ceremonies and cultural celebrations.","एक महिला कालो र सेतो पोशाकमा खानाको टुक्रा पकडेर। यो गुन्यो-चोलो हो, एक परम्परागत पोशाक जुन नेपाली केटीहरू र महिलाहरूले लगाउँछन्। यो प्रायः वयस्कता समारोह र सांस्कृतिक उत्सवहरूमा लगाइन्छ।"
nepali_dresses_augmented/gunyo_cholo/37_aug2.jpg,"A woman in a black and white dress holding a piece of food. This is the Gunyo-Cholo, a traditional dress worn by Nepali girls and women. It is often worn during coming-of-age ceremonies and cultural celebrations.","एक महिला कालो र सेतो पोशाकमा खानाको टुक्रा पकडेर। यो गुन्यो-चोलो हो, एक परम्परागत पोशाक जुन नेपाली केटीहरू र महिलाहरूले लगाउँछन्। यो प्रायः वयस्कता समारोह र सांस्कृतिक उत्सवहरूमा लगाइन्छ।"
nepali_dresses_augmented/gunyo_cholo/37_aug3.jpg,"A woman in a black and white dress holding a piece of food. This is the Gunyo-Cholo, a traditional dress worn by Nepali girls and women. It is often worn during coming-of-age ceremonies and cultural celebrations.","एक महिला कालो र सेतो पोशाकमा खानाको टुक्रा पकडेर। यो गुन्यो-चोलो हो, एक परम्परागत पोशाक जुन नेपाली केटीहरू र महिलाहरूले लगाउँछन्। यो प्रायः वयस्कता समारोह र सांस्कृतिक उत्सवहरूमा लगाइन्छ।"
nepali_dresses_augmented/gunyo_cholo/37_aug4.jpg,"A woman in a black and white dress holding a piece of food. This is the Gunyo-Cholo, a traditional dress worn by Nepali girls and women. It is often worn during coming-of-age ceremonies and cultural celebrations.","एक महिला कालो र सेतो पोशाकमा खानाको टुक्रा पकडेर। यो गुन्यो-चोलो हो, एक परम्परागत पोशाक जुन नेपाली केटीहरू र महिलाहरूले लगाउँछन्। यो प्रायः वयस्कता समारोह र सांस्कृतिक उत्सवहरूमा लगाइन्छ।"
nepali_dresses_augmented/gunyo_cholo/37_aug5.jpg,"A woman in a black and white dress holding a piece of food. This is the Gunyo-Cholo, a traditional dress worn by Nepali girls and women. It is often worn during coming-of-age ceremonies and cultural celebrations.","एक महिला कालो र सेतो पोशाकमा खानाको टुक्रा पकडेर। यो गुन्यो-चोलो हो, एक परम्परागत पोशाक जुन नेपाली केटीहरू र महिलाहरूले लगाउँछन्। यो प्रायः वयस्कता समारोह र सांस्कृतिक उत्सवहरूमा लगाइन्छ।"
nepali_dresses_augmented/gunyo_cholo/37_aug6.jpg,"A woman in a black and white dress holding a piece of food. This is the Gunyo-Cholo, a traditional dress worn by Nepali girls and women. It is often worn during coming-of-age ceremonies and cultural celebrations.","एक महिला कालो र सेतो पोशाकमा खानाको टुक्रा पकडेर। यो गुन्यो-चोलो हो, एक परम्परागत पोशाक जुन नेपाली केटीहरू र महिलाहरूले लगाउँछन्। यो प्रायः वयस्कता समारोह र सांस्कृतिक उत्सवहरूमा लगाइन्छ।"
nepali_dresses_augmented/gunyo_cholo/37_aug7.jpg,"A woman in a black and white dress holding a piece of food. This is the Gunyo-Cholo, a traditional dress worn by Nepali girls and women. It is often worn during coming-of-age ceremonies and cultural celebrations.","एक महिला कालो र सेतो पोशाकमा खानाको टुक्रा पकडेर। यो गुन्यो-चोलो हो, एक परम्परागत पोशाक जुन नेपाली केटीहरू र महिलाहरूले लगाउँछन्। यो प्रायः वयस्कता समारोह र सांस्कृतिक उत्सवहरूमा लगाइन्छ।"
nepali_dresses_augmented/gunyo_cholo/37_aug8.jpg,"A woman in a black and white dress holding a piece of food. This is the Gunyo-Cholo, a traditional dress worn by Nepali girls and women. It is often worn during coming-of-age ceremonies and cultural celebrations.","एक महिला कालो र सेतो पोशाकमा खानाको टुक्रा पकडेर। यो गुन्यो-चोलो हो, एक परम्परागत पोशाक जुन नेपाली केटीहरू र महिलाहरूले लगाउँछन्। यो प्रायः वयस्कता समारोह र सांस्कृतिक उत्सवहरूमा लगाइन्छ।"
nepali_dresses_augmented/gunyo_cholo/37_aug9.jpg,"A woman in a black and white dress holding a piece of food. This is the Gunyo-Cholo, a traditional dress worn by Nepali girls and women. It is often worn during coming-of-age ceremonies and cultural celebrations.","एक महिला कालो र सेतो पोशाकमा खानाको टुक्रा पकडेर। यो गुन्यो-चोलो हो, एक परम्परागत पोशाक जुन नेपाली केटीहरू र महिलाहरूले लगाउँछन्। यो प्रायः वयस्कता समारोह र सांस्कृतिक उत्सवहरूमा लगाइन्छ।"
nepali_dresses_augmented/gunyo_cholo/38.jpg,"A woman in a green top and yellow skirt. This is the Gunyo-Cholo, a traditional dress worn by Nepali girls and women. It is often worn during coming-of-age ceremonies and cultural celebrations.","एक महिला हरियो शीर्ष र पहेंलो स्कर्टमा। यो गुन्यो-चोलो हो, नेपाली केटी र महिलाहरूले लगाउने परम्परागत पोशाक। यो प्रायः वयस्कता समारोह र सांस्कृतिक उत्सवहरूमा लगाइन्छ।"
nepali_dresses_augmented/gunyo_cholo/38_aug1.jpg,"A woman in a green top and yellow skirt. This is the Gunyo-Cholo, a traditional dress worn by Nepali girls and women. It is often worn during coming-of-age ceremonies and cultural celebrations.","एक महिला हरियो शीर्ष र पहेंलो स्कर्टमा। यो गुन्यो-चोलो हो, नेपाली केटी र महिलाहरूले लगाउने परम्परागत पोशाक। यो प्रायः वयस्कता समारोह र सांस्कृतिक उत्सवहरूमा लगाइन्छ।"
nepali_dresses_augmented/gunyo_cholo/38_aug2.jpg,"A woman in a green top and yellow skirt. This is the Gunyo-Cholo, a traditional dress worn by Nepali girls and women. It is often worn during coming-of-age ceremonies and cultural celebrations.","एक महिला हरियो शीर्ष र पहेंलो स्कर्टमा। यो गुन्यो-चोलो हो, नेपाली केटी र महिलाहरूले लगाउने परम्परागत पोशाक। यो प्रायः वयस्कता समारोह र सांस्कृतिक उत्सवहरूमा लगाइन्छ।"
nepali_dresses_augmented/gunyo_cholo/38_aug3.jpg,"A woman in a green top and yellow skirt. This is the Gunyo-Cholo, a traditional dress worn by Nepali girls and women. It is often worn during coming-of-age ceremonies and cultural celebrations.","एक महिला हरियो शीर्ष र पहेंलो स्कर्टमा। यो गुन्यो-चोलो हो, नेपाली केटी र महिलाहरूले लगाउने परम्परागत पोशाक। यो प्रायः वयस्कता समारोह र सांस्कृतिक उत्सवहरूमा लगाइन्छ।"
nepali_dresses_augmented/gunyo_cholo/38_aug4.jpg,"A woman in a green top and yellow skirt. This is the Gunyo-Cholo, a traditional dress worn by Nepali girls and women. It is often worn during coming-of-age ceremonies and cultural celebrations.","एक महिला हरियो शीर्ष र पहेंलो स्कर्टमा। यो गुन्यो-चोलो हो, नेपाली केटी र महिलाहरूले लगाउने परम्परागत पोशाक। यो प्रायः वयस्कता समारोह र सांस्कृतिक उत्सवहरूमा लगाइन्छ।"
nepali_dresses_augmented/gunyo_cholo/38_aug5.jpg,"A woman in a green top and yellow skirt. This is the Gunyo-Cholo, a traditional dress worn by Nepali girls and women. It is often worn during coming-of-age ceremonies and cultural celebrations.","एक महिला हरियो शीर्ष र पहेंलो स्कर्टमा। यो गुन्यो-चोलो हो, नेपाली केटी र महिलाहरूले लगाउने परम्परागत पोशाक। यो प्रायः वयस्कता समारोह र सांस्कृतिक उत्सवहरूमा लगाइन्छ।"
nepali_dresses_augmented/gunyo_cholo/38_aug6.jpg,"A woman in a green top and yellow skirt. This is the Gunyo-Cholo, a traditional dress worn by Nepali girls and women. It is often worn during coming-of-age ceremonies and cultural celebrations.","एक महिला हरियो शीर्ष र पहेंलो स्कर्टमा। यो गुन्यो-चोलो हो, नेपाली केटी र महिलाहरूले लगाउने परम्परागत पोशाक। यो प्रायः वयस्कता समारोह र सांस्कृतिक उत्सवहरूमा लगाइन्छ।"
nepali_dresses_augmented/gunyo_cholo/38_aug7.jpg,"A woman in a green top and yellow skirt. This is the Gunyo-Cholo, a traditional dress worn by Nepali girls and women. It is often worn during coming-of-age ceremonies and cultural celebrations.","एक महिला हरियो शीर्ष र पहेंलो स्कर्टमा। यो गुन्यो-चोलो हो, नेपाली केटी र महिलाहरूले लगाउने परम्परागत पोशाक। यो प्रायः वयस्कता समारोह र सांस्कृतिक उत्सवहरूमा लगाइन्छ।"
nepali_dresses_augmented/gunyo_cholo/38_aug8.jpg,"A woman in a green top and yellow skirt. This is the Gunyo-Cholo, a traditional dress worn by Nepali girls and women. It is often worn during coming-of-age ceremonies and cultural celebrations.","एक महिला हरियो शीर्ष र पहेंलो स्कर्टमा। यो गुन्यो-चोलो हो, नेपाली केटी र महिलाहरूले लगाउने परम्परागत पोशाक। यो प्रायः वयस्कता समारोह र सांस्कृतिक उत्सवहरूमा लगाइन्छ।"
nepali_dresses_augmented/gunyo_cholo/38_aug9.jpg,"A woman in a green top and yellow skirt. This is the Gunyo-Cholo, a traditional dress worn by Nepali girls and women. It is often worn during coming-of-age ceremonies and cultural celebrations.","एक महिला हरियो शीर्ष र पहेंलो स्कर्टमा। यो गुन्यो-चोलो हो, नेपाली केटी र महिलाहरूले लगाउने परम्परागत पोशाक। यो प्रायः वयस्कता समारोह र सांस्कृतिक उत्सवहरूमा लगाइन्छ।"
nepali_dresses_augmented/gunyo_cholo/39.jpg,"A man standing next to a woman on a stage. This is the Gunyo-Cholo, a traditional dress worn by Nepali girls and women. It is often worn during coming-of-age ceremonies and cultural celebrations.","एक पुरुष एक महिलाको छेउमा स्टेजमा उभिरहेको छ। यो गुन्यो-चोलो हो, एक परम्परागत पोशाक जुन नेपाली केटीहरू र महिलाहरूले लगाउँछन्। यो प्रायः वयस्कता समारोह र सांस्कृतिक उत्सवहरूमा लगाइन्छ।"
nepali_dresses_augmented/gunyo_cholo/39_aug1.jpg,"A man standing next to a woman on a stage. This is the Gunyo-Cholo, a traditional dress worn by Nepali girls and women. It is often worn during coming-of-age ceremonies and cultural celebrations.","एक पुरुष एक महिलाको छेउमा स्टेजमा उभिरहेको छ। यो गुन्यो-चोलो हो, एक परम्परागत पोशाक जुन नेपाली केटीहरू र महिलाहरूले लगाउँछन्। यो प्रायः वयस्कता समारोह र सांस्कृतिक उत्सवहरूमा लगाइन्छ।"
nepali_dresses_augmented/gunyo_cholo/39_aug2.jpg,"A man standing next to a woman on a stage. This is the Gunyo-Cholo, a traditional dress worn by Nepali girls and women. It is often worn during coming-of-age ceremonies and cultural celebrations.","एक पुरुष एक महिलाको छेउमा स्टेजमा उभिरहेको छ। यो गुन्यो-चोलो हो, एक परम्परागत पोशाक जुन नेपाली केटीहरू र महिलाहरूले लगाउँछन्। यो प्रायः वयस्कता समारोह र सांस्कृतिक उत्सवहरूमा लगाइन्छ।"
nepali_dresses_augmented/gunyo_cholo/39_aug3.jpg,"A man standing next to a woman on a stage. This is the Gunyo-Cholo, a traditional dress worn by Nepali girls and women. It is often worn during coming-of-age ceremonies and cultural celebrations.","एक पुरुष एक महिलाको छेउमा स्टेजमा उभिरहेको छ। यो गुन्यो-चोलो हो, एक परम्परागत पोशाक जुन नेपाली केटीहरू र महिलाहरूले लगाउँछन्। यो प्रायः वयस्कता समारोह र सांस्कृतिक उत्सवहरूमा लगाइन्छ।"
nepali_dresses_augmented/gunyo_cholo/39_aug4.jpg,"A man standing next to a woman on a stage. This is the Gunyo-Cholo, a traditional dress worn by Nepali girls and women. It is often worn during coming-of-age ceremonies and cultural celebrations.","एक पुरुष एक महिलाको छेउमा स्टेजमा उभिरहेको छ। यो गुन्यो-चोलो हो, एक परम्परागत पोशाक जुन नेपाली केटीहरू र महिलाहरूले लगाउँछन्। यो प्रायः वयस्कता समारोह र सांस्कृतिक उत्सवहरूमा लगाइन्छ।"
nepali_dresses_augmented/gunyo_cholo/39_aug5.jpg,"A man standing next to a woman on a stage. This is the Gunyo-Cholo, a traditional dress worn by Nepali girls and women. It is often worn during coming-of-age ceremonies and cultural celebrations.","एक पुरुष एक महिलाको छेउमा स्टेजमा उभिरहेको छ। यो गुन्यो-चोलो हो, एक परम्परागत पोशाक जुन नेपाली केटीहरू र महिलाहरूले लगाउँछन्। यो प्रायः वयस्कता समारोह र सांस्कृतिक उत्सवहरूमा लगाइन्छ।"
nepali_dresses_augmented/gunyo_cholo/39_aug6.jpg,"A man standing next to a woman on a stage. This is the Gunyo-Cholo, a traditional dress worn by Nepali girls and women. It is often worn during coming-of-age ceremonies and cultural celebrations.","एक पुरुष एक महिलाको छेउमा स्टेजमा उभिरहेको छ। यो गुन्यो-चोलो हो, एक परम्परागत पोशाक जुन नेपाली केटीहरू र महिलाहरूले लगाउँछन्। यो प्रायः वयस्कता समारोह र सांस्कृतिक उत्सवहरूमा लगाइन्छ।"
nepali_dresses_augmented/gunyo_cholo/39_aug7.jpg,"A man standing next to a woman on a stage. This is the Gunyo-Cholo, a traditional dress worn by Nepali girls and women. It is often worn during coming-of-age ceremonies and cultural celebrations.","एक पुरुष एक महिलाको छेउमा स्टेजमा उभिरहेको छ। यो गुन्यो-चोलो हो, एक परम्परागत पोशाक जुन नेपाली केटीहरू र महिलाहरूले लगाउँछन्। यो प्रायः वयस्कता समारोह र सांस्कृतिक उत्सवहरूमा लगाइन्छ।"
nepali_dresses_augmented/gunyo_cholo/39_aug8.jpg,"A man standing next to a woman on a stage. This is the Gunyo-Cholo, a traditional dress worn by Nepali girls and women. It is often worn during coming-of-age ceremonies and cultural celebrations.","एक पुरुष एक महिलाको छेउमा स्टेजमा उभिरहेको छ। यो गुन्यो-चोलो हो, एक परम्परागत पोशाक जुन नेपाली केटीहरू र महिलाहरूले लगाउँछन्। यो प्रायः वयस्कता समारोह र सांस्कृतिक उत्सवहरूमा लगाइन्छ।"
nepali_dresses_augmented/gunyo_cholo/39_aug9.jpg,"A man standing next to a woman on a stage. This is the Gunyo-Cholo, a traditional dress worn by Nepali girls and women. It is often worn during coming-of-age ceremonies and cultural celebrations.","एक पुरुष एक महिलाको छेउमा स्टेजमा उभिरहेको छ। यो गुन्यो-चोलो हो, एक परम्परागत पोशाक जुन नेपाली केटीहरू र महिलाहरूले लगाउँछन्। यो प्रायः वयस्कता समारोह र सांस्कृतिक उत्सवहरूमा लगाइन्छ।"
nepali_dresses_augmented/gunyo_cholo/3_aug1.jpg,"A woman wearing a blue blouse and yellow skirt. This is the Gunyo-Cholo, a traditional dress worn by Nepali girls and women. It is often worn during coming-of-age ceremonies and cultural celebrations.","एक महिलाले नीलो ब्लाउज र पहेंलो स्कर्ट लगाउँछिन्। यो गुन्यो-चोलो हो, नेपाली केटी र महिलाहरूले लगाउने परम्परागत पोशाक। यो प्रायः वयस्कता समारोह र सांस्कृतिक उत्सवहरूमा लगाइन्छ।"
nepali_dresses_augmented/gunyo_cholo/3_aug10.jpg,"A woman wearing a blue blouse and yellow skirt. This is the Gunyo-Cholo, a traditional dress worn by Nepali girls and women. It is often worn during coming-of-age ceremonies and cultural celebrations.","एक महिलाले नीलो ब्लाउज र पहेंलो स्कर्ट लगाउँछिन्। यो गुन्यो-चोलो हो, नेपाली केटी र महिलाहरूले लगाउने परम्परागत पोशाक। यो प्रायः वयस्कता समारोह र सांस्कृतिक उत्सवहरूमा लगाइन्छ।"
nepali_dresses_augmented/gunyo_cholo/3_aug2.jpg,"A woman wearing a blue blouse and yellow skirt. This is the Gunyo-Cholo, a traditional dress worn by Nepali girls and women. It is often worn during coming-of-age ceremonies and cultural celebrations.","एक महिलाले नीलो ब्लाउज र पहेंलो स्कर्ट लगाउँछिन्। यो गुन्यो-चोलो हो, नेपाली केटी र महिलाहरूले लगाउने परम्परागत पोशाक। यो प्रायः वयस्कता समारोह र सांस्कृतिक उत्सवहरूमा लगाइन्छ।"
nepali_dresses_augmented/gunyo_cholo/3_aug3.jpg,"A woman wearing a blue blouse and yellow skirt. This is the Gunyo-Cholo, a traditional dress worn by Nepali girls and women. It is often worn during coming-of-age ceremonies and cultural celebrations.","एक महिलाले नीलो ब्लाउज र पहेंलो स्कर्ट लगाउँछिन्। यो गुन्यो-चोलो हो, नेपाली केटी र महिलाहरूले लगाउने परम्परागत पोशाक। यो प्रायः वयस्कता समारोह र सांस्कृतिक उत्सवहरूमा लगाइन्छ।"
nepali_dresses_augmented/gunyo_cholo/3_aug4.jpg,"A woman wearing a blue blouse and yellow skirt. This is the Gunyo-Cholo, a traditional dress worn by Nepali girls and women. It is often worn during coming-of-age ceremonies and cultural celebrations.","एक महिलाले नीलो ब्लाउज र पहेंलो स्कर्ट लगाउँछिन्। यो गुन्यो-चोलो हो, नेपाली केटी र महिलाहरूले लगाउने परम्परागत पोशाक। यो प्रायः वयस्कता समारोह र सांस्कृतिक उत्सवहरूमा लगाइन्छ।"
nepali_dresses_augmented/gunyo_cholo/3_aug5.jpg,"A woman wearing a blue blouse and yellow skirt. This is the Gunyo-Cholo, a traditional dress worn by Nepali girls and women. It is often worn during coming-of-age ceremonies and cultural celebrations.","एक महिलाले नीलो ब्लाउज र पहेंलो स्कर्ट लगाउँछिन्। यो गुन्यो-चोलो हो, नेपाली केटी र महिलाहरूले लगाउने परम्परागत पोशाक। यो प्रायः वयस्कता समारोह र सांस्कृतिक उत्सवहरूमा लगाइन्छ।"
nepali_dresses_augmented/gunyo_cholo/3_aug6.jpg,"A woman wearing a blue blouse and yellow skirt. This is the Gunyo-Cholo, a traditional dress worn by Nepali girls and women. It is often worn during coming-of-age ceremonies and cultural celebrations.","एक महिलाले नीलो ब्लाउज र पहेंलो स्कर्ट लगाउँछिन्। यो गुन्यो-चोलो हो, नेपाली केटी र महिलाहरूले लगाउने परम्परागत पोशाक। यो प्रायः वयस्कता समारोह र सांस्कृतिक उत्सवहरूमा लगाइन्छ।"
nepali_dresses_augmented/gunyo_cholo/3_aug7.jpg,"A woman wearing a blue blouse and yellow skirt. This is the Gunyo-Cholo, a traditional dress worn by Nepali girls and women. It is often worn during coming-of-age ceremonies and cultural celebrations.","एक महिलाले नीलो ब्लाउज र पहेंलो स्कर्ट लगाउँछिन्। यो गुन्यो-चोलो हो, नेपाली केटी र महिलाहरूले लगाउने परम्परागत पोशाक। यो प्रायः वयस्कता समारोह र सांस्कृतिक उत्सवहरूमा लगाइन्छ।"
nepali_dresses_augmented/gunyo_cholo/3_aug8.jpg,"A woman wearing a blue blouse and yellow skirt. This is the Gunyo-Cholo, a traditional dress worn by Nepali girls and women. It is often worn during coming-of-age ceremonies and cultural celebrations.","एक महिलाले नीलो ब्लाउज र पहेंलो स्कर्ट लगाउँछिन्। यो गुन्यो-चोलो हो, नेपाली केटी र महिलाहरूले लगाउने परम्परागत पोशाक। यो प्रायः वयस्कता समारोह र सांस्कृतिक उत्सवहरूमा लगाइन्छ।"
nepali_dresses_augmented/gunyo_cholo/3_aug9.jpg,"A woman wearing a blue blouse and yellow skirt. This is the Gunyo-Cholo, a traditional dress worn by Nepali girls and women. It is often worn during coming-of-age ceremonies and cultural celebrations.","एक महिलाले नीलो ब्लाउज र पहेंलो स्कर्ट लगाउँछिन्। यो गुन्यो-चोलो हो, नेपाली केटी र महिलाहरूले लगाउने परम्परागत पोशाक। यो प्रायः वयस्कता समारोह र सांस्कृतिक उत्सवहरूमा लगाइन्छ।"
nepali_dresses_augmented/gunyo_cholo/4.jpg,"A little girl in a red and yellow dress. This is the Gunyo-Cholo, a traditional dress worn by Nepali girls and women. It is often worn during coming-of-age ceremonies and cultural celebrations.","रातो र पहेंलो पोशाकमा एक सानो केटी। यो गुन्यो-चोलो हो, एक परम्परागत पोशाक जुन नेपाली केटीहरू र महिलाहरूले लगाउँछन्। यो प्रायः वयस्कता समारोह र सांस्कृतिक उत्सवहरूमा लगाइन्छ।"
nepali_dresses_augmented/gunyo_cholo/40.jpg,"A group of young girls performing a traditional dance. This is the Gunyo-Cholo, a traditional dress worn by Nepali girls and women. It is often worn during coming-of-age ceremonies and cultural celebrations.",नेपाली बालिका र महिलाहरूले लगाउने परम्परागत पोशाक गुन्यो-चोलो हो। यो प्रायः वयस्कता समारोह र सांस्कृतिक उत्सवहरूमा लगाइन्छ।
nepali_dresses_augmented/gunyo_cholo/40_aug1.jpg,"A group of young girls performing a traditional dance. This is the Gunyo-Cholo, a traditional dress worn by Nepali girls and women. It is often worn during coming-of-age ceremonies and cultural celebrations.",नेपाली बालिका र महिलाहरूले लगाउने परम्परागत पोशाक गुन्यो-चोलो हो। यो प्रायः वयस्कता समारोह र सांस्कृतिक उत्सवहरूमा लगाइन्छ।
nepali_dresses_augmented/gunyo_cholo/40_aug2.jpg,"A group of young girls performing a traditional dance. This is the Gunyo-Cholo, a traditional dress worn by Nepali girls and women. It is often worn during coming-of-age ceremonies and cultural celebrations.",नेपाली बालिका र महिलाहरूले लगाउने परम्परागत पोशाक गुन्यो-चोलो हो। यो प्रायः वयस्कता समारोह र सांस्कृतिक उत्सवहरूमा लगाइन्छ।
nepali_dresses_augmented/gunyo_cholo/40_aug3.jpg,"A group of young girls performing a traditional dance. This is the Gunyo-Cholo, a traditional dress worn by Nepali girls and women. It is often worn during coming-of-age ceremonies and cultural celebrations.",नेपाली बालिका र महिलाहरूले लगाउने परम्परागत पोशाक गुन्यो-चोलो हो। यो प्रायः वयस्कता समारोह र सांस्कृतिक उत्सवहरूमा लगाइन्छ।
nepali_dresses_augmented/gunyo_cholo/40_aug4.jpg,"A group of young girls performing a traditional dance. This is the Gunyo-Cholo, a traditional dress worn by Nepali girls and women. It is often worn during coming-of-age ceremonies and cultural celebrations.",नेपाली बालिका र महिलाहरूले लगाउने परम्परागत पोशाक गुन्यो-चोलो हो। यो प्रायः वयस्कता समारोह र सांस्कृतिक उत्सवहरूमा लगाइन्छ।
nepali_dresses_augmented/gunyo_cholo/40_aug5.jpg,"A group of young girls performing a traditional dance. This is the Gunyo-Cholo, a traditional dress worn by Nepali girls and women. It is often worn during coming-of-age ceremonies and cultural celebrations.",नेपाली बालिका र महिलाहरूले लगाउने परम्परागत पोशाक गुन्यो-चोलो हो। यो प्रायः वयस्कता समारोह र सांस्कृतिक उत्सवहरूमा लगाइन्छ।
nepali_dresses_augmented/gunyo_cholo/40_aug6.jpg,"A group of young girls performing a traditional dance. This is the Gunyo-Cholo, a traditional dress worn by Nepali girls and women. It is often worn during coming-of-age ceremonies and cultural celebrations.",नेपाली बालिका र महिलाहरूले लगाउने परम्परागत पोशाक गुन्यो-चोलो हो। यो प्रायः वयस्कता समारोह र सांस्कृतिक उत्सवहरूमा लगाइन्छ।
nepali_dresses_augmented/gunyo_cholo/40_aug7.jpg,"A group of young girls performing a traditional dance. This is the Gunyo-Cholo, a traditional dress worn by Nepali girls and women. It is often worn during coming-of-age ceremonies and cultural celebrations.",नेपाली बालिका र महिलाहरूले लगाउने परम्परागत पोशाक गुन्यो-चोलो हो। यो प्रायः वयस्कता समारोह र सांस्कृतिक उत्सवहरूमा लगाइन्छ।
nepali_dresses_augmented/gunyo_cholo/40_aug8.jpg,"A group of young girls performing a traditional dance. This is the Gunyo-Cholo, a traditional dress worn by Nepali girls and women. It is often worn during coming-of-age ceremonies and cultural celebrations.",नेपाली बालिका र महिलाहरूले लगाउने परम्परागत पोशाक गुन्यो-चोलो हो। यो प्रायः वयस्कता समारोह र सांस्कृतिक उत्सवहरूमा लगाइन्छ।
nepali_dresses_augmented/gunyo_cholo/40_aug9.jpg,"A group of young girls performing a traditional dance. This is the Gunyo-Cholo, a traditional dress worn by Nepali girls and women. It is often worn during coming-of-age ceremonies and cultural celebrations.",नेपाली बालिका र महिलाहरूले लगाउने परम्परागत पोशाक गुन्यो-चोलो हो। यो प्रायः वयस्कता समारोह र सांस्कृतिक उत्सवहरूमा लगाइन्छ।
nepali_dresses_augmented/gunyo_cholo/41.jpg,"A woman standing in front of a wooden fence. This is the Gunyo-Cholo, a traditional dress worn by Nepali girls and women. It is often worn during coming-of-age ceremonies and cultural celebrations.","एक महिला काठको बारको अगाडि उभिएकी। यो गुन्यो-चोलो हो, नेपाली केटी र महिलाहरूले लगाउने परम्परागत पोशाक। यो प्रायः वयस्कता समारोह र सांस्कृतिक उत्सवहरूमा लगाइन्छ।"
nepali_dresses_augmented/gunyo_cholo/41_aug1.jpg,"A woman standing in front of a wooden fence. This is the Gunyo-Cholo, a traditional dress worn by Nepali girls and women. It is often worn during coming-of-age ceremonies and cultural celebrations.","एक महिला काठको बारको अगाडि उभिएकी। यो गुन्यो-चोलो हो, नेपाली केटी र महिलाहरूले लगाउने परम्परागत पोशाक। यो प्रायः वयस्कता समारोह र सांस्कृतिक उत्सवहरूमा लगाइन्छ।"
nepali_dresses_augmented/gunyo_cholo/41_aug2.jpg,"A woman standing in front of a wooden fence. This is the Gunyo-Cholo, a traditional dress worn by Nepali girls and women. It is often worn during coming-of-age ceremonies and cultural celebrations.","एक महिला काठको बारको अगाडि उभिएकी। यो गुन्यो-चोलो हो, नेपाली केटी र महिलाहरूले लगाउने परम्परागत पोशाक। यो प्रायः वयस्कता समारोह र सांस्कृतिक उत्सवहरूमा लगाइन्छ।"
nepali_dresses_augmented/gunyo_cholo/41_aug3.jpg,"A woman standing in front of a wooden fence. This is the Gunyo-Cholo, a traditional dress worn by Nepali girls and women. It is often worn during coming-of-age ceremonies and cultural celebrations.","एक महिला काठको बारको अगाडि उभिएकी। यो गुन्यो-चोलो हो, नेपाली केटी र महिलाहरूले लगाउने परम्परागत पोशाक। यो प्रायः वयस्कता समारोह र सांस्कृतिक उत्सवहरूमा लगाइन्छ।"
nepali_dresses_augmented/gunyo_cholo/41_aug4.jpg,"A woman standing in front of a wooden fence. This is the Gunyo-Cholo, a traditional dress worn by Nepali girls and women. It is often worn during coming-of-age ceremonies and cultural celebrations.","एक महिला काठको बारको अगाडि उभिएकी। यो गुन्यो-चोलो हो, नेपाली केटी र महिलाहरूले लगाउने परम्परागत पोशाक। यो प्रायः वयस्कता समारोह र सांस्कृतिक उत्सवहरूमा लगाइन्छ।"
nepali_dresses_augmented/gunyo_cholo/41_aug5.jpg,"A woman standing in front of a wooden fence. This is the Gunyo-Cholo, a traditional dress worn by Nepali girls and women. It is often worn during coming-of-age ceremonies and cultural celebrations.","एक महिला काठको बारको अगाडि उभिएकी। यो गुन्यो-चोलो हो, नेपाली केटी र महिलाहरूले लगाउने परम्परागत पोशाक। यो प्रायः वयस्कता समारोह र सांस्कृतिक उत्सवहरूमा लगाइन्छ।"
nepali_dresses_augmented/gunyo_cholo/41_aug6.jpg,"A woman standing in front of a wooden fence. This is the Gunyo-Cholo, a traditional dress worn by Nepali girls and women. It is often worn during coming-of-age ceremonies and cultural celebrations.","एक महिला काठको बारको अगाडि उभिएकी। यो गुन्यो-चोलो हो, नेपाली केटी र महिलाहरूले लगाउने परम्परागत पोशाक। यो प्रायः वयस्कता समारोह र सांस्कृतिक उत्सवहरूमा लगाइन्छ।"
nepali_dresses_augmented/gunyo_cholo/41_aug7.jpg,"A woman standing in front of a wooden fence. This is the Gunyo-Cholo, a traditional dress worn by Nepali girls and women. It is often worn during coming-of-age ceremonies and cultural celebrations.","एक महिला काठको बारको अगाडि उभिएकी। यो गुन्यो-चोलो हो, नेपाली केटी र महिलाहरूले लगाउने परम्परागत पोशाक। यो प्रायः वयस्कता समारोह र सांस्कृतिक उत्सवहरूमा लगाइन्छ।"
nepali_dresses_augmented/gunyo_cholo/41_aug8.jpg,"A woman standing in front of a wooden fence. This is the Gunyo-Cholo, a traditional dress worn by Nepali girls and women. It is often worn during coming-of-age ceremonies and cultural celebrations.","एक महिला काठको बारको अगाडि उभिएकी। यो गुन्यो-चोलो हो, नेपाली केटी र महिलाहरूले लगाउने परम्परागत पोशाक। यो प्रायः वयस्कता समारोह र सांस्कृतिक उत्सवहरूमा लगाइन्छ।"
nepali_dresses_augmented/gunyo_cholo/41_aug9.jpg,"A woman standing in front of a wooden fence. This is the Gunyo-Cholo, a traditional dress worn by Nepali girls and women. It is often worn during coming-of-age ceremonies and cultural celebrations.","एक महिला काठको बारको अगाडि उभिएकी। यो गुन्यो-चोलो हो, नेपाली केटी र महिलाहरूले लगाउने परम्परागत पोशाक। यो प्रायः वयस्कता समारोह र सांस्कृतिक उत्सवहरूमा लगाइन्छ।"
nepali_dresses_augmented/gunyo_cholo/42.jpg,"A woman is walking down the street wearing a long skirt. This is the Gunyo-Cholo, a traditional dress worn by Nepali girls and women. It is often worn during coming-of-age ceremonies and cultural celebrations.","एक महिला लामो स्कर्ट लगाएर सडकमा हिंडिरहेकी छिन्। यो गुन्यो-चोलो हो, नेपाली केटी र महिलाहरूले लगाउने परम्परागत पोशाक हो। यो प्रायः वयस्कता समारोह र सांस्कृतिक उत्सवहरूमा लगाइन्छ।"
nepali_dresses_augmented/gunyo_cholo/42_aug1.jpg,"A woman is walking down the street wearing a long skirt. This is the Gunyo-Cholo, a traditional dress worn by Nepali girls and women. It is often worn during coming-of-age ceremonies and cultural celebrations.","एक महिला लामो स्कर्ट लगाएर सडकमा हिंडिरहेकी छिन्। यो गुन्यो-चोलो हो, नेपाली केटी र महिलाहरूले लगाउने परम्परागत पोशाक हो। यो प्रायः वयस्कता समारोह र सांस्कृतिक उत्सवहरूमा लगाइन्छ।"
nepali_dresses_augmented/gunyo_cholo/42_aug2.jpg,"A woman is walking down the street wearing a long skirt. This is the Gunyo-Cholo, a traditional dress worn by Nepali girls and women. It is often worn during coming-of-age ceremonies and cultural celebrations.","एक महिला लामो स्कर्ट लगाएर सडकमा हिंडिरहेकी छिन्। यो गुन्यो-चोलो हो, नेपाली केटी र महिलाहरूले लगाउने परम्परागत पोशाक हो। यो प्रायः वयस्कता समारोह र सांस्कृतिक उत्सवहरूमा लगाइन्छ।"
nepali_dresses_augmented/gunyo_cholo/42_aug3.jpg,"A woman is walking down the street wearing a long skirt. This is the Gunyo-Cholo, a traditional dress worn by Nepali girls and women. It is often worn during coming-of-age ceremonies and cultural celebrations.","एक महिला लामो स्कर्ट लगाएर सडकमा हिंडिरहेकी छिन्। यो गुन्यो-चोलो हो, नेपाली केटी र महिलाहरूले लगाउने परम्परागत पोशाक हो। यो प्रायः वयस्कता समारोह र सांस्कृतिक उत्सवहरूमा लगाइन्छ।"
nepali_dresses_augmented/gunyo_cholo/42_aug4.jpg,"A woman is walking down the street wearing a long skirt. This is the Gunyo-Cholo, a traditional dress worn by Nepali girls and women. It is often worn during coming-of-age ceremonies and cultural celebrations.","एक महिला लामो स्कर्ट लगाएर सडकमा हिंडिरहेकी छिन्। यो गुन्यो-चोलो हो, नेपाली केटी र महिलाहरूले लगाउने परम्परागत पोशाक हो। यो प्रायः वयस्कता समारोह र सांस्कृतिक उत्सवहरूमा लगाइन्छ।"
nepali_dresses_augmented/gunyo_cholo/42_aug5.jpg,"A woman is walking down the street wearing a long skirt. This is the Gunyo-Cholo, a traditional dress worn by Nepali girls and women. It is often worn during coming-of-age ceremonies and cultural celebrations.","एक महिला लामो स्कर्ट लगाएर सडकमा हिंडिरहेकी छिन्। यो गुन्यो-चोलो हो, नेपाली केटी र महिलाहरूले लगाउने परम्परागत पोशाक हो। यो प्रायः वयस्कता समारोह र सांस्कृतिक उत्सवहरूमा लगाइन्छ।"
nepali_dresses_augmented/gunyo_cholo/42_aug6.jpg,"A woman is walking down the street wearing a long skirt. This is the Gunyo-Cholo, a traditional dress worn by Nepali girls and women. It is often worn during coming-of-age ceremonies and cultural celebrations.","एक महिला लामो स्कर्ट लगाएर सडकमा हिंडिरहेकी छिन्। यो गुन्यो-चोलो हो, नेपाली केटी र महिलाहरूले लगाउने परम्परागत पोशाक हो। यो प्रायः वयस्कता समारोह र सांस्कृतिक उत्सवहरूमा लगाइन्छ।"
nepali_dresses_augmented/gunyo_cholo/42_aug7.jpg,"A woman is walking down the street wearing a long skirt. This is the Gunyo-Cholo, a traditional dress worn by Nepali girls and women. It is often worn during coming-of-age ceremonies and cultural celebrations.","एक महिला लामो स्कर्ट लगाएर सडकमा हिंडिरहेकी छिन्। यो गुन्यो-चोलो हो, नेपाली केटी र महिलाहरूले लगाउने परम्परागत पोशाक हो। यो प्रायः वयस्कता समारोह र सांस्कृतिक उत्सवहरूमा लगाइन्छ।"
nepali_dresses_augmented/gunyo_cholo/42_aug8.jpg,"A woman is walking down the street wearing a long skirt. This is the Gunyo-Cholo, a traditional dress worn by Nepali girls and women. It is often worn during coming-of-age ceremonies and cultural celebrations.","एक महिला लामो स्कर्ट लगाएर सडकमा हिंडिरहेकी छिन्। यो गुन्यो-चोलो हो, नेपाली केटी र महिलाहरूले लगाउने परम्परागत पोशाक हो। यो प्रायः वयस्कता समारोह र सांस्कृतिक उत्सवहरूमा लगाइन्छ।"
nepali_dresses_augmented/gunyo_cholo/42_aug9.jpg,"A woman is walking down the street wearing a long skirt. This is the Gunyo-Cholo, a traditional dress worn by Nepali girls and women. It is often worn during coming-of-age ceremonies and cultural celebrations.","एक महिला लामो स्कर्ट लगाएर सडकमा हिंडिरहेकी छिन्। यो गुन्यो-चोलो हो, नेपाली केटी र महिलाहरूले लगाउने परम्परागत पोशाक हो। यो प्रायः वयस्कता समारोह र सांस्कृतिक उत्सवहरूमा लगाइन्छ।"
nepali_dresses_augmented/gunyo_cholo/43.jpg,"A girl with long hair smiles at the camera. This is the Gunyo-Cholo, a traditional dress worn by Nepali girls and women. It is often worn during coming-of-age ceremonies and cultural celebrations.","एक लामो कपालको केटी क्यामेरामा मुस्कुराउँछिन्। यो गुन्यो-चोलो हो, नेपाली केटी र महिलाहरूले लगाउने परम्परागत पोशाक। यो प्रायः वयस्कता समारोह र सांस्कृतिक उत्सवहरूमा लगाइन्छ।"
nepali_dresses_augmented/gunyo_cholo/43_aug1.jpg,"A girl with long hair smiles at the camera. This is the Gunyo-Cholo, a traditional dress worn by Nepali girls and women. It is often worn during coming-of-age ceremonies and cultural celebrations.","एक लामो कपालको केटी क्यामेरामा मुस्कुराउँछिन्। यो गुन्यो-चोलो हो, नेपाली केटी र महिलाहरूले लगाउने परम्परागत पोशाक। यो प्रायः वयस्कता समारोह र सांस्कृतिक उत्सवहरूमा लगाइन्छ।"
nepali_dresses_augmented/gunyo_cholo/43_aug2.jpg,"A girl with long hair smiles at the camera. This is the Gunyo-Cholo, a traditional dress worn by Nepali girls and women. It is often worn during coming-of-age ceremonies and cultural celebrations.","एक लामो कपालको केटी क्यामेरामा मुस्कुराउँछिन्। यो गुन्यो-चोलो हो, नेपाली केटी र महिलाहरूले लगाउने परम्परागत पोशाक। यो प्रायः वयस्कता समारोह र सांस्कृतिक उत्सवहरूमा लगाइन्छ।"
nepali_dresses_augmented/gunyo_cholo/43_aug3.jpg,"A girl with long hair smiles at the camera. This is the Gunyo-Cholo, a traditional dress worn by Nepali girls and women. It is often worn during coming-of-age ceremonies and cultural celebrations.","एक लामो कपालको केटी क्यामेरामा मुस्कुराउँछिन्। यो गुन्यो-चोलो हो, नेपाली केटी र महिलाहरूले लगाउने परम्परागत पोशाक। यो प्रायः वयस्कता समारोह र सांस्कृतिक उत्सवहरूमा लगाइन्छ।"
nepali_dresses_augmented/gunyo_cholo/43_aug4.jpg,"A girl with long hair smiles at the camera. This is the Gunyo-Cholo, a traditional dress worn by Nepali girls and women. It is often worn during coming-of-age ceremonies and cultural celebrations.","एक लामो कपालको केटी क्यामेरामा मुस्कुराउँछिन्। यो गुन्यो-चोलो हो, नेपाली केटी र महिलाहरूले लगाउने परम्परागत पोशाक। यो प्रायः वयस्कता समारोह र सांस्कृतिक उत्सवहरूमा लगाइन्छ।"
nepali_dresses_augmented/gunyo_cholo/43_aug5.jpg,"A girl with long hair smiles at the camera. This is the Gunyo-Cholo, a traditional dress worn by Nepali girls and women. It is often worn during coming-of-age ceremonies and cultural celebrations.","एक लामो कपालको केटी क्यामेरामा मुस्कुराउँछिन्। यो गुन्यो-चोलो हो, नेपाली केटी र महिलाहरूले लगाउने परम्परागत पोशाक। यो प्रायः वयस्कता समारोह र सांस्कृतिक उत्सवहरूमा लगाइन्छ।"
nepali_dresses_augmented/gunyo_cholo/43_aug6.jpg,"A girl with long hair smiles at the camera. This is the Gunyo-Cholo, a traditional dress worn by Nepali girls and women. It is often worn during coming-of-age ceremonies and cultural celebrations.","एक लामो कपालको केटी क्यामेरामा मुस्कुराउँछिन्। यो गुन्यो-चोलो हो, नेपाली केटी र महिलाहरूले लगाउने परम्परागत पोशाक। यो प्रायः वयस्कता समारोह र सांस्कृतिक उत्सवहरूमा लगाइन्छ।"
nepali_dresses_augmented/gunyo_cholo/43_aug7.jpg,"A girl with long hair smiles at the camera. This is the Gunyo-Cholo, a traditional dress worn by Nepali girls and women. It is often worn during coming-of-age ceremonies and cultural celebrations.","एक लामो कपालको केटी क्यामेरामा मुस्कुराउँछिन्। यो गुन्यो-चोलो हो, नेपाली केटी र महिलाहरूले लगाउने परम्परागत पोशाक। यो प्रायः वयस्कता समारोह र सांस्कृतिक उत्सवहरूमा लगाइन्छ।"
nepali_dresses_augmented/gunyo_cholo/43_aug8.jpg,"A girl with long hair smiles at the camera. This is the Gunyo-Cholo, a traditional dress worn by Nepali girls and women. It is often worn during coming-of-age ceremonies and cultural celebrations.","एक लामो कपालको केटी क्यामेरामा मुस्कुराउँछिन्। यो गुन्यो-चोलो हो, नेपाली केटी र महिलाहरूले लगाउने परम्परागत पोशाक। यो प्रायः वयस्कता समारोह र सांस्कृतिक उत्सवहरूमा लगाइन्छ।"
nepali_dresses_augmented/gunyo_cholo/43_aug9.jpg,"A girl with long hair smiles at the camera. This is the Gunyo-Cholo, a traditional dress worn by Nepali girls and women. It is often worn during coming-of-age ceremonies and cultural celebrations.","एक लामो कपालको केटी क्यामेरामा मुस्कुराउँछिन्। यो गुन्यो-चोलो हो, नेपाली केटी र महिलाहरूले लगाउने परम्परागत पोशाक। यो प्रायः वयस्कता समारोह र सांस्कृतिक उत्सवहरूमा लगाइन्छ।"
nepali_dresses_augmented/gunyo_cholo/44.jpg,"A woman in traditional dress sitting on a stone wall. This is the Gunyo-Cholo, a traditional dress worn by Nepali girls and women. It is often worn during coming-of-age ceremonies and cultural celebrations.","परम्परागत पोशाकमा एक महिला ढुङ्गाको पर्खालमा बसिरहेको छ। यो गुन्यो-चोलो हो, नेपाली केटी र महिलाहरूले लगाउने परम्परागत पोशाक। यो प्रायः वयस्कता समारोह र सांस्कृतिक उत्सवहरूमा लगाइन्छ।"
nepali_dresses_augmented/gunyo_cholo/44_aug1.jpg,"A woman in traditional dress sitting on a stone wall. This is the Gunyo-Cholo, a traditional dress worn by Nepali girls and women. It is often worn during coming-of-age ceremonies and cultural celebrations.","परम्परागत पोशाकमा एक महिला ढुङ्गाको पर्खालमा बसिरहेको छ। यो गुन्यो-चोलो हो, नेपाली केटी र महिलाहरूले लगाउने परम्परागत पोशाक। यो प्रायः वयस्कता समारोह र सांस्कृतिक उत्सवहरूमा लगाइन्छ।"
nepali_dresses_augmented/gunyo_cholo/44_aug2.jpg,"A woman in traditional dress sitting on a stone wall. This is the Gunyo-Cholo, a traditional dress worn by Nepali girls and women. It is often worn during coming-of-age ceremonies and cultural celebrations.","परम्परागत पोशाकमा एक महिला ढुङ्गाको पर्खालमा बसिरहेको छ। यो गुन्यो-चोलो हो, नेपाली केटी र महिलाहरूले लगाउने परम्परागत पोशाक। यो प्रायः वयस्कता समारोह र सांस्कृतिक उत्सवहरूमा लगाइन्छ।"
nepali_dresses_augmented/gunyo_cholo/44_aug3.jpg,"A woman in traditional dress sitting on a stone wall. This is the Gunyo-Cholo, a traditional dress worn by Nepali girls and women. It is often worn during coming-of-age ceremonies and cultural celebrations.","परम्परागत पोशाकमा एक महिला ढुङ्गाको पर्खालमा बसिरहेको छ। यो गुन्यो-चोलो हो, नेपाली केटी र महिलाहरूले लगाउने परम्परागत पोशाक। यो प्रायः वयस्कता समारोह र सांस्कृतिक उत्सवहरूमा लगाइन्छ।"
nepali_dresses_augmented/gunyo_cholo/44_aug4.jpg,"A woman in traditional dress sitting on a stone wall. This is the Gunyo-Cholo, a traditional dress worn by Nepali girls and women. It is often worn during coming-of-age ceremonies and cultural celebrations.","परम्परागत पोशाकमा एक महिला ढुङ्गाको पर्खालमा बसिरहेको छ। यो गुन्यो-चोलो हो, नेपाली केटी र महिलाहरूले लगाउने परम्परागत पोशाक। यो प्रायः वयस्कता समारोह र सांस्कृतिक उत्सवहरूमा लगाइन्छ।"
nepali_dresses_augmented/gunyo_cholo/44_aug5.jpg,"A woman in traditional dress sitting on a stone wall. This is the Gunyo-Cholo, a traditional dress worn by Nepali girls and women. It is often worn during coming-of-age ceremonies and cultural celebrations.","परम्परागत पोशाकमा एक महिला ढुङ्गाको पर्खालमा बसिरहेको छ। यो गुन्यो-चोलो हो, नेपाली केटी र महिलाहरूले लगाउने परम्परागत पोशाक। यो प्रायः वयस्कता समारोह र सांस्कृतिक उत्सवहरूमा लगाइन्छ।"
nepali_dresses_augmented/gunyo_cholo/44_aug6.jpg,"A woman in traditional dress sitting on a stone wall. This is the Gunyo-Cholo, a traditional dress worn by Nepali girls and women. It is often worn during coming-of-age ceremonies and cultural celebrations.","परम्परागत पोशाकमा एक महिला ढुङ्गाको पर्खालमा बसिरहेको छ। यो गुन्यो-चोलो हो, नेपाली केटी र महिलाहरूले लगाउने परम्परागत पोशाक। यो प्रायः वयस्कता समारोह र सांस्कृतिक उत्सवहरूमा लगाइन्छ।"
nepali_dresses_augmented/gunyo_cholo/44_aug7.jpg,"A woman in traditional dress sitting on a stone wall. This is the Gunyo-Cholo, a traditional dress worn by Nepali girls and women. It is often worn during coming-of-age ceremonies and cultural celebrations.","परम्परागत पोशाकमा एक महिला ढुङ्गाको पर्खालमा बसिरहेको छ। यो गुन्यो-चोलो हो, नेपाली केटी र महिलाहरूले लगाउने परम्परागत पोशाक। यो प्रायः वयस्कता समारोह र सांस्कृतिक उत्सवहरूमा लगाइन्छ।"
nepali_dresses_augmented/gunyo_cholo/44_aug8.jpg,"A woman in traditional dress sitting on a stone wall. This is the Gunyo-Cholo, a traditional dress worn by Nepali girls and women. It is often worn during coming-of-age ceremonies and cultural celebrations.","परम्परागत पोशाकमा एक महिला ढुङ्गाको पर्खालमा बसिरहेको छ। यो गुन्यो-चोलो हो, नेपाली केटी र महिलाहरूले लगाउने परम्परागत पोशाक। यो प्रायः वयस्कता समारोह र सांस्कृतिक उत्सवहरूमा लगाइन्छ।"
nepali_dresses_augmented/gunyo_cholo/44_aug9.jpg,"A woman in traditional dress sitting on a stone wall. This is the Gunyo-Cholo, a traditional dress worn by Nepali girls and women. It is often worn during coming-of-age ceremonies and cultural celebrations.","परम्परागत पोशाकमा एक महिला ढुङ्गाको पर्खालमा बसिरहेको छ। यो गुन्यो-चोलो हो, नेपाली केटी र महिलाहरूले लगाउने परम्परागत पोशाक। यो प्रायः वयस्कता समारोह र सांस्कृतिक उत्सवहरूमा लगाइन्छ।"
nepali_dresses_augmented/gunyo_cholo/45.jpg,"A woman in a white top and red skirt. This is the Gunyo-Cholo, a traditional dress worn by Nepali girls and women. It is often worn during coming-of-age ceremonies and cultural celebrations.","एक महिला एक सेतो शीर्ष र रातो स्कर्टमा। यो गुन्यो-चोलो हो, एक परम्परागत पोशाक जुन नेपाली केटीहरू र महिलाहरूले लगाउँछन्। यो प्रायः वयस्कता समारोह र सांस्कृतिक उत्सवहरूमा लगाइन्छ।"
nepali_dresses_augmented/gunyo_cholo/45_aug1.jpg,"A woman in a white top and red skirt. This is the Gunyo-Cholo, a traditional dress worn by Nepali girls and women. It is often worn during coming-of-age ceremonies and cultural celebrations.","एक महिला एक सेतो शीर्ष र रातो स्कर्टमा। यो गुन्यो-चोलो हो, एक परम्परागत पोशाक जुन नेपाली केटीहरू र महिलाहरूले लगाउँछन्। यो प्रायः वयस्कता समारोह र सांस्कृतिक उत्सवहरूमा लगाइन्छ।"
nepali_dresses_augmented/gunyo_cholo/45_aug2.jpg,"A woman in a white top and red skirt. This is the Gunyo-Cholo, a traditional dress worn by Nepali girls and women. It is often worn during coming-of-age ceremonies and cultural celebrations.","एक महिला एक सेतो शीर्ष र रातो स्कर्टमा। यो गुन्यो-चोलो हो, एक परम्परागत पोशाक जुन नेपाली केटीहरू र महिलाहरूले लगाउँछन्। यो प्रायः वयस्कता समारोह र सांस्कृतिक उत्सवहरूमा लगाइन्छ।"
nepali_dresses_augmented/gunyo_cholo/45_aug3.jpg,"A woman in a white top and red skirt. This is the Gunyo-Cholo, a traditional dress worn by Nepali girls and women. It is often worn during coming-of-age ceremonies and cultural celebrations.","एक महिला एक सेतो शीर्ष र रातो स्कर्टमा। यो गुन्यो-चोलो हो, एक परम्परागत पोशाक जुन नेपाली केटीहरू र महिलाहरूले लगाउँछन्। यो प्रायः वयस्कता समारोह र सांस्कृतिक उत्सवहरूमा लगाइन्छ।"
nepali_dresses_augmented/gunyo_cholo/45_aug4.jpg,"A woman in a white top and red skirt. This is the Gunyo-Cholo, a traditional dress worn by Nepali girls and women. It is often worn during coming-of-age ceremonies and cultural celebrations.","एक महिला एक सेतो शीर्ष र रातो स्कर्टमा। यो गुन्यो-चोलो हो, एक परम्परागत पोशाक जुन नेपाली केटीहरू र महिलाहरूले लगाउँछन्। यो प्रायः वयस्कता समारोह र सांस्कृतिक उत्सवहरूमा लगाइन्छ।"
nepali_dresses_augmented/gunyo_cholo/45_aug5.jpg,"A woman in a white top and red skirt. This is the Gunyo-Cholo, a traditional dress worn by Nepali girls and women. It is often worn during coming-of-age ceremonies and cultural celebrations.","एक महिला एक सेतो शीर्ष र रातो स्कर्टमा। यो गुन्यो-चोलो हो, एक परम्परागत पोशाक जुन नेपाली केटीहरू र महिलाहरूले लगाउँछन्। यो प्रायः वयस्कता समारोह र सांस्कृतिक उत्सवहरूमा लगाइन्छ।"
nepali_dresses_augmented/gunyo_cholo/45_aug6.jpg,"A woman in a white top and red skirt. This is the Gunyo-Cholo, a traditional dress worn by Nepali girls and women. It is often worn during coming-of-age ceremonies and cultural celebrations.","एक महिला एक सेतो शीर्ष र रातो स्कर्टमा। यो गुन्यो-चोलो हो, एक परम्परागत पोशाक जुन नेपाली केटीहरू र महिलाहरूले लगाउँछन्। यो प्रायः वयस्कता समारोह र सांस्कृतिक उत्सवहरूमा लगाइन्छ।"
nepali_dresses_augmented/gunyo_cholo/45_aug7.jpg,"A woman in a white top and red skirt. This is the Gunyo-Cholo, a traditional dress worn by Nepali girls and women. It is often worn during coming-of-age ceremonies and cultural celebrations.","एक महिला एक सेतो शीर्ष र रातो स्कर्टमा। यो गुन्यो-चोलो हो, एक परम्परागत पोशाक जुन नेपाली केटीहरू र महिलाहरूले लगाउँछन्। यो प्रायः वयस्कता समारोह र सांस्कृतिक उत्सवहरूमा लगाइन्छ।"
nepali_dresses_augmented/gunyo_cholo/45_aug8.jpg,"A woman in a white top and red skirt. This is the Gunyo-Cholo, a traditional dress worn by Nepali girls and women. It is often worn during coming-of-age ceremonies and cultural celebrations.","एक महिला एक सेतो शीर्ष र रातो स्कर्टमा। यो गुन्यो-चोलो हो, एक परम्परागत पोशाक जुन नेपाली केटीहरू र महिलाहरूले लगाउँछन्। यो प्रायः वयस्कता समारोह र सांस्कृतिक उत्सवहरूमा लगाइन्छ।"
nepali_dresses_augmented/gunyo_cholo/45_aug9.jpg,"A woman in a white top and red skirt. This is the Gunyo-Cholo, a traditional dress worn by Nepali girls and women. It is often worn during coming-of-age ceremonies and cultural celebrations.","एक महिला एक सेतो शीर्ष र रातो स्कर्टमा। यो गुन्यो-चोलो हो, एक परम्परागत पोशाक जुन नेपाली केटीहरू र महिलाहरूले लगाउँछन्। यो प्रायः वयस्कता समारोह र सांस्कृतिक उत्सवहरूमा लगाइन्छ।"
nepali_dresses_augmented/gunyo_cholo/46.jpg,"A woman in a red shirt and blue skirt. This is the Gunyo-Cholo, a traditional dress worn by Nepali girls and women. It is often worn during coming-of-age ceremonies and cultural celebrations.","एक महिला रातो शर्ट र नीलो स्कर्टमा। यो गुन्यो-चोलो हो, एक परम्परागत पोशाक जुन नेपाली केटीहरू र महिलाहरूले लगाउँछन्। यो प्रायः वयस्कता समारोह र सांस्कृतिक उत्सवहरूमा लगाइन्छ।"
nepali_dresses_augmented/gunyo_cholo/46_aug1.jpg,"A woman in a red shirt and blue skirt. This is the Gunyo-Cholo, a traditional dress worn by Nepali girls and women. It is often worn during coming-of-age ceremonies and cultural celebrations.","एक महिला रातो शर्ट र नीलो स्कर्टमा। यो गुन्यो-चोलो हो, एक परम्परागत पोशाक जुन नेपाली केटीहरू र महिलाहरूले लगाउँछन्। यो प्रायः वयस्कता समारोह र सांस्कृतिक उत्सवहरूमा लगाइन्छ।"
nepali_dresses_augmented/gunyo_cholo/46_aug2.jpg,"A woman in a red shirt and blue skirt. This is the Gunyo-Cholo, a traditional dress worn by Nepali girls and women. It is often worn during coming-of-age ceremonies and cultural celebrations.","एक महिला रातो शर्ट र नीलो स्कर्टमा। यो गुन्यो-चोलो हो, एक परम्परागत पोशाक जुन नेपाली केटीहरू र महिलाहरूले लगाउँछन्। यो प्रायः वयस्कता समारोह र सांस्कृतिक उत्सवहरूमा लगाइन्छ।"
nepali_dresses_augmented/gunyo_cholo/46_aug3.jpg,"A woman in a red shirt and blue skirt. This is the Gunyo-Cholo, a traditional dress worn by Nepali girls and women. It is often worn during coming-of-age ceremonies and cultural celebrations.","एक महिला रातो शर्ट र नीलो स्कर्टमा। यो गुन्यो-चोलो हो, एक परम्परागत पोशाक जुन नेपाली केटीहरू र महिलाहरूले लगाउँछन्। यो प्रायः वयस्कता समारोह र सांस्कृतिक उत्सवहरूमा लगाइन्छ।"
nepali_dresses_augmented/gunyo_cholo/46_aug4.jpg,"A woman in a red shirt and blue skirt. This is the Gunyo-Cholo, a traditional dress worn by Nepali girls and women. It is often worn during coming-of-age ceremonies and cultural celebrations.","एक महिला रातो शर्ट र नीलो स्कर्टमा। यो गुन्यो-चोलो हो, एक परम्परागत पोशाक जुन नेपाली केटीहरू र महिलाहरूले लगाउँछन्। यो प्रायः वयस्कता समारोह र सांस्कृतिक उत्सवहरूमा लगाइन्छ।"
nepali_dresses_augmented/gunyo_cholo/46_aug5.jpg,"A woman in a red shirt and blue skirt. This is the Gunyo-Cholo, a traditional dress worn by Nepali girls and women. It is often worn during coming-of-age ceremonies and cultural celebrations.","एक महिला रातो शर्ट र नीलो स्कर्टमा। यो गुन्यो-चोलो हो, एक परम्परागत पोशाक जुन नेपाली केटीहरू र महिलाहरूले लगाउँछन्। यो प्रायः वयस्कता समारोह र सांस्कृतिक उत्सवहरूमा लगाइन्छ।"
nepali_dresses_augmented/gunyo_cholo/46_aug6.jpg,"A woman in a red shirt and blue skirt. This is the Gunyo-Cholo, a traditional dress worn by Nepali girls and women. It is often worn during coming-of-age ceremonies and cultural celebrations.","एक महिला रातो शर्ट र नीलो स्कर्टमा। यो गुन्यो-चोलो हो, एक परम्परागत पोशाक जुन नेपाली केटीहरू र महिलाहरूले लगाउँछन्। यो प्रायः वयस्कता समारोह र सांस्कृतिक उत्सवहरूमा लगाइन्छ।"
nepali_dresses_augmented/gunyo_cholo/46_aug7.jpg,"A woman in a red shirt and blue skirt. This is the Gunyo-Cholo, a traditional dress worn by Nepali girls and women. It is often worn during coming-of-age ceremonies and cultural celebrations.","एक महिला रातो शर्ट र नीलो स्कर्टमा। यो गुन्यो-चोलो हो, एक परम्परागत पोशाक जुन नेपाली केटीहरू र महिलाहरूले लगाउँछन्। यो प्रायः वयस्कता समारोह र सांस्कृतिक उत्सवहरूमा लगाइन्छ।"
nepali_dresses_augmented/gunyo_cholo/46_aug8.jpg,"A woman in a red shirt and blue skirt. This is the Gunyo-Cholo, a traditional dress worn by Nepali girls and women. It is often worn during coming-of-age ceremonies and cultural celebrations.","एक महिला रातो शर्ट र नीलो स्कर्टमा। यो गुन्यो-चोलो हो, एक परम्परागत पोशाक जुन नेपाली केटीहरू र महिलाहरूले लगाउँछन्। यो प्रायः वयस्कता समारोह र सांस्कृतिक उत्सवहरूमा लगाइन्छ।"
nepali_dresses_augmented/gunyo_cholo/46_aug9.jpg,"A woman in a red shirt and blue skirt. This is the Gunyo-Cholo, a traditional dress worn by Nepali girls and women. It is often worn during coming-of-age ceremonies and cultural celebrations.","एक महिला रातो शर्ट र नीलो स्कर्टमा। यो गुन्यो-चोलो हो, एक परम्परागत पोशाक जुन नेपाली केटीहरू र महिलाहरूले लगाउँछन्। यो प्रायः वयस्कता समारोह र सांस्कृतिक उत्सवहरूमा लगाइन्छ।"
nepali_dresses_augmented/gunyo_cholo/47.jpg,"Two young girls dressed in traditional chinese costumes. This is the Gunyo-Cholo, a traditional dress worn by Nepali girls and women. It is often worn during coming-of-age ceremonies and cultural celebrations.","दुई युवतीहरू परम्परागत चिनियाँ पोशाकमा लुगा लगाउँछन्। यो गुन्यो-चोलो हो, नेपाली केटी र महिलाहरूले लगाउने परम्परागत पोशाक। यो प्रायः वयस्कता समारोह र सांस्कृतिक उत्सवहरूमा लगाइन्छ।"
nepali_dresses_augmented/gunyo_cholo/47_aug1.jpg,"Two young girls dressed in traditional chinese costumes. This is the Gunyo-Cholo, a traditional dress worn by Nepali girls and women. It is often worn during coming-of-age ceremonies and cultural celebrations.","दुई युवतीहरू परम्परागत चिनियाँ पोशाकमा लुगा लगाउँछन्। यो गुन्यो-चोलो हो, नेपाली केटी र महिलाहरूले लगाउने परम्परागत पोशाक। यो प्रायः वयस्कता समारोह र सांस्कृतिक उत्सवहरूमा लगाइन्छ।"
nepali_dresses_augmented/gunyo_cholo/47_aug2.jpg,"Two young girls dressed in traditional chinese costumes. This is the Gunyo-Cholo, a traditional dress worn by Nepali girls and women. It is often worn during coming-of-age ceremonies and cultural celebrations.","दुई युवतीहरू परम्परागत चिनियाँ पोशाकमा लुगा लगाउँछन्। यो गुन्यो-चोलो हो, नेपाली केटी र महिलाहरूले लगाउने परम्परागत पोशाक। यो प्रायः वयस्कता समारोह र सांस्कृतिक उत्सवहरूमा लगाइन्छ।"
nepali_dresses_augmented/gunyo_cholo/47_aug3.jpg,"Two young girls dressed in traditional chinese costumes. This is the Gunyo-Cholo, a traditional dress worn by Nepali girls and women. It is often worn during coming-of-age ceremonies and cultural celebrations.","दुई युवतीहरू परम्परागत चिनियाँ पोशाकमा लुगा लगाउँछन्। यो गुन्यो-चोलो हो, नेपाली केटी र महिलाहरूले लगाउने परम्परागत पोशाक। यो प्रायः वयस्कता समारोह र सांस्कृतिक उत्सवहरूमा लगाइन्छ।"
nepali_dresses_augmented/gunyo_cholo/47_aug4.jpg,"Two young girls dressed in traditional chinese costumes. This is the Gunyo-Cholo, a traditional dress worn by Nepali girls and women. It is often worn during coming-of-age ceremonies and cultural celebrations.","दुई युवतीहरू परम्परागत चिनियाँ पोशाकमा लुगा लगाउँछन्। यो गुन्यो-चोलो हो, नेपाली केटी र महिलाहरूले लगाउने परम्परागत पोशाक। यो प्रायः वयस्कता समारोह र सांस्कृतिक उत्सवहरूमा लगाइन्छ।"
nepali_dresses_augmented/gunyo_cholo/47_aug5.jpg,"Two young girls dressed in traditional chinese costumes. This is the Gunyo-Cholo, a traditional dress worn by Nepali girls and women. It is often worn during coming-of-age ceremonies and cultural celebrations.","दुई युवतीहरू परम्परागत चिनियाँ पोशाकमा लुगा लगाउँछन्। यो गुन्यो-चोलो हो, नेपाली केटी र महिलाहरूले लगाउने परम्परागत पोशाक। यो प्रायः वयस्कता समारोह र सांस्कृतिक उत्सवहरूमा लगाइन्छ।"
nepali_dresses_augmented/gunyo_cholo/47_aug6.jpg,"Two young girls dressed in traditional chinese costumes. This is the Gunyo-Cholo, a traditional dress worn by Nepali girls and women. It is often worn during coming-of-age ceremonies and cultural celebrations.","दुई युवतीहरू परम्परागत चिनियाँ पोशाकमा लुगा लगाउँछन्। यो गुन्यो-चोलो हो, नेपाली केटी र महिलाहरूले लगाउने परम्परागत पोशाक। यो प्रायः वयस्कता समारोह र सांस्कृतिक उत्सवहरूमा लगाइन्छ।"
nepali_dresses_augmented/gunyo_cholo/47_aug7.jpg,"Two young girls dressed in traditional chinese costumes. This is the Gunyo-Cholo, a traditional dress worn by Nepali girls and women. It is often worn during coming-of-age ceremonies and cultural celebrations.","दुई युवतीहरू परम्परागत चिनियाँ पोशाकमा लुगा लगाउँछन्। यो गुन्यो-चोलो हो, नेपाली केटी र महिलाहरूले लगाउने परम्परागत पोशाक। यो प्रायः वयस्कता समारोह र सांस्कृतिक उत्सवहरूमा लगाइन्छ।"
nepali_dresses_augmented/gunyo_cholo/47_aug8.jpg,"Two young girls dressed in traditional chinese costumes. This is the Gunyo-Cholo, a traditional dress worn by Nepali girls and women. It is often worn during coming-of-age ceremonies and cultural celebrations.","दुई युवतीहरू परम्परागत चिनियाँ पोशाकमा लुगा लगाउँछन्। यो गुन्यो-चोलो हो, नेपाली केटी र महिलाहरूले लगाउने परम्परागत पोशाक। यो प्रायः वयस्कता समारोह र सांस्कृतिक उत्सवहरूमा लगाइन्छ।"
nepali_dresses_augmented/gunyo_cholo/47_aug9.jpg,"Two young girls dressed in traditional chinese costumes. This is the Gunyo-Cholo, a traditional dress worn by Nepali girls and women. It is often worn during coming-of-age ceremonies and cultural celebrations.","दुई युवतीहरू परम्परागत चिनियाँ पोशाकमा लुगा लगाउँछन्। यो गुन्यो-चोलो हो, नेपाली केटी र महिलाहरूले लगाउने परम्परागत पोशाक। यो प्रायः वयस्कता समारोह र सांस्कृतिक उत्सवहरूमा लगाइन्छ।"
nepali_dresses_augmented/gunyo_cholo/4_aug1.jpg,"A little girl in a red and yellow dress. This is the Gunyo-Cholo, a traditional dress worn by Nepali girls and women. It is often worn during coming-of-age ceremonies and cultural celebrations.","रातो र पहेंलो पोशाकमा एक सानो केटी। यो गुन्यो-चोलो हो, एक परम्परागत पोशाक जुन नेपाली केटीहरू र महिलाहरूले लगाउँछन्। यो प्रायः वयस्कता समारोह र सांस्कृतिक उत्सवहरूमा लगाइन्छ।"
nepali_dresses_augmented/gunyo_cholo/4_aug10.jpg,"A little girl in a red and yellow dress. This is the Gunyo-Cholo, a traditional dress worn by Nepali girls and women. It is often worn during coming-of-age ceremonies and cultural celebrations.","रातो र पहेंलो पोशाकमा एक सानो केटी। यो गुन्यो-चोलो हो, एक परम्परागत पोशाक जुन नेपाली केटीहरू र महिलाहरूले लगाउँछन्। यो प्रायः वयस्कता समारोह र सांस्कृतिक उत्सवहरूमा लगाइन्छ।"
nepali_dresses_augmented/gunyo_cholo/4_aug2.jpg,"A little girl in a red and yellow dress. This is the Gunyo-Cholo, a traditional dress worn by Nepali girls and women. It is often worn during coming-of-age ceremonies and cultural celebrations.","रातो र पहेंलो पोशाकमा एक सानो केटी। यो गुन्यो-चोलो हो, एक परम्परागत पोशाक जुन नेपाली केटीहरू र महिलाहरूले लगाउँछन्। यो प्रायः वयस्कता समारोह र सांस्कृतिक उत्सवहरूमा लगाइन्छ।"
nepali_dresses_augmented/gunyo_cholo/4_aug3.jpg,"A little girl in a red and yellow dress. This is the Gunyo-Cholo, a traditional dress worn by Nepali girls and women. It is often worn during coming-of-age ceremonies and cultural celebrations.","रातो र पहेंलो पोशाकमा एक सानो केटी। यो गुन्यो-चोलो हो, एक परम्परागत पोशाक जुन नेपाली केटीहरू र महिलाहरूले लगाउँछन्। यो प्रायः वयस्कता समारोह र सांस्कृतिक उत्सवहरूमा लगाइन्छ।"
nepali_dresses_augmented/gunyo_cholo/4_aug4.jpg,"A little girl in a red and yellow dress. This is the Gunyo-Cholo, a traditional dress worn by Nepali girls and women. It is often worn during coming-of-age ceremonies and cultural celebrations.","रातो र पहेंलो पोशाकमा एक सानो केटी। यो गुन्यो-चोलो हो, एक परम्परागत पोशाक जुन नेपाली केटीहरू र महिलाहरूले लगाउँछन्। यो प्रायः वयस्कता समारोह र सांस्कृतिक उत्सवहरूमा लगाइन्छ।"
nepali_dresses_augmented/gunyo_cholo/4_aug5.jpg,"A little girl in a red and yellow dress. This is the Gunyo-Cholo, a traditional dress worn by Nepali girls and women. It is often worn during coming-of-age ceremonies and cultural celebrations.","रातो र पहेंलो पोशाकमा एक सानो केटी। यो गुन्यो-चोलो हो, एक परम्परागत पोशाक जुन नेपाली केटीहरू र महिलाहरूले लगाउँछन्। यो प्रायः वयस्कता समारोह र सांस्कृतिक उत्सवहरूमा लगाइन्छ।"
nepali_dresses_augmented/gunyo_cholo/4_aug6.jpg,"A little girl in a red and yellow dress. This is the Gunyo-Cholo, a traditional dress worn by Nepali girls and women. It is often worn during coming-of-age ceremonies and cultural celebrations.","रातो र पहेंलो पोशाकमा एक सानो केटी। यो गुन्यो-चोलो हो, एक परम्परागत पोशाक जुन नेपाली केटीहरू र महिलाहरूले लगाउँछन्। यो प्रायः वयस्कता समारोह र सांस्कृतिक उत्सवहरूमा लगाइन्छ।"
nepali_dresses_augmented/gunyo_cholo/4_aug7.jpg,"A little girl in a red and yellow dress. This is the Gunyo-Cholo, a traditional dress worn by Nepali girls and women. It is often worn during coming-of-age ceremonies and cultural celebrations.","रातो र पहेंलो पोशाकमा एक सानो केटी। यो गुन्यो-चोलो हो, एक परम्परागत पोशाक जुन नेपाली केटीहरू र महिलाहरूले लगाउँछन्। यो प्रायः वयस्कता समारोह र सांस्कृतिक उत्सवहरूमा लगाइन्छ।"
nepali_dresses_augmented/gunyo_cholo/4_aug8.jpg,"A little girl in a red and yellow dress. This is the Gunyo-Cholo, a traditional dress worn by Nepali girls and women. It is often worn during coming-of-age ceremonies and cultural celebrations.","रातो र पहेंलो पोशाकमा एक सानो केटी। यो गुन्यो-चोलो हो, एक परम्परागत पोशाक जुन नेपाली केटीहरू र महिलाहरूले लगाउँछन्। यो प्रायः वयस्कता समारोह र सांस्कृतिक उत्सवहरूमा लगाइन्छ।"
nepali_dresses_augmented/gunyo_cholo/4_aug9.jpg,"A little girl in a red and yellow dress. This is the Gunyo-Cholo, a traditional dress worn by Nepali girls and women. It is often worn during coming-of-age ceremonies and cultural celebrations.","रातो र पहेंलो पोशाकमा एक सानो केटी। यो गुन्यो-चोलो हो, एक परम्परागत पोशाक जुन नेपाली केटीहरू र महिलाहरूले लगाउँछन्। यो प्रायः वयस्कता समारोह र सांस्कृतिक उत्सवहरूमा लगाइन्छ।"
nepali_dresses_augmented/gunyo_cholo/5.jpg,"A woman in a yellow skirt and green top. This is the Gunyo-Cholo, a traditional dress worn by Nepali girls and women. It is often worn during coming-of-age ceremonies and cultural celebrations.","एक पहेंलो स्कर्ट र हरियो शीर्षमा एक महिला। यो गुन्यो-चोलो हो, एक परम्परागत पोशाक जुन नेपाली केटीहरू र महिलाहरूले लगाउँछन्। यो प्रायः वयस्कता समारोह र सांस्कृतिक उत्सवहरूमा लगाइन्छ।"
nepali_dresses_augmented/gunyo_cholo/5_aug1.jpg,"A woman in a yellow skirt and green top. This is the Gunyo-Cholo, a traditional dress worn by Nepali girls and women. It is often worn during coming-of-age ceremonies and cultural celebrations.","एक पहेंलो स्कर्ट र हरियो शीर्षमा एक महिला। यो गुन्यो-चोलो हो, एक परम्परागत पोशाक जुन नेपाली केटीहरू र महिलाहरूले लगाउँछन्। यो प्रायः वयस्कता समारोह र सांस्कृतिक उत्सवहरूमा लगाइन्छ।"
nepali_dresses_augmented/gunyo_cholo/5_aug10.jpg,"A woman in a yellow skirt and green top. This is the Gunyo-Cholo, a traditional dress worn by Nepali girls and women. It is often worn during coming-of-age ceremonies and cultural celebrations.","एक पहेंलो स्कर्ट र हरियो शीर्षमा एक महिला। यो गुन्यो-चोलो हो, एक परम्परागत पोशाक जुन नेपाली केटीहरू र महिलाहरूले लगाउँछन्। यो प्रायः वयस्कता समारोह र सांस्कृतिक उत्सवहरूमा लगाइन्छ।"
nepali_dresses_augmented/gunyo_cholo/5_aug2.jpg,"A woman in a yellow skirt and green top. This is the Gunyo-Cholo, a traditional dress worn by Nepali girls and women. It is often worn during coming-of-age ceremonies and cultural celebrations.","एक पहेंलो स्कर्ट र हरियो शीर्षमा एक महिला। यो गुन्यो-चोलो हो, एक परम्परागत पोशाक जुन नेपाली केटीहरू र महिलाहरूले लगाउँछन्। यो प्रायः वयस्कता समारोह र सांस्कृतिक उत्सवहरूमा लगाइन्छ।"
nepali_dresses_augmented/gunyo_cholo/5_aug3.jpg,"A woman in a yellow skirt and green top. This is the Gunyo-Cholo, a traditional dress worn by Nepali girls and women. It is often worn during coming-of-age ceremonies and cultural celebrations.","एक पहेंलो स्कर्ट र हरियो शीर्षमा एक महिला। यो गुन्यो-चोलो हो, एक परम्परागत पोशाक जुन नेपाली केटीहरू र महिलाहरूले लगाउँछन्। यो प्रायः वयस्कता समारोह र सांस्कृतिक उत्सवहरूमा लगाइन्छ।"
nepali_dresses_augmented/gunyo_cholo/5_aug4.jpg,"A woman in a yellow skirt and green top. This is the Gunyo-Cholo, a traditional dress worn by Nepali girls and women. It is often worn during coming-of-age ceremonies and cultural celebrations.","एक पहेंलो स्कर्ट र हरियो शीर्षमा एक महिला। यो गुन्यो-चोलो हो, एक परम्परागत पोशाक जुन नेपाली केटीहरू र महिलाहरूले लगाउँछन्। यो प्रायः वयस्कता समारोह र सांस्कृतिक उत्सवहरूमा लगाइन्छ।"
nepali_dresses_augmented/gunyo_cholo/5_aug5.jpg,"A woman in a yellow skirt and green top. This is the Gunyo-Cholo, a traditional dress worn by Nepali girls and women. It is often worn during coming-of-age ceremonies and cultural celebrations.","एक पहेंलो स्कर्ट र हरियो शीर्षमा एक महिला। यो गुन्यो-चोलो हो, एक परम्परागत पोशाक जुन नेपाली केटीहरू र महिलाहरूले लगाउँछन्। यो प्रायः वयस्कता समारोह र सांस्कृतिक उत्सवहरूमा लगाइन्छ।"
nepali_dresses_augmented/gunyo_cholo/5_aug6.jpg,"A woman in a yellow skirt and green top. This is the Gunyo-Cholo, a traditional dress worn by Nepali girls and women. It is often worn during coming-of-age ceremonies and cultural celebrations.","एक पहेंलो स्कर्ट र हरियो शीर्षमा एक महिला। यो गुन्यो-चोलो हो, एक परम्परागत पोशाक जुन नेपाली केटीहरू र महिलाहरूले लगाउँछन्। यो प्रायः वयस्कता समारोह र सांस्कृतिक उत्सवहरूमा लगाइन्छ।"
nepali_dresses_augmented/gunyo_cholo/5_aug7.jpg,"A woman in a yellow skirt and green top. This is the Gunyo-Cholo, a traditional dress worn by Nepali girls and women. It is often worn during coming-of-age ceremonies and cultural celebrations.","एक पहेंलो स्कर्ट र हरियो शीर्षमा एक महिला। यो गुन्यो-चोलो हो, एक परम्परागत पोशाक जुन नेपाली केटीहरू र महिलाहरूले लगाउँछन्। यो प्रायः वयस्कता समारोह र सांस्कृतिक उत्सवहरूमा लगाइन्छ।"
nepali_dresses_augmented/gunyo_cholo/5_aug8.jpg,"A woman in a yellow skirt and green top. This is the Gunyo-Cholo, a traditional dress worn by Nepali girls and women. It is often worn during coming-of-age ceremonies and cultural celebrations.","एक पहेंलो स्कर्ट र हरियो शीर्षमा एक महिला। यो गुन्यो-चोलो हो, एक परम्परागत पोशाक जुन नेपाली केटीहरू र महिलाहरूले लगाउँछन्। यो प्रायः वयस्कता समारोह र सांस्कृतिक उत्सवहरूमा लगाइन्छ।"
nepali_dresses_augmented/gunyo_cholo/5_aug9.jpg,"A woman in a yellow skirt and green top. This is the Gunyo-Cholo, a traditional dress worn by Nepali girls and women. It is often worn during coming-of-age ceremonies and cultural celebrations.","एक पहेंलो स्कर्ट र हरियो शीर्षमा एक महिला। यो गुन्यो-चोलो हो, एक परम्परागत पोशाक जुन नेपाली केटीहरू र महिलाहरूले लगाउँछन्। यो प्रायः वयस्कता समारोह र सांस्कृतिक उत्सवहरूमा लगाइन्छ।"
nepali_dresses_augmented/gunyo_cholo/6.jpg,"Two young girls dressed in traditional chinese costumes. This is the Gunyo-Cholo, a traditional dress worn by Nepali girls and women. It is often worn during coming-of-age ceremonies and cultural celebrations.","दुई युवतीहरू परम्परागत चिनियाँ पोशाकमा लुगा लगाउँछन्। यो गुन्यो-चोलो हो, नेपाली केटी र महिलाहरूले लगाउने परम्परागत पोशाक। यो प्रायः वयस्कता समारोह र सांस्कृतिक उत्सवहरूमा लगाइन्छ।"
nepali_dresses_augmented/gunyo_cholo/6_aug1.jpg,"Two young girls dressed in traditional chinese costumes. This is the Gunyo-Cholo, a traditional dress worn by Nepali girls and women. It is often worn during coming-of-age ceremonies and cultural celebrations.","दुई युवतीहरू परम्परागत चिनियाँ पोशाकमा लुगा लगाउँछन्। यो गुन्यो-चोलो हो, नेपाली केटी र महिलाहरूले लगाउने परम्परागत पोशाक। यो प्रायः वयस्कता समारोह र सांस्कृतिक उत्सवहरूमा लगाइन्छ।"
nepali_dresses_augmented/gunyo_cholo/6_aug10.jpg,"Two young girls dressed in traditional chinese costumes. This is the Gunyo-Cholo, a traditional dress worn by Nepali girls and women. It is often worn during coming-of-age ceremonies and cultural celebrations.","दुई युवतीहरू परम्परागत चिनियाँ पोशाकमा लुगा लगाउँछन्। यो गुन्यो-चोलो हो, नेपाली केटी र महिलाहरूले लगाउने परम्परागत पोशाक। यो प्रायः वयस्कता समारोह र सांस्कृतिक उत्सवहरूमा लगाइन्छ।"
nepali_dresses_augmented/gunyo_cholo/6_aug2.jpg,"Two young girls dressed in traditional chinese costumes. This is the Gunyo-Cholo, a traditional dress worn by Nepali girls and women. It is often worn during coming-of-age ceremonies and cultural celebrations.","दुई युवतीहरू परम्परागत चिनियाँ पोशाकमा लुगा लगाउँछन्। यो गुन्यो-चोलो हो, नेपाली केटी र महिलाहरूले लगाउने परम्परागत पोशाक। यो प्रायः वयस्कता समारोह र सांस्कृतिक उत्सवहरूमा लगाइन्छ।"
nepali_dresses_augmented/gunyo_cholo/6_aug3.jpg,"Two young girls dressed in traditional chinese costumes. This is the Gunyo-Cholo, a traditional dress worn by Nepali girls and women. It is often worn during coming-of-age ceremonies and cultural celebrations.","दुई युवतीहरू परम्परागत चिनियाँ पोशाकमा लुगा लगाउँछन्। यो गुन्यो-चोलो हो, नेपाली केटी र महिलाहरूले लगाउने परम्परागत पोशाक। यो प्रायः वयस्कता समारोह र सांस्कृतिक उत्सवहरूमा लगाइन्छ।"
nepali_dresses_augmented/gunyo_cholo/6_aug4.jpg,"Two young girls dressed in traditional chinese costumes. This is the Gunyo-Cholo, a traditional dress worn by Nepali girls and women. It is often worn during coming-of-age ceremonies and cultural celebrations.","दुई युवतीहरू परम्परागत चिनियाँ पोशाकमा लुगा लगाउँछन्। यो गुन्यो-चोलो हो, नेपाली केटी र महिलाहरूले लगाउने परम्परागत पोशाक। यो प्रायः वयस्कता समारोह र सांस्कृतिक उत्सवहरूमा लगाइन्छ।"
nepali_dresses_augmented/gunyo_cholo/6_aug5.jpg,"Two young girls dressed in traditional chinese costumes. This is the Gunyo-Cholo, a traditional dress worn by Nepali girls and women. It is often worn during coming-of-age ceremonies and cultural celebrations.","दुई युवतीहरू परम्परागत चिनियाँ पोशाकमा लुगा लगाउँछन्। यो गुन्यो-चोलो हो, नेपाली केटी र महिलाहरूले लगाउने परम्परागत पोशाक। यो प्रायः वयस्कता समारोह र सांस्कृतिक उत्सवहरूमा लगाइन्छ।"
nepali_dresses_augmented/gunyo_cholo/6_aug6.jpg,"Two young girls dressed in traditional chinese costumes. This is the Gunyo-Cholo, a traditional dress worn by Nepali girls and women. It is often worn during coming-of-age ceremonies and cultural celebrations.","दुई युवतीहरू परम्परागत चिनियाँ पोशाकमा लुगा लगाउँछन्। यो गुन्यो-चोलो हो, नेपाली केटी र महिलाहरूले लगाउने परम्परागत पोशाक। यो प्रायः वयस्कता समारोह र सांस्कृतिक उत्सवहरूमा लगाइन्छ।"
nepali_dresses_augmented/gunyo_cholo/6_aug7.jpg,"Two young girls dressed in traditional chinese costumes. This is the Gunyo-Cholo, a traditional dress worn by Nepali girls and women. It is often worn during coming-of-age ceremonies and cultural celebrations.","दुई युवतीहरू परम्परागत चिनियाँ पोशाकमा लुगा लगाउँछन्। यो गुन्यो-चोलो हो, नेपाली केटी र महिलाहरूले लगाउने परम्परागत पोशाक। यो प्रायः वयस्कता समारोह र सांस्कृतिक उत्सवहरूमा लगाइन्छ।"
nepali_dresses_augmented/gunyo_cholo/6_aug8.jpg,"Two young girls dressed in traditional chinese costumes. This is the Gunyo-Cholo, a traditional dress worn by Nepali girls and women. It is often worn during coming-of-age ceremonies and cultural celebrations.","दुई युवतीहरू परम्परागत चिनियाँ पोशाकमा लुगा लगाउँछन्। यो गुन्यो-चोलो हो, नेपाली केटी र महिलाहरूले लगाउने परम्परागत पोशाक। यो प्रायः वयस्कता समारोह र सांस्कृतिक उत्सवहरूमा लगाइन्छ।"
nepali_dresses_augmented/gunyo_cholo/6_aug9.jpg,"Two young girls dressed in traditional chinese costumes. This is the Gunyo-Cholo, a traditional dress worn by Nepali girls and women. It is often worn during coming-of-age ceremonies and cultural celebrations.","दुई युवतीहरू परम्परागत चिनियाँ पोशाकमा लुगा लगाउँछन्। यो गुन्यो-चोलो हो, नेपाली केटी र महिलाहरूले लगाउने परम्परागत पोशाक। यो प्रायः वयस्कता समारोह र सांस्कृतिक उत्सवहरूमा लगाइन्छ।"
nepali_dresses_augmented/gunyo_cholo/7.jpg,"A red and yellow outfit with matching shoes. This is the Gunyo-Cholo, a traditional dress worn by Nepali girls and women. It is often worn during coming-of-age ceremonies and cultural celebrations.","एक रातो र पहेंलो पोशाक जुन जुत्तासँग मेल खान्छ। यो गुन्यो-चोलो हो, एक परम्परागत पोशाक जुन नेपाली केटीहरू र महिलाहरूले लगाउँछन्। यो प्रायः वयस्कता समारोह र सांस्कृतिक उत्सवहरूमा लगाइन्छ।"
nepali_dresses_augmented/gunyo_cholo/7_aug1.jpg,"A red and yellow outfit with matching shoes. This is the Gunyo-Cholo, a traditional dress worn by Nepali girls and women. It is often worn during coming-of-age ceremonies and cultural celebrations.","एक रातो र पहेंलो पोशाक जुन जुत्तासँग मेल खान्छ। यो गुन्यो-चोलो हो, एक परम्परागत पोशाक जुन नेपाली केटीहरू र महिलाहरूले लगाउँछन्। यो प्रायः वयस्कता समारोह र सांस्कृतिक उत्सवहरूमा लगाइन्छ।"
nepali_dresses_augmented/gunyo_cholo/7_aug10.jpg,"A red and yellow outfit with matching shoes. This is the Gunyo-Cholo, a traditional dress worn by Nepali girls and women. It is often worn during coming-of-age ceremonies and cultural celebrations.","एक रातो र पहेंलो पोशाक जुन जुत्तासँग मेल खान्छ। यो गुन्यो-चोलो हो, एक परम्परागत पोशाक जुन नेपाली केटीहरू र महिलाहरूले लगाउँछन्। यो प्रायः वयस्कता समारोह र सांस्कृतिक उत्सवहरूमा लगाइन्छ।"
nepali_dresses_augmented/gunyo_cholo/7_aug2.jpg,"A red and yellow outfit with matching shoes. This is the Gunyo-Cholo, a traditional dress worn by Nepali girls and women. It is often worn during coming-of-age ceremonies and cultural celebrations.","एक रातो र पहेंलो पोशाक जुन जुत्तासँग मेल खान्छ। यो गुन्यो-चोलो हो, एक परम्परागत पोशाक जुन नेपाली केटीहरू र महिलाहरूले लगाउँछन्। यो प्रायः वयस्कता समारोह र सांस्कृतिक उत्सवहरूमा लगाइन्छ।"
nepali_dresses_augmented/gunyo_cholo/7_aug3.jpg,"A red and yellow outfit with matching shoes. This is the Gunyo-Cholo, a traditional dress worn by Nepali girls and women. It is often worn during coming-of-age ceremonies and cultural celebrations.","एक रातो र पहेंलो पोशाक जुन जुत्तासँग मेल खान्छ। यो गुन्यो-चोलो हो, एक परम्परागत पोशाक जुन नेपाली केटीहरू र महिलाहरूले लगाउँछन्। यो प्रायः वयस्कता समारोह र सांस्कृतिक उत्सवहरूमा लगाइन्छ।"
nepali_dresses_augmented/gunyo_cholo/7_aug4.jpg,"A red and yellow outfit with matching shoes. This is the Gunyo-Cholo, a traditional dress worn by Nepali girls and women. It is often worn during coming-of-age ceremonies and cultural celebrations.","एक रातो र पहेंलो पोशाक जुन जुत्तासँग मेल खान्छ। यो गुन्यो-चोलो हो, एक परम्परागत पोशाक जुन नेपाली केटीहरू र महिलाहरूले लगाउँछन्। यो प्रायः वयस्कता समारोह र सांस्कृतिक उत्सवहरूमा लगाइन्छ।"
nepali_dresses_augmented/gunyo_cholo/7_aug5.jpg,"A red and yellow outfit with matching shoes. This is the Gunyo-Cholo, a traditional dress worn by Nepali girls and women. It is often worn during coming-of-age ceremonies and cultural celebrations.","एक रातो र पहेंलो पोशाक जुन जुत्तासँग मेल खान्छ। यो गुन्यो-चोलो हो, एक परम्परागत पोशाक जुन नेपाली केटीहरू र महिलाहरूले लगाउँछन्। यो प्रायः वयस्कता समारोह र सांस्कृतिक उत्सवहरूमा लगाइन्छ।"
nepali_dresses_augmented/gunyo_cholo/7_aug6.jpg,"A red and yellow outfit with matching shoes. This is the Gunyo-Cholo, a traditional dress worn by Nepali girls and women. It is often worn during coming-of-age ceremonies and cultural celebrations.","एक रातो र पहेंलो पोशाक जुन जुत्तासँग मेल खान्छ। यो गुन्यो-चोलो हो, एक परम्परागत पोशाक जुन नेपाली केटीहरू र महिलाहरूले लगाउँछन्। यो प्रायः वयस्कता समारोह र सांस्कृतिक उत्सवहरूमा लगाइन्छ।"
nepali_dresses_augmented/gunyo_cholo/7_aug7.jpg,"A red and yellow outfit with matching shoes. This is the Gunyo-Cholo, a traditional dress worn by Nepali girls and women. It is often worn during coming-of-age ceremonies and cultural celebrations.","एक रातो र पहेंलो पोशाक जुन जुत्तासँग मेल खान्छ। यो गुन्यो-चोलो हो, एक परम्परागत पोशाक जुन नेपाली केटीहरू र महिलाहरूले लगाउँछन्। यो प्रायः वयस्कता समारोह र सांस्कृतिक उत्सवहरूमा लगाइन्छ।"
nepali_dresses_augmented/gunyo_cholo/7_aug8.jpg,"A red and yellow outfit with matching shoes. This is the Gunyo-Cholo, a traditional dress worn by Nepali girls and women. It is often worn during coming-of-age ceremonies and cultural celebrations.","एक रातो र पहेंलो पोशाक जुन जुत्तासँग मेल खान्छ। यो गुन्यो-चोलो हो, एक परम्परागत पोशाक जुन नेपाली केटीहरू र महिलाहरूले लगाउँछन्। यो प्रायः वयस्कता समारोह र सांस्कृतिक उत्सवहरूमा लगाइन्छ।"
nepali_dresses_augmented/gunyo_cholo/7_aug9.jpg,"A red and yellow outfit with matching shoes. This is the Gunyo-Cholo, a traditional dress worn by Nepali girls and women. It is often worn during coming-of-age ceremonies and cultural celebrations.","एक रातो र पहेंलो पोशाक जुन जुत्तासँग मेल खान्छ। यो गुन्यो-चोलो हो, एक परम्परागत पोशाक जुन नेपाली केटीहरू र महिलाहरूले लगाउँछन्। यो प्रायः वयस्कता समारोह र सांस्कृतिक उत्सवहरूमा लगाइन्छ।"
nepali_dresses_augmented/gunyo_cholo/8.jpg,"A woman wearing a green jacket and yellow skirt. This is the Gunyo-Cholo, a traditional dress worn by Nepali girls and women. It is often worn during coming-of-age ceremonies and cultural celebrations.","एक महिलाले हरियो ज्याकेट र पहेंलो स्कर्ट लगाउँछिन्। यो गुन्यो-चोलो हो, नेपाली केटी र महिलाहरूले लगाउने परम्परागत पोशाक। यो प्रायः वयस्कता समारोह र सांस्कृतिक उत्सवहरूमा लगाइन्छ।"
nepali_dresses_augmented/gunyo_cholo/8_aug1.jpg,"A woman wearing a green jacket and yellow skirt. This is the Gunyo-Cholo, a traditional dress worn by Nepali girls and women. It is often worn during coming-of-age ceremonies and cultural celebrations.","एक महिलाले हरियो ज्याकेट र पहेंलो स्कर्ट लगाउँछिन्। यो गुन्यो-चोलो हो, नेपाली केटी र महिलाहरूले लगाउने परम्परागत पोशाक। यो प्रायः वयस्कता समारोह र सांस्कृतिक उत्सवहरूमा लगाइन्छ।"
nepali_dresses_augmented/gunyo_cholo/8_aug10.jpg,"A woman wearing a green jacket and yellow skirt. This is the Gunyo-Cholo, a traditional dress worn by Nepali girls and women. It is often worn during coming-of-age ceremonies and cultural celebrations.","एक महिलाले हरियो ज्याकेट र पहेंलो स्कर्ट लगाउँछिन्। यो गुन्यो-चोलो हो, नेपाली केटी र महिलाहरूले लगाउने परम्परागत पोशाक। यो प्रायः वयस्कता समारोह र सांस्कृतिक उत्सवहरूमा लगाइन्छ।"
nepali_dresses_augmented/gunyo_cholo/8_aug2.jpg,"A woman wearing a green jacket and yellow skirt. This is the Gunyo-Cholo, a traditional dress worn by Nepali girls and women. It is often worn during coming-of-age ceremonies and cultural celebrations.","एक महिलाले हरियो ज्याकेट र पहेंलो स्कर्ट लगाउँछिन्। यो गुन्यो-चोलो हो, नेपाली केटी र महिलाहरूले लगाउने परम्परागत पोशाक। यो प्रायः वयस्कता समारोह र सांस्कृतिक उत्सवहरूमा लगाइन्छ।"
nepali_dresses_augmented/gunyo_cholo/8_aug3.jpg,"A woman wearing a green jacket and yellow skirt. This is the Gunyo-Cholo, a traditional dress worn by Nepali girls and women. It is often worn during coming-of-age ceremonies and cultural celebrations.","एक महिलाले हरियो ज्याकेट र पहेंलो स्कर्ट लगाउँछिन्। यो गुन्यो-चोलो हो, नेपाली केटी र महिलाहरूले लगाउने परम्परागत पोशाक। यो प्रायः वयस्कता समारोह र सांस्कृतिक उत्सवहरूमा लगाइन्छ।"
nepali_dresses_augmented/gunyo_cholo/8_aug4.jpg,"A woman wearing a green jacket and yellow skirt. This is the Gunyo-Cholo, a traditional dress worn by Nepali girls and women. It is often worn during coming-of-age ceremonies and cultural celebrations.","एक महिलाले हरियो ज्याकेट र पहेंलो स्कर्ट लगाउँछिन्। यो गुन्यो-चोलो हो, नेपाली केटी र महिलाहरूले लगाउने परम्परागत पोशाक। यो प्रायः वयस्कता समारोह र सांस्कृतिक उत्सवहरूमा लगाइन्छ।"
nepali_dresses_augmented/gunyo_cholo/8_aug5.jpg,"A woman wearing a green jacket and yellow skirt. This is the Gunyo-Cholo, a traditional dress worn by Nepali girls and women. It is often worn during coming-of-age ceremonies and cultural celebrations.","एक महिलाले हरियो ज्याकेट र पहेंलो स्कर्ट लगाउँछिन्। यो गुन्यो-चोलो हो, नेपाली केटी र महिलाहरूले लगाउने परम्परागत पोशाक। यो प्रायः वयस्कता समारोह र सांस्कृतिक उत्सवहरूमा लगाइन्छ।"
nepali_dresses_augmented/gunyo_cholo/8_aug6.jpg,"A woman wearing a green jacket and yellow skirt. This is the Gunyo-Cholo, a traditional dress worn by Nepali girls and women. It is often worn during coming-of-age ceremonies and cultural celebrations.","एक महिलाले हरियो ज्याकेट र पहेंलो स्कर्ट लगाउँछिन्। यो गुन्यो-चोलो हो, नेपाली केटी र महिलाहरूले लगाउने परम्परागत पोशाक। यो प्रायः वयस्कता समारोह र सांस्कृतिक उत्सवहरूमा लगाइन्छ।"
nepali_dresses_augmented/gunyo_cholo/8_aug7.jpg,"A woman wearing a green jacket and yellow skirt. This is the Gunyo-Cholo, a traditional dress worn by Nepali girls and women. It is often worn during coming-of-age ceremonies and cultural celebrations.","एक महिलाले हरियो ज्याकेट र पहेंलो स्कर्ट लगाउँछिन्। यो गुन्यो-चोलो हो, नेपाली केटी र महिलाहरूले लगाउने परम्परागत पोशाक। यो प्रायः वयस्कता समारोह र सांस्कृतिक उत्सवहरूमा लगाइन्छ।"
nepali_dresses_augmented/gunyo_cholo/8_aug8.jpg,"A woman wearing a green jacket and yellow skirt. This is the Gunyo-Cholo, a traditional dress worn by Nepali girls and women. It is often worn during coming-of-age ceremonies and cultural celebrations.","एक महिलाले हरियो ज्याकेट र पहेंलो स्कर्ट लगाउँछिन्। यो गुन्यो-चोलो हो, नेपाली केटी र महिलाहरूले लगाउने परम्परागत पोशाक। यो प्रायः वयस्कता समारोह र सांस्कृतिक उत्सवहरूमा लगाइन्छ।"
nepali_dresses_augmented/gunyo_cholo/8_aug9.jpg,"A woman wearing a green jacket and yellow skirt. This is the Gunyo-Cholo, a traditional dress worn by Nepali girls and women. It is often worn during coming-of-age ceremonies and cultural celebrations.","एक महिलाले हरियो ज्याकेट र पहेंलो स्कर्ट लगाउँछिन्। यो गुन्यो-चोलो हो, नेपाली केटी र महिलाहरूले लगाउने परम्परागत पोशाक। यो प्रायः वयस्कता समारोह र सांस्कृतिक उत्सवहरूमा लगाइन्छ।"
nepali_dresses_augmented/gunyo_cholo/9.jpg,"A man and woman are dressed in different outfits. This is the Gunyo-Cholo, a traditional dress worn by Nepali girls and women. It is often worn during coming-of-age ceremonies and cultural celebrations.","एक पुरुष र एक महिलाले विभिन्न पोशाकमा लुगा लगाउँछन्। यो गुन्यो-चोलो हो, एक परम्परागत पोशाक जुन नेपाली केटी र महिलाहरूले लगाउँछन्। यो प्रायः वयस्कता समारोह र सांस्कृतिक उत्सवहरूमा लगाइन्छ।"
nepali_dresses_augmented/gunyo_cholo/9_aug1.jpg,"A man and woman are dressed in different outfits. This is the Gunyo-Cholo, a traditional dress worn by Nepali girls and women. It is often worn during coming-of-age ceremonies and cultural celebrations.","एक पुरुष र एक महिलाले विभिन्न पोशाकमा लुगा लगाउँछन्। यो गुन्यो-चोलो हो, एक परम्परागत पोशाक जुन नेपाली केटी र महिलाहरूले लगाउँछन्। यो प्रायः वयस्कता समारोह र सांस्कृतिक उत्सवहरूमा लगाइन्छ।"
nepali_dresses_augmented/gunyo_cholo/9_aug10.jpg,"A man and woman are dressed in different outfits. This is the Gunyo-Cholo, a traditional dress worn by Nepali girls and women. It is often worn during coming-of-age ceremonies and cultural celebrations.","एक पुरुष र एक महिलाले विभिन्न पोशाकमा लुगा लगाउँछन्। यो गुन्यो-चोलो हो, एक परम्परागत पोशाक जुन नेपाली केटी र महिलाहरूले लगाउँछन्। यो प्रायः वयस्कता समारोह र सांस्कृतिक उत्सवहरूमा लगाइन्छ।"
nepali_dresses_augmented/gunyo_cholo/9_aug2.jpg,"A man and woman are dressed in different outfits. This is the Gunyo-Cholo, a traditional dress worn by Nepali girls and women. It is often worn during coming-of-age ceremonies and cultural celebrations.","एक पुरुष र एक महिलाले विभिन्न पोशाकमा लुगा लगाउँछन्। यो गुन्यो-चोलो हो, एक परम्परागत पोशाक जुन नेपाली केटी र महिलाहरूले लगाउँछन्। यो प्रायः वयस्कता समारोह र सांस्कृतिक उत्सवहरूमा लगाइन्छ।"
nepali_dresses_augmented/gunyo_cholo/9_aug3.jpg,"A man and woman are dressed in different outfits. This is the Gunyo-Cholo, a traditional dress worn by Nepali girls and women. It is often worn during coming-of-age ceremonies and cultural celebrations.","एक पुरुष र एक महिलाले विभिन्न पोशाकमा लुगा लगाउँछन्। यो गुन्यो-चोलो हो, एक परम्परागत पोशाक जुन नेपाली केटी र महिलाहरूले लगाउँछन्। यो प्रायः वयस्कता समारोह र सांस्कृतिक उत्सवहरूमा लगाइन्छ।"
nepali_dresses_augmented/gunyo_cholo/9_aug4.jpg,"A man and woman are dressed in different outfits. This is the Gunyo-Cholo, a traditional dress worn by Nepali girls and women. It is often worn during coming-of-age ceremonies and cultural celebrations.","एक पुरुष र एक महिलाले विभिन्न पोशाकमा लुगा लगाउँछन्। यो गुन्यो-चोलो हो, एक परम्परागत पोशाक जुन नेपाली केटी र महिलाहरूले लगाउँछन्। यो प्रायः वयस्कता समारोह र सांस्कृतिक उत्सवहरूमा लगाइन्छ।"
nepali_dresses_augmented/gunyo_cholo/9_aug5.jpg,"A man and woman are dressed in different outfits. This is the Gunyo-Cholo, a traditional dress worn by Nepali girls and women. It is often worn during coming-of-age ceremonies and cultural celebrations.","एक पुरुष र एक महिलाले विभिन्न पोशाकमा लुगा लगाउँछन्। यो गुन्यो-चोलो हो, एक परम्परागत पोशाक जुन नेपाली केटी र महिलाहरूले लगाउँछन्। यो प्रायः वयस्कता समारोह र सांस्कृतिक उत्सवहरूमा लगाइन्छ।"
nepali_dresses_augmented/gunyo_cholo/9_aug6.jpg,"A man and woman are dressed in different outfits. This is the Gunyo-Cholo, a traditional dress worn by Nepali girls and women. It is often worn during coming-of-age ceremonies and cultural celebrations.","एक पुरुष र एक महिलाले विभिन्न पोशाकमा लुगा लगाउँछन्। यो गुन्यो-चोलो हो, एक परम्परागत पोशाक जुन नेपाली केटी र महिलाहरूले लगाउँछन्। यो प्रायः वयस्कता समारोह र सांस्कृतिक उत्सवहरूमा लगाइन्छ।"
nepali_dresses_augmented/gunyo_cholo/9_aug7.jpg,"A man and woman are dressed in different outfits. This is the Gunyo-Cholo, a traditional dress worn by Nepali girls and women. It is often worn during coming-of-age ceremonies and cultural celebrations.","एक पुरुष र एक महिलाले विभिन्न पोशाकमा लुगा लगाउँछन्। यो गुन्यो-चोलो हो, एक परम्परागत पोशाक जुन नेपाली केटी र महिलाहरूले लगाउँछन्। यो प्रायः वयस्कता समारोह र सांस्कृतिक उत्सवहरूमा लगाइन्छ।"
nepali_dresses_augmented/gunyo_cholo/9_aug8.jpg,"A man and woman are dressed in different outfits. This is the Gunyo-Cholo, a traditional dress worn by Nepali girls and women. It is often worn during coming-of-age ceremonies and cultural celebrations.","एक पुरुष र एक महिलाले विभिन्न पोशाकमा लुगा लगाउँछन्। यो गुन्यो-चोलो हो, एक परम्परागत पोशाक जुन नेपाली केटी र महिलाहरूले लगाउँछन्। यो प्रायः वयस्कता समारोह र सांस्कृतिक उत्सवहरूमा लगाइन्छ।"
nepali_dresses_augmented/gunyo_cholo/9_aug9.jpg,"A man and woman are dressed in different outfits. This is the Gunyo-Cholo, a traditional dress worn by Nepali girls and women. It is often worn during coming-of-age ceremonies and cultural celebrations.","एक पुरुष र एक महिलाले विभिन्न पोशाकमा लुगा लगाउँछन्। यो गुन्यो-चोलो हो, एक परम्परागत पोशाक जुन नेपाली केटी र महिलाहरूले लगाउँछन्। यो प्रायः वयस्कता समारोह र सांस्कृतिक उत्सवहरूमा लगाइन्छ।"
