image_path,caption_en,caption_ne
nepali_dresses_augmented/gurung_dress/1.jpg,"A woman in a red and black sari. This is the Gurung dress, the traditional attire of the Gurung (Tamu) community of Nepal. It is worn during festivals such as Tamu Lhosar and other community gatherings.","एक महिला रातो र कालो साड़ीमा। यो गुरुङ पोशाक हो, नेपालको गुरुङ (तमु) समुदायको परम्परागत पोशाक हो। यो तामु लोसर र अन्य सामुदायिक भेलाहरूमा लगाइन्छ।"
nepali_dresses_augmented/gurung_dress/10.jpg,"A group of young girls wearing traditional costumes and headdres in the streets of london, england - stock. This is the Gurung dress, the traditional attire of the Gurung (Tamu) community of Nepal. It is worn during festivals such as Tamu Lhosar and other community gatherings.","लन्डन, इङ्गल्याण्डको सडकमा परम्परागत पोशाक र हेड्रेस लगाउने युवतीहरूको समूह। यो गुरुङ पोशाक हो, नेपालको गुरुङ (तमु) समुदायको परम्परागत पोशाक हो। यो तमु लोसर र अन्य सामुदायिक भेलाहरूमा लगाइन्छ।"
nepali_dresses_augmented/gurung_dress/100.jpg,"A woman in a colorful dress is dancing. This is the Gurung dress, the traditional attire of the Gurung (Tamu) community of Nepal. It is worn during festivals such as Tamu Lhosar and other community gatherings.","एक महिला रंगीन पोशाकमा नाच्दैछिन्। यो गुरुङ पोशाक हो, नेपालको गुरुङ (तमु) समुदायको परम्परागत पोशाक हो। यो तामु लोसर र अन्य सामुदायिक भेलाहरूमा लगाइन्छ।"
nepali_dresses_augmented/gurung_dress/100_aug1.jpg,"A woman in a colorful dress is dancing. This is the Gurung dress, the traditional attire of the Gurung (Tamu) community of Nepal. It is worn during festivals such as Tamu Lhosar and other community gatherings.","एक महिला रंगीन पोशाकमा नाच्दैछिन्। यो गुरुङ पोशाक हो, नेपालको गुरुङ (तमु) समुदायको परम्परागत पोशाक हो। यो तामु लोसर र अन्य सामुदायिक भेलाहरूमा लगाइन्छ।"
nepali_dresses_augmented/gurung_dress/100_aug2.jpg,"A woman in a colorful dress is dancing. This is the Gurung dress, the traditional attire of the Gurung (Tamu) community of Nepal. It is worn during festivals such as Tamu Lhosar and other community gatherings.","एक महिला रंगीन पोशाकमा नाच्दैछिन्। यो गुरुङ पोशाक हो, नेपालको गुरुङ (तमु) समुदायको परम्परागत पोशाक हो। यो तामु लोसर र अन्य सामुदायिक भेलाहरूमा लगाइन्छ।"
nepali_dresses_augmented/gurung_dress/101.jpg,"A group of women in traditional dress dance during the festival. This is the Gurung dress, the traditional attire of the Gurung (Tamu) community of Nepal. It is worn during festivals such as Tamu Lhosar and other community gatherings.","महोत्सवको समयमा परम्परागत पोशाक नृत्यमा महिलाहरूको समूह। यो गुरुङ पोशाक हो, नेपालको गुरुङ (तमु) समुदायको परम्परागत पोशाक हो। यो तामु लोसार जस्ता महोत्सवहरू र अन्य सामुदायिक भेलाहरूमा लगाइन्छ।"
nepali_dresses_augmented/gurung_dress/101_aug1.jpg,"A group of women in traditional dress dance during the festival. This is the Gurung dress, the traditional attire of the Gurung (Tamu) community of Nepal. It is worn during festivals such as Tamu Lhosar and other community gatherings.","महोत्सवको समयमा परम्परागत पोशाक नृत्यमा महिलाहरूको समूह। यो गुरुङ पोशाक हो, नेपालको गुरुङ (तमु) समुदायको परम्परागत पोशाक हो। यो तामु लोसार जस्ता महोत्सवहरू र अन्य सामुदायिक भेलाहरूमा लगाइन्छ।"
nepali_dresses_augmented/gurung_dress/101_aug2.jpg,"A group of women in traditional dress dance during the festival. This is the Gurung dress, the traditional attire of the Gurung (Tamu) community of Nepal. It is worn during festivals such as Tamu Lhosar and other community gatherings.","महोत्सवको समयमा परम्परागत पोशाक नृत्यमा महिलाहरूको समूह। यो गुरुङ पोशाक हो, नेपालको गुरुङ (तमु) समुदायको परम्परागत पोशाक हो। यो तामु लोसार जस्ता महोत्सवहरू र अन्य सामुदायिक भेलाहरूमा लगाइन्छ।"
nepali_dresses_augmented/gurung_dress/102.jpg,"A woman sitting on the ground in front of a building. This is the Gurung dress, the traditional attire of the Gurung (Tamu) community of Nepal. It is worn during festivals such as Tamu Lhosar and other community gatherings.","एक महिला एक भवनको अगाडि भुइँमा बसिरहेको छ। यो गुरुङ पोशाक हो, नेपालको गुरुङ (तमु) समुदायको परम्परागत पोशाक हो। यो तमु लोसर जस्ता चाडपर्वहरू र अन्य सामुदायिक भेलाहरूमा लगाइन्छ।"
nepali_dresses_augmented/gurung_dress/102_aug1.jpg,"A woman sitting on the ground in front of a building. This is the Gurung dress, the traditional attire of the Gurung (Tamu) community of Nepal. It is worn during festivals such as Tamu Lhosar and other community gatherings.","एक महिला एक भवनको अगाडि भुइँमा बसिरहेको छ। यो गुरुङ पोशाक हो, नेपालको गुरुङ (तमु) समुदायको परम्परागत पोशाक हो। यो तमु लोसर जस्ता चाडपर्वहरू र अन्य सामुदायिक भेलाहरूमा लगाइन्छ।"
nepali_dresses_augmented/gurung_dress/102_aug2.jpg,"A woman sitting on the ground in front of a building. This is the Gurung dress, the traditional attire of the Gurung (Tamu) community of Nepal. It is worn during festivals such as Tamu Lhosar and other community gatherings.","एक महिला एक भवनको अगाडि भुइँमा बसिरहेको छ। यो गुरुङ पोशाक हो, नेपालको गुरुङ (तमु) समुदायको परम्परागत पोशाक हो। यो तमु लोसर जस्ता चाडपर्वहरू र अन्य सामुदायिक भेलाहरूमा लगाइन्छ।"
nepali_dresses_augmented/gurung_dress/103.jpg,"A woman in a red and black outfit. This is the Gurung dress, the traditional attire of the Gurung (Tamu) community of Nepal. It is worn during festivals such as Tamu Lhosar and other community gatherings.","एक महिला रातो र कालो पोशाकमा। यो गुरुङ पोशाक हो, नेपालको गुरुङ (तमु) समुदायको परम्परागत पोशाक हो। यो तामु लोसर र अन्य सामुदायिक भेलाहरूमा लगाइन्छ।"
nepali_dresses_augmented/gurung_dress/103_aug1.jpg,"A woman in a red and black outfit. This is the Gurung dress, the traditional attire of the Gurung (Tamu) community of Nepal. It is worn during festivals such as Tamu Lhosar and other community gatherings.","एक महिला रातो र कालो पोशाकमा। यो गुरुङ पोशाक हो, नेपालको गुरुङ (तमु) समुदायको परम्परागत पोशाक हो। यो तामु लोसर र अन्य सामुदायिक भेलाहरूमा लगाइन्छ।"
nepali_dresses_augmented/gurung_dress/103_aug2.jpg,"A woman in a red and black outfit. This is the Gurung dress, the traditional attire of the Gurung (Tamu) community of Nepal. It is worn during festivals such as Tamu Lhosar and other community gatherings.","एक महिला रातो र कालो पोशाकमा। यो गुरुङ पोशाक हो, नेपालको गुरुङ (तमु) समुदायको परम्परागत पोशाक हो। यो तामु लोसर र अन्य सामुदायिक भेलाहरूमा लगाइन्छ।"
nepali_dresses_augmented/gurung_dress/104.jpg,"A group of young girls in traditional dress. This is the Gurung dress, the traditional attire of the Gurung (Tamu) community of Nepal. It is worn during festivals such as Tamu Lhosar and other community gatherings.","परम्परागत पोशाकमा युवा युवतीहरूको समूह। यो गुरुङ पोशाक हो, नेपालको गुरुङ (तमु) समुदायको परम्परागत पोशाक हो। यो तामु लोसार जस्ता चाडपर्वहरू र अन्य सामुदायिक भेलाहरूमा लगाइन्छ।"
nepali_dresses_augmented/gurung_dress/104_aug1.jpg,"A group of young girls in traditional dress. This is the Gurung dress, the traditional attire of the Gurung (Tamu) community of Nepal. It is worn during festivals such as Tamu Lhosar and other community gatherings.","परम्परागत पोशाकमा युवा युवतीहरूको समूह। यो गुरुङ पोशाक हो, नेपालको गुरुङ (तमु) समुदायको परम्परागत पोशाक हो। यो तामु लोसार जस्ता चाडपर्वहरू र अन्य सामुदायिक भेलाहरूमा लगाइन्छ।"
nepali_dresses_augmented/gurung_dress/104_aug2.jpg,"A group of young girls in traditional dress. This is the Gurung dress, the traditional attire of the Gurung (Tamu) community of Nepal. It is worn during festivals such as Tamu Lhosar and other community gatherings.","परम्परागत पोशाकमा युवा युवतीहरूको समूह। यो गुरुङ पोशाक हो, नेपालको गुरुङ (तमु) समुदायको परम्परागत पोशाक हो। यो तामु लोसार जस्ता चाडपर्वहरू र अन्य सामुदायिक भेलाहरूमा लगाइन्छ।"
nepali_dresses_augmented/gurung_dress/105.jpg,"A man and woman in traditional clothing. This is the Gurung dress, the traditional attire of the Gurung (Tamu) community of Nepal. It is worn during festivals such as Tamu Lhosar and other community gatherings.","परम्परागत कपडामा एक पुरुष र महिला। यो गुरुङ पोशाक हो, नेपालको गुरुङ (तमु) समुदायको परम्परागत पोशाक हो। यो तामु लोसर जस्ता चाडपर्व र अन्य सामुदायिक भेलाहरूमा लगाइन्छ।"
nepali_dresses_augmented/gurung_dress/105_aug1.jpg,"A man and woman in traditional clothing. This is the Gurung dress, the traditional attire of the Gurung (Tamu) community of Nepal. It is worn during festivals such as Tamu Lhosar and other community gatherings.","परम्परागत कपडामा एक पुरुष र महिला। यो गुरुङ पोशाक हो, नेपालको गुरुङ (तमु) समुदायको परम्परागत पोशाक हो। यो तामु लोसर जस्ता चाडपर्व र अन्य सामुदायिक भेलाहरूमा लगाइन्छ।"
nepali_dresses_augmented/gurung_dress/105_aug2.jpg,"A man and woman in traditional clothing. This is the Gurung dress, the traditional attire of the Gurung (Tamu) community of Nepal. It is worn during festivals such as Tamu Lhosar and other community gatherings.","परम्परागत कपडामा एक पुरुष र महिला। यो गुरुङ पोशाक हो, नेपालको गुरुङ (तमु) समुदायको परम्परागत पोशाक हो। यो तामु लोसर जस्ता चाडपर्व र अन्य सामुदायिक भेलाहरूमा लगाइन्छ।"
nepali_dresses_augmented/gurung_dress/106.jpg,"Two women wearing traditional clothing and holding a camera. This is the Gurung dress, the traditional attire of the Gurung (Tamu) community of Nepal. It is worn during festivals such as Tamu Lhosar and other community gatherings.","दुई महिलाले परम्परागत कपडा लगाएका थिए र क्यामेरा राखेका थिए। यो गुरुङ पोशाक हो, नेपालको गुरुङ (तमु) समुदायको परम्परागत पोशाक हो। यो तमु लोसर र अन्य सामुदायिक भेलाहरूमा लगाइन्छ।"
nepali_dresses_augmented/gurung_dress/106_aug1.jpg,"Two women wearing traditional clothing and holding a camera. This is the Gurung dress, the traditional attire of the Gurung (Tamu) community of Nepal. It is worn during festivals such as Tamu Lhosar and other community gatherings.","दुई महिलाले परम्परागत कपडा लगाएका थिए र क्यामेरा राखेका थिए। यो गुरुङ पोशाक हो, नेपालको गुरुङ (तमु) समुदायको परम्परागत पोशाक हो। यो तमु लोसर र अन्य सामुदायिक भेलाहरूमा लगाइन्छ।"
nepali_dresses_augmented/gurung_dress/106_aug2.jpg,"Two women wearing traditional clothing and holding a camera. This is the Gurung dress, the traditional attire of the Gurung (Tamu) community of Nepal. It is worn during festivals such as Tamu Lhosar and other community gatherings.","दुई महिलाले परम्परागत कपडा लगाएका थिए र क्यामेरा राखेका थिए। यो गुरुङ पोशाक हो, नेपालको गुरुङ (तमु) समुदायको परम्परागत पोशाक हो। यो तमु लोसर र अन्य सामुदायिक भेलाहरूमा लगाइन्छ।"
nepali_dresses_augmented/gurung_dress/107.jpg,"A woman in traditional dress sitting on the ground. This is the Gurung dress, the traditional attire of the Gurung (Tamu) community of Nepal. It is worn during festivals such as Tamu Lhosar and other community gatherings.","एक महिला परम्परागत पोशाकमा जमिनमा बसिरहेको छ। यो गुरुङ पोशाक हो, नेपालको गुरुङ (तमु) समुदायको परम्परागत पोशाक हो। यो तमु लोसर र अन्य सामुदायिक भेलाहरूमा लगाइन्छ।"
nepali_dresses_augmented/gurung_dress/107_aug1.jpg,"A woman in traditional dress sitting on the ground. This is the Gurung dress, the traditional attire of the Gurung (Tamu) community of Nepal. It is worn during festivals such as Tamu Lhosar and other community gatherings.","एक महिला परम्परागत पोशाकमा जमिनमा बसिरहेको छ। यो गुरुङ पोशाक हो, नेपालको गुरुङ (तमु) समुदायको परम्परागत पोशाक हो। यो तमु लोसर र अन्य सामुदायिक भेलाहरूमा लगाइन्छ।"
nepali_dresses_augmented/gurung_dress/107_aug2.jpg,"A woman in traditional dress sitting on the ground. This is the Gurung dress, the traditional attire of the Gurung (Tamu) community of Nepal. It is worn during festivals such as Tamu Lhosar and other community gatherings.","एक महिला परम्परागत पोशाकमा जमिनमा बसिरहेको छ। यो गुरुङ पोशाक हो, नेपालको गुरुङ (तमु) समुदायको परम्परागत पोशाक हो। यो तमु लोसर र अन्य सामुदायिक भेलाहरूमा लगाइन्छ।"
nepali_dresses_augmented/gurung_dress/108.jpg,"A man and woman dressed in traditional thai costumes stock photography. This is the Gurung dress, the traditional attire of the Gurung (Tamu) community of Nepal. It is worn during festivals such as Tamu Lhosar and other community gatherings.","परम्परागत थाई पोशाकमा लुगा लगाएका पुरुष र महिलाले स्टक फोटोग्राफी गरेका छन् । यो गुरुङ पोशाक हो, नेपालको गुरुङ (तमु) समुदायको परम्परागत पोशाक हो । यो तामु लोसर जस्ता चाडपर्वहरू र अन्य सामुदायिक भेलाहरूमा लगाइन्छ ।"
nepali_dresses_augmented/gurung_dress/108_aug1.jpg,"A man and woman dressed in traditional thai costumes stock photography. This is the Gurung dress, the traditional attire of the Gurung (Tamu) community of Nepal. It is worn during festivals such as Tamu Lhosar and other community gatherings.","परम्परागत थाई पोशाकमा लुगा लगाएका पुरुष र महिलाले स्टक फोटोग्राफी गरेका छन् । यो गुरुङ पोशाक हो, नेपालको गुरुङ (तमु) समुदायको परम्परागत पोशाक हो । यो तामु लोसर जस्ता चाडपर्वहरू र अन्य सामुदायिक भेलाहरूमा लगाइन्छ ।"
nepali_dresses_augmented/gurung_dress/108_aug2.jpg,"A man and woman dressed in traditional thai costumes stock photography. This is the Gurung dress, the traditional attire of the Gurung (Tamu) community of Nepal. It is worn during festivals such as Tamu Lhosar and other community gatherings.","परम्परागत थाई पोशाकमा लुगा लगाएका पुरुष र महिलाले स्टक फोटोग्राफी गरेका छन् । यो गुरुङ पोशाक हो, नेपालको गुरुङ (तमु) समुदायको परम्परागत पोशाक हो । यो तामु लोसर जस्ता चाडपर्वहरू र अन्य सामुदायिक भेलाहरूमा लगाइन्छ ।"
nepali_dresses_augmented/gurung_dress/109.jpg,"A man and woman sitting on a porch. This is the Gurung dress, the traditional attire of the Gurung (Tamu) community of Nepal. It is worn during festivals such as Tamu Lhosar and other community gatherings.","एक पुरुष र एक महिला पर्खालमा बसिरहेका छन्। यो गुरुङ पोशाक हो, नेपालको गुरुङ (तमु) समुदायको परम्परागत पोशाक हो। यो तामु लोसर र अन्य सामुदायिक भेलाहरूमा लगाइन्छ।"
nepali_dresses_augmented/gurung_dress/109_aug1.jpg,"A man and woman sitting on a porch. This is the Gurung dress, the traditional attire of the Gurung (Tamu) community of Nepal. It is worn during festivals such as Tamu Lhosar and other community gatherings.","एक पुरुष र एक महिला पर्खालमा बसिरहेका छन्। यो गुरुङ पोशाक हो, नेपालको गुरुङ (तमु) समुदायको परम्परागत पोशाक हो। यो तामु लोसर र अन्य सामुदायिक भेलाहरूमा लगाइन्छ।"
nepali_dresses_augmented/gurung_dress/109_aug2.jpg,"A man and woman sitting on a porch. This is the Gurung dress, the traditional attire of the Gurung (Tamu) community of Nepal. It is worn during festivals such as Tamu Lhosar and other community gatherings.","एक पुरुष र एक महिला पर्खालमा बसिरहेका छन्। यो गुरुङ पोशाक हो, नेपालको गुरुङ (तमु) समुदायको परम्परागत पोशाक हो। यो तामु लोसर र अन्य सामुदायिक भेलाहरूमा लगाइन्छ।"
nepali_dresses_augmented/gurung_dress/10_aug1.jpg,"A group of young girls wearing traditional costumes and headdres in the streets of london, england - stock. This is the Gurung dress, the traditional attire of the Gurung (Tamu) community of Nepal. It is worn during festivals such as Tamu Lhosar and other community gatherings.","लन्डन, इङ्गल्याण्डको सडकमा परम्परागत पोशाक र हेड्रेस लगाउने युवतीहरूको समूह। यो गुरुङ पोशाक हो, नेपालको गुरुङ (तमु) समुदायको परम्परागत पोशाक हो। यो तमु लोसर र अन्य सामुदायिक भेलाहरूमा लगाइन्छ।"
nepali_dresses_augmented/gurung_dress/10_aug2.jpg,"A group of young girls wearing traditional costumes and headdres in the streets of london, england - stock. This is the Gurung dress, the traditional attire of the Gurung (Tamu) community of Nepal. It is worn during festivals such as Tamu Lhosar and other community gatherings.","लन्डन, इङ्गल्याण्डको सडकमा परम्परागत पोशाक र हेड्रेस लगाउने युवतीहरूको समूह। यो गुरुङ पोशाक हो, नेपालको गुरुङ (तमु) समुदायको परम्परागत पोशाक हो। यो तमु लोसर र अन्य सामुदायिक भेलाहरूमा लगाइन्छ।"
nepali_dresses_augmented/gurung_dress/10_aug3.jpg,"A group of young girls wearing traditional costumes and headdres in the streets of london, england - stock. This is the Gurung dress, the traditional attire of the Gurung (Tamu) community of Nepal. It is worn during festivals such as Tamu Lhosar and other community gatherings.","लन्डन, इङ्गल्याण्डको सडकमा परम्परागत पोशाक र हेड्रेस लगाउने युवतीहरूको समूह। यो गुरुङ पोशाक हो, नेपालको गुरुङ (तमु) समुदायको परम्परागत पोशाक हो। यो तमु लोसर र अन्य सामुदायिक भेलाहरूमा लगाइन्छ।"
nepali_dresses_augmented/gurung_dress/11.jpg,"A group of young women in traditional costumes performing a folk dance at the annual festival - stock photo. This is the Gurung dress, the traditional attire of the Gurung (Tamu) community of Nepal. It is worn during festivals such as Tamu Lhosar and other community gatherings.","परम्परागत पोशाकमा एक समूह युवा महिलाहरूले वार्षिक महोत्सवमा लोक नृत्य प्रदर्शन गरिरहेका छन् - स्टक फोटो। यो गुरुङ पोशाक हो, नेपालको गुरुङ (तमु) समुदायको परम्परागत पोशाक हो। यो तामु लोसर जस्ता महोत्सवहरू र अन्य सामुदायिक भेलाहरूमा लगाइन्छ।"
nepali_dresses_augmented/gurung_dress/110.jpg,"A woman standing in front of a shelf full of clothes. This is the Gurung dress, the traditional attire of the Gurung (Tamu) community of Nepal. It is worn during festivals such as Tamu Lhosar and other community gatherings.","एक महिला कपडाले भरिएको शेल्फको अगाडि उभिएकी छिन्। यो गुरुङ पोशाक हो, नेपालको गुरुङ (तमु) समुदायको परम्परागत पोशाक हो। यो तमु लोसर जस्ता चाडहरूमा र अन्य सामुदायिक भेलाहरूमा लगाइन्छ।"
nepali_dresses_augmented/gurung_dress/110_aug1.jpg,"A woman standing in front of a shelf full of clothes. This is the Gurung dress, the traditional attire of the Gurung (Tamu) community of Nepal. It is worn during festivals such as Tamu Lhosar and other community gatherings.","एक महिला कपडाले भरिएको शेल्फको अगाडि उभिएकी छिन्। यो गुरुङ पोशाक हो, नेपालको गुरुङ (तमु) समुदायको परम्परागत पोशाक हो। यो तमु लोसर जस्ता चाडहरूमा र अन्य सामुदायिक भेलाहरूमा लगाइन्छ।"
nepali_dresses_augmented/gurung_dress/110_aug2.jpg,"A woman standing in front of a shelf full of clothes. This is the Gurung dress, the traditional attire of the Gurung (Tamu) community of Nepal. It is worn during festivals such as Tamu Lhosar and other community gatherings.","एक महिला कपडाले भरिएको शेल्फको अगाडि उभिएकी छिन्। यो गुरुङ पोशाक हो, नेपालको गुरुङ (तमु) समुदायको परम्परागत पोशाक हो। यो तमु लोसर जस्ता चाडहरूमा र अन्य सामुदायिक भेलाहरूमा लगाइन्छ।"
nepali_dresses_augmented/gurung_dress/111.jpg,"A woman wearing a traditional costume in bhutan. This is the Gurung dress, the traditional attire of the Gurung (Tamu) community of Nepal. It is worn during festivals such as Tamu Lhosar and other community gatherings.","भुटानमा परम्परागत पोशाक लगाउने एक महिला। यो गुरुङ पोशाक हो, नेपालको गुरुङ (तमु) समुदायको परम्परागत पोशाक हो। यो तमु लोसर र अन्य सामुदायिक भेलाहरूमा लगाइन्छ।"
nepali_dresses_augmented/gurung_dress/111_aug1.jpg,"A woman wearing a traditional costume in bhutan. This is the Gurung dress, the traditional attire of the Gurung (Tamu) community of Nepal. It is worn during festivals such as Tamu Lhosar and other community gatherings.","भुटानमा परम्परागत पोशाक लगाउने एक महिला। यो गुरुङ पोशाक हो, नेपालको गुरुङ (तमु) समुदायको परम्परागत पोशाक हो। यो तमु लोसर र अन्य सामुदायिक भेलाहरूमा लगाइन्छ।"
nepali_dresses_augmented/gurung_dress/111_aug2.jpg,"A woman wearing a traditional costume in bhutan. This is the Gurung dress, the traditional attire of the Gurung (Tamu) community of Nepal. It is worn during festivals such as Tamu Lhosar and other community gatherings.","भुटानमा परम्परागत पोशाक लगाउने एक महिला। यो गुरुङ पोशाक हो, नेपालको गुरुङ (तमु) समुदायको परम्परागत पोशाक हो। यो तमु लोसर र अन्य सामुदायिक भेलाहरूमा लगाइन्छ।"
nepali_dresses_augmented/gurung_dress/112.jpg,"A group of women dressed in traditional costumes. This is the Gurung dress, the traditional attire of the Gurung (Tamu) community of Nepal. It is worn during festivals such as Tamu Lhosar and other community gatherings.","परम्परागत पोशाक लगाउने महिलाहरूको समूह। यो गुरुङ पोशाक हो, नेपालको गुरुङ (तमु) समुदायको परम्परागत पोशाक हो। यो तामु लोसार जस्ता चाडपर्वहरू र अन्य सामुदायिक भेलाहरूमा लगाइन्छ।"
nepali_dresses_augmented/gurung_dress/112_aug1.jpg,"A group of women dressed in traditional costumes. This is the Gurung dress, the traditional attire of the Gurung (Tamu) community of Nepal. It is worn during festivals such as Tamu Lhosar and other community gatherings.","परम्परागत पोशाक लगाउने महिलाहरूको समूह। यो गुरुङ पोशाक हो, नेपालको गुरुङ (तमु) समुदायको परम्परागत पोशाक हो। यो तामु लोसार जस्ता चाडपर्वहरू र अन्य सामुदायिक भेलाहरूमा लगाइन्छ।"
nepali_dresses_augmented/gurung_dress/112_aug2.jpg,"A group of women dressed in traditional costumes. This is the Gurung dress, the traditional attire of the Gurung (Tamu) community of Nepal. It is worn during festivals such as Tamu Lhosar and other community gatherings.","परम्परागत पोशाक लगाउने महिलाहरूको समूह। यो गुरुङ पोशाक हो, नेपालको गुरुङ (तमु) समुदायको परम्परागत पोशाक हो। यो तामु लोसार जस्ता चाडपर्वहरू र अन्य सामुदायिक भेलाहरूमा लगाइन्छ।"
nepali_dresses_augmented/gurung_dress/113.jpg,"A young girl in a red and white dress sits on the floor next to a plate of rice. This is the Gurung dress, the traditional attire of the Gurung (Tamu) community of Nepal. It is worn during festivals such as Tamu Lhosar and other community gatherings.","रातो र सेतो पोशाकमा एक युवती चावलको थालको छेउमा भुइँमा बसिरहेकी छिन्। यो गुरुङ पोशाक हो, नेपालको गुरुङ (तमु) समुदायको परम्परागत पोशाक हो। यो तामु ल्होसर र अन्य सामुदायिक भेलाहरूमा लगाइन्छ।"
nepali_dresses_augmented/gurung_dress/113_aug1.jpg,"A young girl in a red and white dress sits on the floor next to a plate of rice. This is the Gurung dress, the traditional attire of the Gurung (Tamu) community of Nepal. It is worn during festivals such as Tamu Lhosar and other community gatherings.","रातो र सेतो पोशाकमा एक युवती चावलको थालको छेउमा भुइँमा बसिरहेकी छिन्। यो गुरुङ पोशाक हो, नेपालको गुरुङ (तमु) समुदायको परम्परागत पोशाक हो। यो तामु ल्होसर र अन्य सामुदायिक भेलाहरूमा लगाइन्छ।"
nepali_dresses_augmented/gurung_dress/113_aug2.jpg,"A young girl in a red and white dress sits on the floor next to a plate of rice. This is the Gurung dress, the traditional attire of the Gurung (Tamu) community of Nepal. It is worn during festivals such as Tamu Lhosar and other community gatherings.","रातो र सेतो पोशाकमा एक युवती चावलको थालको छेउमा भुइँमा बसिरहेकी छिन्। यो गुरुङ पोशाक हो, नेपालको गुरुङ (तमु) समुदायको परम्परागत पोशाक हो। यो तामु ल्होसर र अन्य सामुदायिक भेलाहरूमा लगाइन्छ।"
nepali_dresses_augmented/gurung_dress/114.jpg,"A group of young women in traditional costumes and headdres at a parade in the philippines - stock photo. This is the Gurung dress, the traditional attire of the Gurung (Tamu) community of Nepal. It is worn during festivals such as Tamu Lhosar and other community gatherings.",नेपालको गुरुङ (तमु) समुदायको परम्परागत पोशाक गुरुङ (तमु) पोशाक हो । यो तामु लोसर र अन्य सामुदायिक भेलाहरूमा लगाइन्छ ।
nepali_dresses_augmented/gurung_dress/114_aug1.jpg,"A group of young women in traditional costumes and headdres at a parade in the philippines - stock photo. This is the Gurung dress, the traditional attire of the Gurung (Tamu) community of Nepal. It is worn during festivals such as Tamu Lhosar and other community gatherings.",नेपालको गुरुङ (तमु) समुदायको परम्परागत पोशाक गुरुङ (तमु) पोशाक हो । यो तामु लोसर र अन्य सामुदायिक भेलाहरूमा लगाइन्छ ।
nepali_dresses_augmented/gurung_dress/114_aug2.jpg,"A group of young women in traditional costumes and headdres at a parade in the philippines - stock photo. This is the Gurung dress, the traditional attire of the Gurung (Tamu) community of Nepal. It is worn during festivals such as Tamu Lhosar and other community gatherings.",नेपालको गुरुङ (तमु) समुदायको परम्परागत पोशाक गुरुङ (तमु) पोशाक हो । यो तामु लोसर र अन्य सामुदायिक भेलाहरूमा लगाइन्छ ।
nepali_dresses_augmented/gurung_dress/115.jpg,"A group of young girls dressed in traditional costumes perform during the festival. This is the Gurung dress, the traditional attire of the Gurung (Tamu) community of Nepal. It is worn during festivals such as Tamu Lhosar and other community gatherings.",नेपालको गुरुङ (तमु) समुदायको परम्परागत पोशाक गुरुङ (तमु) पोशाक हो । यो तमु लोसर र अन्य सामुदायिक भेलाहरूमा लगाइन्छ ।
nepali_dresses_augmented/gurung_dress/115_aug1.jpg,"A group of young girls dressed in traditional costumes perform during the festival. This is the Gurung dress, the traditional attire of the Gurung (Tamu) community of Nepal. It is worn during festivals such as Tamu Lhosar and other community gatherings.",नेपालको गुरुङ (तमु) समुदायको परम्परागत पोशाक गुरुङ (तमु) पोशाक हो । यो तमु लोसर र अन्य सामुदायिक भेलाहरूमा लगाइन्छ ।
nepali_dresses_augmented/gurung_dress/115_aug2.jpg,"A group of young girls dressed in traditional costumes perform during the festival. This is the Gurung dress, the traditional attire of the Gurung (Tamu) community of Nepal. It is worn during festivals such as Tamu Lhosar and other community gatherings.",नेपालको गुरुङ (तमु) समुदायको परम्परागत पोशाक गुरुङ (तमु) पोशाक हो । यो तमु लोसर र अन्य सामुदायिक भेलाहरूमा लगाइन्छ ।
nepali_dresses_augmented/gurung_dress/116.jpg,"A group of young girls wearing traditional costumes during festival. This is the Gurung dress, the traditional attire of the Gurung (Tamu) community of Nepal. It is worn during festivals such as Tamu Lhosar and other community gatherings.","तिहारको समयमा परम्परागत पोशाक लगाउने युवा केटीहरूको समूह। यो गुरुङ पोशाक हो, नेपालको गुरुङ (तमु) समुदायको परम्परागत पोशाक हो। यो तमु लोसर जस्ता पर्वहरूमा लगाइन्छ र अन्य सामुदायिक भेलाहरूमा।"
nepali_dresses_augmented/gurung_dress/116_aug1.jpg,"A group of young girls wearing traditional costumes during festival. This is the Gurung dress, the traditional attire of the Gurung (Tamu) community of Nepal. It is worn during festivals such as Tamu Lhosar and other community gatherings.","तिहारको समयमा परम्परागत पोशाक लगाउने युवा केटीहरूको समूह। यो गुरुङ पोशाक हो, नेपालको गुरुङ (तमु) समुदायको परम्परागत पोशाक हो। यो तमु लोसर जस्ता पर्वहरूमा लगाइन्छ र अन्य सामुदायिक भेलाहरूमा।"
nepali_dresses_augmented/gurung_dress/116_aug2.jpg,"A group of young girls wearing traditional costumes during festival. This is the Gurung dress, the traditional attire of the Gurung (Tamu) community of Nepal. It is worn during festivals such as Tamu Lhosar and other community gatherings.","तिहारको समयमा परम्परागत पोशाक लगाउने युवा केटीहरूको समूह। यो गुरुङ पोशाक हो, नेपालको गुरुङ (तमु) समुदायको परम्परागत पोशाक हो। यो तमु लोसर जस्ता पर्वहरूमा लगाइन्छ र अन्य सामुदायिक भेलाहरूमा।"
nepali_dresses_augmented/gurung_dress/117.jpg,"A group of women in traditional costumes at the festival. This is the Gurung dress, the traditional attire of the Gurung (Tamu) community of Nepal. It is worn during festivals such as Tamu Lhosar and other community gatherings.","महोत्सवमा परम्परागत पोशाकमा महिलाहरूको समूह। यो गुरुङ पोशाक हो, नेपालको गुरुङ (तमु) समुदायको परम्परागत पोशाक हो। यो तामु लोसर जस्ता महोत्सवहरू र अन्य सामुदायिक भेलाहरूमा लगाइन्छ।"
nepali_dresses_augmented/gurung_dress/117_aug1.jpg,"A group of women in traditional costumes at the festival. This is the Gurung dress, the traditional attire of the Gurung (Tamu) community of Nepal. It is worn during festivals such as Tamu Lhosar and other community gatherings.","महोत्सवमा परम्परागत पोशाकमा महिलाहरूको समूह। यो गुरुङ पोशाक हो, नेपालको गुरुङ (तमु) समुदायको परम्परागत पोशाक हो। यो तामु लोसर जस्ता महोत्सवहरू र अन्य सामुदायिक भेलाहरूमा लगाइन्छ।"
nepali_dresses_augmented/gurung_dress/117_aug2.jpg,"A group of women in traditional costumes at the festival. This is the Gurung dress, the traditional attire of the Gurung (Tamu) community of Nepal. It is worn during festivals such as Tamu Lhosar and other community gatherings.","महोत्सवमा परम्परागत पोशाकमा महिलाहरूको समूह। यो गुरुङ पोशाक हो, नेपालको गुरुङ (तमु) समुदायको परम्परागत पोशाक हो। यो तामु लोसर जस्ता महोत्सवहरू र अन्य सामुदायिक भेलाहरूमा लगाइन्छ।"
nepali_dresses_augmented/gurung_dress/118.jpg,"A group of people walking down a street. This is the Gurung dress, the traditional attire of the Gurung (Tamu) community of Nepal. It is worn during festivals such as Tamu Lhosar and other community gatherings.","एक सडकमा हिड्ने मानिसहरूको समूह। यो गुरुङ पोशाक हो, नेपालको गुरुङ (तमु) समुदायको परम्परागत पोशाक। यो तामु लोसर जस्ता चाडपर्वहरू र अन्य सामुदायिक भेलाहरूमा लगाइन्छ।"
nepali_dresses_augmented/gurung_dress/118_aug1.jpg,"A group of people walking down a street. This is the Gurung dress, the traditional attire of the Gurung (Tamu) community of Nepal. It is worn during festivals such as Tamu Lhosar and other community gatherings.","एक सडकमा हिड्ने मानिसहरूको समूह। यो गुरुङ पोशाक हो, नेपालको गुरुङ (तमु) समुदायको परम्परागत पोशाक। यो तामु लोसर जस्ता चाडपर्वहरू र अन्य सामुदायिक भेलाहरूमा लगाइन्छ।"
nepali_dresses_augmented/gurung_dress/118_aug2.jpg,"A group of people walking down a street. This is the Gurung dress, the traditional attire of the Gurung (Tamu) community of Nepal. It is worn during festivals such as Tamu Lhosar and other community gatherings.","एक सडकमा हिड्ने मानिसहरूको समूह। यो गुरुङ पोशाक हो, नेपालको गुरुङ (तमु) समुदायको परम्परागत पोशाक। यो तामु लोसर जस्ता चाडपर्वहरू र अन्य सामुदायिक भेलाहरूमा लगाइन्छ।"
nepali_dresses_augmented/gurung_dress/119.jpg,"A group of women dressed in traditional costumes dancing in the streets of kathmandu, nepal - stock image. This is the Gurung dress, the traditional attire of the Gurung (Tamu) community of Nepal. It is worn during festivals such as Tamu Lhosar and other community gatherings.","काठमाडौंको सडकमा परम्परागत पोशाक लगाएर नाच्ने महिलाहरूको समूह, नेपालको गुरुङ (तमु) समुदायको परम्परागत पोशाक, यो गुरुङ पोशाक हो। यो तमु लोसर र अन्य सामुदायिक भेलाहरूमा लगाइन्छ।"
nepali_dresses_augmented/gurung_dress/119_aug1.jpg,"A group of women dressed in traditional costumes dancing in the streets of kathmandu, nepal - stock image. This is the Gurung dress, the traditional attire of the Gurung (Tamu) community of Nepal. It is worn during festivals such as Tamu Lhosar and other community gatherings.","काठमाडौंको सडकमा परम्परागत पोशाक लगाएर नाच्ने महिलाहरूको समूह, नेपालको गुरुङ (तमु) समुदायको परम्परागत पोशाक, यो गुरुङ पोशाक हो। यो तमु लोसर र अन्य सामुदायिक भेलाहरूमा लगाइन्छ।"
nepali_dresses_augmented/gurung_dress/119_aug2.jpg,"A group of women dressed in traditional costumes dancing in the streets of kathmandu, nepal - stock image. This is the Gurung dress, the traditional attire of the Gurung (Tamu) community of Nepal. It is worn during festivals such as Tamu Lhosar and other community gatherings.","काठमाडौंको सडकमा परम्परागत पोशाक लगाएर नाच्ने महिलाहरूको समूह, नेपालको गुरुङ (तमु) समुदायको परम्परागत पोशाक, यो गुरुङ पोशाक हो। यो तमु लोसर र अन्य सामुदायिक भेलाहरूमा लगाइन्छ।"
nepali_dresses_augmented/gurung_dress/11_aug1.jpg,"A group of young women in traditional costumes performing a folk dance at the annual festival - stock photo. This is the Gurung dress, the traditional attire of the Gurung (Tamu) community of Nepal. It is worn during festivals such as Tamu Lhosar and other community gatherings.","परम्परागत पोशाकमा एक समूह युवा महिलाहरूले वार्षिक महोत्सवमा लोक नृत्य प्रदर्शन गरिरहेका छन् - स्टक फोटो। यो गुरुङ पोशाक हो, नेपालको गुरुङ (तमु) समुदायको परम्परागत पोशाक हो। यो तामु लोसर जस्ता महोत्सवहरू र अन्य सामुदायिक भेलाहरूमा लगाइन्छ।"
nepali_dresses_augmented/gurung_dress/11_aug2.jpg,"A group of young women in traditional costumes performing a folk dance at the annual festival - stock photo. This is the Gurung dress, the traditional attire of the Gurung (Tamu) community of Nepal. It is worn during festivals such as Tamu Lhosar and other community gatherings.","परम्परागत पोशाकमा एक समूह युवा महिलाहरूले वार्षिक महोत्सवमा लोक नृत्य प्रदर्शन गरिरहेका छन् - स्टक फोटो। यो गुरुङ पोशाक हो, नेपालको गुरुङ (तमु) समुदायको परम्परागत पोशाक हो। यो तामु लोसर जस्ता महोत्सवहरू र अन्य सामुदायिक भेलाहरूमा लगाइन्छ।"
nepali_dresses_augmented/gurung_dress/11_aug3.jpg,"A group of young women in traditional costumes performing a folk dance at the annual festival - stock photo. This is the Gurung dress, the traditional attire of the Gurung (Tamu) community of Nepal. It is worn during festivals such as Tamu Lhosar and other community gatherings.","परम्परागत पोशाकमा एक समूह युवा महिलाहरूले वार्षिक महोत्सवमा लोक नृत्य प्रदर्शन गरिरहेका छन् - स्टक फोटो। यो गुरुङ पोशाक हो, नेपालको गुरुङ (तमु) समुदायको परम्परागत पोशाक हो। यो तामु लोसर जस्ता महोत्सवहरू र अन्य सामुदायिक भेलाहरूमा लगाइन्छ।"
nepali_dresses_augmented/gurung_dress/12.jpg,"A young girl in traditional costume. This is the Gurung dress, the traditional attire of the Gurung (Tamu) community of Nepal. It is worn during festivals such as Tamu Lhosar and other community gatherings.","एक युवती परम्परागत पोशाकमा। यो गुरुङ पोशाक हो, नेपालको गुरुङ (तमु) समुदायको परम्परागत पोशाक हो। यो तामु लोसर र अन्य सामुदायिक भेलाहरूमा लगाइन्छ।"
nepali_dresses_augmented/gurung_dress/120.jpg,"A group of people dancing in the street. This is the Gurung dress, the traditional attire of the Gurung (Tamu) community of Nepal. It is worn during festivals such as Tamu Lhosar and other community gatherings.","सडकमा नाच्ने मानिसहरूको समूह। यो गुरुङ पोशाक हो, नेपालको गुरुङ (तमु) समुदायको परम्परागत पोशाक हो। यो तामु लोसर जस्ता चाडपर्वहरू र अन्य सामुदायिक भेलाहरूमा लगाइन्छ।"
nepali_dresses_augmented/gurung_dress/120_aug1.jpg,"A group of people dancing in the street. This is the Gurung dress, the traditional attire of the Gurung (Tamu) community of Nepal. It is worn during festivals such as Tamu Lhosar and other community gatherings.","सडकमा नाच्ने मानिसहरूको समूह। यो गुरुङ पोशाक हो, नेपालको गुरुङ (तमु) समुदायको परम्परागत पोशाक हो। यो तामु लोसर जस्ता चाडपर्वहरू र अन्य सामुदायिक भेलाहरूमा लगाइन्छ।"
nepali_dresses_augmented/gurung_dress/120_aug2.jpg,"A group of people dancing in the street. This is the Gurung dress, the traditional attire of the Gurung (Tamu) community of Nepal. It is worn during festivals such as Tamu Lhosar and other community gatherings.","सडकमा नाच्ने मानिसहरूको समूह। यो गुरुङ पोशाक हो, नेपालको गुरुङ (तमु) समुदायको परम्परागत पोशाक हो। यो तामु लोसर जस्ता चाडपर्वहरू र अन्य सामुदायिक भेलाहरूमा लगाइन्छ।"
nepali_dresses_augmented/gurung_dress/121.jpg,"A group of young girls dressed in traditional costumes perform during festival. This is the Gurung dress, the traditional attire of the Gurung (Tamu) community of Nepal. It is worn during festivals such as Tamu Lhosar and other community gatherings.","परम्परागत पोशाक लगाएका युवतीहरूको समूहले महोत्सवको समयमा प्रदर्शन गर्छन्। यो गुरुङ पोशाक हो, नेपालको गुरुङ (तमु) समुदायको परम्परागत पोशाक हो। यो तामु लोसर जस्ता महोत्सवहरू र अन्य सामुदायिक भेलाहरूमा लगाइन्छ।"
nepali_dresses_augmented/gurung_dress/121_aug1.jpg,"A group of young girls dressed in traditional costumes perform during festival. This is the Gurung dress, the traditional attire of the Gurung (Tamu) community of Nepal. It is worn during festivals such as Tamu Lhosar and other community gatherings.","परम्परागत पोशाक लगाएका युवतीहरूको समूहले महोत्सवको समयमा प्रदर्शन गर्छन्। यो गुरुङ पोशाक हो, नेपालको गुरुङ (तमु) समुदायको परम्परागत पोशाक हो। यो तामु लोसर जस्ता महोत्सवहरू र अन्य सामुदायिक भेलाहरूमा लगाइन्छ।"
nepali_dresses_augmented/gurung_dress/121_aug2.jpg,"A group of young girls dressed in traditional costumes perform during festival. This is the Gurung dress, the traditional attire of the Gurung (Tamu) community of Nepal. It is worn during festivals such as Tamu Lhosar and other community gatherings.","परम्परागत पोशाक लगाएका युवतीहरूको समूहले महोत्सवको समयमा प्रदर्शन गर्छन्। यो गुरुङ पोशाक हो, नेपालको गुरुङ (तमु) समुदायको परम्परागत पोशाक हो। यो तामु लोसर जस्ता महोत्सवहरू र अन्य सामुदायिक भेलाहरूमा लगाइन्छ।"
nepali_dresses_augmented/gurung_dress/122.jpg,"Dancers perform during the opening ceremony. This is the Gurung dress, the traditional attire of the Gurung (Tamu) community of Nepal. It is worn during festivals such as Tamu Lhosar and other community gatherings.","उद्घाटन समारोहको क्रममा नर्तकहरू प्रदर्शन गर्छन्। यो गुरुङ पोशाक हो, नेपालको गुरुङ (तमु) समुदायको परम्परागत पोशाक हो। यो तामु लोसार जस्ता चाडपर्वहरू र अन्य सामुदायिक भेलाहरूमा लगाइन्छ।"
nepali_dresses_augmented/gurung_dress/122_aug1.jpg,"Dancers perform during the opening ceremony. This is the Gurung dress, the traditional attire of the Gurung (Tamu) community of Nepal. It is worn during festivals such as Tamu Lhosar and other community gatherings.","उद्घाटन समारोहको क्रममा नर्तकहरू प्रदर्शन गर्छन्। यो गुरुङ पोशाक हो, नेपालको गुरुङ (तमु) समुदायको परम्परागत पोशाक हो। यो तामु लोसार जस्ता चाडपर्वहरू र अन्य सामुदायिक भेलाहरूमा लगाइन्छ।"
nepali_dresses_augmented/gurung_dress/122_aug2.jpg,"Dancers perform during the opening ceremony. This is the Gurung dress, the traditional attire of the Gurung (Tamu) community of Nepal. It is worn during festivals such as Tamu Lhosar and other community gatherings.","उद्घाटन समारोहको क्रममा नर्तकहरू प्रदर्शन गर्छन्। यो गुरुङ पोशाक हो, नेपालको गुरुङ (तमु) समुदायको परम्परागत पोशाक हो। यो तामु लोसार जस्ता चाडपर्वहरू र अन्य सामुदायिक भेलाहरूमा लगाइन्छ।"
nepali_dresses_augmented/gurung_dress/123.jpg,"Two young girls in traditional indian dress, india - stock image. This is the Gurung dress, the traditional attire of the Gurung (Tamu) community of Nepal. It is worn during festivals such as Tamu Lhosar and other community gatherings.","दुई युवतीहरू परम्परागत भारतीय पोशाकमा, भारत - स्टक छवि। यो गुरुङ पोशाक हो, नेपालको गुरुङ (तमु) समुदायको परम्परागत पोशाक हो। यो तमु लोसर जस्ता चाडपर्वहरू र अन्य सामुदायिक भेलाहरूमा लगाइन्छ।"
nepali_dresses_augmented/gurung_dress/123_aug1.jpg,"Two young girls in traditional indian dress, india - stock image. This is the Gurung dress, the traditional attire of the Gurung (Tamu) community of Nepal. It is worn during festivals such as Tamu Lhosar and other community gatherings.","दुई युवतीहरू परम्परागत भारतीय पोशाकमा, भारत - स्टक छवि। यो गुरुङ पोशाक हो, नेपालको गुरुङ (तमु) समुदायको परम्परागत पोशाक हो। यो तमु लोसर जस्ता चाडपर्वहरू र अन्य सामुदायिक भेलाहरूमा लगाइन्छ।"
nepali_dresses_augmented/gurung_dress/123_aug2.jpg,"Two young girls in traditional indian dress, india - stock image. This is the Gurung dress, the traditional attire of the Gurung (Tamu) community of Nepal. It is worn during festivals such as Tamu Lhosar and other community gatherings.","दुई युवतीहरू परम्परागत भारतीय पोशाकमा, भारत - स्टक छवि। यो गुरुङ पोशाक हो, नेपालको गुरुङ (तमु) समुदायको परम्परागत पोशाक हो। यो तमु लोसर जस्ता चाडपर्वहरू र अन्य सामुदायिक भेलाहरूमा लगाइन्छ।"
nepali_dresses_augmented/gurung_dress/124.jpg,"A group of young girls dressed in traditional costumes dance during festival. This is the Gurung dress, the traditional attire of the Gurung (Tamu) community of Nepal. It is worn during festivals such as Tamu Lhosar and other community gatherings.",नेपालको गुरुङ (तमु) समुदायको परम्परागत पोशाक गुरुङ (तमु) पोशाक हो । यो तमु लोसर र अन्य सामुदायिक भेलाहरूमा लगाइन्छ ।
nepali_dresses_augmented/gurung_dress/124_aug1.jpg,"A group of young girls dressed in traditional costumes dance during festival. This is the Gurung dress, the traditional attire of the Gurung (Tamu) community of Nepal. It is worn during festivals such as Tamu Lhosar and other community gatherings.",नेपालको गुरुङ (तमु) समुदायको परम्परागत पोशाक गुरुङ (तमु) पोशाक हो । यो तमु लोसर र अन्य सामुदायिक भेलाहरूमा लगाइन्छ ।
nepali_dresses_augmented/gurung_dress/124_aug2.jpg,"A group of young girls dressed in traditional costumes dance during festival. This is the Gurung dress, the traditional attire of the Gurung (Tamu) community of Nepal. It is worn during festivals such as Tamu Lhosar and other community gatherings.",नेपालको गुरुङ (तमु) समुदायको परम्परागत पोशाक गुरुङ (तमु) पोशाक हो । यो तमु लोसर र अन्य सामुदायिक भेलाहरूमा लगाइन्छ ।
nepali_dresses_augmented/gurung_dress/125.jpg,"A group of women marching down the street during a parade. This is the Gurung dress, the traditional attire of the Gurung (Tamu) community of Nepal. It is worn during festivals such as Tamu Lhosar and other community gatherings.",नेपालको गुरुङ (तमु) समुदायको परम्परागत पोशाक गुरुङ (तमु) पोशाक हो । यो तमु लोसर र अन्य सामुदायिक भेलाहरूमा लगाइन्छ ।
nepali_dresses_augmented/gurung_dress/125_aug1.jpg,"A group of women marching down the street during a parade. This is the Gurung dress, the traditional attire of the Gurung (Tamu) community of Nepal. It is worn during festivals such as Tamu Lhosar and other community gatherings.",नेपालको गुरुङ (तमु) समुदायको परम्परागत पोशाक गुरुङ (तमु) पोशाक हो । यो तमु लोसर र अन्य सामुदायिक भेलाहरूमा लगाइन्छ ।
nepali_dresses_augmented/gurung_dress/125_aug2.jpg,"A group of women marching down the street during a parade. This is the Gurung dress, the traditional attire of the Gurung (Tamu) community of Nepal. It is worn during festivals such as Tamu Lhosar and other community gatherings.",नेपालको गुरुङ (तमु) समुदायको परम्परागत पोशाक गुरुङ (तमु) पोशाक हो । यो तमु लोसर र अन्य सामुदायिक भेलाहरूमा लगाइन्छ ।
nepali_dresses_augmented/gurung_dress/126.jpg,"A group of young girls perform during festival. This is the Gurung dress, the traditional attire of the Gurung (Tamu) community of Nepal. It is worn during festivals such as Tamu Lhosar and other community gatherings.",नेपालको गुरुङ (तमु) समुदायको परम्परागत पोशाक गुरुङ (तमु) पोशाक हो । यो तमु लोसर र अन्य सामुदायिक भेलाहरूमा लगाइन्छ ।
nepali_dresses_augmented/gurung_dress/126_aug1.jpg,"A group of young girls perform during festival. This is the Gurung dress, the traditional attire of the Gurung (Tamu) community of Nepal. It is worn during festivals such as Tamu Lhosar and other community gatherings.",नेपालको गुरुङ (तमु) समुदायको परम्परागत पोशाक गुरुङ (तमु) पोशाक हो । यो तमु लोसर र अन्य सामुदायिक भेलाहरूमा लगाइन्छ ।
nepali_dresses_augmented/gurung_dress/126_aug2.jpg,"A group of young girls perform during festival. This is the Gurung dress, the traditional attire of the Gurung (Tamu) community of Nepal. It is worn during festivals such as Tamu Lhosar and other community gatherings.",नेपालको गुरुङ (तमु) समुदायको परम्परागत पोशाक गुरुङ (तमु) पोशाक हो । यो तमु लोसर र अन्य सामुदायिक भेलाहरूमा लगाइन्छ ।
nepali_dresses_augmented/gurung_dress/127.jpg,"A group of people dressed in traditional costumes perform during festival. This is the Gurung dress, the traditional attire of the Gurung (Tamu) community of Nepal. It is worn during festivals such as Tamu Lhosar and other community gatherings.",नेपालको गुरुङ (तमु) समुदायको परम्परागत पोशाक हो । यो तमु लोसर र अन्य सामुदायिक भेलाहरूमा लगाइन्छ ।
nepali_dresses_augmented/gurung_dress/127_aug1.jpg,"A group of people dressed in traditional costumes perform during festival. This is the Gurung dress, the traditional attire of the Gurung (Tamu) community of Nepal. It is worn during festivals such as Tamu Lhosar and other community gatherings.",नेपालको गुरुङ (तमु) समुदायको परम्परागत पोशाक हो । यो तमु लोसर र अन्य सामुदायिक भेलाहरूमा लगाइन्छ ।
nepali_dresses_augmented/gurung_dress/127_aug2.jpg,"A group of people dressed in traditional costumes perform during festival. This is the Gurung dress, the traditional attire of the Gurung (Tamu) community of Nepal. It is worn during festivals such as Tamu Lhosar and other community gatherings.",नेपालको गुरुङ (तमु) समुदायको परम्परागत पोशाक हो । यो तमु लोसर र अन्य सामुदायिक भेलाहरूमा लगाइन्छ ।
nepali_dresses_augmented/gurung_dress/128.jpg,"A group of men playing musical instruments in the streets. This is the Gurung dress, the traditional attire of the Gurung (Tamu) community of Nepal. It is worn during festivals such as Tamu Lhosar and other community gatherings.","एक समूह पुरुषहरू सडकमा संगीत वाद्ययन्त्रहरू खेल्छन्। यो गुरुङ पोशाक हो, नेपालको गुरुङ (तमु) समुदायको परम्परागत पोशाक हो। यो तामु लोसर जस्ता चाडपर्वहरू र अन्य सामुदायिक भेलाहरूमा लगाइन्छ।"
nepali_dresses_augmented/gurung_dress/128_aug1.jpg,"A group of men playing musical instruments in the streets. This is the Gurung dress, the traditional attire of the Gurung (Tamu) community of Nepal. It is worn during festivals such as Tamu Lhosar and other community gatherings.","एक समूह पुरुषहरू सडकमा संगीत वाद्ययन्त्रहरू खेल्छन्। यो गुरुङ पोशाक हो, नेपालको गुरुङ (तमु) समुदायको परम्परागत पोशाक हो। यो तामु लोसर जस्ता चाडपर्वहरू र अन्य सामुदायिक भेलाहरूमा लगाइन्छ।"
nepali_dresses_augmented/gurung_dress/128_aug2.jpg,"A group of men playing musical instruments in the streets. This is the Gurung dress, the traditional attire of the Gurung (Tamu) community of Nepal. It is worn during festivals such as Tamu Lhosar and other community gatherings.","एक समूह पुरुषहरू सडकमा संगीत वाद्ययन्त्रहरू खेल्छन्। यो गुरुङ पोशाक हो, नेपालको गुरुङ (तमु) समुदायको परम्परागत पोशाक हो। यो तामु लोसर जस्ता चाडपर्वहरू र अन्य सामुदायिक भेलाहरूमा लगाइन्छ।"
nepali_dresses_augmented/gurung_dress/129.jpg,"A group of young girls dressed in traditional costumes. This is the Gurung dress, the traditional attire of the Gurung (Tamu) community of Nepal. It is worn during festivals such as Tamu Lhosar and other community gatherings.","परम्परागत पोशाक लगाउने युवा युवतीहरूको समूह। यो गुरुङ पोशाक हो, नेपालको गुरुङ (तमु) समुदायको परम्परागत पोशाक हो। यो तामु लोसर जस्ता चाडपर्वहरू र अन्य सामुदायिक भेलाहरूमा लगाइन्छ।"
nepali_dresses_augmented/gurung_dress/129_aug1.jpg,"A group of young girls dressed in traditional costumes. This is the Gurung dress, the traditional attire of the Gurung (Tamu) community of Nepal. It is worn during festivals such as Tamu Lhosar and other community gatherings.","परम्परागत पोशाक लगाउने युवा युवतीहरूको समूह। यो गुरुङ पोशाक हो, नेपालको गुरुङ (तमु) समुदायको परम्परागत पोशाक हो। यो तामु लोसर जस्ता चाडपर्वहरू र अन्य सामुदायिक भेलाहरूमा लगाइन्छ।"
nepali_dresses_augmented/gurung_dress/129_aug2.jpg,"A group of young girls dressed in traditional costumes. This is the Gurung dress, the traditional attire of the Gurung (Tamu) community of Nepal. It is worn during festivals such as Tamu Lhosar and other community gatherings.","परम्परागत पोशाक लगाउने युवा युवतीहरूको समूह। यो गुरुङ पोशाक हो, नेपालको गुरुङ (तमु) समुदायको परम्परागत पोशाक हो। यो तामु लोसर जस्ता चाडपर्वहरू र अन्य सामुदायिक भेलाहरूमा लगाइन्छ।"
nepali_dresses_augmented/gurung_dress/12_aug1.jpg,"A young girl in traditional costume. This is the Gurung dress, the traditional attire of the Gurung (Tamu) community of Nepal. It is worn during festivals such as Tamu Lhosar and other community gatherings.","एक युवती परम्परागत पोशाकमा। यो गुरुङ पोशाक हो, नेपालको गुरुङ (तमु) समुदायको परम्परागत पोशाक हो। यो तामु लोसर र अन्य सामुदायिक भेलाहरूमा लगाइन्छ।"
nepali_dresses_augmented/gurung_dress/12_aug2.jpg,"A young girl in traditional costume. This is the Gurung dress, the traditional attire of the Gurung (Tamu) community of Nepal. It is worn during festivals such as Tamu Lhosar and other community gatherings.","एक युवती परम्परागत पोशाकमा। यो गुरुङ पोशाक हो, नेपालको गुरुङ (तमु) समुदायको परम्परागत पोशाक हो। यो तामु लोसर र अन्य सामुदायिक भेलाहरूमा लगाइन्छ।"
nepali_dresses_augmented/gurung_dress/12_aug3.jpg,"A young girl in traditional costume. This is the Gurung dress, the traditional attire of the Gurung (Tamu) community of Nepal. It is worn during festivals such as Tamu Lhosar and other community gatherings.","एक युवती परम्परागत पोशाकमा। यो गुरुङ पोशाक हो, नेपालको गुरुङ (तमु) समुदायको परम्परागत पोशाक हो। यो तामु लोसर र अन्य सामुदायिक भेलाहरूमा लगाइन्छ।"
nepali_dresses_augmented/gurung_dress/13.jpg,"A woman in a red and black dress standing next to a brick wall. This is the Gurung dress, the traditional attire of the Gurung (Tamu) community of Nepal. It is worn during festivals such as Tamu Lhosar and other community gatherings.","इँटाको पर्खाल छेउमा खडा रातो र कालो पोशाकमा एक महिला। यो गुरुङ पोशाक हो, नेपालको गुरुङ (तमु) समुदायको परम्परागत पोशाक हो। यो तामु लोसर जस्ता चाडपर्वहरूमा लगाइन्छ र अन्य सामुदायिक भेलाहरूमा लगाइन्छ।"
nepali_dresses_augmented/gurung_dress/130.jpg,"A group of men dressed in traditional costumes perform during festival. This is the Gurung dress, the traditional attire of the Gurung (Tamu) community of Nepal. It is worn during festivals such as Tamu Lhosar and other community gatherings.","परम्परागत पोशाक लगाएका पुरुषहरूको समूहले महोत्सवको समयमा प्रदर्शन गर्दछ। यो गुरुङ पोशाक हो, नेपालको गुरुङ (तमु) समुदायको परम्परागत पोशाक हो। यो तामु लोसर जस्ता महोत्सवहरू र अन्य सामुदायिक भेलाहरूमा लगाइन्छ।"
nepali_dresses_augmented/gurung_dress/130_aug1.jpg,"A group of men dressed in traditional costumes perform during festival. This is the Gurung dress, the traditional attire of the Gurung (Tamu) community of Nepal. It is worn during festivals such as Tamu Lhosar and other community gatherings.","परम्परागत पोशाक लगाएका पुरुषहरूको समूहले महोत्सवको समयमा प्रदर्शन गर्दछ। यो गुरुङ पोशाक हो, नेपालको गुरुङ (तमु) समुदायको परम्परागत पोशाक हो। यो तामु लोसर जस्ता महोत्सवहरू र अन्य सामुदायिक भेलाहरूमा लगाइन्छ।"
nepali_dresses_augmented/gurung_dress/130_aug2.jpg,"A group of men dressed in traditional costumes perform during festival. This is the Gurung dress, the traditional attire of the Gurung (Tamu) community of Nepal. It is worn during festivals such as Tamu Lhosar and other community gatherings.","परम्परागत पोशाक लगाएका पुरुषहरूको समूहले महोत्सवको समयमा प्रदर्शन गर्दछ। यो गुरुङ पोशाक हो, नेपालको गुरुङ (तमु) समुदायको परम्परागत पोशाक हो। यो तामु लोसर जस्ता महोत्सवहरू र अन्य सामुदायिक भेलाहरूमा लगाइन्छ।"
nepali_dresses_augmented/gurung_dress/131.jpg,"A group of men playing drums in the streets. This is the Gurung dress, the traditional attire of the Gurung (Tamu) community of Nepal. It is worn during festivals such as Tamu Lhosar and other community gatherings.","सडकमा ड्रम बजाउने पुरुषहरूको समूह। यो गुरुङ पोशाक हो, नेपालको गुरुङ (तमु) समुदायको परम्परागत पोशाक। यो तामु लोसर जस्ता चाडपर्वहरू र अन्य सामुदायिक भेलाहरूमा लगाइन्छ।"
nepali_dresses_augmented/gurung_dress/131_aug1.jpg,"A group of men playing drums in the streets. This is the Gurung dress, the traditional attire of the Gurung (Tamu) community of Nepal. It is worn during festivals such as Tamu Lhosar and other community gatherings.","सडकमा ड्रम बजाउने पुरुषहरूको समूह। यो गुरुङ पोशाक हो, नेपालको गुरुङ (तमु) समुदायको परम्परागत पोशाक। यो तामु लोसर जस्ता चाडपर्वहरू र अन्य सामुदायिक भेलाहरूमा लगाइन्छ।"
nepali_dresses_augmented/gurung_dress/131_aug2.jpg,"A group of men playing drums in the streets. This is the Gurung dress, the traditional attire of the Gurung (Tamu) community of Nepal. It is worn during festivals such as Tamu Lhosar and other community gatherings.","सडकमा ड्रम बजाउने पुरुषहरूको समूह। यो गुरुङ पोशाक हो, नेपालको गुरुङ (तमु) समुदायको परम्परागत पोशाक। यो तामु लोसर जस्ता चाडपर्वहरू र अन्य सामुदायिक भेलाहरूमा लगाइन्छ।"
nepali_dresses_augmented/gurung_dress/132.jpg,"An old woman in traditional dress, bhutan - stock image. This is the Gurung dress, the traditional attire of the Gurung (Tamu) community of Nepal. It is worn during festivals such as Tamu Lhosar and other community gatherings.","परम्परागत पोशाकमा एक वृद्ध महिला, भुटान - स्टक छवि। यो गुरुङ पोशाक हो, नेपालको गुरुङ (तमु) समुदायको परम्परागत पोशाक हो। यो तमु लोसार जस्ता चाडहरूमा र अन्य सामुदायिक भेलाहरूमा लगाइन्छ।"
nepali_dresses_augmented/gurung_dress/132_aug1.jpg,"An old woman in traditional dress, bhutan - stock image. This is the Gurung dress, the traditional attire of the Gurung (Tamu) community of Nepal. It is worn during festivals such as Tamu Lhosar and other community gatherings.","परम्परागत पोशाकमा एक वृद्ध महिला, भुटान - स्टक छवि। यो गुरुङ पोशाक हो, नेपालको गुरुङ (तमु) समुदायको परम्परागत पोशाक हो। यो तमु लोसार जस्ता चाडहरूमा र अन्य सामुदायिक भेलाहरूमा लगाइन्छ।"
nepali_dresses_augmented/gurung_dress/132_aug2.jpg,"An old woman in traditional dress, bhutan - stock image. This is the Gurung dress, the traditional attire of the Gurung (Tamu) community of Nepal. It is worn during festivals such as Tamu Lhosar and other community gatherings.","परम्परागत पोशाकमा एक वृद्ध महिला, भुटान - स्टक छवि। यो गुरुङ पोशाक हो, नेपालको गुरुङ (तमु) समुदायको परम्परागत पोशाक हो। यो तमु लोसार जस्ता चाडहरूमा र अन्य सामुदायिक भेलाहरूमा लगाइन्छ।"
nepali_dresses_augmented/gurung_dress/133.jpg,"A group of men dressed in traditional costumes perform during festival. This is the Gurung dress, the traditional attire of the Gurung (Tamu) community of Nepal. It is worn during festivals such as Tamu Lhosar and other community gatherings.","परम्परागत पोशाक लगाएका पुरुषहरूको समूहले महोत्सवको समयमा प्रदर्शन गर्दछ। यो गुरुङ पोशाक हो, नेपालको गुरुङ (तमु) समुदायको परम्परागत पोशाक हो। यो तामु लोसर जस्ता महोत्सवहरू र अन्य सामुदायिक भेलाहरूमा लगाइन्छ।"
nepali_dresses_augmented/gurung_dress/133_aug1.jpg,"A group of men dressed in traditional costumes perform during festival. This is the Gurung dress, the traditional attire of the Gurung (Tamu) community of Nepal. It is worn during festivals such as Tamu Lhosar and other community gatherings.","परम्परागत पोशाक लगाएका पुरुषहरूको समूहले महोत्सवको समयमा प्रदर्शन गर्दछ। यो गुरुङ पोशाक हो, नेपालको गुरुङ (तमु) समुदायको परम्परागत पोशाक हो। यो तामु लोसर जस्ता महोत्सवहरू र अन्य सामुदायिक भेलाहरूमा लगाइन्छ।"
nepali_dresses_augmented/gurung_dress/133_aug2.jpg,"A group of men dressed in traditional costumes perform during festival. This is the Gurung dress, the traditional attire of the Gurung (Tamu) community of Nepal. It is worn during festivals such as Tamu Lhosar and other community gatherings.","परम्परागत पोशाक लगाएका पुरुषहरूको समूहले महोत्सवको समयमा प्रदर्शन गर्दछ। यो गुरुङ पोशाक हो, नेपालको गुरुङ (तमु) समुदायको परम्परागत पोशाक हो। यो तामु लोसर जस्ता महोत्सवहरू र अन्य सामुदायिक भेलाहरूमा लगाइन्छ।"
nepali_dresses_augmented/gurung_dress/134.jpg,"A woman in a red and white dress holding a blue megaphone. This is the Gurung dress, the traditional attire of the Gurung (Tamu) community of Nepal. It is worn during festivals such as Tamu Lhosar and other community gatherings.","नीलो मेगाफोन पकडेर रातो र सेतो पोशाकमा एक महिला। यो गुरुङ पोशाक हो, नेपालको गुरुङ (तमु) समुदायको परम्परागत पोशाक हो। यो तामु लोसर जस्ता चाडपर्वहरूमा लगाइन्छ र अन्य सामुदायिक भेलाहरूमा लगाइन्छ।"
nepali_dresses_augmented/gurung_dress/134_aug1.jpg,"A woman in a red and white dress holding a blue megaphone. This is the Gurung dress, the traditional attire of the Gurung (Tamu) community of Nepal. It is worn during festivals such as Tamu Lhosar and other community gatherings.","नीलो मेगाफोन पकडेर रातो र सेतो पोशाकमा एक महिला। यो गुरुङ पोशाक हो, नेपालको गुरुङ (तमु) समुदायको परम्परागत पोशाक हो। यो तामु लोसर जस्ता चाडपर्वहरूमा लगाइन्छ र अन्य सामुदायिक भेलाहरूमा लगाइन्छ।"
nepali_dresses_augmented/gurung_dress/134_aug2.jpg,"A woman in a red and white dress holding a blue megaphone. This is the Gurung dress, the traditional attire of the Gurung (Tamu) community of Nepal. It is worn during festivals such as Tamu Lhosar and other community gatherings.","नीलो मेगाफोन पकडेर रातो र सेतो पोशाकमा एक महिला। यो गुरुङ पोशाक हो, नेपालको गुरुङ (तमु) समुदायको परम्परागत पोशाक हो। यो तामु लोसर जस्ता चाडपर्वहरूमा लगाइन्छ र अन्य सामुदायिक भेलाहरूमा लगाइन्छ।"
nepali_dresses_augmented/gurung_dress/135.jpg,"A group of women in traditional costumes dancing. This is the Gurung dress, the traditional attire of the Gurung (Tamu) community of Nepal. It is worn during festivals such as Tamu Lhosar and other community gatherings.","परम्परागत पोशाकमा नाच्ने महिलाहरूको समूह। यो गुरुङ पोशाक हो, नेपालको गुरुङ (तमु) समुदायको परम्परागत पोशाक हो। यो तामु लोसार जस्ता चाडपर्वहरू र अन्य सामुदायिक भेलाहरूमा लगाइन्छ।"
nepali_dresses_augmented/gurung_dress/135_aug1.jpg,"A group of women in traditional costumes dancing. This is the Gurung dress, the traditional attire of the Gurung (Tamu) community of Nepal. It is worn during festivals such as Tamu Lhosar and other community gatherings.","परम्परागत पोशाकमा नाच्ने महिलाहरूको समूह। यो गुरुङ पोशाक हो, नेपालको गुरुङ (तमु) समुदायको परम्परागत पोशाक हो। यो तामु लोसार जस्ता चाडपर्वहरू र अन्य सामुदायिक भेलाहरूमा लगाइन्छ।"
nepali_dresses_augmented/gurung_dress/135_aug2.jpg,"A group of women in traditional costumes dancing. This is the Gurung dress, the traditional attire of the Gurung (Tamu) community of Nepal. It is worn during festivals such as Tamu Lhosar and other community gatherings.","परम्परागत पोशाकमा नाच्ने महिलाहरूको समूह। यो गुरुङ पोशाक हो, नेपालको गुरुङ (तमु) समुदायको परम्परागत पोशाक हो। यो तामु लोसार जस्ता चाडपर्वहरू र अन्य सामुदायिक भेलाहरूमा लगाइन्छ।"
nepali_dresses_augmented/gurung_dress/136.jpg,"Three young girls dressed in traditional clothing. This is the Gurung dress, the traditional attire of the Gurung (Tamu) community of Nepal. It is worn during festivals such as Tamu Lhosar and other community gatherings.","तीन युवतीहरू परम्परागत कपडामा पहिरेका छन्। यो गुरुङ पोशाक हो, नेपालको गुरुङ (तमु) समुदायको परम्परागत पोशाक हो। यो तामु लोसर जस्ता पर्वहरूमा र अन्य सामुदायिक भेलाहरूमा लगाइन्छ।"
nepali_dresses_augmented/gurung_dress/136_aug1.jpg,"Three young girls dressed in traditional clothing. This is the Gurung dress, the traditional attire of the Gurung (Tamu) community of Nepal. It is worn during festivals such as Tamu Lhosar and other community gatherings.","तीन युवतीहरू परम्परागत कपडामा पहिरेका छन्। यो गुरुङ पोशाक हो, नेपालको गुरुङ (तमु) समुदायको परम्परागत पोशाक हो। यो तामु लोसर जस्ता पर्वहरूमा र अन्य सामुदायिक भेलाहरूमा लगाइन्छ।"
nepali_dresses_augmented/gurung_dress/136_aug2.jpg,"Three young girls dressed in traditional clothing. This is the Gurung dress, the traditional attire of the Gurung (Tamu) community of Nepal. It is worn during festivals such as Tamu Lhosar and other community gatherings.","तीन युवतीहरू परम्परागत कपडामा पहिरेका छन्। यो गुरुङ पोशाक हो, नेपालको गुरुङ (तमु) समुदायको परम्परागत पोशाक हो। यो तामु लोसर जस्ता पर्वहरूमा र अन्य सामुदायिक भेलाहरूमा लगाइन्छ।"
nepali_dresses_augmented/gurung_dress/137.jpg,"A group of people standing next to each other people. This is the Gurung dress, the traditional attire of the Gurung (Tamu) community of Nepal. It is worn during festivals such as Tamu Lhosar and other community gatherings.","एक-अर्काको छेउमा उभिएका मानिसहरूको समूह। यो गुरुङ पोशाक हो, नेपालको गुरुङ (तमु) समुदायको परम्परागत पोशाक। यो तामु लोसर जस्ता चाडपर्वहरू र अन्य सामुदायिक भेलाहरूमा लगाइन्छ।"
nepali_dresses_augmented/gurung_dress/137_aug1.jpg,"A group of people standing next to each other people. This is the Gurung dress, the traditional attire of the Gurung (Tamu) community of Nepal. It is worn during festivals such as Tamu Lhosar and other community gatherings.","एक-अर्काको छेउमा उभिएका मानिसहरूको समूह। यो गुरुङ पोशाक हो, नेपालको गुरुङ (तमु) समुदायको परम्परागत पोशाक। यो तामु लोसर जस्ता चाडपर्वहरू र अन्य सामुदायिक भेलाहरूमा लगाइन्छ।"
nepali_dresses_augmented/gurung_dress/137_aug2.jpg,"A group of people standing next to each other people. This is the Gurung dress, the traditional attire of the Gurung (Tamu) community of Nepal. It is worn during festivals such as Tamu Lhosar and other community gatherings.","एक-अर्काको छेउमा उभिएका मानिसहरूको समूह। यो गुरुङ पोशाक हो, नेपालको गुरुङ (तमु) समुदायको परम्परागत पोशाक। यो तामु लोसर जस्ता चाडपर्वहरू र अन्य सामुदायिक भेलाहरूमा लगाइन्छ।"
nepali_dresses_augmented/gurung_dress/138.jpg,"A woman standing in front of a flower shop. This is the Gurung dress, the traditional attire of the Gurung (Tamu) community of Nepal. It is worn during festivals such as Tamu Lhosar and other community gatherings.","फूल पसलको अगाडि उभिएकी एक महिला. यो गुरुङ पोशाक हो, नेपालको गुरुङ (तमु) समुदायको परम्परागत पोशाक हो। यो तामु लोसर जस्ता चाडपर्वहरू र अन्य सामुदायिक भेलाहरूमा लगाइन्छ।"
nepali_dresses_augmented/gurung_dress/138_aug1.jpg,"A woman standing in front of a flower shop. This is the Gurung dress, the traditional attire of the Gurung (Tamu) community of Nepal. It is worn during festivals such as Tamu Lhosar and other community gatherings.","फूल पसलको अगाडि उभिएकी एक महिला. यो गुरुङ पोशाक हो, नेपालको गुरुङ (तमु) समुदायको परम्परागत पोशाक हो। यो तामु लोसर जस्ता चाडपर्वहरू र अन्य सामुदायिक भेलाहरूमा लगाइन्छ।"
nepali_dresses_augmented/gurung_dress/138_aug2.jpg,"A woman standing in front of a flower shop. This is the Gurung dress, the traditional attire of the Gurung (Tamu) community of Nepal. It is worn during festivals such as Tamu Lhosar and other community gatherings.","फूल पसलको अगाडि उभिएकी एक महिला. यो गुरुङ पोशाक हो, नेपालको गुरुङ (तमु) समुदायको परम्परागत पोशाक हो। यो तामु लोसर जस्ता चाडपर्वहरू र अन्य सामुदायिक भेलाहरूमा लगाइन्छ।"
nepali_dresses_augmented/gurung_dress/139.jpg,"A group of women standing on top of a mountain. This is the Gurung dress, the traditional attire of the Gurung (Tamu) community of Nepal. It is worn during festivals such as Tamu Lhosar and other community gatherings.","एक पहाडको शीर्षमा उभिएका महिलाहरूको समूह। यो गुरुङ पोशाक हो, नेपालको गुरुङ (तमु) समुदायको परम्परागत पोशाक। यो तामु लोसर जस्ता चाडपर्वहरू र अन्य सामुदायिक भेलाहरूमा लगाइन्छ।"
nepali_dresses_augmented/gurung_dress/139_aug1.jpg,"A group of women standing on top of a mountain. This is the Gurung dress, the traditional attire of the Gurung (Tamu) community of Nepal. It is worn during festivals such as Tamu Lhosar and other community gatherings.","एक पहाडको शीर्षमा उभिएका महिलाहरूको समूह। यो गुरुङ पोशाक हो, नेपालको गुरुङ (तमु) समुदायको परम्परागत पोशाक। यो तामु लोसर जस्ता चाडपर्वहरू र अन्य सामुदायिक भेलाहरूमा लगाइन्छ।"
nepali_dresses_augmented/gurung_dress/139_aug2.jpg,"A group of women standing on top of a mountain. This is the Gurung dress, the traditional attire of the Gurung (Tamu) community of Nepal. It is worn during festivals such as Tamu Lhosar and other community gatherings.","एक पहाडको शीर्षमा उभिएका महिलाहरूको समूह। यो गुरुङ पोशाक हो, नेपालको गुरुङ (तमु) समुदायको परम्परागत पोशाक। यो तामु लोसर जस्ता चाडपर्वहरू र अन्य सामुदायिक भेलाहरूमा लगाइन्छ।"
nepali_dresses_augmented/gurung_dress/13_aug1.jpg,"A woman in a red and black dress standing next to a brick wall. This is the Gurung dress, the traditional attire of the Gurung (Tamu) community of Nepal. It is worn during festivals such as Tamu Lhosar and other community gatherings.","इँटाको पर्खाल छेउमा खडा रातो र कालो पोशाकमा एक महिला। यो गुरुङ पोशाक हो, नेपालको गुरुङ (तमु) समुदायको परम्परागत पोशाक हो। यो तामु लोसर जस्ता चाडपर्वहरूमा लगाइन्छ र अन्य सामुदायिक भेलाहरूमा लगाइन्छ।"
nepali_dresses_augmented/gurung_dress/13_aug2.jpg,"A woman in a red and black dress standing next to a brick wall. This is the Gurung dress, the traditional attire of the Gurung (Tamu) community of Nepal. It is worn during festivals such as Tamu Lhosar and other community gatherings.","इँटाको पर्खाल छेउमा खडा रातो र कालो पोशाकमा एक महिला। यो गुरुङ पोशाक हो, नेपालको गुरुङ (तमु) समुदायको परम्परागत पोशाक हो। यो तामु लोसर जस्ता चाडपर्वहरूमा लगाइन्छ र अन्य सामुदायिक भेलाहरूमा लगाइन्छ।"
nepali_dresses_augmented/gurung_dress/13_aug3.jpg,"A woman in a red and black dress standing next to a brick wall. This is the Gurung dress, the traditional attire of the Gurung (Tamu) community of Nepal. It is worn during festivals such as Tamu Lhosar and other community gatherings.","इँटाको पर्खाल छेउमा खडा रातो र कालो पोशाकमा एक महिला। यो गुरुङ पोशाक हो, नेपालको गुरुङ (तमु) समुदायको परम्परागत पोशाक हो। यो तामु लोसर जस्ता चाडपर्वहरूमा लगाइन्छ र अन्य सामुदायिक भेलाहरूमा लगाइन्छ।"
nepali_dresses_augmented/gurung_dress/14.jpg,"A woman in a black and red dress sitting on a stone wall. This is the Gurung dress, the traditional attire of the Gurung (Tamu) community of Nepal. It is worn during festivals such as Tamu Lhosar and other community gatherings.","एक महिला कालो र रातो पोशाकमा ढुङ्गाको पर्खालमा बसिरहेको छ। यो गुरुङ पोशाक हो, नेपालको गुरुङ (तमु) समुदायको परम्परागत पोशाक हो। यो तमु लोसर जस्ता चाडपर्वहरूमा लगाइन्छ र अन्य सामुदायिक भेलाहरूमा।"
nepali_dresses_augmented/gurung_dress/140.jpg,"A little girl in the village of an indian village, india - stock image. This is the Gurung dress, the traditional attire of the Gurung (Tamu) community of Nepal. It is worn during festivals such as Tamu Lhosar and other community gatherings.","एक भारतीय गाउँको गाउँमा एक सानो केटी, भारत - स्टक छवि। यो गुरुङ पोशाक हो, नेपालको गुरुङ (तमु) समुदायको परम्परागत पोशाक। यो तमु लोसर जस्ता चाडपर्वहरूमा लगाइन्छ र अन्य सामुदायिक भेलाहरूमा।"
nepali_dresses_augmented/gurung_dress/140_aug1.jpg,"A little girl in the village of an indian village, india - stock image. This is the Gurung dress, the traditional attire of the Gurung (Tamu) community of Nepal. It is worn during festivals such as Tamu Lhosar and other community gatherings.","एक भारतीय गाउँको गाउँमा एक सानो केटी, भारत - स्टक छवि। यो गुरुङ पोशाक हो, नेपालको गुरुङ (तमु) समुदायको परम्परागत पोशाक। यो तमु लोसर जस्ता चाडपर्वहरूमा लगाइन्छ र अन्य सामुदायिक भेलाहरूमा।"
nepali_dresses_augmented/gurung_dress/140_aug2.jpg,"A little girl in the village of an indian village, india - stock image. This is the Gurung dress, the traditional attire of the Gurung (Tamu) community of Nepal. It is worn during festivals such as Tamu Lhosar and other community gatherings.","एक भारतीय गाउँको गाउँमा एक सानो केटी, भारत - स्टक छवि। यो गुरुङ पोशाक हो, नेपालको गुरुङ (तमु) समुदायको परम्परागत पोशाक। यो तमु लोसर जस्ता चाडपर्वहरूमा लगाइन्छ र अन्य सामुदायिक भेलाहरूमा।"
nepali_dresses_augmented/gurung_dress/141.jpg,"A young tibetan girl in traditional clothing stock photos. This is the Gurung dress, the traditional attire of the Gurung (Tamu) community of Nepal. It is worn during festivals such as Tamu Lhosar and other community gatherings.","परम्परागत कपडा स्टक फोटोमा एक तिब्बती युवती। यो गुरुङ पोशाक हो, नेपालको गुरुङ (तमु) समुदायको परम्परागत पोशाक हो। यो तामु लोसर जस्ता चाडपर्वहरूमा र अन्य सामुदायिक भेलाहरूमा लगाइन्छ।"
nepali_dresses_augmented/gurung_dress/141_aug1.jpg,"A young tibetan girl in traditional clothing stock photos. This is the Gurung dress, the traditional attire of the Gurung (Tamu) community of Nepal. It is worn during festivals such as Tamu Lhosar and other community gatherings.","परम्परागत कपडा स्टक फोटोमा एक तिब्बती युवती। यो गुरुङ पोशाक हो, नेपालको गुरुङ (तमु) समुदायको परम्परागत पोशाक हो। यो तामु लोसर जस्ता चाडपर्वहरूमा र अन्य सामुदायिक भेलाहरूमा लगाइन्छ।"
nepali_dresses_augmented/gurung_dress/141_aug2.jpg,"A young tibetan girl in traditional clothing stock photos. This is the Gurung dress, the traditional attire of the Gurung (Tamu) community of Nepal. It is worn during festivals such as Tamu Lhosar and other community gatherings.","परम्परागत कपडा स्टक फोटोमा एक तिब्बती युवती। यो गुरुङ पोशाक हो, नेपालको गुरुङ (तमु) समुदायको परम्परागत पोशाक हो। यो तामु लोसर जस्ता चाडपर्वहरूमा र अन्य सामुदायिक भेलाहरूमा लगाइन्छ।"
nepali_dresses_augmented/gurung_dress/142.jpg,"A woman with a basket sitting on top of a wall. This is the Gurung dress, the traditional attire of the Gurung (Tamu) community of Nepal. It is worn during festivals such as Tamu Lhosar and other community gatherings.","एक महिलाको टोकरी पर्खालको शीर्षमा बसिरहेको छ। यो गुरुङ पोशाक हो, नेपालको गुरुङ (तमु) समुदायको परम्परागत पोशाक हो। यो तमु लोसर जस्ता चाडहरूमा लगाइन्छ र अन्य सामुदायिक भेलाहरूमा लगाइन्छ।"
nepali_dresses_augmented/gurung_dress/142_aug1.jpg,"A woman with a basket sitting on top of a wall. This is the Gurung dress, the traditional attire of the Gurung (Tamu) community of Nepal. It is worn during festivals such as Tamu Lhosar and other community gatherings.","एक महिलाको टोकरी पर्खालको शीर्षमा बसिरहेको छ। यो गुरुङ पोशाक हो, नेपालको गुरुङ (तमु) समुदायको परम्परागत पोशाक हो। यो तमु लोसर जस्ता चाडहरूमा लगाइन्छ र अन्य सामुदायिक भेलाहरूमा लगाइन्छ।"
nepali_dresses_augmented/gurung_dress/142_aug2.jpg,"A woman with a basket sitting on top of a wall. This is the Gurung dress, the traditional attire of the Gurung (Tamu) community of Nepal. It is worn during festivals such as Tamu Lhosar and other community gatherings.","एक महिलाको टोकरी पर्खालको शीर्षमा बसिरहेको छ। यो गुरुङ पोशाक हो, नेपालको गुरुङ (तमु) समुदायको परम्परागत पोशाक हो। यो तमु लोसर जस्ता चाडहरूमा लगाइन्छ र अन्य सामुदायिक भेलाहरूमा लगाइन्छ।"
nepali_dresses_augmented/gurung_dress/143.jpg,"A woman wearing a red dress and green necklace. This is the Gurung dress, the traditional attire of the Gurung (Tamu) community of Nepal. It is worn during festivals such as Tamu Lhosar and other community gatherings.","एक महिलाले रातो पोशाक र हरियो हार लगाउँछिन्। यो गुरुङ पोशाक हो, नेपालको गुरुङ (तमु) समुदायको परम्परागत पोशाक हो। यो तमु लोसर र अन्य सामुदायिक भेलाहरूमा लगाइन्छ।"
nepali_dresses_augmented/gurung_dress/143_aug1.jpg,"A woman wearing a red dress and green necklace. This is the Gurung dress, the traditional attire of the Gurung (Tamu) community of Nepal. It is worn during festivals such as Tamu Lhosar and other community gatherings.","एक महिलाले रातो पोशाक र हरियो हार लगाउँछिन्। यो गुरुङ पोशाक हो, नेपालको गुरुङ (तमु) समुदायको परम्परागत पोशाक हो। यो तमु लोसर र अन्य सामुदायिक भेलाहरूमा लगाइन्छ।"
nepali_dresses_augmented/gurung_dress/143_aug2.jpg,"A woman wearing a red dress and green necklace. This is the Gurung dress, the traditional attire of the Gurung (Tamu) community of Nepal. It is worn during festivals such as Tamu Lhosar and other community gatherings.","एक महिलाले रातो पोशाक र हरियो हार लगाउँछिन्। यो गुरुङ पोशाक हो, नेपालको गुरुङ (तमु) समुदायको परम्परागत पोशाक हो। यो तमु लोसर र अन्य सामुदायिक भेलाहरूमा लगाइन्छ।"
nepali_dresses_augmented/gurung_dress/14_aug1.jpg,"A woman in a black and red dress sitting on a stone wall. This is the Gurung dress, the traditional attire of the Gurung (Tamu) community of Nepal. It is worn during festivals such as Tamu Lhosar and other community gatherings.","एक महिला कालो र रातो पोशाकमा ढुङ्गाको पर्खालमा बसिरहेको छ। यो गुरुङ पोशाक हो, नेपालको गुरुङ (तमु) समुदायको परम्परागत पोशाक हो। यो तमु लोसर जस्ता चाडपर्वहरूमा लगाइन्छ र अन्य सामुदायिक भेलाहरूमा।"
nepali_dresses_augmented/gurung_dress/14_aug2.jpg,"A woman in a black and red dress sitting on a stone wall. This is the Gurung dress, the traditional attire of the Gurung (Tamu) community of Nepal. It is worn during festivals such as Tamu Lhosar and other community gatherings.","एक महिला कालो र रातो पोशाकमा ढुङ्गाको पर्खालमा बसिरहेको छ। यो गुरुङ पोशाक हो, नेपालको गुरुङ (तमु) समुदायको परम्परागत पोशाक हो। यो तमु लोसर जस्ता चाडपर्वहरूमा लगाइन्छ र अन्य सामुदायिक भेलाहरूमा।"
nepali_dresses_augmented/gurung_dress/14_aug3.jpg,"A woman in a black and red dress sitting on a stone wall. This is the Gurung dress, the traditional attire of the Gurung (Tamu) community of Nepal. It is worn during festivals such as Tamu Lhosar and other community gatherings.","एक महिला कालो र रातो पोशाकमा ढुङ्गाको पर्खालमा बसिरहेको छ। यो गुरुङ पोशाक हो, नेपालको गुरुङ (तमु) समुदायको परम्परागत पोशाक हो। यो तमु लोसर जस्ता चाडपर्वहरूमा लगाइन्छ र अन्य सामुदायिक भेलाहरूमा।"
nepali_dresses_augmented/gurung_dress/15.jpg,"A man and woman dressed in traditional costumes. This is the Gurung dress, the traditional attire of the Gurung (Tamu) community of Nepal. It is worn during festivals such as Tamu Lhosar and other community gatherings.","एक पुरुष र महिला परम्परागत पोशाकमा लुगा लगाउँछन्। यो गुरुङ पोशाक हो, नेपालको गुरुङ (तमु) समुदायको परम्परागत पोशाक हो। यो तामु लोसर र अन्य सामुदायिक भेलाहरूमा लगाइन्छ।"
nepali_dresses_augmented/gurung_dress/15_aug1.jpg,"A man and woman dressed in traditional costumes. This is the Gurung dress, the traditional attire of the Gurung (Tamu) community of Nepal. It is worn during festivals such as Tamu Lhosar and other community gatherings.","एक पुरुष र महिला परम्परागत पोशाकमा लुगा लगाउँछन्। यो गुरुङ पोशाक हो, नेपालको गुरुङ (तमु) समुदायको परम्परागत पोशाक हो। यो तामु लोसर र अन्य सामुदायिक भेलाहरूमा लगाइन्छ।"
nepali_dresses_augmented/gurung_dress/15_aug2.jpg,"A man and woman dressed in traditional costumes. This is the Gurung dress, the traditional attire of the Gurung (Tamu) community of Nepal. It is worn during festivals such as Tamu Lhosar and other community gatherings.","एक पुरुष र महिला परम्परागत पोशाकमा लुगा लगाउँछन्। यो गुरुङ पोशाक हो, नेपालको गुरुङ (तमु) समुदायको परम्परागत पोशाक हो। यो तामु लोसर र अन्य सामुदायिक भेलाहरूमा लगाइन्छ।"
nepali_dresses_augmented/gurung_dress/15_aug3.jpg,"A man and woman dressed in traditional costumes. This is the Gurung dress, the traditional attire of the Gurung (Tamu) community of Nepal. It is worn during festivals such as Tamu Lhosar and other community gatherings.","एक पुरुष र महिला परम्परागत पोशाकमा लुगा लगाउँछन्। यो गुरुङ पोशाक हो, नेपालको गुरुङ (तमु) समुदायको परम्परागत पोशाक हो। यो तामु लोसर र अन्य सामुदायिक भेलाहरूमा लगाइन्छ।"
nepali_dresses_augmented/gurung_dress/16.jpg,"A woman standing in front of a waterfall. This is the Gurung dress, the traditional attire of the Gurung (Tamu) community of Nepal. It is worn during festivals such as Tamu Lhosar and other community gatherings.","एक महिला झरनाको अगाडि उभिएकी छिन्। यो गुरुङ पोशाक हो, नेपालको गुरुङ (तमु) समुदायको परम्परागत पोशाक हो। यो तामु लोसार जस्ता चाडपर्वहरू र अन्य सामुदायिक भेलाहरूमा लगाइन्छ।"
nepali_dresses_augmented/gurung_dress/16_aug1.jpg,"A woman standing in front of a waterfall. This is the Gurung dress, the traditional attire of the Gurung (Tamu) community of Nepal. It is worn during festivals such as Tamu Lhosar and other community gatherings.","एक महिला झरनाको अगाडि उभिएकी छिन्। यो गुरुङ पोशाक हो, नेपालको गुरुङ (तमु) समुदायको परम्परागत पोशाक हो। यो तामु लोसार जस्ता चाडपर्वहरू र अन्य सामुदायिक भेलाहरूमा लगाइन्छ।"
nepali_dresses_augmented/gurung_dress/16_aug2.jpg,"A woman standing in front of a waterfall. This is the Gurung dress, the traditional attire of the Gurung (Tamu) community of Nepal. It is worn during festivals such as Tamu Lhosar and other community gatherings.","एक महिला झरनाको अगाडि उभिएकी छिन्। यो गुरुङ पोशाक हो, नेपालको गुरुङ (तमु) समुदायको परम्परागत पोशाक हो। यो तामु लोसार जस्ता चाडपर्वहरू र अन्य सामुदायिक भेलाहरूमा लगाइन्छ।"
nepali_dresses_augmented/gurung_dress/16_aug3.jpg,"A woman standing in front of a waterfall. This is the Gurung dress, the traditional attire of the Gurung (Tamu) community of Nepal. It is worn during festivals such as Tamu Lhosar and other community gatherings.","एक महिला झरनाको अगाडि उभिएकी छिन्। यो गुरुङ पोशाक हो, नेपालको गुरुङ (तमु) समुदायको परम्परागत पोशाक हो। यो तामु लोसार जस्ता चाडपर्वहरू र अन्य सामुदायिक भेलाहरूमा लगाइन्छ।"
nepali_dresses_augmented/gurung_dress/17.jpg,"A woman in traditional dress walking through flowers. This is the Gurung dress, the traditional attire of the Gurung (Tamu) community of Nepal. It is worn during festivals such as Tamu Lhosar and other community gatherings.","फूलहरू मार्फत हिड्ने परम्परागत पोशाकमा महिला। यो गुरुङ पोशाक हो, नेपालको गुरुङ (तमु) समुदायको परम्परागत पोशाक हो। यो तामु लोसर र अन्य सामुदायिक भेलाहरूमा लगाइन्छ।"
nepali_dresses_augmented/gurung_dress/17_aug1.jpg,"A woman in traditional dress walking through flowers. This is the Gurung dress, the traditional attire of the Gurung (Tamu) community of Nepal. It is worn during festivals such as Tamu Lhosar and other community gatherings.","फूलहरू मार्फत हिड्ने परम्परागत पोशाकमा महिला। यो गुरुङ पोशाक हो, नेपालको गुरुङ (तमु) समुदायको परम्परागत पोशाक हो। यो तामु लोसर र अन्य सामुदायिक भेलाहरूमा लगाइन्छ।"
nepali_dresses_augmented/gurung_dress/17_aug2.jpg,"A woman in traditional dress walking through flowers. This is the Gurung dress, the traditional attire of the Gurung (Tamu) community of Nepal. It is worn during festivals such as Tamu Lhosar and other community gatherings.","फूलहरू मार्फत हिड्ने परम्परागत पोशाकमा महिला। यो गुरुङ पोशाक हो, नेपालको गुरुङ (तमु) समुदायको परम्परागत पोशाक हो। यो तामु लोसर र अन्य सामुदायिक भेलाहरूमा लगाइन्छ।"
nepali_dresses_augmented/gurung_dress/17_aug3.jpg,"A woman in traditional dress walking through flowers. This is the Gurung dress, the traditional attire of the Gurung (Tamu) community of Nepal. It is worn during festivals such as Tamu Lhosar and other community gatherings.","फूलहरू मार्फत हिड्ने परम्परागत पोशाकमा महिला। यो गुरुङ पोशाक हो, नेपालको गुरुङ (तमु) समुदायको परम्परागत पोशाक हो। यो तामु लोसर र अन्य सामुदायिक भेलाहरूमा लगाइन्छ।"
nepali_dresses_augmented/gurung_dress/18.jpg,"A young girl in a red dress and blue jeans. This is the Gurung dress, the traditional attire of the Gurung (Tamu) community of Nepal. It is worn during festivals such as Tamu Lhosar and other community gatherings.","एउटा रातो पोशाक र नीलो जीन्समा एक युवती। यो गुरुङ पोशाक हो, नेपालको गुरुङ (तमु) समुदायको परम्परागत पोशाक हो। यो तामु लोसर जस्ता पर्वहरूमा लगाइन्छ र अन्य सामुदायिक भेलाहरूमा लगाइन्छ।"
nepali_dresses_augmented/gurung_dress/18_aug1.jpg,"A young girl in a red dress and blue jeans. This is the Gurung dress, the traditional attire of the Gurung (Tamu) community of Nepal. It is worn during festivals such as Tamu Lhosar and other community gatherings.","एउटा रातो पोशाक र नीलो जीन्समा एक युवती। यो गुरुङ पोशाक हो, नेपालको गुरुङ (तमु) समुदायको परम्परागत पोशाक हो। यो तामु लोसर जस्ता पर्वहरूमा लगाइन्छ र अन्य सामुदायिक भेलाहरूमा लगाइन्छ।"
nepali_dresses_augmented/gurung_dress/18_aug2.jpg,"A young girl in a red dress and blue jeans. This is the Gurung dress, the traditional attire of the Gurung (Tamu) community of Nepal. It is worn during festivals such as Tamu Lhosar and other community gatherings.","एउटा रातो पोशाक र नीलो जीन्समा एक युवती। यो गुरुङ पोशाक हो, नेपालको गुरुङ (तमु) समुदायको परम्परागत पोशाक हो। यो तामु लोसर जस्ता पर्वहरूमा लगाइन्छ र अन्य सामुदायिक भेलाहरूमा लगाइन्छ।"
nepali_dresses_augmented/gurung_dress/18_aug3.jpg,"A young girl in a red dress and blue jeans. This is the Gurung dress, the traditional attire of the Gurung (Tamu) community of Nepal. It is worn during festivals such as Tamu Lhosar and other community gatherings.","एउटा रातो पोशाक र नीलो जीन्समा एक युवती। यो गुरुङ पोशाक हो, नेपालको गुरुङ (तमु) समुदायको परम्परागत पोशाक हो। यो तामु लोसर जस्ता पर्वहरूमा लगाइन्छ र अन्य सामुदायिक भेलाहरूमा लगाइन्छ।"
nepali_dresses_augmented/gurung_dress/19.jpg,"A woman in a red and black dress standing in front of a building. This is the Gurung dress, the traditional attire of the Gurung (Tamu) community of Nepal. It is worn during festivals such as Tamu Lhosar and other community gatherings.","एउटा रातो र कालो पोशाकमा उभिएको महिला। यो गुरुङ पोशाक हो, नेपालको गुरुङ (तमु) समुदायको परम्परागत पोशाक हो। यो तमु लोसर र अन्य सामुदायिक भेलाहरूमा लगाइन्छ।"
nepali_dresses_augmented/gurung_dress/19_aug1.jpg,"A woman in a red and black dress standing in front of a building. This is the Gurung dress, the traditional attire of the Gurung (Tamu) community of Nepal. It is worn during festivals such as Tamu Lhosar and other community gatherings.","एउटा रातो र कालो पोशाकमा उभिएको महिला। यो गुरुङ पोशाक हो, नेपालको गुरुङ (तमु) समुदायको परम्परागत पोशाक हो। यो तमु लोसर र अन्य सामुदायिक भेलाहरूमा लगाइन्छ।"
nepali_dresses_augmented/gurung_dress/19_aug2.jpg,"A woman in a red and black dress standing in front of a building. This is the Gurung dress, the traditional attire of the Gurung (Tamu) community of Nepal. It is worn during festivals such as Tamu Lhosar and other community gatherings.","एउटा रातो र कालो पोशाकमा उभिएको महिला। यो गुरुङ पोशाक हो, नेपालको गुरुङ (तमु) समुदायको परम्परागत पोशाक हो। यो तमु लोसर र अन्य सामुदायिक भेलाहरूमा लगाइन्छ।"
nepali_dresses_augmented/gurung_dress/19_aug3.jpg,"A woman in a red and black dress standing in front of a building. This is the Gurung dress, the traditional attire of the Gurung (Tamu) community of Nepal. It is worn during festivals such as Tamu Lhosar and other community gatherings.","एउटा रातो र कालो पोशाकमा उभिएको महिला। यो गुरुङ पोशाक हो, नेपालको गुरुङ (तमु) समुदायको परम्परागत पोशाक हो। यो तमु लोसर र अन्य सामुदायिक भेलाहरूमा लगाइन्छ।"
nepali_dresses_augmented/gurung_dress/1_aug1.jpg,"A woman in a red and black sari. This is the Gurung dress, the traditional attire of the Gurung (Tamu) community of Nepal. It is worn during festivals such as Tamu Lhosar and other community gatherings.","एक महिला रातो र कालो साड़ीमा। यो गुरुङ पोशाक हो, नेपालको गुरुङ (तमु) समुदायको परम्परागत पोशाक हो। यो तामु लोसर र अन्य सामुदायिक भेलाहरूमा लगाइन्छ।"
nepali_dresses_augmented/gurung_dress/1_aug2.jpg,"A woman in a red and black sari. This is the Gurung dress, the traditional attire of the Gurung (Tamu) community of Nepal. It is worn during festivals such as Tamu Lhosar and other community gatherings.","एक महिला रातो र कालो साड़ीमा। यो गुरुङ पोशाक हो, नेपालको गुरुङ (तमु) समुदायको परम्परागत पोशाक हो। यो तामु लोसर र अन्य सामुदायिक भेलाहरूमा लगाइन्छ।"
nepali_dresses_augmented/gurung_dress/1_aug3.jpg,"A woman in a red and black sari. This is the Gurung dress, the traditional attire of the Gurung (Tamu) community of Nepal. It is worn during festivals such as Tamu Lhosar and other community gatherings.","एक महिला रातो र कालो साड़ीमा। यो गुरुङ पोशाक हो, नेपालको गुरुङ (तमु) समुदायको परम्परागत पोशाक हो। यो तामु लोसर र अन्य सामुदायिक भेलाहरूमा लगाइन्छ।"
nepali_dresses_augmented/gurung_dress/2.jpg,"A group of young girls dressed in traditional costumes during the festival - stock image. This is the Gurung dress, the traditional attire of the Gurung (Tamu) community of Nepal. It is worn during festivals such as Tamu Lhosar and other community gatherings.","महोत्सवको समयमा परम्परागत पोशाक लगाउने युवतीहरूको समूह - स्टक छवि। यो गुरुङ पोशाक हो, नेपालको गुरुङ (तमु) समुदायको परम्परागत पोशाक हो। यो तामु ल्होसर जस्ता महोत्सवहरू र अन्य सामुदायिक भेलाहरूमा लगाइन्छ।"
nepali_dresses_augmented/gurung_dress/20.jpg,"A woman in traditional dress standing on a stone floor. This is the Gurung dress, the traditional attire of the Gurung (Tamu) community of Nepal. It is worn during festivals such as Tamu Lhosar and other community gatherings.","एक महिला परम्परागत पोशाकमा ढुङ्गाको भुइँमा उभिएकी छिन्। यो गुरुङ पोशाक हो, नेपालको गुरुङ (तमु) समुदायको परम्परागत पोशाक हो। यो तमु लोसर र अन्य सामुदायिक भेलाहरूमा लगाइन्छ।"
nepali_dresses_augmented/gurung_dress/20_aug1.jpg,"A woman in traditional dress standing on a stone floor. This is the Gurung dress, the traditional attire of the Gurung (Tamu) community of Nepal. It is worn during festivals such as Tamu Lhosar and other community gatherings.","एक महिला परम्परागत पोशाकमा ढुङ्गाको भुइँमा उभिएकी छिन्। यो गुरुङ पोशाक हो, नेपालको गुरुङ (तमु) समुदायको परम्परागत पोशाक हो। यो तमु लोसर र अन्य सामुदायिक भेलाहरूमा लगाइन्छ।"
nepali_dresses_augmented/gurung_dress/20_aug2.jpg,"A woman in traditional dress standing on a stone floor. This is the Gurung dress, the traditional attire of the Gurung (Tamu) community of Nepal. It is worn during festivals such as Tamu Lhosar and other community gatherings.","एक महिला परम्परागत पोशाकमा ढुङ्गाको भुइँमा उभिएकी छिन्। यो गुरुङ पोशाक हो, नेपालको गुरुङ (तमु) समुदायको परम्परागत पोशाक हो। यो तमु लोसर र अन्य सामुदायिक भेलाहरूमा लगाइन्छ।"
nepali_dresses_augmented/gurung_dress/20_aug3.jpg,"A woman in traditional dress standing on a stone floor. This is the Gurung dress, the traditional attire of the Gurung (Tamu) community of Nepal. It is worn during festivals such as Tamu Lhosar and other community gatherings.","एक महिला परम्परागत पोशाकमा ढुङ्गाको भुइँमा उभिएकी छिन्। यो गुरुङ पोशाक हो, नेपालको गुरुङ (तमु) समुदायको परम्परागत पोशाक हो। यो तमु लोसर र अन्य सामुदायिक भेलाहरूमा लगाइन्छ।"
nepali_dresses_augmented/gurung_dress/21.jpg,"A group of people standing on top of a mountain. This is the Gurung dress, the traditional attire of the Gurung (Tamu) community of Nepal. It is worn during festivals such as Tamu Lhosar and other community gatherings.","एक पहाडको शीर्षमा उभिएका मानिसहरूको समूह। यो गुरुङ पोशाक हो, नेपालको गुरुङ (तमु) समुदायको परम्परागत पोशाक। यो तामु लोसर जस्ता चाडपर्वहरू र अन्य सामुदायिक भेलाहरूमा लगाइन्छ।"
nepali_dresses_augmented/gurung_dress/21_aug1.jpg,"A group of people standing on top of a mountain. This is the Gurung dress, the traditional attire of the Gurung (Tamu) community of Nepal. It is worn during festivals such as Tamu Lhosar and other community gatherings.","एक पहाडको शीर्षमा उभिएका मानिसहरूको समूह। यो गुरुङ पोशाक हो, नेपालको गुरुङ (तमु) समुदायको परम्परागत पोशाक। यो तामु लोसर जस्ता चाडपर्वहरू र अन्य सामुदायिक भेलाहरूमा लगाइन्छ।"
nepali_dresses_augmented/gurung_dress/21_aug2.jpg,"A group of people standing on top of a mountain. This is the Gurung dress, the traditional attire of the Gurung (Tamu) community of Nepal. It is worn during festivals such as Tamu Lhosar and other community gatherings.","एक पहाडको शीर्षमा उभिएका मानिसहरूको समूह। यो गुरुङ पोशाक हो, नेपालको गुरुङ (तमु) समुदायको परम्परागत पोशाक। यो तामु लोसर जस्ता चाडपर्वहरू र अन्य सामुदायिक भेलाहरूमा लगाइन्छ।"
nepali_dresses_augmented/gurung_dress/21_aug3.jpg,"A group of people standing on top of a mountain. This is the Gurung dress, the traditional attire of the Gurung (Tamu) community of Nepal. It is worn during festivals such as Tamu Lhosar and other community gatherings.","एक पहाडको शीर्षमा उभिएका मानिसहरूको समूह। यो गुरुङ पोशाक हो, नेपालको गुरुङ (तमु) समुदायको परम्परागत पोशाक। यो तामु लोसर जस्ता चाडपर्वहरू र अन्य सामुदायिक भेलाहरूमा लगाइन्छ।"
nepali_dresses_augmented/gurung_dress/22.jpg,"A group of people dressed in colorful costumes. This is the Gurung dress, the traditional attire of the Gurung (Tamu) community of Nepal. It is worn during festivals such as Tamu Lhosar and other community gatherings.","एक समूहले रंगीन पोशाकमा लुगा लगाएका थिए। यो गुरुङ पोशाक हो, नेपालको गुरुङ (तमु) समुदायको परम्परागत पोशाक हो। यो तमु लोसर र अन्य सामुदायिक भेलाहरूमा लगाइन्छ।"
nepali_dresses_augmented/gurung_dress/22_aug1.jpg,"A group of people dressed in colorful costumes. This is the Gurung dress, the traditional attire of the Gurung (Tamu) community of Nepal. It is worn during festivals such as Tamu Lhosar and other community gatherings.","एक समूहले रंगीन पोशाकमा लुगा लगाएका थिए। यो गुरुङ पोशाक हो, नेपालको गुरुङ (तमु) समुदायको परम्परागत पोशाक हो। यो तमु लोसर र अन्य सामुदायिक भेलाहरूमा लगाइन्छ।"
nepali_dresses_augmented/gurung_dress/22_aug2.jpg,"A group of people dressed in colorful costumes. This is the Gurung dress, the traditional attire of the Gurung (Tamu) community of Nepal. It is worn during festivals such as Tamu Lhosar and other community gatherings.","एक समूहले रंगीन पोशाकमा लुगा लगाएका थिए। यो गुरुङ पोशाक हो, नेपालको गुरुङ (तमु) समुदायको परम्परागत पोशाक हो। यो तमु लोसर र अन्य सामुदायिक भेलाहरूमा लगाइन्छ।"
nepali_dresses_augmented/gurung_dress/22_aug3.jpg,"A group of people dressed in colorful costumes. This is the Gurung dress, the traditional attire of the Gurung (Tamu) community of Nepal. It is worn during festivals such as Tamu Lhosar and other community gatherings.","एक समूहले रंगीन पोशाकमा लुगा लगाएका थिए। यो गुरुङ पोशाक हो, नेपालको गुरुङ (तमु) समुदायको परम्परागत पोशाक हो। यो तमु लोसर र अन्य सामुदायिक भेलाहरूमा लगाइन्छ।"
nepali_dresses_augmented/gurung_dress/23.jpg,"Two young girls in traditional clothing. This is the Gurung dress, the traditional attire of the Gurung (Tamu) community of Nepal. It is worn during festivals such as Tamu Lhosar and other community gatherings.","दुई युवतीहरू परम्परागत कपडामा। यो गुरुङ पोशाक हो, नेपालको गुरुङ (तमु) समुदायको परम्परागत पोशाक हो। यो तामु लोसर र अन्य सामुदायिक भेलाहरूमा लगाइन्छ।"
nepali_dresses_augmented/gurung_dress/23_aug1.jpg,"Two young girls in traditional clothing. This is the Gurung dress, the traditional attire of the Gurung (Tamu) community of Nepal. It is worn during festivals such as Tamu Lhosar and other community gatherings.","दुई युवतीहरू परम्परागत कपडामा। यो गुरुङ पोशाक हो, नेपालको गुरुङ (तमु) समुदायको परम्परागत पोशाक हो। यो तामु लोसर र अन्य सामुदायिक भेलाहरूमा लगाइन्छ।"
nepali_dresses_augmented/gurung_dress/23_aug2.jpg,"Two young girls in traditional clothing. This is the Gurung dress, the traditional attire of the Gurung (Tamu) community of Nepal. It is worn during festivals such as Tamu Lhosar and other community gatherings.","दुई युवतीहरू परम्परागत कपडामा। यो गुरुङ पोशाक हो, नेपालको गुरुङ (तमु) समुदायको परम्परागत पोशाक हो। यो तामु लोसर र अन्य सामुदायिक भेलाहरूमा लगाइन्छ।"
nepali_dresses_augmented/gurung_dress/23_aug3.jpg,"Two young girls in traditional clothing. This is the Gurung dress, the traditional attire of the Gurung (Tamu) community of Nepal. It is worn during festivals such as Tamu Lhosar and other community gatherings.","दुई युवतीहरू परम्परागत कपडामा। यो गुरुङ पोशाक हो, नेपालको गुरुङ (तमु) समुदायको परम्परागत पोशाक हो। यो तामु लोसर र अन्य सामुदायिक भेलाहरूमा लगाइन्छ।"
nepali_dresses_augmented/gurung_dress/24.jpg,"Two women posing for the camera. This is the Gurung dress, the traditional attire of the Gurung (Tamu) community of Nepal. It is worn during festivals such as Tamu Lhosar and other community gatherings.","दुई महिला क्यामेराको लागि पोज गर्दैछन्। यो गुरुङ पोशाक हो, नेपालको गुरुङ (तमु) समुदायको परम्परागत पोशाक हो। यो तमु लोसर जस्ता पर्वहरूमा र अन्य सामुदायिक भेलाहरूमा लगाइन्छ।"
nepali_dresses_augmented/gurung_dress/24_aug1.jpg,"Two women posing for the camera. This is the Gurung dress, the traditional attire of the Gurung (Tamu) community of Nepal. It is worn during festivals such as Tamu Lhosar and other community gatherings.","दुई महिला क्यामेराको लागि पोज गर्दैछन्। यो गुरुङ पोशाक हो, नेपालको गुरुङ (तमु) समुदायको परम्परागत पोशाक हो। यो तमु लोसर जस्ता पर्वहरूमा र अन्य सामुदायिक भेलाहरूमा लगाइन्छ।"
nepali_dresses_augmented/gurung_dress/24_aug2.jpg,"Two women posing for the camera. This is the Gurung dress, the traditional attire of the Gurung (Tamu) community of Nepal. It is worn during festivals such as Tamu Lhosar and other community gatherings.","दुई महिला क्यामेराको लागि पोज गर्दैछन्। यो गुरुङ पोशाक हो, नेपालको गुरुङ (तमु) समुदायको परम्परागत पोशाक हो। यो तमु लोसर जस्ता पर्वहरूमा र अन्य सामुदायिक भेलाहरूमा लगाइन्छ।"
nepali_dresses_augmented/gurung_dress/24_aug3.jpg,"Two women posing for the camera. This is the Gurung dress, the traditional attire of the Gurung (Tamu) community of Nepal. It is worn during festivals such as Tamu Lhosar and other community gatherings.","दुई महिला क्यामेराको लागि पोज गर्दैछन्। यो गुरुङ पोशाक हो, नेपालको गुरुङ (तमु) समुदायको परम्परागत पोशाक हो। यो तमु लोसर जस्ता पर्वहरूमा र अन्य सामुदायिक भेलाहरूमा लगाइन्छ।"
nepali_dresses_augmented/gurung_dress/25.jpg,"Person, person and others at the event. This is the Gurung dress, the traditional attire of the Gurung (Tamu) community of Nepal. It is worn during festivals such as Tamu Lhosar and other community gatherings.","कार्यक्रममा व्यक्ति, व्यक्ति र अन्य व्यक्तिहरू। यो गुरुङ पोशाक हो, नेपालको गुरुङ (तमु) समुदायको परम्परागत पोशाक। यो तामु लोसार जस्ता चाडपर्वहरू र अन्य सामुदायिक भेलाहरूमा लगाइन्छ।"
nepali_dresses_augmented/gurung_dress/25_aug1.jpg,"Person, person and others at the event. This is the Gurung dress, the traditional attire of the Gurung (Tamu) community of Nepal. It is worn during festivals such as Tamu Lhosar and other community gatherings.","कार्यक्रममा व्यक्ति, व्यक्ति र अन्य व्यक्तिहरू। यो गुरुङ पोशाक हो, नेपालको गुरुङ (तमु) समुदायको परम्परागत पोशाक। यो तामु लोसार जस्ता चाडपर्वहरू र अन्य सामुदायिक भेलाहरूमा लगाइन्छ।"
nepali_dresses_augmented/gurung_dress/25_aug2.jpg,"Person, person and others at the event. This is the Gurung dress, the traditional attire of the Gurung (Tamu) community of Nepal. It is worn during festivals such as Tamu Lhosar and other community gatherings.","कार्यक्रममा व्यक्ति, व्यक्ति र अन्य व्यक्तिहरू। यो गुरुङ पोशाक हो, नेपालको गुरुङ (तमु) समुदायको परम्परागत पोशाक। यो तामु लोसार जस्ता चाडपर्वहरू र अन्य सामुदायिक भेलाहरूमा लगाइन्छ।"
nepali_dresses_augmented/gurung_dress/25_aug3.jpg,"Person, person and others at the event. This is the Gurung dress, the traditional attire of the Gurung (Tamu) community of Nepal. It is worn during festivals such as Tamu Lhosar and other community gatherings.","कार्यक्रममा व्यक्ति, व्यक्ति र अन्य व्यक्तिहरू। यो गुरुङ पोशाक हो, नेपालको गुरुङ (तमु) समुदायको परम्परागत पोशाक। यो तामु लोसार जस्ता चाडपर्वहरू र अन्य सामुदायिक भेलाहरूमा लगाइन्छ।"
nepali_dresses_augmented/gurung_dress/26.jpg,"A woman in a red jacket and black skirt. This is the Gurung dress, the traditional attire of the Gurung (Tamu) community of Nepal. It is worn during festivals such as Tamu Lhosar and other community gatherings.","एक महिला रातो ज्याकेट र कालो स्कर्टमा। यो गुरुङ पोशाक हो, नेपालको गुरुङ (तमु) समुदायको परम्परागत पोशाक हो। यो तमु लोसर र अन्य सामुदायिक भेलाहरूमा लगाइन्छ।"
nepali_dresses_augmented/gurung_dress/26_aug1.jpg,"A woman in a red jacket and black skirt. This is the Gurung dress, the traditional attire of the Gurung (Tamu) community of Nepal. It is worn during festivals such as Tamu Lhosar and other community gatherings.","एक महिला रातो ज्याकेट र कालो स्कर्टमा। यो गुरुङ पोशाक हो, नेपालको गुरुङ (तमु) समुदायको परम्परागत पोशाक हो। यो तमु लोसर र अन्य सामुदायिक भेलाहरूमा लगाइन्छ।"
nepali_dresses_augmented/gurung_dress/26_aug2.jpg,"A woman in a red jacket and black skirt. This is the Gurung dress, the traditional attire of the Gurung (Tamu) community of Nepal. It is worn during festivals such as Tamu Lhosar and other community gatherings.","एक महिला रातो ज्याकेट र कालो स्कर्टमा। यो गुरुङ पोशाक हो, नेपालको गुरुङ (तमु) समुदायको परम्परागत पोशाक हो। यो तमु लोसर र अन्य सामुदायिक भेलाहरूमा लगाइन्छ।"
nepali_dresses_augmented/gurung_dress/26_aug3.jpg,"A woman in a red jacket and black skirt. This is the Gurung dress, the traditional attire of the Gurung (Tamu) community of Nepal. It is worn during festivals such as Tamu Lhosar and other community gatherings.","एक महिला रातो ज्याकेट र कालो स्कर्टमा। यो गुरुङ पोशाक हो, नेपालको गुरुङ (तमु) समुदायको परम्परागत पोशाक हो। यो तमु लोसर र अन्य सामुदायिक भेलाहरूमा लगाइन्छ।"
nepali_dresses_augmented/gurung_dress/27.jpg,"A group of women in red dresses dancing on stage. This is the Gurung dress, the traditional attire of the Gurung (Tamu) community of Nepal. It is worn during festivals such as Tamu Lhosar and other community gatherings.",नेपालको गुरुङ (तमु) समुदायको परम्परागत पोशाक गुरुङ (तमु) पोशाक हो । यो तमु लोसर र अन्य सामुदायिक भेलाहरूमा लगाइन्छ ।
nepali_dresses_augmented/gurung_dress/27_aug1.jpg,"A group of women in red dresses dancing on stage. This is the Gurung dress, the traditional attire of the Gurung (Tamu) community of Nepal. It is worn during festivals such as Tamu Lhosar and other community gatherings.",नेपालको गुरुङ (तमु) समुदायको परम्परागत पोशाक गुरुङ (तमु) पोशाक हो । यो तमु लोसर र अन्य सामुदायिक भेलाहरूमा लगाइन्छ ।
nepali_dresses_augmented/gurung_dress/27_aug2.jpg,"A group of women in red dresses dancing on stage. This is the Gurung dress, the traditional attire of the Gurung (Tamu) community of Nepal. It is worn during festivals such as Tamu Lhosar and other community gatherings.",नेपालको गुरुङ (तमु) समुदायको परम्परागत पोशाक गुरुङ (तमु) पोशाक हो । यो तमु लोसर र अन्य सामुदायिक भेलाहरूमा लगाइन्छ ।
nepali_dresses_augmented/gurung_dress/27_aug3.jpg,"A group of women in red dresses dancing on stage. This is the Gurung dress, the traditional attire of the Gurung (Tamu) community of Nepal. It is worn during festivals such as Tamu Lhosar and other community gatherings.",नेपालको गुरुङ (तमु) समुदायको परम्परागत पोशाक गुरुङ (तमु) पोशाक हो । यो तमु लोसर र अन्य सामुदायिक भेलाहरूमा लगाइन्छ ।
nepali_dresses_augmented/gurung_dress/28.jpg,"A little boy is walking down the street. This is the Gurung dress, the traditional attire of the Gurung (Tamu) community of Nepal. It is worn during festivals such as Tamu Lhosar and other community gatherings.","एउटा सानो केटा सडकमा हिडिरहेको छ। यो गुरुङ पोशाक हो, नेपालको गुरुङ (तमु) समुदायको परम्परागत पोशाक हो। यो तामु लोसर जस्ता पर्वहरूमा लगाइन्छ र अन्य सामुदायिक भेलाहरूमा लगाइन्छ।"
nepali_dresses_augmented/gurung_dress/28_aug1.jpg,"A little boy is walking down the street. This is the Gurung dress, the traditional attire of the Gurung (Tamu) community of Nepal. It is worn during festivals such as Tamu Lhosar and other community gatherings.","एउटा सानो केटा सडकमा हिडिरहेको छ। यो गुरुङ पोशाक हो, नेपालको गुरुङ (तमु) समुदायको परम्परागत पोशाक हो। यो तामु लोसर जस्ता पर्वहरूमा लगाइन्छ र अन्य सामुदायिक भेलाहरूमा लगाइन्छ।"
nepali_dresses_augmented/gurung_dress/28_aug2.jpg,"A little boy is walking down the street. This is the Gurung dress, the traditional attire of the Gurung (Tamu) community of Nepal. It is worn during festivals such as Tamu Lhosar and other community gatherings.","एउटा सानो केटा सडकमा हिडिरहेको छ। यो गुरुङ पोशाक हो, नेपालको गुरुङ (तमु) समुदायको परम्परागत पोशाक हो। यो तामु लोसर जस्ता पर्वहरूमा लगाइन्छ र अन्य सामुदायिक भेलाहरूमा लगाइन्छ।"
nepali_dresses_augmented/gurung_dress/28_aug3.jpg,"A little boy is walking down the street. This is the Gurung dress, the traditional attire of the Gurung (Tamu) community of Nepal. It is worn during festivals such as Tamu Lhosar and other community gatherings.","एउटा सानो केटा सडकमा हिडिरहेको छ। यो गुरुङ पोशाक हो, नेपालको गुरुङ (तमु) समुदायको परम्परागत पोशाक हो। यो तामु लोसर जस्ता पर्वहरूमा लगाइन्छ र अन्य सामुदायिक भेलाहरूमा लगाइन्छ।"
nepali_dresses_augmented/gurung_dress/29.jpg,"A group of young girls in colorful costumes. This is the Gurung dress, the traditional attire of the Gurung (Tamu) community of Nepal. It is worn during festivals such as Tamu Lhosar and other community gatherings.","रंगीन पोशाकमा युवा युवतीहरूको समूह। यो गुरुङ पोशाक हो, नेपालको गुरुङ (तमु) समुदायको परम्परागत पोशाक हो। यो तामु लोसर जस्ता पर्वहरूमा र अन्य सामुदायिक भेलाहरूमा लगाइन्छ।"
nepali_dresses_augmented/gurung_dress/29_aug1.jpg,"A group of young girls in colorful costumes. This is the Gurung dress, the traditional attire of the Gurung (Tamu) community of Nepal. It is worn during festivals such as Tamu Lhosar and other community gatherings.","रंगीन पोशाकमा युवा युवतीहरूको समूह। यो गुरुङ पोशाक हो, नेपालको गुरुङ (तमु) समुदायको परम्परागत पोशाक हो। यो तामु लोसर जस्ता पर्वहरूमा र अन्य सामुदायिक भेलाहरूमा लगाइन्छ।"
nepali_dresses_augmented/gurung_dress/29_aug2.jpg,"A group of young girls in colorful costumes. This is the Gurung dress, the traditional attire of the Gurung (Tamu) community of Nepal. It is worn during festivals such as Tamu Lhosar and other community gatherings.","रंगीन पोशाकमा युवा युवतीहरूको समूह। यो गुरुङ पोशाक हो, नेपालको गुरुङ (तमु) समुदायको परम्परागत पोशाक हो। यो तामु लोसर जस्ता पर्वहरूमा र अन्य सामुदायिक भेलाहरूमा लगाइन्छ।"
nepali_dresses_augmented/gurung_dress/29_aug3.jpg,"A group of young girls in colorful costumes. This is the Gurung dress, the traditional attire of the Gurung (Tamu) community of Nepal. It is worn during festivals such as Tamu Lhosar and other community gatherings.","रंगीन पोशाकमा युवा युवतीहरूको समूह। यो गुरुङ पोशाक हो, नेपालको गुरुङ (तमु) समुदायको परम्परागत पोशाक हो। यो तामु लोसर जस्ता पर्वहरूमा र अन्य सामुदायिक भेलाहरूमा लगाइन्छ।"
nepali_dresses_augmented/gurung_dress/2_aug1.jpg,"A group of young girls dressed in traditional costumes during the festival - stock image. This is the Gurung dress, the traditional attire of the Gurung (Tamu) community of Nepal. It is worn during festivals such as Tamu Lhosar and other community gatherings.","महोत्सवको समयमा परम्परागत पोशाक लगाउने युवतीहरूको समूह - स्टक छवि। यो गुरुङ पोशाक हो, नेपालको गुरुङ (तमु) समुदायको परम्परागत पोशाक हो। यो तामु ल्होसर जस्ता महोत्सवहरू र अन्य सामुदायिक भेलाहरूमा लगाइन्छ।"
nepali_dresses_augmented/gurung_dress/2_aug2.jpg,"A group of young girls dressed in traditional costumes during the festival - stock image. This is the Gurung dress, the traditional attire of the Gurung (Tamu) community of Nepal. It is worn during festivals such as Tamu Lhosar and other community gatherings.","महोत्सवको समयमा परम्परागत पोशाक लगाउने युवतीहरूको समूह - स्टक छवि। यो गुरुङ पोशाक हो, नेपालको गुरुङ (तमु) समुदायको परम्परागत पोशाक हो। यो तामु ल्होसर जस्ता महोत्सवहरू र अन्य सामुदायिक भेलाहरूमा लगाइन्छ।"
nepali_dresses_augmented/gurung_dress/2_aug3.jpg,"A group of young girls dressed in traditional costumes during the festival - stock image. This is the Gurung dress, the traditional attire of the Gurung (Tamu) community of Nepal. It is worn during festivals such as Tamu Lhosar and other community gatherings.","महोत्सवको समयमा परम्परागत पोशाक लगाउने युवतीहरूको समूह - स्टक छवि। यो गुरुङ पोशाक हो, नेपालको गुरुङ (तमु) समुदायको परम्परागत पोशाक हो। यो तामु ल्होसर जस्ता महोत्सवहरू र अन्य सामुदायिक भेलाहरूमा लगाइन्छ।"
nepali_dresses_augmented/gurung_dress/3.jpg,"Two young girls in traditional clothing posing for the camera. This is the Gurung dress, the traditional attire of the Gurung (Tamu) community of Nepal. It is worn during festivals such as Tamu Lhosar and other community gatherings.","दुई युवतीहरू परम्परागत कपडामा क्यामेराको लागि पोज गर्दैछन्। यो गुरुङ पोशाक हो, नेपालको गुरुङ (तमु) समुदायको परम्परागत पोशाक हो। यो तमु लोसर जस्ता चाडपर्वहरू र अन्य सामुदायिक भेलाहरूमा लगाइन्छ।"
nepali_dresses_augmented/gurung_dress/30.jpg,"A group of people are dancing in a room. This is the Gurung dress, the traditional attire of the Gurung (Tamu) community of Nepal. It is worn during festivals such as Tamu Lhosar and other community gatherings.","एउटा कोठामा मानिसहरूको एउटा समूह नाच्दैछ। यो गुरुङ पोशाक हो, नेपालको गुरुङ (तमु) समुदायको परम्परागत पोशाक हो। यो तामु लोसर जस्ता चाडपर्वहरू र अन्य सामुदायिक भेलाहरूमा लगाइन्छ।"
nepali_dresses_augmented/gurung_dress/30_aug1.jpg,"A group of people are dancing in a room. This is the Gurung dress, the traditional attire of the Gurung (Tamu) community of Nepal. It is worn during festivals such as Tamu Lhosar and other community gatherings.","एउटा कोठामा मानिसहरूको एउटा समूह नाच्दैछ। यो गुरुङ पोशाक हो, नेपालको गुरुङ (तमु) समुदायको परम्परागत पोशाक हो। यो तामु लोसर जस्ता चाडपर्वहरू र अन्य सामुदायिक भेलाहरूमा लगाइन्छ।"
nepali_dresses_augmented/gurung_dress/30_aug2.jpg,"A group of people are dancing in a room. This is the Gurung dress, the traditional attire of the Gurung (Tamu) community of Nepal. It is worn during festivals such as Tamu Lhosar and other community gatherings.","एउटा कोठामा मानिसहरूको एउटा समूह नाच्दैछ। यो गुरुङ पोशाक हो, नेपालको गुरुङ (तमु) समुदायको परम्परागत पोशाक हो। यो तामु लोसर जस्ता चाडपर्वहरू र अन्य सामुदायिक भेलाहरूमा लगाइन्छ।"
nepali_dresses_augmented/gurung_dress/30_aug3.jpg,"A group of people are dancing in a room. This is the Gurung dress, the traditional attire of the Gurung (Tamu) community of Nepal. It is worn during festivals such as Tamu Lhosar and other community gatherings.","एउटा कोठामा मानिसहरूको एउटा समूह नाच्दैछ। यो गुरुङ पोशाक हो, नेपालको गुरुङ (तमु) समुदायको परम्परागत पोशाक हो। यो तामु लोसर जस्ता चाडपर्वहरू र अन्य सामुदायिक भेलाहरूमा लगाइन्छ।"
nepali_dresses_augmented/gurung_dress/31.jpg,"A man with a backpack on his back. This is the Gurung dress, the traditional attire of the Gurung (Tamu) community of Nepal. It is worn during festivals such as Tamu Lhosar and other community gatherings.","एक व्यक्ति आफ्नो पछाडि एक ब्याकप्याकको साथ। यो गुरुङ पोशाक हो, नेपालको गुरुङ (तमु) समुदायको परम्परागत पोशाक। यो तामु लोसर जस्ता चाडहरूमा लगाइन्छ र अन्य सामुदायिक भेलाहरूमा।"
nepali_dresses_augmented/gurung_dress/31_aug1.jpg,"A man with a backpack on his back. This is the Gurung dress, the traditional attire of the Gurung (Tamu) community of Nepal. It is worn during festivals such as Tamu Lhosar and other community gatherings.","एक व्यक्ति आफ्नो पछाडि एक ब्याकप्याकको साथ। यो गुरुङ पोशाक हो, नेपालको गुरुङ (तमु) समुदायको परम्परागत पोशाक। यो तामु लोसर जस्ता चाडहरूमा लगाइन्छ र अन्य सामुदायिक भेलाहरूमा।"
nepali_dresses_augmented/gurung_dress/31_aug2.jpg,"A man with a backpack on his back. This is the Gurung dress, the traditional attire of the Gurung (Tamu) community of Nepal. It is worn during festivals such as Tamu Lhosar and other community gatherings.","एक व्यक्ति आफ्नो पछाडि एक ब्याकप्याकको साथ। यो गुरुङ पोशाक हो, नेपालको गुरुङ (तमु) समुदायको परम्परागत पोशाक। यो तामु लोसर जस्ता चाडहरूमा लगाइन्छ र अन्य सामुदायिक भेलाहरूमा।"
nepali_dresses_augmented/gurung_dress/31_aug3.jpg,"A man with a backpack on his back. This is the Gurung dress, the traditional attire of the Gurung (Tamu) community of Nepal. It is worn during festivals such as Tamu Lhosar and other community gatherings.","एक व्यक्ति आफ्नो पछाडि एक ब्याकप्याकको साथ। यो गुरुङ पोशाक हो, नेपालको गुरुङ (तमु) समुदायको परम्परागत पोशाक। यो तामु लोसर जस्ता चाडहरूमा लगाइन्छ र अन्य सामुदायिक भेलाहरूमा।"
nepali_dresses_augmented/gurung_dress/32.jpg,"A group of people standing on top of a mountain. This is the Gurung dress, the traditional attire of the Gurung (Tamu) community of Nepal. It is worn during festivals such as Tamu Lhosar and other community gatherings.","एक पहाडको शीर्षमा उभिएका मानिसहरूको समूह। यो गुरुङ पोशाक हो, नेपालको गुरुङ (तमु) समुदायको परम्परागत पोशाक। यो तामु लोसर जस्ता चाडपर्वहरू र अन्य सामुदायिक भेलाहरूमा लगाइन्छ।"
nepali_dresses_augmented/gurung_dress/32_aug1.jpg,"A group of people standing on top of a mountain. This is the Gurung dress, the traditional attire of the Gurung (Tamu) community of Nepal. It is worn during festivals such as Tamu Lhosar and other community gatherings.","एक पहाडको शीर्षमा उभिएका मानिसहरूको समूह। यो गुरुङ पोशाक हो, नेपालको गुरुङ (तमु) समुदायको परम्परागत पोशाक। यो तामु लोसर जस्ता चाडपर्वहरू र अन्य सामुदायिक भेलाहरूमा लगाइन्छ।"
nepali_dresses_augmented/gurung_dress/32_aug2.jpg,"A group of people standing on top of a mountain. This is the Gurung dress, the traditional attire of the Gurung (Tamu) community of Nepal. It is worn during festivals such as Tamu Lhosar and other community gatherings.","एक पहाडको शीर्षमा उभिएका मानिसहरूको समूह। यो गुरुङ पोशाक हो, नेपालको गुरुङ (तमु) समुदायको परम्परागत पोशाक। यो तामु लोसर जस्ता चाडपर्वहरू र अन्य सामुदायिक भेलाहरूमा लगाइन्छ।"
nepali_dresses_augmented/gurung_dress/32_aug3.jpg,"A group of people standing on top of a mountain. This is the Gurung dress, the traditional attire of the Gurung (Tamu) community of Nepal. It is worn during festivals such as Tamu Lhosar and other community gatherings.","एक पहाडको शीर्षमा उभिएका मानिसहरूको समूह। यो गुरुङ पोशाक हो, नेपालको गुरुङ (तमु) समुदायको परम्परागत पोशाक। यो तामु लोसर जस्ता चाडपर्वहरू र अन्य सामुदायिक भेलाहरूमा लगाइन्छ।"
nepali_dresses_augmented/gurung_dress/33.jpg,"A man and woman are walking through the woods. This is the Gurung dress, the traditional attire of the Gurung (Tamu) community of Nepal. It is worn during festivals such as Tamu Lhosar and other community gatherings.","एक पुरुष र एक महिला जंगलमा हिंडिरहेका छन्। यो गुरुङ पोशाक हो, नेपालको गुरुङ (तमु) समुदायको परम्परागत पोशाक हो। यो तमु लोसर जस्ता पर्वहरूमा र अन्य सामुदायिक भेलाहरूमा लगाइन्छ।"
nepali_dresses_augmented/gurung_dress/33_aug1.jpg,"A man and woman are walking through the woods. This is the Gurung dress, the traditional attire of the Gurung (Tamu) community of Nepal. It is worn during festivals such as Tamu Lhosar and other community gatherings.","एक पुरुष र एक महिला जंगलमा हिंडिरहेका छन्। यो गुरुङ पोशाक हो, नेपालको गुरुङ (तमु) समुदायको परम्परागत पोशाक हो। यो तमु लोसर जस्ता पर्वहरूमा र अन्य सामुदायिक भेलाहरूमा लगाइन्छ।"
nepali_dresses_augmented/gurung_dress/33_aug2.jpg,"A man and woman are walking through the woods. This is the Gurung dress, the traditional attire of the Gurung (Tamu) community of Nepal. It is worn during festivals such as Tamu Lhosar and other community gatherings.","एक पुरुष र एक महिला जंगलमा हिंडिरहेका छन्। यो गुरुङ पोशाक हो, नेपालको गुरुङ (तमु) समुदायको परम्परागत पोशाक हो। यो तमु लोसर जस्ता पर्वहरूमा र अन्य सामुदायिक भेलाहरूमा लगाइन्छ।"
nepali_dresses_augmented/gurung_dress/33_aug3.jpg,"A man and woman are walking through the woods. This is the Gurung dress, the traditional attire of the Gurung (Tamu) community of Nepal. It is worn during festivals such as Tamu Lhosar and other community gatherings.","एक पुरुष र एक महिला जंगलमा हिंडिरहेका छन्। यो गुरुङ पोशाक हो, नेपालको गुरुङ (तमु) समुदायको परम्परागत पोशाक हो। यो तमु लोसर जस्ता पर्वहरूमा र अन्य सामुदायिक भेलाहरूमा लगाइन्छ।"
nepali_dresses_augmented/gurung_dress/34.jpg,"A young girl in traditional dress standing on a stone wall. This is the Gurung dress, the traditional attire of the Gurung (Tamu) community of Nepal. It is worn during festivals such as Tamu Lhosar and other community gatherings.","एक युवती परम्परागत पोशाकमा ढुङ्गाको पर्खालमा उभिएकी छिन्। यो गुरुङ पोशाक हो, नेपालको गुरुङ (तमु) समुदायको परम्परागत पोशाक हो। यो तामु लोसर जस्ता चाडपर्व र अन्य सामुदायिक भेलाहरूमा लगाइन्छ।"
nepali_dresses_augmented/gurung_dress/34_aug1.jpg,"A young girl in traditional dress standing on a stone wall. This is the Gurung dress, the traditional attire of the Gurung (Tamu) community of Nepal. It is worn during festivals such as Tamu Lhosar and other community gatherings.","एक युवती परम्परागत पोशाकमा ढुङ्गाको पर्खालमा उभिएकी छिन्। यो गुरुङ पोशाक हो, नेपालको गुरुङ (तमु) समुदायको परम्परागत पोशाक हो। यो तामु लोसर जस्ता चाडपर्व र अन्य सामुदायिक भेलाहरूमा लगाइन्छ।"
nepali_dresses_augmented/gurung_dress/34_aug2.jpg,"A young girl in traditional dress standing on a stone wall. This is the Gurung dress, the traditional attire of the Gurung (Tamu) community of Nepal. It is worn during festivals such as Tamu Lhosar and other community gatherings.","एक युवती परम्परागत पोशाकमा ढुङ्गाको पर्खालमा उभिएकी छिन्। यो गुरुङ पोशाक हो, नेपालको गुरुङ (तमु) समुदायको परम्परागत पोशाक हो। यो तामु लोसर जस्ता चाडपर्व र अन्य सामुदायिक भेलाहरूमा लगाइन्छ।"
nepali_dresses_augmented/gurung_dress/34_aug3.jpg,"A young girl in traditional dress standing on a stone wall. This is the Gurung dress, the traditional attire of the Gurung (Tamu) community of Nepal. It is worn during festivals such as Tamu Lhosar and other community gatherings.","एक युवती परम्परागत पोशाकमा ढुङ्गाको पर्खालमा उभिएकी छिन्। यो गुरुङ पोशाक हो, नेपालको गुरुङ (तमु) समुदायको परम्परागत पोशाक हो। यो तामु लोसर जस्ता चाडपर्व र अन्य सामुदायिक भेलाहरूमा लगाइन्छ।"
nepali_dresses_augmented/gurung_dress/35.jpg,"A group of young girls in traditional costumes dance during the annual festival. This is the Gurung dress, the traditional attire of the Gurung (Tamu) community of Nepal. It is worn during festivals such as Tamu Lhosar and other community gatherings.",नेपालको गुरुङ (तमु) समुदायको परम्परागत पोशाक हो । यो तमु लोसर र अन्य सामुदायिक भेलाहरूमा लगाइन्छ ।
nepali_dresses_augmented/gurung_dress/35_aug1.jpg,"A group of young girls in traditional costumes dance during the annual festival. This is the Gurung dress, the traditional attire of the Gurung (Tamu) community of Nepal. It is worn during festivals such as Tamu Lhosar and other community gatherings.",नेपालको गुरुङ (तमु) समुदायको परम्परागत पोशाक हो । यो तमु लोसर र अन्य सामुदायिक भेलाहरूमा लगाइन्छ ।
nepali_dresses_augmented/gurung_dress/35_aug2.jpg,"A group of young girls in traditional costumes dance during the annual festival. This is the Gurung dress, the traditional attire of the Gurung (Tamu) community of Nepal. It is worn during festivals such as Tamu Lhosar and other community gatherings.",नेपालको गुरुङ (तमु) समुदायको परम्परागत पोशाक हो । यो तमु लोसर र अन्य सामुदायिक भेलाहरूमा लगाइन्छ ।
nepali_dresses_augmented/gurung_dress/35_aug3.jpg,"A group of young girls in traditional costumes dance during the annual festival. This is the Gurung dress, the traditional attire of the Gurung (Tamu) community of Nepal. It is worn during festivals such as Tamu Lhosar and other community gatherings.",नेपालको गुरुङ (तमु) समुदायको परम्परागत पोशाक हो । यो तमु लोसर र अन्य सामुदायिक भेलाहरूमा लगाइन्छ ।
nepali_dresses_augmented/gurung_dress/36.jpg,"A group of young girls in traditional costumes. This is the Gurung dress, the traditional attire of the Gurung (Tamu) community of Nepal. It is worn during festivals such as Tamu Lhosar and other community gatherings.","परम्परागत पोशाकमा युवा युवतीहरूको समूह। यो गुरुङ पोशाक हो, नेपालको गुरुङ (तमु) समुदायको परम्परागत पोशाक। यो तामु लोसर जस्ता चाडपर्वहरू र अन्य सामुदायिक भेलाहरूमा लगाइन्छ।"
nepali_dresses_augmented/gurung_dress/36_aug1.jpg,"A group of young girls in traditional costumes. This is the Gurung dress, the traditional attire of the Gurung (Tamu) community of Nepal. It is worn during festivals such as Tamu Lhosar and other community gatherings.","परम्परागत पोशाकमा युवा युवतीहरूको समूह। यो गुरुङ पोशाक हो, नेपालको गुरुङ (तमु) समुदायको परम्परागत पोशाक। यो तामु लोसर जस्ता चाडपर्वहरू र अन्य सामुदायिक भेलाहरूमा लगाइन्छ।"
nepali_dresses_augmented/gurung_dress/36_aug2.jpg,"A group of young girls in traditional costumes. This is the Gurung dress, the traditional attire of the Gurung (Tamu) community of Nepal. It is worn during festivals such as Tamu Lhosar and other community gatherings.","परम्परागत पोशाकमा युवा युवतीहरूको समूह। यो गुरुङ पोशाक हो, नेपालको गुरुङ (तमु) समुदायको परम्परागत पोशाक। यो तामु लोसर जस्ता चाडपर्वहरू र अन्य सामुदायिक भेलाहरूमा लगाइन्छ।"
nepali_dresses_augmented/gurung_dress/36_aug3.jpg,"A group of young girls in traditional costumes. This is the Gurung dress, the traditional attire of the Gurung (Tamu) community of Nepal. It is worn during festivals such as Tamu Lhosar and other community gatherings.","परम्परागत पोशाकमा युवा युवतीहरूको समूह। यो गुरुङ पोशाक हो, नेपालको गुरुङ (तमु) समुदायको परम्परागत पोशाक। यो तामु लोसर जस्ता चाडपर्वहरू र अन्य सामुदायिक भेलाहरूमा लगाइन्छ।"
nepali_dresses_augmented/gurung_dress/37.jpg,"A woman in traditional costume dances during the parade. This is the Gurung dress, the traditional attire of the Gurung (Tamu) community of Nepal. It is worn during festivals such as Tamu Lhosar and other community gatherings.","परेडको क्रममा परम्परागत पोशाकमा नाच्ने एक महिला। यो गुरुङ पोशाक हो, नेपालको गुरुङ (तमु) समुदायको परम्परागत पोशाक हो। यो तामु लोसार जस्ता चाडहरूमा र अन्य सामुदायिक भेलाहरूमा लगाइन्छ।"
nepali_dresses_augmented/gurung_dress/37_aug1.jpg,"A woman in traditional costume dances during the parade. This is the Gurung dress, the traditional attire of the Gurung (Tamu) community of Nepal. It is worn during festivals such as Tamu Lhosar and other community gatherings.","परेडको क्रममा परम्परागत पोशाकमा नाच्ने एक महिला। यो गुरुङ पोशाक हो, नेपालको गुरुङ (तमु) समुदायको परम्परागत पोशाक हो। यो तामु लोसार जस्ता चाडहरूमा र अन्य सामुदायिक भेलाहरूमा लगाइन्छ।"
nepali_dresses_augmented/gurung_dress/37_aug2.jpg,"A woman in traditional costume dances during the parade. This is the Gurung dress, the traditional attire of the Gurung (Tamu) community of Nepal. It is worn during festivals such as Tamu Lhosar and other community gatherings.","परेडको क्रममा परम्परागत पोशाकमा नाच्ने एक महिला। यो गुरुङ पोशाक हो, नेपालको गुरुङ (तमु) समुदायको परम्परागत पोशाक हो। यो तामु लोसार जस्ता चाडहरूमा र अन्य सामुदायिक भेलाहरूमा लगाइन्छ।"
nepali_dresses_augmented/gurung_dress/37_aug3.jpg,"A woman in traditional costume dances during the parade. This is the Gurung dress, the traditional attire of the Gurung (Tamu) community of Nepal. It is worn during festivals such as Tamu Lhosar and other community gatherings.","परेडको क्रममा परम्परागत पोशाकमा नाच्ने एक महिला। यो गुरुङ पोशाक हो, नेपालको गुरुङ (तमु) समुदायको परम्परागत पोशाक हो। यो तामु लोसार जस्ता चाडहरूमा र अन्य सामुदायिक भेलाहरूमा लगाइन्छ।"
nepali_dresses_augmented/gurung_dress/38.jpg,"A group of young girls in traditional costumes performing a song during the parade - stock image. This is the Gurung dress, the traditional attire of the Gurung (Tamu) community of Nepal. It is worn during festivals such as Tamu Lhosar and other community gatherings.","परम्परागत पोशाकमा परेडको क्रममा एउटा गीत प्रदर्शन गर्ने युवा केटीहरूको समूह। यो गुरुङ पोशाक हो, नेपालको गुरुङ (तमु) समुदायको परम्परागत पोशाक हो। यो तामु लोसर जस्ता चाडपर्वहरू र अन्य सामुदायिक जमघटहरूमा लगाइन्छ।"
nepali_dresses_augmented/gurung_dress/38_aug1.jpg,"A group of young girls in traditional costumes performing a song during the parade - stock image. This is the Gurung dress, the traditional attire of the Gurung (Tamu) community of Nepal. It is worn during festivals such as Tamu Lhosar and other community gatherings.","परम्परागत पोशाकमा परेडको क्रममा एउटा गीत प्रदर्शन गर्ने युवा केटीहरूको समूह। यो गुरुङ पोशाक हो, नेपालको गुरुङ (तमु) समुदायको परम्परागत पोशाक हो। यो तामु लोसर जस्ता चाडपर्वहरू र अन्य सामुदायिक जमघटहरूमा लगाइन्छ।"
nepali_dresses_augmented/gurung_dress/38_aug2.jpg,"A group of young girls in traditional costumes performing a song during the parade - stock image. This is the Gurung dress, the traditional attire of the Gurung (Tamu) community of Nepal. It is worn during festivals such as Tamu Lhosar and other community gatherings.","परम्परागत पोशाकमा परेडको क्रममा एउटा गीत प्रदर्शन गर्ने युवा केटीहरूको समूह। यो गुरुङ पोशाक हो, नेपालको गुरुङ (तमु) समुदायको परम्परागत पोशाक हो। यो तामु लोसर जस्ता चाडपर्वहरू र अन्य सामुदायिक जमघटहरूमा लगाइन्छ।"
nepali_dresses_augmented/gurung_dress/38_aug3.jpg,"A group of young girls in traditional costumes performing a song during the parade - stock image. This is the Gurung dress, the traditional attire of the Gurung (Tamu) community of Nepal. It is worn during festivals such as Tamu Lhosar and other community gatherings.","परम्परागत पोशाकमा परेडको क्रममा एउटा गीत प्रदर्शन गर्ने युवा केटीहरूको समूह। यो गुरुङ पोशाक हो, नेपालको गुरुङ (तमु) समुदायको परम्परागत पोशाक हो। यो तामु लोसर जस्ता चाडपर्वहरू र अन्य सामुदायिक जमघटहरूमा लगाइन्छ।"
nepali_dresses_augmented/gurung_dress/39.jpg,"A group of young people in traditional costumes dancing at the festival - stock image. This is the Gurung dress, the traditional attire of the Gurung (Tamu) community of Nepal. It is worn during festivals such as Tamu Lhosar and other community gatherings.",नेपालको गुरुङ (तमु) समुदायको परम्परागत पोशाक गुरुङ (तमु) पोशाक हो । यो तमु लोसर र अन्य सामुदायिक भेलाहरूमा लगाइन्छ ।
nepali_dresses_augmented/gurung_dress/39_aug1.jpg,"A group of young people in traditional costumes dancing at the festival - stock image. This is the Gurung dress, the traditional attire of the Gurung (Tamu) community of Nepal. It is worn during festivals such as Tamu Lhosar and other community gatherings.",नेपालको गुरुङ (तमु) समुदायको परम्परागत पोशाक गुरुङ (तमु) पोशाक हो । यो तमु लोसर र अन्य सामुदायिक भेलाहरूमा लगाइन्छ ।
nepali_dresses_augmented/gurung_dress/39_aug2.jpg,"A group of young people in traditional costumes dancing at the festival - stock image. This is the Gurung dress, the traditional attire of the Gurung (Tamu) community of Nepal. It is worn during festivals such as Tamu Lhosar and other community gatherings.",नेपालको गुरुङ (तमु) समुदायको परम्परागत पोशाक गुरुङ (तमु) पोशाक हो । यो तमु लोसर र अन्य सामुदायिक भेलाहरूमा लगाइन्छ ।
nepali_dresses_augmented/gurung_dress/39_aug3.jpg,"A group of young people in traditional costumes dancing at the festival - stock image. This is the Gurung dress, the traditional attire of the Gurung (Tamu) community of Nepal. It is worn during festivals such as Tamu Lhosar and other community gatherings.",नेपालको गुरुङ (तमु) समुदायको परम्परागत पोशाक गुरुङ (तमु) पोशाक हो । यो तमु लोसर र अन्य सामुदायिक भेलाहरूमा लगाइन्छ ।
nepali_dresses_augmented/gurung_dress/3_aug1.jpg,"Two young girls in traditional clothing posing for the camera. This is the Gurung dress, the traditional attire of the Gurung (Tamu) community of Nepal. It is worn during festivals such as Tamu Lhosar and other community gatherings.","दुई युवतीहरू परम्परागत कपडामा क्यामेराको लागि पोज गर्दैछन्। यो गुरुङ पोशाक हो, नेपालको गुरुङ (तमु) समुदायको परम्परागत पोशाक हो। यो तमु लोसर जस्ता चाडपर्वहरू र अन्य सामुदायिक भेलाहरूमा लगाइन्छ।"
nepali_dresses_augmented/gurung_dress/3_aug2.jpg,"Two young girls in traditional clothing posing for the camera. This is the Gurung dress, the traditional attire of the Gurung (Tamu) community of Nepal. It is worn during festivals such as Tamu Lhosar and other community gatherings.","दुई युवतीहरू परम्परागत कपडामा क्यामेराको लागि पोज गर्दैछन्। यो गुरुङ पोशाक हो, नेपालको गुरुङ (तमु) समुदायको परम्परागत पोशाक हो। यो तमु लोसर जस्ता चाडपर्वहरू र अन्य सामुदायिक भेलाहरूमा लगाइन्छ।"
nepali_dresses_augmented/gurung_dress/3_aug3.jpg,"Two young girls in traditional clothing posing for the camera. This is the Gurung dress, the traditional attire of the Gurung (Tamu) community of Nepal. It is worn during festivals such as Tamu Lhosar and other community gatherings.","दुई युवतीहरू परम्परागत कपडामा क्यामेराको लागि पोज गर्दैछन्। यो गुरुङ पोशाक हो, नेपालको गुरुङ (तमु) समुदायको परम्परागत पोशाक हो। यो तमु लोसर जस्ता चाडपर्वहरू र अन्य सामुदायिक भेलाहरूमा लगाइन्छ।"
nepali_dresses_augmented/gurung_dress/4.jpg,"A group of people standing in front of a mountain. This is the Gurung dress, the traditional attire of the Gurung (Tamu) community of Nepal. It is worn during festivals such as Tamu Lhosar and other community gatherings.","एक पहाडको अगाडि उभिएका मानिसहरूको समूह। यो गुरुङ पोशाक हो, नेपालको गुरुङ (तमु) समुदायको परम्परागत पोशाक। यो तामु लोसर जस्ता चाडपर्वहरू र अन्य सामुदायिक भेलाहरूमा लगाइन्छ।"
nepali_dresses_augmented/gurung_dress/40.jpg,"A group of people walking down the street. This is the Gurung dress, the traditional attire of the Gurung (Tamu) community of Nepal. It is worn during festivals such as Tamu Lhosar and other community gatherings.","यो गुरुङ पोशाक हो, नेपालको गुरुङ (तमु) समुदायको परम्परागत पोशाक हो। यो तामु लोसर जस्ता पर्वहरूमा लगाइन्छ र अन्य सामुदायिक भेलाहरूमा लगाइन्छ।"
nepali_dresses_augmented/gurung_dress/40_aug1.jpg,"A group of people walking down the street. This is the Gurung dress, the traditional attire of the Gurung (Tamu) community of Nepal. It is worn during festivals such as Tamu Lhosar and other community gatherings.","यो गुरुङ पोशाक हो, नेपालको गुरुङ (तमु) समुदायको परम्परागत पोशाक हो। यो तामु लोसर जस्ता पर्वहरूमा लगाइन्छ र अन्य सामुदायिक भेलाहरूमा लगाइन्छ।"
nepali_dresses_augmented/gurung_dress/40_aug2.jpg,"A group of people walking down the street. This is the Gurung dress, the traditional attire of the Gurung (Tamu) community of Nepal. It is worn during festivals such as Tamu Lhosar and other community gatherings.","यो गुरुङ पोशाक हो, नेपालको गुरुङ (तमु) समुदायको परम्परागत पोशाक हो। यो तामु लोसर जस्ता पर्वहरूमा लगाइन्छ र अन्य सामुदायिक भेलाहरूमा लगाइन्छ।"
nepali_dresses_augmented/gurung_dress/40_aug3.jpg,"A group of people walking down the street. This is the Gurung dress, the traditional attire of the Gurung (Tamu) community of Nepal. It is worn during festivals such as Tamu Lhosar and other community gatherings.","यो गुरुङ पोशाक हो, नेपालको गुरुङ (तमु) समुदायको परम्परागत पोशाक हो। यो तामु लोसर जस्ता पर्वहरूमा लगाइन्छ र अन्य सामुदायिक भेलाहरूमा लगाइन्छ।"
nepali_dresses_augmented/gurung_dress/41.jpg,"A group of men dressed in traditional clothing dance during the annual parade. This is the Gurung dress, the traditional attire of the Gurung (Tamu) community of Nepal. It is worn during festivals such as Tamu Lhosar and other community gatherings.","वार्षिक परेडको क्रममा परम्परागत कपडामा नाच्ने पुरुषहरूको समूह। यो गुरुङ पोशाक हो, नेपालको गुरुङ (तमु) समुदायको परम्परागत पोशाक हो। यो तामु लोसर जस्ता चाडपर्वहरू र अन्य सामुदायिक भेलाहरूमा लगाइन्छ।"
nepali_dresses_augmented/gurung_dress/41_aug1.jpg,"A group of men dressed in traditional clothing dance during the annual parade. This is the Gurung dress, the traditional attire of the Gurung (Tamu) community of Nepal. It is worn during festivals such as Tamu Lhosar and other community gatherings.","वार्षिक परेडको क्रममा परम्परागत कपडामा नाच्ने पुरुषहरूको समूह। यो गुरुङ पोशाक हो, नेपालको गुरुङ (तमु) समुदायको परम्परागत पोशाक हो। यो तामु लोसर जस्ता चाडपर्वहरू र अन्य सामुदायिक भेलाहरूमा लगाइन्छ।"
nepali_dresses_augmented/gurung_dress/41_aug2.jpg,"A group of men dressed in traditional clothing dance during the annual parade. This is the Gurung dress, the traditional attire of the Gurung (Tamu) community of Nepal. It is worn during festivals such as Tamu Lhosar and other community gatherings.","वार्षिक परेडको क्रममा परम्परागत कपडामा नाच्ने पुरुषहरूको समूह। यो गुरुङ पोशाक हो, नेपालको गुरुङ (तमु) समुदायको परम्परागत पोशाक हो। यो तामु लोसर जस्ता चाडपर्वहरू र अन्य सामुदायिक भेलाहरूमा लगाइन्छ।"
nepali_dresses_augmented/gurung_dress/41_aug3.jpg,"A group of men dressed in traditional clothing dance during the annual parade. This is the Gurung dress, the traditional attire of the Gurung (Tamu) community of Nepal. It is worn during festivals such as Tamu Lhosar and other community gatherings.","वार्षिक परेडको क्रममा परम्परागत कपडामा नाच्ने पुरुषहरूको समूह। यो गुरुङ पोशाक हो, नेपालको गुरुङ (तमु) समुदायको परम्परागत पोशाक हो। यो तामु लोसर जस्ता चाडपर्वहरू र अन्य सामुदायिक भेलाहरूमा लगाइन्छ।"
nepali_dresses_augmented/gurung_dress/42.jpg,"A group of women in traditional dress at a festival in the philippines - stock image. This is the Gurung dress, the traditional attire of the Gurung (Tamu) community of Nepal. It is worn during festivals such as Tamu Lhosar and other community gatherings.","फिलिपिन्समा एक उत्सवमा परम्परागत पोशाकमा महिलाहरूको समूह - स्टक छवि। यो गुरुङ पोशाक हो, नेपालको गुरुङ (तमु) समुदायको परम्परागत पोशाक। यो तामु लोसार जस्ता चाडहरूमा लगाइन्छ र अन्य सामुदायिक भेलाहरूमा।"
nepali_dresses_augmented/gurung_dress/42_aug1.jpg,"A group of women in traditional dress at a festival in the philippines - stock image. This is the Gurung dress, the traditional attire of the Gurung (Tamu) community of Nepal. It is worn during festivals such as Tamu Lhosar and other community gatherings.","फिलिपिन्समा एक उत्सवमा परम्परागत पोशाकमा महिलाहरूको समूह - स्टक छवि। यो गुरुङ पोशाक हो, नेपालको गुरुङ (तमु) समुदायको परम्परागत पोशाक। यो तामु लोसार जस्ता चाडहरूमा लगाइन्छ र अन्य सामुदायिक भेलाहरूमा।"
nepali_dresses_augmented/gurung_dress/42_aug2.jpg,"A group of women in traditional dress at a festival in the philippines - stock image. This is the Gurung dress, the traditional attire of the Gurung (Tamu) community of Nepal. It is worn during festivals such as Tamu Lhosar and other community gatherings.","फिलिपिन्समा एक उत्सवमा परम्परागत पोशाकमा महिलाहरूको समूह - स्टक छवि। यो गुरुङ पोशाक हो, नेपालको गुरुङ (तमु) समुदायको परम्परागत पोशाक। यो तामु लोसार जस्ता चाडहरूमा लगाइन्छ र अन्य सामुदायिक भेलाहरूमा।"
nepali_dresses_augmented/gurung_dress/42_aug3.jpg,"A group of women in traditional dress at a festival in the philippines - stock image. This is the Gurung dress, the traditional attire of the Gurung (Tamu) community of Nepal. It is worn during festivals such as Tamu Lhosar and other community gatherings.","फिलिपिन्समा एक उत्सवमा परम्परागत पोशाकमा महिलाहरूको समूह - स्टक छवि। यो गुरुङ पोशाक हो, नेपालको गुरुङ (तमु) समुदायको परम्परागत पोशाक। यो तामु लोसार जस्ता चाडहरूमा लगाइन्छ र अन्य सामुदायिक भेलाहरूमा।"
nepali_dresses_augmented/gurung_dress/43.jpg,"A little girl in traditional chinese dress stock images. This is the Gurung dress, the traditional attire of the Gurung (Tamu) community of Nepal. It is worn during festivals such as Tamu Lhosar and other community gatherings.","परम्परागत चिनियाँ पोशाक स्टक छविहरूमा एक सानो केटी। यो गुरुङ पोशाक हो, नेपालको गुरुङ (तमु) समुदायको परम्परागत पोशाक। यो तामु लोसार जस्ता चाडहरूमा लगाइन्छ र अन्य सामुदायिक भेलाहरूमा।"
nepali_dresses_augmented/gurung_dress/43_aug1.jpg,"A little girl in traditional chinese dress stock images. This is the Gurung dress, the traditional attire of the Gurung (Tamu) community of Nepal. It is worn during festivals such as Tamu Lhosar and other community gatherings.","परम्परागत चिनियाँ पोशाक स्टक छविहरूमा एक सानो केटी। यो गुरुङ पोशाक हो, नेपालको गुरुङ (तमु) समुदायको परम्परागत पोशाक। यो तामु लोसार जस्ता चाडहरूमा लगाइन्छ र अन्य सामुदायिक भेलाहरूमा।"
nepali_dresses_augmented/gurung_dress/43_aug2.jpg,"A little girl in traditional chinese dress stock images. This is the Gurung dress, the traditional attire of the Gurung (Tamu) community of Nepal. It is worn during festivals such as Tamu Lhosar and other community gatherings.","परम्परागत चिनियाँ पोशाक स्टक छविहरूमा एक सानो केटी। यो गुरुङ पोशाक हो, नेपालको गुरुङ (तमु) समुदायको परम्परागत पोशाक। यो तामु लोसार जस्ता चाडहरूमा लगाइन्छ र अन्य सामुदायिक भेलाहरूमा।"
nepali_dresses_augmented/gurung_dress/43_aug3.jpg,"A little girl in traditional chinese dress stock images. This is the Gurung dress, the traditional attire of the Gurung (Tamu) community of Nepal. It is worn during festivals such as Tamu Lhosar and other community gatherings.","परम्परागत चिनियाँ पोशाक स्टक छविहरूमा एक सानो केटी। यो गुरुङ पोशाक हो, नेपालको गुरुङ (तमु) समुदायको परम्परागत पोशाक। यो तामु लोसार जस्ता चाडहरूमा लगाइन्छ र अन्य सामुदायिक भेलाहरूमा।"
nepali_dresses_augmented/gurung_dress/44.jpg,"Two women standing in front of a clothing store. This is the Gurung dress, the traditional attire of the Gurung (Tamu) community of Nepal. It is worn during festivals such as Tamu Lhosar and other community gatherings.","दुई महिला कपडा पसलको अगाडि उभिएकी छन्। यो गुरुङ पोशाक हो, नेपालको गुरुङ (तमु) समुदायको परम्परागत पोशाक हो। यो तामु लोसर जस्ता चाडपर्व र अन्य सामुदायिक भेलाहरूमा लगाइन्छ।"
nepali_dresses_augmented/gurung_dress/44_aug1.jpg,"Two women standing in front of a clothing store. This is the Gurung dress, the traditional attire of the Gurung (Tamu) community of Nepal. It is worn during festivals such as Tamu Lhosar and other community gatherings.","दुई महिला कपडा पसलको अगाडि उभिएकी छन्। यो गुरुङ पोशाक हो, नेपालको गुरुङ (तमु) समुदायको परम्परागत पोशाक हो। यो तामु लोसर जस्ता चाडपर्व र अन्य सामुदायिक भेलाहरूमा लगाइन्छ।"
nepali_dresses_augmented/gurung_dress/44_aug2.jpg,"Two women standing in front of a clothing store. This is the Gurung dress, the traditional attire of the Gurung (Tamu) community of Nepal. It is worn during festivals such as Tamu Lhosar and other community gatherings.","दुई महिला कपडा पसलको अगाडि उभिएकी छन्। यो गुरुङ पोशाक हो, नेपालको गुरुङ (तमु) समुदायको परम्परागत पोशाक हो। यो तामु लोसर जस्ता चाडपर्व र अन्य सामुदायिक भेलाहरूमा लगाइन्छ।"
nepali_dresses_augmented/gurung_dress/44_aug3.jpg,"Two women standing in front of a clothing store. This is the Gurung dress, the traditional attire of the Gurung (Tamu) community of Nepal. It is worn during festivals such as Tamu Lhosar and other community gatherings.","दुई महिला कपडा पसलको अगाडि उभिएकी छन्। यो गुरुङ पोशाक हो, नेपालको गुरुङ (तमु) समुदायको परम्परागत पोशाक हो। यो तामु लोसर जस्ता चाडपर्व र अन्य सामुदायिक भेलाहरूमा लगाइन्छ।"
nepali_dresses_augmented/gurung_dress/45.jpg,"A little girl in traditional chinese dress. This is the Gurung dress, the traditional attire of the Gurung (Tamu) community of Nepal. It is worn during festivals such as Tamu Lhosar and other community gatherings.","परम्परागत चिनियाँ पोशाकमा एक सानो केटी। यो गुरुङ पोशाक हो, नेपालको गुरुङ (तमु) समुदायको परम्परागत पोशाक हो। यो तामु लोसर जस्ता चाडपर्वहरू र अन्य सामुदायिक भेलाहरूमा लगाइन्छ।"
nepali_dresses_augmented/gurung_dress/45_aug1.jpg,"A little girl in traditional chinese dress. This is the Gurung dress, the traditional attire of the Gurung (Tamu) community of Nepal. It is worn during festivals such as Tamu Lhosar and other community gatherings.","परम्परागत चिनियाँ पोशाकमा एक सानो केटी। यो गुरुङ पोशाक हो, नेपालको गुरुङ (तमु) समुदायको परम्परागत पोशाक हो। यो तामु लोसर जस्ता चाडपर्वहरू र अन्य सामुदायिक भेलाहरूमा लगाइन्छ।"
nepali_dresses_augmented/gurung_dress/45_aug2.jpg,"A little girl in traditional chinese dress. This is the Gurung dress, the traditional attire of the Gurung (Tamu) community of Nepal. It is worn during festivals such as Tamu Lhosar and other community gatherings.","परम्परागत चिनियाँ पोशाकमा एक सानो केटी। यो गुरुङ पोशाक हो, नेपालको गुरुङ (तमु) समुदायको परम्परागत पोशाक हो। यो तामु लोसर जस्ता चाडपर्वहरू र अन्य सामुदायिक भेलाहरूमा लगाइन्छ।"
nepali_dresses_augmented/gurung_dress/45_aug3.jpg,"A little girl in traditional chinese dress. This is the Gurung dress, the traditional attire of the Gurung (Tamu) community of Nepal. It is worn during festivals such as Tamu Lhosar and other community gatherings.","परम्परागत चिनियाँ पोशाकमा एक सानो केटी। यो गुरुङ पोशाक हो, नेपालको गुरुङ (तमु) समुदायको परम्परागत पोशाक हो। यो तामु लोसर जस्ता चाडपर्वहरू र अन्य सामुदायिक भेलाहरूमा लगाइन्छ।"
nepali_dresses_augmented/gurung_dress/46.jpg,"A young tibetan girl in the mountains of tibet. This is the Gurung dress, the traditional attire of the Gurung (Tamu) community of Nepal. It is worn during festivals such as Tamu Lhosar and other community gatherings.","तिब्बतको पहाडमा एक युवा तिब्बती केटी। यो गुरुङ पोशाक हो, नेपालको गुरुङ (तमु) समुदायको परम्परागत पोशाक हो। यो तमु लोसर जस्ता चाडपर्वहरूमा र अन्य सामुदायिक भेलाहरूमा लगाइन्छ।"
nepali_dresses_augmented/gurung_dress/46_aug1.jpg,"A young tibetan girl in the mountains of tibet. This is the Gurung dress, the traditional attire of the Gurung (Tamu) community of Nepal. It is worn during festivals such as Tamu Lhosar and other community gatherings.","तिब्बतको पहाडमा एक युवा तिब्बती केटी। यो गुरुङ पोशाक हो, नेपालको गुरुङ (तमु) समुदायको परम्परागत पोशाक हो। यो तमु लोसर जस्ता चाडपर्वहरूमा र अन्य सामुदायिक भेलाहरूमा लगाइन्छ।"
nepali_dresses_augmented/gurung_dress/46_aug2.jpg,"A young tibetan girl in the mountains of tibet. This is the Gurung dress, the traditional attire of the Gurung (Tamu) community of Nepal. It is worn during festivals such as Tamu Lhosar and other community gatherings.","तिब्बतको पहाडमा एक युवा तिब्बती केटी। यो गुरुङ पोशाक हो, नेपालको गुरुङ (तमु) समुदायको परम्परागत पोशाक हो। यो तमु लोसर जस्ता चाडपर्वहरूमा र अन्य सामुदायिक भेलाहरूमा लगाइन्छ।"
nepali_dresses_augmented/gurung_dress/46_aug3.jpg,"A young tibetan girl in the mountains of tibet. This is the Gurung dress, the traditional attire of the Gurung (Tamu) community of Nepal. It is worn during festivals such as Tamu Lhosar and other community gatherings.","तिब्बतको पहाडमा एक युवा तिब्बती केटी। यो गुरुङ पोशाक हो, नेपालको गुरुङ (तमु) समुदायको परम्परागत पोशाक हो। यो तमु लोसर जस्ता चाडपर्वहरूमा र अन्य सामुदायिक भेलाहरूमा लगाइन्छ।"
nepali_dresses_augmented/gurung_dress/47.jpg,"A woman sitting on steps in front of a building. This is the Gurung dress, the traditional attire of the Gurung (Tamu) community of Nepal. It is worn during festivals such as Tamu Lhosar and other community gatherings.","एक महिला एक भवनको अगाडि सीढीमा बसिरहेको छ। यो गुरुङ पोशाक हो, नेपालको गुरुङ (तमु) समुदायको परम्परागत पोशाक हो। यो तमु लोसर जस्ता चाडपर्व र अन्य सामुदायिक भेलाहरूमा लगाइन्छ।"
nepali_dresses_augmented/gurung_dress/47_aug1.jpg,"A woman sitting on steps in front of a building. This is the Gurung dress, the traditional attire of the Gurung (Tamu) community of Nepal. It is worn during festivals such as Tamu Lhosar and other community gatherings.","एक महिला एक भवनको अगाडि सीढीमा बसिरहेको छ। यो गुरुङ पोशाक हो, नेपालको गुरुङ (तमु) समुदायको परम्परागत पोशाक हो। यो तमु लोसर जस्ता चाडपर्व र अन्य सामुदायिक भेलाहरूमा लगाइन्छ।"
nepali_dresses_augmented/gurung_dress/47_aug2.jpg,"A woman sitting on steps in front of a building. This is the Gurung dress, the traditional attire of the Gurung (Tamu) community of Nepal. It is worn during festivals such as Tamu Lhosar and other community gatherings.","एक महिला एक भवनको अगाडि सीढीमा बसिरहेको छ। यो गुरुङ पोशाक हो, नेपालको गुरुङ (तमु) समुदायको परम्परागत पोशाक हो। यो तमु लोसर जस्ता चाडपर्व र अन्य सामुदायिक भेलाहरूमा लगाइन्छ।"
nepali_dresses_augmented/gurung_dress/47_aug3.jpg,"A woman sitting on steps in front of a building. This is the Gurung dress, the traditional attire of the Gurung (Tamu) community of Nepal. It is worn during festivals such as Tamu Lhosar and other community gatherings.","एक महिला एक भवनको अगाडि सीढीमा बसिरहेको छ। यो गुरुङ पोशाक हो, नेपालको गुरुङ (तमु) समुदायको परम्परागत पोशाक हो। यो तमु लोसर जस्ता चाडपर्व र अन्य सामुदायिक भेलाहरूमा लगाइन्छ।"
nepali_dresses_augmented/gurung_dress/48.jpg,"A group of people standing on top of a mountain. This is the Gurung dress, the traditional attire of the Gurung (Tamu) community of Nepal. It is worn during festivals such as Tamu Lhosar and other community gatherings.","एक पहाडको शीर्षमा उभिएका मानिसहरूको समूह। यो गुरुङ पोशाक हो, नेपालको गुरुङ (तमु) समुदायको परम्परागत पोशाक। यो तामु लोसर जस्ता चाडपर्वहरू र अन्य सामुदायिक भेलाहरूमा लगाइन्छ।"
nepali_dresses_augmented/gurung_dress/48_aug1.jpg,"A group of people standing on top of a mountain. This is the Gurung dress, the traditional attire of the Gurung (Tamu) community of Nepal. It is worn during festivals such as Tamu Lhosar and other community gatherings.","एक पहाडको शीर्षमा उभिएका मानिसहरूको समूह। यो गुरुङ पोशाक हो, नेपालको गुरुङ (तमु) समुदायको परम्परागत पोशाक। यो तामु लोसर जस्ता चाडपर्वहरू र अन्य सामुदायिक भेलाहरूमा लगाइन्छ।"
nepali_dresses_augmented/gurung_dress/48_aug2.jpg,"A group of people standing on top of a mountain. This is the Gurung dress, the traditional attire of the Gurung (Tamu) community of Nepal. It is worn during festivals such as Tamu Lhosar and other community gatherings.","एक पहाडको शीर्षमा उभिएका मानिसहरूको समूह। यो गुरुङ पोशाक हो, नेपालको गुरुङ (तमु) समुदायको परम्परागत पोशाक। यो तामु लोसर जस्ता चाडपर्वहरू र अन्य सामुदायिक भेलाहरूमा लगाइन्छ।"
nepali_dresses_augmented/gurung_dress/48_aug3.jpg,"A group of people standing on top of a mountain. This is the Gurung dress, the traditional attire of the Gurung (Tamu) community of Nepal. It is worn during festivals such as Tamu Lhosar and other community gatherings.","एक पहाडको शीर्षमा उभिएका मानिसहरूको समूह। यो गुरुङ पोशाक हो, नेपालको गुरुङ (तमु) समुदायको परम्परागत पोशाक। यो तामु लोसर जस्ता चाडपर्वहरू र अन्य सामुदायिक भेलाहरूमा लगाइन्छ।"
nepali_dresses_augmented/gurung_dress/49.jpg,"A little girl in a red and yellow dress. This is the Gurung dress, the traditional attire of the Gurung (Tamu) community of Nepal. It is worn during festivals such as Tamu Lhosar and other community gatherings.","रातो र पहेंलो पोशाकमा एक सानो केटी। यो गुरुङ पोशाक हो, नेपालको गुरुङ (तमु) समुदायको परम्परागत पोशाक हो। यो तामु लोसर र अन्य सामुदायिक भेलाहरूमा लगाइन्छ।"
nepali_dresses_augmented/gurung_dress/49_aug1.jpg,"A little girl in a red and yellow dress. This is the Gurung dress, the traditional attire of the Gurung (Tamu) community of Nepal. It is worn during festivals such as Tamu Lhosar and other community gatherings.","रातो र पहेंलो पोशाकमा एक सानो केटी। यो गुरुङ पोशाक हो, नेपालको गुरुङ (तमु) समुदायको परम्परागत पोशाक हो। यो तामु लोसर र अन्य सामुदायिक भेलाहरूमा लगाइन्छ।"
nepali_dresses_augmented/gurung_dress/49_aug2.jpg,"A little girl in a red and yellow dress. This is the Gurung dress, the traditional attire of the Gurung (Tamu) community of Nepal. It is worn during festivals such as Tamu Lhosar and other community gatherings.","रातो र पहेंलो पोशाकमा एक सानो केटी। यो गुरुङ पोशाक हो, नेपालको गुरुङ (तमु) समुदायको परम्परागत पोशाक हो। यो तामु लोसर र अन्य सामुदायिक भेलाहरूमा लगाइन्छ।"
nepali_dresses_augmented/gurung_dress/49_aug3.jpg,"A little girl in a red and yellow dress. This is the Gurung dress, the traditional attire of the Gurung (Tamu) community of Nepal. It is worn during festivals such as Tamu Lhosar and other community gatherings.","रातो र पहेंलो पोशाकमा एक सानो केटी। यो गुरुङ पोशाक हो, नेपालको गुरुङ (तमु) समुदायको परम्परागत पोशाक हो। यो तामु लोसर र अन्य सामुदायिक भेलाहरूमा लगाइन्छ।"
nepali_dresses_augmented/gurung_dress/4_aug1.jpg,"A group of people standing in front of a mountain. This is the Gurung dress, the traditional attire of the Gurung (Tamu) community of Nepal. It is worn during festivals such as Tamu Lhosar and other community gatherings.","एक पहाडको अगाडि उभिएका मानिसहरूको समूह। यो गुरुङ पोशाक हो, नेपालको गुरुङ (तमु) समुदायको परम्परागत पोशाक। यो तामु लोसर जस्ता चाडपर्वहरू र अन्य सामुदायिक भेलाहरूमा लगाइन्छ।"
nepali_dresses_augmented/gurung_dress/4_aug2.jpg,"A group of people standing in front of a mountain. This is the Gurung dress, the traditional attire of the Gurung (Tamu) community of Nepal. It is worn during festivals such as Tamu Lhosar and other community gatherings.","एक पहाडको अगाडि उभिएका मानिसहरूको समूह। यो गुरुङ पोशाक हो, नेपालको गुरुङ (तमु) समुदायको परम्परागत पोशाक। यो तामु लोसर जस्ता चाडपर्वहरू र अन्य सामुदायिक भेलाहरूमा लगाइन्छ।"
nepali_dresses_augmented/gurung_dress/4_aug3.jpg,"A group of people standing in front of a mountain. This is the Gurung dress, the traditional attire of the Gurung (Tamu) community of Nepal. It is worn during festivals such as Tamu Lhosar and other community gatherings.","एक पहाडको अगाडि उभिएका मानिसहरूको समूह। यो गुरुङ पोशाक हो, नेपालको गुरुङ (तमु) समुदायको परम्परागत पोशाक। यो तामु लोसर जस्ता चाडपर्वहरू र अन्य सामुदायिक भेलाहरूमा लगाइन्छ।"
nepali_dresses_augmented/gurung_dress/5.jpg,"A young girl in traditional dress. This is the Gurung dress, the traditional attire of the Gurung (Tamu) community of Nepal. It is worn during festivals such as Tamu Lhosar and other community gatherings.","परम्परागत पोशाकमा एक युवती। यो गुरुङ पोशाक हो, नेपालको गुरुङ (तमु) समुदायको परम्परागत पोशाक हो। यो तामु लोसर र अन्य सामुदायिक भेलाहरूमा लगाइन्छ।"
nepali_dresses_augmented/gurung_dress/50.jpg,"A woman in a maroon and green sari. This is the Gurung dress, the traditional attire of the Gurung (Tamu) community of Nepal. It is worn during festivals such as Tamu Lhosar and other community gatherings.","यो गुरुङको पोशाक हो, नेपालको गुरुङ (तमु) समुदायको परम्परागत पोशाक हो। यो तामु लोसर र अन्य सामुदायिक भेलाहरूमा लगाइन्छ।"
nepali_dresses_augmented/gurung_dress/50_aug1.jpg,"A woman in a maroon and green sari. This is the Gurung dress, the traditional attire of the Gurung (Tamu) community of Nepal. It is worn during festivals such as Tamu Lhosar and other community gatherings.","यो गुरुङको पोशाक हो, नेपालको गुरुङ (तमु) समुदायको परम्परागत पोशाक हो। यो तामु लोसर र अन्य सामुदायिक भेलाहरूमा लगाइन्छ।"
nepali_dresses_augmented/gurung_dress/50_aug2.jpg,"A woman in a maroon and green sari. This is the Gurung dress, the traditional attire of the Gurung (Tamu) community of Nepal. It is worn during festivals such as Tamu Lhosar and other community gatherings.","यो गुरुङको पोशाक हो, नेपालको गुरुङ (तमु) समुदायको परम्परागत पोशाक हो। यो तामु लोसर र अन्य सामुदायिक भेलाहरूमा लगाइन्छ।"
nepali_dresses_augmented/gurung_dress/50_aug3.jpg,"A woman in a maroon and green sari. This is the Gurung dress, the traditional attire of the Gurung (Tamu) community of Nepal. It is worn during festivals such as Tamu Lhosar and other community gatherings.","यो गुरुङको पोशाक हो, नेपालको गुरुङ (तमु) समुदायको परम्परागत पोशाक हो। यो तामु लोसर र अन्य सामुदायिक भेलाहरूमा लगाइन्छ।"
nepali_dresses_augmented/gurung_dress/51.jpg,"A group of people standing in front of a building. This is the Gurung dress, the traditional attire of the Gurung (Tamu) community of Nepal. It is worn during festivals such as Tamu Lhosar and other community gatherings.","एउटा भवनको अगाडि उभिएका मानिसहरूको समूह। यो गुरुङ पोशाक हो, नेपालको गुरुङ (तमु) समुदायको परम्परागत पोशाक। यो तामु लोसर जस्ता चाडपर्वहरू र अन्य सामुदायिक भेलाहरूमा लगाइन्छ।"
nepali_dresses_augmented/gurung_dress/51_aug1.jpg,"A group of people standing in front of a building. This is the Gurung dress, the traditional attire of the Gurung (Tamu) community of Nepal. It is worn during festivals such as Tamu Lhosar and other community gatherings.","एउटा भवनको अगाडि उभिएका मानिसहरूको समूह। यो गुरुङ पोशाक हो, नेपालको गुरुङ (तमु) समुदायको परम्परागत पोशाक। यो तामु लोसर जस्ता चाडपर्वहरू र अन्य सामुदायिक भेलाहरूमा लगाइन्छ।"
nepali_dresses_augmented/gurung_dress/51_aug2.jpg,"A group of people standing in front of a building. This is the Gurung dress, the traditional attire of the Gurung (Tamu) community of Nepal. It is worn during festivals such as Tamu Lhosar and other community gatherings.","एउटा भवनको अगाडि उभिएका मानिसहरूको समूह। यो गुरुङ पोशाक हो, नेपालको गुरुङ (तमु) समुदायको परम्परागत पोशाक। यो तामु लोसर जस्ता चाडपर्वहरू र अन्य सामुदायिक भेलाहरूमा लगाइन्छ।"
nepali_dresses_augmented/gurung_dress/51_aug3.jpg,"A group of people standing in front of a building. This is the Gurung dress, the traditional attire of the Gurung (Tamu) community of Nepal. It is worn during festivals such as Tamu Lhosar and other community gatherings.","एउटा भवनको अगाडि उभिएका मानिसहरूको समूह। यो गुरुङ पोशाक हो, नेपालको गुरुङ (तमु) समुदायको परम्परागत पोशाक। यो तामु लोसर जस्ता चाडपर्वहरू र अन्य सामुदायिक भेलाहरूमा लगाइन्छ।"
nepali_dresses_augmented/gurung_dress/52.jpg,"A group of people dressed in traditional costumes marching down the street. This is the Gurung dress, the traditional attire of the Gurung (Tamu) community of Nepal. It is worn during festivals such as Tamu Lhosar and other community gatherings.","परम्परागत पोशाकमा लुगा लगाएका मानिसहरूको समूहले सडकमा मार्च गरिरहेका छन्। यो गुरुङ पोशाक हो, नेपालको गुरुङ (तमु) समुदायको परम्परागत पोशाक हो। यो तामु लोसर जस्ता चाडपर्वहरू र अन्य सामुदायिक भेलाहरूमा लगाइन्छ।"
nepali_dresses_augmented/gurung_dress/52_aug1.jpg,"A group of people dressed in traditional costumes marching down the street. This is the Gurung dress, the traditional attire of the Gurung (Tamu) community of Nepal. It is worn during festivals such as Tamu Lhosar and other community gatherings.","परम्परागत पोशाकमा लुगा लगाएका मानिसहरूको समूहले सडकमा मार्च गरिरहेका छन्। यो गुरुङ पोशाक हो, नेपालको गुरुङ (तमु) समुदायको परम्परागत पोशाक हो। यो तामु लोसर जस्ता चाडपर्वहरू र अन्य सामुदायिक भेलाहरूमा लगाइन्छ।"
nepali_dresses_augmented/gurung_dress/52_aug2.jpg,"A group of people dressed in traditional costumes marching down the street. This is the Gurung dress, the traditional attire of the Gurung (Tamu) community of Nepal. It is worn during festivals such as Tamu Lhosar and other community gatherings.","परम्परागत पोशाकमा लुगा लगाएका मानिसहरूको समूहले सडकमा मार्च गरिरहेका छन्। यो गुरुङ पोशाक हो, नेपालको गुरुङ (तमु) समुदायको परम्परागत पोशाक हो। यो तामु लोसर जस्ता चाडपर्वहरू र अन्य सामुदायिक भेलाहरूमा लगाइन्छ।"
nepali_dresses_augmented/gurung_dress/52_aug3.jpg,"A group of people dressed in traditional costumes marching down the street. This is the Gurung dress, the traditional attire of the Gurung (Tamu) community of Nepal. It is worn during festivals such as Tamu Lhosar and other community gatherings.","परम्परागत पोशाकमा लुगा लगाएका मानिसहरूको समूहले सडकमा मार्च गरिरहेका छन्। यो गुरुङ पोशाक हो, नेपालको गुरुङ (तमु) समुदायको परम्परागत पोशाक हो। यो तामु लोसर जस्ता चाडपर्वहरू र अन्य सामुदायिक भेलाहरूमा लगाइन्छ।"
nepali_dresses_augmented/gurung_dress/53.jpg,"A group of people in traditional costumes. This is the Gurung dress, the traditional attire of the Gurung (Tamu) community of Nepal. It is worn during festivals such as Tamu Lhosar and other community gatherings.","परम्परागत पोशाकमा मानिसहरूको समूह। यो गुरुङ पोशाक हो, नेपालको गुरुङ (तमु) समुदायको परम्परागत पोशाक। यो तामु लोसर जस्ता चाडपर्वहरू र अन्य सामुदायिक भेलाहरूमा लगाइन्छ।"
nepali_dresses_augmented/gurung_dress/53_aug1.jpg,"A group of people in traditional costumes. This is the Gurung dress, the traditional attire of the Gurung (Tamu) community of Nepal. It is worn during festivals such as Tamu Lhosar and other community gatherings.","परम्परागत पोशाकमा मानिसहरूको समूह। यो गुरुङ पोशाक हो, नेपालको गुरुङ (तमु) समुदायको परम्परागत पोशाक। यो तामु लोसर जस्ता चाडपर्वहरू र अन्य सामुदायिक भेलाहरूमा लगाइन्छ।"
nepali_dresses_augmented/gurung_dress/53_aug2.jpg,"A group of people in traditional costumes. This is the Gurung dress, the traditional attire of the Gurung (Tamu) community of Nepal. It is worn during festivals such as Tamu Lhosar and other community gatherings.","परम्परागत पोशाकमा मानिसहरूको समूह। यो गुरुङ पोशाक हो, नेपालको गुरुङ (तमु) समुदायको परम्परागत पोशाक। यो तामु लोसर जस्ता चाडपर्वहरू र अन्य सामुदायिक भेलाहरूमा लगाइन्छ।"
nepali_dresses_augmented/gurung_dress/53_aug3.jpg,"A group of people in traditional costumes. This is the Gurung dress, the traditional attire of the Gurung (Tamu) community of Nepal. It is worn during festivals such as Tamu Lhosar and other community gatherings.","परम्परागत पोशाकमा मानिसहरूको समूह। यो गुरुङ पोशाक हो, नेपालको गुरुङ (तमु) समुदायको परम्परागत पोशाक। यो तामु लोसर जस्ता चाडपर्वहरू र अन्य सामुदायिक भेलाहरूमा लगाइन्छ।"
nepali_dresses_augmented/gurung_dress/54.jpg,"A group of young girls in traditional costumes. This is the Gurung dress, the traditional attire of the Gurung (Tamu) community of Nepal. It is worn during festivals such as Tamu Lhosar and other community gatherings.","परम्परागत पोशाकमा युवा युवतीहरूको समूह। यो गुरुङ पोशाक हो, नेपालको गुरुङ (तमु) समुदायको परम्परागत पोशाक। यो तामु लोसर जस्ता चाडपर्वहरू र अन्य सामुदायिक भेलाहरूमा लगाइन्छ।"
nepali_dresses_augmented/gurung_dress/54_aug1.jpg,"A group of young girls in traditional costumes. This is the Gurung dress, the traditional attire of the Gurung (Tamu) community of Nepal. It is worn during festivals such as Tamu Lhosar and other community gatherings.","परम्परागत पोशाकमा युवा युवतीहरूको समूह। यो गुरुङ पोशाक हो, नेपालको गुरुङ (तमु) समुदायको परम्परागत पोशाक। यो तामु लोसर जस्ता चाडपर्वहरू र अन्य सामुदायिक भेलाहरूमा लगाइन्छ।"
nepali_dresses_augmented/gurung_dress/54_aug2.jpg,"A group of young girls in traditional costumes. This is the Gurung dress, the traditional attire of the Gurung (Tamu) community of Nepal. It is worn during festivals such as Tamu Lhosar and other community gatherings.","परम्परागत पोशाकमा युवा युवतीहरूको समूह। यो गुरुङ पोशाक हो, नेपालको गुरुङ (तमु) समुदायको परम्परागत पोशाक। यो तामु लोसर जस्ता चाडपर्वहरू र अन्य सामुदायिक भेलाहरूमा लगाइन्छ।"
nepali_dresses_augmented/gurung_dress/54_aug3.jpg,"A group of young girls in traditional costumes. This is the Gurung dress, the traditional attire of the Gurung (Tamu) community of Nepal. It is worn during festivals such as Tamu Lhosar and other community gatherings.","परम्परागत पोशाकमा युवा युवतीहरूको समूह। यो गुरुङ पोशाक हो, नेपालको गुरुङ (तमु) समुदायको परम्परागत पोशाक। यो तामु लोसर जस्ता चाडपर्वहरू र अन्य सामुदायिक भेलाहरूमा लगाइन्छ।"
nepali_dresses_augmented/gurung_dress/55.jpg,"A group of women dressed in traditional costumes. This is the Gurung dress, the traditional attire of the Gurung (Tamu) community of Nepal. It is worn during festivals such as Tamu Lhosar and other community gatherings.","परम्परागत पोशाक लगाउने महिलाहरूको समूह। यो गुरुङ पोशाक हो, नेपालको गुरुङ (तमु) समुदायको परम्परागत पोशाक हो। यो तामु लोसार जस्ता चाडपर्वहरू र अन्य सामुदायिक भेलाहरूमा लगाइन्छ।"
nepali_dresses_augmented/gurung_dress/55_aug1.jpg,"A group of women dressed in traditional costumes. This is the Gurung dress, the traditional attire of the Gurung (Tamu) community of Nepal. It is worn during festivals such as Tamu Lhosar and other community gatherings.","परम्परागत पोशाक लगाउने महिलाहरूको समूह। यो गुरुङ पोशाक हो, नेपालको गुरुङ (तमु) समुदायको परम्परागत पोशाक हो। यो तामु लोसार जस्ता चाडपर्वहरू र अन्य सामुदायिक भेलाहरूमा लगाइन्छ।"
nepali_dresses_augmented/gurung_dress/55_aug2.jpg,"A group of women dressed in traditional costumes. This is the Gurung dress, the traditional attire of the Gurung (Tamu) community of Nepal. It is worn during festivals such as Tamu Lhosar and other community gatherings.","परम्परागत पोशाक लगाउने महिलाहरूको समूह। यो गुरुङ पोशाक हो, नेपालको गुरुङ (तमु) समुदायको परम्परागत पोशाक हो। यो तामु लोसार जस्ता चाडपर्वहरू र अन्य सामुदायिक भेलाहरूमा लगाइन्छ।"
nepali_dresses_augmented/gurung_dress/55_aug3.jpg,"A group of women dressed in traditional costumes. This is the Gurung dress, the traditional attire of the Gurung (Tamu) community of Nepal. It is worn during festivals such as Tamu Lhosar and other community gatherings.","परम्परागत पोशाक लगाउने महिलाहरूको समूह। यो गुरुङ पोशाक हो, नेपालको गुरुङ (तमु) समुदायको परम्परागत पोशाक हो। यो तामु लोसार जस्ता चाडपर्वहरू र अन्य सामुदायिक भेलाहरूमा लगाइन्छ।"
nepali_dresses_augmented/gurung_dress/56.jpg,"A group of young girls dressed in traditional costumes dance on a street. This is the Gurung dress, the traditional attire of the Gurung (Tamu) community of Nepal. It is worn during festivals such as Tamu Lhosar and other community gatherings.","परम्परागत पोशाक लगाएका युवतीहरूको समूहले सडकमा नाच्दछन्। यो गुरुङ पोशाक हो, नेपालको गुरुङ (तमु) समुदायको परम्परागत पोशाक हो। यो तामु लोसर र अन्य सामुदायिक भेलाहरूमा लगाइन्छ।"
nepali_dresses_augmented/gurung_dress/56_aug1.jpg,"A group of young girls dressed in traditional costumes dance on a street. This is the Gurung dress, the traditional attire of the Gurung (Tamu) community of Nepal. It is worn during festivals such as Tamu Lhosar and other community gatherings.","परम्परागत पोशाक लगाएका युवतीहरूको समूहले सडकमा नाच्दछन्। यो गुरुङ पोशाक हो, नेपालको गुरुङ (तमु) समुदायको परम्परागत पोशाक हो। यो तामु लोसर र अन्य सामुदायिक भेलाहरूमा लगाइन्छ।"
nepali_dresses_augmented/gurung_dress/56_aug2.jpg,"A group of young girls dressed in traditional costumes dance on a street. This is the Gurung dress, the traditional attire of the Gurung (Tamu) community of Nepal. It is worn during festivals such as Tamu Lhosar and other community gatherings.","परम्परागत पोशाक लगाएका युवतीहरूको समूहले सडकमा नाच्दछन्। यो गुरुङ पोशाक हो, नेपालको गुरुङ (तमु) समुदायको परम्परागत पोशाक हो। यो तामु लोसर र अन्य सामुदायिक भेलाहरूमा लगाइन्छ।"
nepali_dresses_augmented/gurung_dress/56_aug3.jpg,"A group of young girls dressed in traditional costumes dance on a street. This is the Gurung dress, the traditional attire of the Gurung (Tamu) community of Nepal. It is worn during festivals such as Tamu Lhosar and other community gatherings.","परम्परागत पोशाक लगाएका युवतीहरूको समूहले सडकमा नाच्दछन्। यो गुरुङ पोशाक हो, नेपालको गुरुङ (तमु) समुदायको परम्परागत पोशाक हो। यो तामु लोसर र अन्य सामुदायिक भेलाहरूमा लगाइन्छ।"
nepali_dresses_augmented/gurung_dress/57.jpg,"A group of women in red and gold costumes. This is the Gurung dress, the traditional attire of the Gurung (Tamu) community of Nepal. It is worn during festivals such as Tamu Lhosar and other community gatherings.","रातो र सुनको पोशाकमा महिलाहरूको समूह। यो गुरुङ पोशाक हो, नेपालको गुरुङ (तमु) समुदायको परम्परागत पोशाक हो। यो तामु लोसर र अन्य सामुदायिक भेलाहरूमा लगाइन्छ।"
nepali_dresses_augmented/gurung_dress/57_aug1.jpg,"A group of women in red and gold costumes. This is the Gurung dress, the traditional attire of the Gurung (Tamu) community of Nepal. It is worn during festivals such as Tamu Lhosar and other community gatherings.","रातो र सुनको पोशाकमा महिलाहरूको समूह। यो गुरुङ पोशाक हो, नेपालको गुरुङ (तमु) समुदायको परम्परागत पोशाक हो। यो तामु लोसर र अन्य सामुदायिक भेलाहरूमा लगाइन्छ।"
nepali_dresses_augmented/gurung_dress/57_aug2.jpg,"A group of women in red and gold costumes. This is the Gurung dress, the traditional attire of the Gurung (Tamu) community of Nepal. It is worn during festivals such as Tamu Lhosar and other community gatherings.","रातो र सुनको पोशाकमा महिलाहरूको समूह। यो गुरुङ पोशाक हो, नेपालको गुरुङ (तमु) समुदायको परम्परागत पोशाक हो। यो तामु लोसर र अन्य सामुदायिक भेलाहरूमा लगाइन्छ।"
nepali_dresses_augmented/gurung_dress/57_aug3.jpg,"A group of women in red and gold costumes. This is the Gurung dress, the traditional attire of the Gurung (Tamu) community of Nepal. It is worn during festivals such as Tamu Lhosar and other community gatherings.","रातो र सुनको पोशाकमा महिलाहरूको समूह। यो गुरुङ पोशाक हो, नेपालको गुरुङ (तमु) समुदायको परम्परागत पोशाक हो। यो तामु लोसर र अन्य सामुदायिक भेलाहरूमा लगाइन्छ।"
nepali_dresses_augmented/gurung_dress/58.jpg,"A group of dancers perform during the parade. This is the Gurung dress, the traditional attire of the Gurung (Tamu) community of Nepal. It is worn during festivals such as Tamu Lhosar and other community gatherings.",नेपालको गुरुङ (तमु) समुदायको परम्परागत पोशाक गुरुङ (तमु) पोशाक हो । यो तामु लोसर र अन्य सामुदायिक भेलाहरूमा लगाइन्छ ।
nepali_dresses_augmented/gurung_dress/58_aug1.jpg,"A group of dancers perform during the parade. This is the Gurung dress, the traditional attire of the Gurung (Tamu) community of Nepal. It is worn during festivals such as Tamu Lhosar and other community gatherings.",नेपालको गुरुङ (तमु) समुदायको परम्परागत पोशाक गुरुङ (तमु) पोशाक हो । यो तामु लोसर र अन्य सामुदायिक भेलाहरूमा लगाइन्छ ।
nepali_dresses_augmented/gurung_dress/58_aug2.jpg,"A group of dancers perform during the parade. This is the Gurung dress, the traditional attire of the Gurung (Tamu) community of Nepal. It is worn during festivals such as Tamu Lhosar and other community gatherings.",नेपालको गुरुङ (तमु) समुदायको परम्परागत पोशाक गुरुङ (तमु) पोशाक हो । यो तामु लोसर र अन्य सामुदायिक भेलाहरूमा लगाइन्छ ।
nepali_dresses_augmented/gurung_dress/58_aug3.jpg,"A group of dancers perform during the parade. This is the Gurung dress, the traditional attire of the Gurung (Tamu) community of Nepal. It is worn during festivals such as Tamu Lhosar and other community gatherings.",नेपालको गुरुङ (तमु) समुदायको परम्परागत पोशाक गुरुङ (तमु) पोशाक हो । यो तामु लोसर र अन्य सामुदायिक भेलाहरूमा लगाइन्छ ।
nepali_dresses_augmented/gurung_dress/59.jpg,"A group of young girls in traditional costumes dancing on the street. This is the Gurung dress, the traditional attire of the Gurung (Tamu) community of Nepal. It is worn during festivals such as Tamu Lhosar and other community gatherings.","परम्परागत पोशाकमा सडकमा नाच्ने युवा युवतीहरूको समूह। यो गुरुङ पोशाक हो, नेपालको गुरुङ (तमु) समुदायको परम्परागत पोशाक हो। यो तामु लोसर जस्ता चाडपर्वहरू र अन्य सामुदायिक भेलाहरूमा लगाइन्छ।"
nepali_dresses_augmented/gurung_dress/59_aug1.jpg,"A group of young girls in traditional costumes dancing on the street. This is the Gurung dress, the traditional attire of the Gurung (Tamu) community of Nepal. It is worn during festivals such as Tamu Lhosar and other community gatherings.","परम्परागत पोशाकमा सडकमा नाच्ने युवा युवतीहरूको समूह। यो गुरुङ पोशाक हो, नेपालको गुरुङ (तमु) समुदायको परम्परागत पोशाक हो। यो तामु लोसर जस्ता चाडपर्वहरू र अन्य सामुदायिक भेलाहरूमा लगाइन्छ।"
nepali_dresses_augmented/gurung_dress/59_aug2.jpg,"A group of young girls in traditional costumes dancing on the street. This is the Gurung dress, the traditional attire of the Gurung (Tamu) community of Nepal. It is worn during festivals such as Tamu Lhosar and other community gatherings.","परम्परागत पोशाकमा सडकमा नाच्ने युवा युवतीहरूको समूह। यो गुरुङ पोशाक हो, नेपालको गुरुङ (तमु) समुदायको परम्परागत पोशाक हो। यो तामु लोसर जस्ता चाडपर्वहरू र अन्य सामुदायिक भेलाहरूमा लगाइन्छ।"
nepali_dresses_augmented/gurung_dress/59_aug3.jpg,"A group of young girls in traditional costumes dancing on the street. This is the Gurung dress, the traditional attire of the Gurung (Tamu) community of Nepal. It is worn during festivals such as Tamu Lhosar and other community gatherings.","परम्परागत पोशाकमा सडकमा नाच्ने युवा युवतीहरूको समूह। यो गुरुङ पोशाक हो, नेपालको गुरुङ (तमु) समुदायको परम्परागत पोशाक हो। यो तामु लोसर जस्ता चाडपर्वहरू र अन्य सामुदायिक भेलाहरूमा लगाइन्छ।"
nepali_dresses_augmented/gurung_dress/5_aug1.jpg,"A young girl in traditional dress. This is the Gurung dress, the traditional attire of the Gurung (Tamu) community of Nepal. It is worn during festivals such as Tamu Lhosar and other community gatherings.","परम्परागत पोशाकमा एक युवती। यो गुरुङ पोशाक हो, नेपालको गुरुङ (तमु) समुदायको परम्परागत पोशाक हो। यो तामु लोसर र अन्य सामुदायिक भेलाहरूमा लगाइन्छ।"
nepali_dresses_augmented/gurung_dress/5_aug2.jpg,"A young girl in traditional dress. This is the Gurung dress, the traditional attire of the Gurung (Tamu) community of Nepal. It is worn during festivals such as Tamu Lhosar and other community gatherings.","परम्परागत पोशाकमा एक युवती। यो गुरुङ पोशाक हो, नेपालको गुरुङ (तमु) समुदायको परम्परागत पोशाक हो। यो तामु लोसर र अन्य सामुदायिक भेलाहरूमा लगाइन्छ।"
nepali_dresses_augmented/gurung_dress/5_aug3.jpg,"A young girl in traditional dress. This is the Gurung dress, the traditional attire of the Gurung (Tamu) community of Nepal. It is worn during festivals such as Tamu Lhosar and other community gatherings.","परम्परागत पोशाकमा एक युवती। यो गुरुङ पोशाक हो, नेपालको गुरुङ (तमु) समुदायको परम्परागत पोशाक हो। यो तामु लोसर र अन्य सामुदायिक भेलाहरूमा लगाइन्छ।"
nepali_dresses_augmented/gurung_dress/6.jpg,"Two young women in traditional clothing at the festival. This is the Gurung dress, the traditional attire of the Gurung (Tamu) community of Nepal. It is worn during festivals such as Tamu Lhosar and other community gatherings.","महोत्सवमा परम्परागत कपडामा दुई युवतीहरू। यो गुरुङ पोशाक हो, नेपालको गुरुङ (तमु) समुदायको परम्परागत पोशाक हो। यो तामु लोसर जस्ता महोत्सवहरू र अन्य सामुदायिक भेलाहरूमा लगाइन्छ।"
nepali_dresses_augmented/gurung_dress/60.jpg,"A young girl in traditional costume. This is the Gurung dress, the traditional attire of the Gurung (Tamu) community of Nepal. It is worn during festivals such as Tamu Lhosar and other community gatherings.","एक युवती परम्परागत पोशाकमा। यो गुरुङ पोशाक हो, नेपालको गुरुङ (तमु) समुदायको परम्परागत पोशाक हो। यो तामु लोसर र अन्य सामुदायिक भेलाहरूमा लगाइन्छ।"
nepali_dresses_augmented/gurung_dress/60_aug1.jpg,"A young girl in traditional costume. This is the Gurung dress, the traditional attire of the Gurung (Tamu) community of Nepal. It is worn during festivals such as Tamu Lhosar and other community gatherings.","एक युवती परम्परागत पोशाकमा। यो गुरुङ पोशाक हो, नेपालको गुरुङ (तमु) समुदायको परम्परागत पोशाक हो। यो तामु लोसर र अन्य सामुदायिक भेलाहरूमा लगाइन्छ।"
nepali_dresses_augmented/gurung_dress/60_aug2.jpg,"A young girl in traditional costume. This is the Gurung dress, the traditional attire of the Gurung (Tamu) community of Nepal. It is worn during festivals such as Tamu Lhosar and other community gatherings.","एक युवती परम्परागत पोशाकमा। यो गुरुङ पोशाक हो, नेपालको गुरुङ (तमु) समुदायको परम्परागत पोशाक हो। यो तामु लोसर र अन्य सामुदायिक भेलाहरूमा लगाइन्छ।"
nepali_dresses_augmented/gurung_dress/60_aug3.jpg,"A young girl in traditional costume. This is the Gurung dress, the traditional attire of the Gurung (Tamu) community of Nepal. It is worn during festivals such as Tamu Lhosar and other community gatherings.","एक युवती परम्परागत पोशाकमा। यो गुरुङ पोशाक हो, नेपालको गुरुङ (तमु) समुदायको परम्परागत पोशाक हो। यो तामु लोसर र अन्य सामुदायिक भेलाहरूमा लगाइन्छ।"
nepali_dresses_augmented/gurung_dress/61.jpg,"A young girl in traditional costume dances during a parade in the city of santiago, spain - stock photo. This is the Gurung dress, the traditional attire of the Gurung (Tamu) community of Nepal. It is worn during festivals such as Tamu Lhosar and other community gatherings.","सान्टियागो शहरमा परेडको क्रममा परम्परागत पोशाकमा नाच्ने एक युवती, स्पेन - स्टक फोटो। यो गुरुङ पोशाक हो, नेपालको गुरुङ (तमु) समुदायको परम्परागत पोशाक हो। यो तामु लोसर जस्ता चाडहरूमा लगाइन्छ र अन्य सामुदायिक भेलाहरूमा।"
nepali_dresses_augmented/gurung_dress/61_aug1.jpg,"A young girl in traditional costume dances during a parade in the city of santiago, spain - stock photo. This is the Gurung dress, the traditional attire of the Gurung (Tamu) community of Nepal. It is worn during festivals such as Tamu Lhosar and other community gatherings.","सान्टियागो शहरमा परेडको क्रममा परम्परागत पोशाकमा नाच्ने एक युवती, स्पेन - स्टक फोटो। यो गुरुङ पोशाक हो, नेपालको गुरुङ (तमु) समुदायको परम्परागत पोशाक हो। यो तामु लोसर जस्ता चाडहरूमा लगाइन्छ र अन्य सामुदायिक भेलाहरूमा।"
nepali_dresses_augmented/gurung_dress/61_aug2.jpg,"A young girl in traditional costume dances during a parade in the city of santiago, spain - stock photo. This is the Gurung dress, the traditional attire of the Gurung (Tamu) community of Nepal. It is worn during festivals such as Tamu Lhosar and other community gatherings.","सान्टियागो शहरमा परेडको क्रममा परम्परागत पोशाकमा नाच्ने एक युवती, स्पेन - स्टक फोटो। यो गुरुङ पोशाक हो, नेपालको गुरुङ (तमु) समुदायको परम्परागत पोशाक हो। यो तामु लोसर जस्ता चाडहरूमा लगाइन्छ र अन्य सामुदायिक भेलाहरूमा।"
nepali_dresses_augmented/gurung_dress/61_aug3.jpg,"A young girl in traditional costume dances during a parade in the city of santiago, spain - stock photo. This is the Gurung dress, the traditional attire of the Gurung (Tamu) community of Nepal. It is worn during festivals such as Tamu Lhosar and other community gatherings.","सान्टियागो शहरमा परेडको क्रममा परम्परागत पोशाकमा नाच्ने एक युवती, स्पेन - स्टक फोटो। यो गुरुङ पोशाक हो, नेपालको गुरुङ (तमु) समुदायको परम्परागत पोशाक हो। यो तामु लोसर जस्ता चाडहरूमा लगाइन्छ र अन्य सामुदायिक भेलाहरूमा।"
nepali_dresses_augmented/gurung_dress/62.jpg,"A group of people walking down the street. This is the Gurung dress, the traditional attire of the Gurung (Tamu) community of Nepal. It is worn during festivals such as Tamu Lhosar and other community gatherings.","यो गुरुङ पोशाक हो, नेपालको गुरुङ (तमु) समुदायको परम्परागत पोशाक हो। यो तामु लोसर जस्ता पर्वहरूमा लगाइन्छ र अन्य सामुदायिक भेलाहरूमा लगाइन्छ।"
nepali_dresses_augmented/gurung_dress/62_aug1.jpg,"A group of people walking down the street. This is the Gurung dress, the traditional attire of the Gurung (Tamu) community of Nepal. It is worn during festivals such as Tamu Lhosar and other community gatherings.","यो गुरुङ पोशाक हो, नेपालको गुरुङ (तमु) समुदायको परम्परागत पोशाक हो। यो तामु लोसर जस्ता पर्वहरूमा लगाइन्छ र अन्य सामुदायिक भेलाहरूमा लगाइन्छ।"
nepali_dresses_augmented/gurung_dress/62_aug2.jpg,"A group of people walking down the street. This is the Gurung dress, the traditional attire of the Gurung (Tamu) community of Nepal. It is worn during festivals such as Tamu Lhosar and other community gatherings.","यो गुरुङ पोशाक हो, नेपालको गुरुङ (तमु) समुदायको परम्परागत पोशाक हो। यो तामु लोसर जस्ता पर्वहरूमा लगाइन्छ र अन्य सामुदायिक भेलाहरूमा लगाइन्छ।"
nepali_dresses_augmented/gurung_dress/62_aug3.jpg,"A group of people walking down the street. This is the Gurung dress, the traditional attire of the Gurung (Tamu) community of Nepal. It is worn during festivals such as Tamu Lhosar and other community gatherings.","यो गुरुङ पोशाक हो, नेपालको गुरुङ (तमु) समुदायको परम्परागत पोशाक हो। यो तामु लोसर जस्ता पर्वहरूमा लगाइन्छ र अन्य सामुदायिक भेलाहरूमा लगाइन्छ।"
nepali_dresses_augmented/gurung_dress/63.jpg,"A group of women in traditional costumes playing drums. This is the Gurung dress, the traditional attire of the Gurung (Tamu) community of Nepal. It is worn during festivals such as Tamu Lhosar and other community gatherings.","परम्परागत पोशाकमा ड्रम खेल्ने महिलाहरूको समूह। यो गुरुङ पोशाक हो, नेपालको गुरुङ (तमु) समुदायको परम्परागत पोशाक हो। यो तामु लोसर जस्ता चाडपर्वहरू र अन्य सामुदायिक भेलाहरूमा लगाइन्छ।"
nepali_dresses_augmented/gurung_dress/63_aug1.jpg,"A group of women in traditional costumes playing drums. This is the Gurung dress, the traditional attire of the Gurung (Tamu) community of Nepal. It is worn during festivals such as Tamu Lhosar and other community gatherings.","परम्परागत पोशाकमा ड्रम खेल्ने महिलाहरूको समूह। यो गुरुङ पोशाक हो, नेपालको गुरुङ (तमु) समुदायको परम्परागत पोशाक हो। यो तामु लोसर जस्ता चाडपर्वहरू र अन्य सामुदायिक भेलाहरूमा लगाइन्छ।"
nepali_dresses_augmented/gurung_dress/63_aug2.jpg,"A group of women in traditional costumes playing drums. This is the Gurung dress, the traditional attire of the Gurung (Tamu) community of Nepal. It is worn during festivals such as Tamu Lhosar and other community gatherings.","परम्परागत पोशाकमा ड्रम खेल्ने महिलाहरूको समूह। यो गुरुङ पोशाक हो, नेपालको गुरुङ (तमु) समुदायको परम्परागत पोशाक हो। यो तामु लोसर जस्ता चाडपर्वहरू र अन्य सामुदायिक भेलाहरूमा लगाइन्छ।"
nepali_dresses_augmented/gurung_dress/63_aug3.jpg,"A group of women in traditional costumes playing drums. This is the Gurung dress, the traditional attire of the Gurung (Tamu) community of Nepal. It is worn during festivals such as Tamu Lhosar and other community gatherings.","परम्परागत पोशाकमा ड्रम खेल्ने महिलाहरूको समूह। यो गुरुङ पोशाक हो, नेपालको गुरुङ (तमु) समुदायको परम्परागत पोशाक हो। यो तामु लोसर जस्ता चाडपर्वहरू र अन्य सामुदायिक भेलाहरूमा लगाइन्छ।"
nepali_dresses_augmented/gurung_dress/64.jpg,"A group of people in traditional costumes marching down the street. This is the Gurung dress, the traditional attire of the Gurung (Tamu) community of Nepal. It is worn during festivals such as Tamu Lhosar and other community gatherings.","परम्परागत पोशाकमा मानिसहरूको समूह सडकमा मार्च गर्दैछ। यो गुरुङ पोशाक हो, नेपालको गुरुङ (तमु) समुदायको परम्परागत पोशाक हो। यो तामु लोसर जस्ता चाडपर्वहरू र अन्य सामुदायिक भेलाहरूमा लगाइन्छ।"
nepali_dresses_augmented/gurung_dress/64_aug1.jpg,"A group of people in traditional costumes marching down the street. This is the Gurung dress, the traditional attire of the Gurung (Tamu) community of Nepal. It is worn during festivals such as Tamu Lhosar and other community gatherings.","परम्परागत पोशाकमा मानिसहरूको समूह सडकमा मार्च गर्दैछ। यो गुरुङ पोशाक हो, नेपालको गुरुङ (तमु) समुदायको परम्परागत पोशाक हो। यो तामु लोसर जस्ता चाडपर्वहरू र अन्य सामुदायिक भेलाहरूमा लगाइन्छ।"
nepali_dresses_augmented/gurung_dress/64_aug2.jpg,"A group of people in traditional costumes marching down the street. This is the Gurung dress, the traditional attire of the Gurung (Tamu) community of Nepal. It is worn during festivals such as Tamu Lhosar and other community gatherings.","परम्परागत पोशाकमा मानिसहरूको समूह सडकमा मार्च गर्दैछ। यो गुरुङ पोशाक हो, नेपालको गुरुङ (तमु) समुदायको परम्परागत पोशाक हो। यो तामु लोसर जस्ता चाडपर्वहरू र अन्य सामुदायिक भेलाहरूमा लगाइन्छ।"
nepali_dresses_augmented/gurung_dress/64_aug3.jpg,"A group of people in traditional costumes marching down the street. This is the Gurung dress, the traditional attire of the Gurung (Tamu) community of Nepal. It is worn during festivals such as Tamu Lhosar and other community gatherings.","परम्परागत पोशाकमा मानिसहरूको समूह सडकमा मार्च गर्दैछ। यो गुरुङ पोशाक हो, नेपालको गुरुङ (तमु) समुदायको परम्परागत पोशाक हो। यो तामु लोसर जस्ता चाडपर्वहरू र अन्य सामुदायिक भेलाहरूमा लगाइन्छ।"
nepali_dresses_augmented/gurung_dress/65.jpg,"A group of young girls dressed in traditional costumes dance during the festival. This is the Gurung dress, the traditional attire of the Gurung (Tamu) community of Nepal. It is worn during festivals such as Tamu Lhosar and other community gatherings.",नेपालको गुरुङ (तमु) समुदायको परम्परागत पोशाक गुरुङ (तमु) पोशाक हो । यो तमु लोसर र अन्य सामुदायिक भेलाहरूमा लगाइन्छ ।
nepali_dresses_augmented/gurung_dress/65_aug1.jpg,"A group of young girls dressed in traditional costumes dance during the festival. This is the Gurung dress, the traditional attire of the Gurung (Tamu) community of Nepal. It is worn during festivals such as Tamu Lhosar and other community gatherings.",नेपालको गुरुङ (तमु) समुदायको परम्परागत पोशाक गुरुङ (तमु) पोशाक हो । यो तमु लोसर र अन्य सामुदायिक भेलाहरूमा लगाइन्छ ।
nepali_dresses_augmented/gurung_dress/65_aug2.jpg,"A group of young girls dressed in traditional costumes dance during the festival. This is the Gurung dress, the traditional attire of the Gurung (Tamu) community of Nepal. It is worn during festivals such as Tamu Lhosar and other community gatherings.",नेपालको गुरुङ (तमु) समुदायको परम्परागत पोशाक गुरुङ (तमु) पोशाक हो । यो तमु लोसर र अन्य सामुदायिक भेलाहरूमा लगाइन्छ ।
nepali_dresses_augmented/gurung_dress/65_aug3.jpg,"A group of young girls dressed in traditional costumes dance during the festival. This is the Gurung dress, the traditional attire of the Gurung (Tamu) community of Nepal. It is worn during festivals such as Tamu Lhosar and other community gatherings.",नेपालको गुरुङ (तमु) समुदायको परम्परागत पोशाक गुरुङ (तमु) पोशाक हो । यो तमु लोसर र अन्य सामुदायिक भेलाहरूमा लगाइन्छ ।
nepali_dresses_augmented/gurung_dress/66.jpg,"A group of women in traditional dress dancing on the street in front of a building - stock photo. This is the Gurung dress, the traditional attire of the Gurung (Tamu) community of Nepal. It is worn during festivals such as Tamu Lhosar and other community gatherings.",नेपालको गुरुङ (तमु) समुदायको परम्परागत पोशाक गुरुङ (तमु) पोशाक हो । यो तमु लोसर र अन्य सामुदायिक भेलाहरूमा लगाइन्छ ।
nepali_dresses_augmented/gurung_dress/66_aug1.jpg,"A group of women in traditional dress dancing on the street in front of a building - stock photo. This is the Gurung dress, the traditional attire of the Gurung (Tamu) community of Nepal. It is worn during festivals such as Tamu Lhosar and other community gatherings.",नेपालको गुरुङ (तमु) समुदायको परम्परागत पोशाक गुरुङ (तमु) पोशाक हो । यो तमु लोसर र अन्य सामुदायिक भेलाहरूमा लगाइन्छ ।
nepali_dresses_augmented/gurung_dress/66_aug2.jpg,"A group of women in traditional dress dancing on the street in front of a building - stock photo. This is the Gurung dress, the traditional attire of the Gurung (Tamu) community of Nepal. It is worn during festivals such as Tamu Lhosar and other community gatherings.",नेपालको गुरुङ (तमु) समुदायको परम्परागत पोशाक गुरुङ (तमु) पोशाक हो । यो तमु लोसर र अन्य सामुदायिक भेलाहरूमा लगाइन्छ ।
nepali_dresses_augmented/gurung_dress/66_aug3.jpg,"A group of women in traditional dress dancing on the street in front of a building - stock photo. This is the Gurung dress, the traditional attire of the Gurung (Tamu) community of Nepal. It is worn during festivals such as Tamu Lhosar and other community gatherings.",नेपालको गुरुङ (तमु) समुदायको परम्परागत पोशाक गुरुङ (तमु) पोशाक हो । यो तमु लोसर र अन्य सामुदायिक भेलाहरूमा लगाइन्छ ।
nepali_dresses_augmented/gurung_dress/67.jpg,"A group of young girls playing drums in a parade. This is the Gurung dress, the traditional attire of the Gurung (Tamu) community of Nepal. It is worn during festivals such as Tamu Lhosar and other community gatherings.",नेपालको गुरुङ (तमु) समुदायको परम्परागत पोशाक गुरुङको पोशाक हो। यो तामु लोसर जस्ता पर्वहरूमा लगाइन्छ र अन्य सामुदायिक भेलाहरूमा लगाइन्छ।
nepali_dresses_augmented/gurung_dress/67_aug1.jpg,"A group of young girls playing drums in a parade. This is the Gurung dress, the traditional attire of the Gurung (Tamu) community of Nepal. It is worn during festivals such as Tamu Lhosar and other community gatherings.",नेपालको गुरुङ (तमु) समुदायको परम्परागत पोशाक गुरुङको पोशाक हो। यो तामु लोसर जस्ता पर्वहरूमा लगाइन्छ र अन्य सामुदायिक भेलाहरूमा लगाइन्छ।
nepali_dresses_augmented/gurung_dress/67_aug2.jpg,"A group of young girls playing drums in a parade. This is the Gurung dress, the traditional attire of the Gurung (Tamu) community of Nepal. It is worn during festivals such as Tamu Lhosar and other community gatherings.",नेपालको गुरुङ (तमु) समुदायको परम्परागत पोशाक गुरुङको पोशाक हो। यो तामु लोसर जस्ता पर्वहरूमा लगाइन्छ र अन्य सामुदायिक भेलाहरूमा लगाइन्छ।
nepali_dresses_augmented/gurung_dress/67_aug3.jpg,"A group of young girls playing drums in a parade. This is the Gurung dress, the traditional attire of the Gurung (Tamu) community of Nepal. It is worn during festivals such as Tamu Lhosar and other community gatherings.",नेपालको गुरुङ (तमु) समुदायको परम्परागत पोशाक गुरुङको पोशाक हो। यो तामु लोसर जस्ता पर्वहरूमा लगाइन्छ र अन्य सामुदायिक भेलाहरूमा लगाइन्छ।
nepali_dresses_augmented/gurung_dress/68.jpg,"A group of people standing in a field. This is the Gurung dress, the traditional attire of the Gurung (Tamu) community of Nepal. It is worn during festivals such as Tamu Lhosar and other community gatherings.","यो गुरुङ पोशाक हो, नेपालको गुरुङ (तमु) समुदायको परम्परागत पोशाक हो। यो तामु लोसर जस्ता पर्वहरूमा लगाइन्छ र अन्य सामुदायिक भेलाहरूमा लगाइन्छ।"
nepali_dresses_augmented/gurung_dress/68_aug1.jpg,"A group of people standing in a field. This is the Gurung dress, the traditional attire of the Gurung (Tamu) community of Nepal. It is worn during festivals such as Tamu Lhosar and other community gatherings.","यो गुरुङ पोशाक हो, नेपालको गुरुङ (तमु) समुदायको परम्परागत पोशाक हो। यो तामु लोसर जस्ता पर्वहरूमा लगाइन्छ र अन्य सामुदायिक भेलाहरूमा लगाइन्छ।"
nepali_dresses_augmented/gurung_dress/68_aug2.jpg,"A group of people standing in a field. This is the Gurung dress, the traditional attire of the Gurung (Tamu) community of Nepal. It is worn during festivals such as Tamu Lhosar and other community gatherings.","यो गुरुङ पोशाक हो, नेपालको गुरुङ (तमु) समुदायको परम्परागत पोशाक हो। यो तामु लोसर जस्ता पर्वहरूमा लगाइन्छ र अन्य सामुदायिक भेलाहरूमा लगाइन्छ।"
nepali_dresses_augmented/gurung_dress/68_aug3.jpg,"A group of people standing in a field. This is the Gurung dress, the traditional attire of the Gurung (Tamu) community of Nepal. It is worn during festivals such as Tamu Lhosar and other community gatherings.","यो गुरुङ पोशाक हो, नेपालको गुरुङ (तमु) समुदायको परम्परागत पोशाक हो। यो तामु लोसर जस्ता पर्वहरूमा लगाइन्छ र अन्य सामुदायिक भेलाहरूमा लगाइन्छ।"
nepali_dresses_augmented/gurung_dress/69.jpg,"Woman holding a red and blue umbrella. This is the Gurung dress, the traditional attire of the Gurung (Tamu) community of Nepal. It is worn during festivals such as Tamu Lhosar and other community gatherings.","महिलाले रातो र नीलो छाता राख्छिन्। यो गुरुङ पोशाक हो, नेपालको गुरुङ (तमु) समुदायको परम्परागत पोशाक हो। यो तामु लोसर र अन्य सामुदायिक भेलाहरूमा लगाइन्छ।"
nepali_dresses_augmented/gurung_dress/69_aug1.jpg,"Woman holding a red and blue umbrella. This is the Gurung dress, the traditional attire of the Gurung (Tamu) community of Nepal. It is worn during festivals such as Tamu Lhosar and other community gatherings.","महिलाले रातो र नीलो छाता राख्छिन्। यो गुरुङ पोशाक हो, नेपालको गुरुङ (तमु) समुदायको परम्परागत पोशाक हो। यो तामु लोसर र अन्य सामुदायिक भेलाहरूमा लगाइन्छ।"
nepali_dresses_augmented/gurung_dress/69_aug2.jpg,"Woman holding a red and blue umbrella. This is the Gurung dress, the traditional attire of the Gurung (Tamu) community of Nepal. It is worn during festivals such as Tamu Lhosar and other community gatherings.","महिलाले रातो र नीलो छाता राख्छिन्। यो गुरुङ पोशाक हो, नेपालको गुरुङ (तमु) समुदायको परम्परागत पोशाक हो। यो तामु लोसर र अन्य सामुदायिक भेलाहरूमा लगाइन्छ।"
nepali_dresses_augmented/gurung_dress/69_aug3.jpg,"Woman holding a red and blue umbrella. This is the Gurung dress, the traditional attire of the Gurung (Tamu) community of Nepal. It is worn during festivals such as Tamu Lhosar and other community gatherings.","महिलाले रातो र नीलो छाता राख्छिन्। यो गुरुङ पोशाक हो, नेपालको गुरुङ (तमु) समुदायको परम्परागत पोशाक हो। यो तामु लोसर र अन्य सामुदायिक भेलाहरूमा लगाइन्छ।"
nepali_dresses_augmented/gurung_dress/6_aug1.jpg,"Two young women in traditional clothing at the festival. This is the Gurung dress, the traditional attire of the Gurung (Tamu) community of Nepal. It is worn during festivals such as Tamu Lhosar and other community gatherings.","महोत्सवमा परम्परागत कपडामा दुई युवतीहरू। यो गुरुङ पोशाक हो, नेपालको गुरुङ (तमु) समुदायको परम्परागत पोशाक हो। यो तामु लोसर जस्ता महोत्सवहरू र अन्य सामुदायिक भेलाहरूमा लगाइन्छ।"
nepali_dresses_augmented/gurung_dress/6_aug2.jpg,"Two young women in traditional clothing at the festival. This is the Gurung dress, the traditional attire of the Gurung (Tamu) community of Nepal. It is worn during festivals such as Tamu Lhosar and other community gatherings.","महोत्सवमा परम्परागत कपडामा दुई युवतीहरू। यो गुरुङ पोशाक हो, नेपालको गुरुङ (तमु) समुदायको परम्परागत पोशाक हो। यो तामु लोसर जस्ता महोत्सवहरू र अन्य सामुदायिक भेलाहरूमा लगाइन्छ।"
nepali_dresses_augmented/gurung_dress/6_aug3.jpg,"Two young women in traditional clothing at the festival. This is the Gurung dress, the traditional attire of the Gurung (Tamu) community of Nepal. It is worn during festivals such as Tamu Lhosar and other community gatherings.","महोत्सवमा परम्परागत कपडामा दुई युवतीहरू। यो गुरुङ पोशाक हो, नेपालको गुरुङ (तमु) समुदायको परम्परागत पोशाक हो। यो तामु लोसर जस्ता महोत्सवहरू र अन्य सामुदायिक भेलाहरूमा लगाइन्छ।"
nepali_dresses_augmented/gurung_dress/7.jpg,"A woman in traditional dress standing on the side of a mountain. This is the Gurung dress, the traditional attire of the Gurung (Tamu) community of Nepal. It is worn during festivals such as Tamu Lhosar and other community gatherings.","एक महिला परम्परागत पोशाकमा पहाडको छेउमा उभिएकी छिन्। यो गुरुङ पोशाक हो, नेपालको गुरुङ (तमु) समुदायको परम्परागत पोशाक हो। यो तमु लोसर जस्ता चाडपर्वहरू र अन्य सामुदायिक भेलाहरूमा लगाइन्छ।"
nepali_dresses_augmented/gurung_dress/70.jpg,"A young girl in traditional costume. This is the Gurung dress, the traditional attire of the Gurung (Tamu) community of Nepal. It is worn during festivals such as Tamu Lhosar and other community gatherings.","एक युवती परम्परागत पोशाकमा। यो गुरुङ पोशाक हो, नेपालको गुरुङ (तमु) समुदायको परम्परागत पोशाक हो। यो तामु लोसर र अन्य सामुदायिक भेलाहरूमा लगाइन्छ।"
nepali_dresses_augmented/gurung_dress/70_aug1.jpg,"A young girl in traditional costume. This is the Gurung dress, the traditional attire of the Gurung (Tamu) community of Nepal. It is worn during festivals such as Tamu Lhosar and other community gatherings.","एक युवती परम्परागत पोशाकमा। यो गुरुङ पोशाक हो, नेपालको गुरुङ (तमु) समुदायको परम्परागत पोशाक हो। यो तामु लोसर र अन्य सामुदायिक भेलाहरूमा लगाइन्छ।"
nepali_dresses_augmented/gurung_dress/70_aug2.jpg,"A young girl in traditional costume. This is the Gurung dress, the traditional attire of the Gurung (Tamu) community of Nepal. It is worn during festivals such as Tamu Lhosar and other community gatherings.","एक युवती परम्परागत पोशाकमा। यो गुरुङ पोशाक हो, नेपालको गुरुङ (तमु) समुदायको परम्परागत पोशाक हो। यो तामु लोसर र अन्य सामुदायिक भेलाहरूमा लगाइन्छ।"
nepali_dresses_augmented/gurung_dress/70_aug3.jpg,"A young girl in traditional costume. This is the Gurung dress, the traditional attire of the Gurung (Tamu) community of Nepal. It is worn during festivals such as Tamu Lhosar and other community gatherings.","एक युवती परम्परागत पोशाकमा। यो गुरुङ पोशाक हो, नेपालको गुरुङ (तमु) समुदायको परम्परागत पोशाक हो। यो तामु लोसर र अन्य सामुदायिक भेलाहरूमा लगाइन्छ।"
nepali_dresses_augmented/gurung_dress/71.jpg,"A group of women dressed in traditional costumes take part of the parade. This is the Gurung dress, the traditional attire of the Gurung (Tamu) community of Nepal. It is worn during festivals such as Tamu Lhosar and other community gatherings.","यस परेडमा परम्परागत पोशाक लगाएका महिलाहरूको समूहले भाग लिन्छन्। यो गुरुङ पोशाक हो, नेपालको गुरुङ (तमु) समुदायको परम्परागत पोशाक हो। यो तामु लोसर जस्ता चाडपर्वहरू र अन्य सामुदायिक भेलाहरूमा लगाइन्छ।"
nepali_dresses_augmented/gurung_dress/71_aug1.jpg,"A group of women dressed in traditional costumes take part of the parade. This is the Gurung dress, the traditional attire of the Gurung (Tamu) community of Nepal. It is worn during festivals such as Tamu Lhosar and other community gatherings.","यस परेडमा परम्परागत पोशाक लगाएका महिलाहरूको समूहले भाग लिन्छन्। यो गुरुङ पोशाक हो, नेपालको गुरुङ (तमु) समुदायको परम्परागत पोशाक हो। यो तामु लोसर जस्ता चाडपर्वहरू र अन्य सामुदायिक भेलाहरूमा लगाइन्छ।"
nepali_dresses_augmented/gurung_dress/71_aug2.jpg,"A group of women dressed in traditional costumes take part of the parade. This is the Gurung dress, the traditional attire of the Gurung (Tamu) community of Nepal. It is worn during festivals such as Tamu Lhosar and other community gatherings.","यस परेडमा परम्परागत पोशाक लगाएका महिलाहरूको समूहले भाग लिन्छन्। यो गुरुङ पोशाक हो, नेपालको गुरुङ (तमु) समुदायको परम्परागत पोशाक हो। यो तामु लोसर जस्ता चाडपर्वहरू र अन्य सामुदायिक भेलाहरूमा लगाइन्छ।"
nepali_dresses_augmented/gurung_dress/71_aug3.jpg,"A group of women dressed in traditional costumes take part of the parade. This is the Gurung dress, the traditional attire of the Gurung (Tamu) community of Nepal. It is worn during festivals such as Tamu Lhosar and other community gatherings.","यस परेडमा परम्परागत पोशाक लगाएका महिलाहरूको समूहले भाग लिन्छन्। यो गुरुङ पोशाक हो, नेपालको गुरुङ (तमु) समुदायको परम्परागत पोशाक हो। यो तामु लोसर जस्ता चाडपर्वहरू र अन्य सामुदायिक भेलाहरूमा लगाइन्छ।"
nepali_dresses_augmented/gurung_dress/72.jpg,"A group of tibetan women in traditional clothing and headdres at the festival - stock photo. This is the Gurung dress, the traditional attire of the Gurung (Tamu) community of Nepal. It is worn during festivals such as Tamu Lhosar and other community gatherings.","महोत्सवमा परम्परागत कपडा र हेड्रेसमा तिब्बती महिलाहरूको समूह - स्टक फोटो। यो गुरुङ पोशाक हो, नेपालको गुरुङ (तमु) समुदायको परम्परागत पोशाक हो। यो तामु लोसर जस्ता महोत्सवहरू र अन्य सामुदायिक भेलाहरूमा लगाइन्छ।"
nepali_dresses_augmented/gurung_dress/72_aug1.jpg,"A group of tibetan women in traditional clothing and headdres at the festival - stock photo. This is the Gurung dress, the traditional attire of the Gurung (Tamu) community of Nepal. It is worn during festivals such as Tamu Lhosar and other community gatherings.","महोत्सवमा परम्परागत कपडा र हेड्रेसमा तिब्बती महिलाहरूको समूह - स्टक फोटो। यो गुरुङ पोशाक हो, नेपालको गुरुङ (तमु) समुदायको परम्परागत पोशाक हो। यो तामु लोसर जस्ता महोत्सवहरू र अन्य सामुदायिक भेलाहरूमा लगाइन्छ।"
nepali_dresses_augmented/gurung_dress/72_aug2.jpg,"A group of tibetan women in traditional clothing and headdres at the festival - stock photo. This is the Gurung dress, the traditional attire of the Gurung (Tamu) community of Nepal. It is worn during festivals such as Tamu Lhosar and other community gatherings.","महोत्सवमा परम्परागत कपडा र हेड्रेसमा तिब्बती महिलाहरूको समूह - स्टक फोटो। यो गुरुङ पोशाक हो, नेपालको गुरुङ (तमु) समुदायको परम्परागत पोशाक हो। यो तामु लोसर जस्ता महोत्सवहरू र अन्य सामुदायिक भेलाहरूमा लगाइन्छ।"
nepali_dresses_augmented/gurung_dress/73.jpg,"A group of young girls dressed in traditional costumes perform during festival. This is the Gurung dress, the traditional attire of the Gurung (Tamu) community of Nepal. It is worn during festivals such as Tamu Lhosar and other community gatherings.","परम्परागत पोशाक लगाएका युवतीहरूको समूहले महोत्सवको समयमा प्रदर्शन गर्छन्। यो गुरुङ पोशाक हो, नेपालको गुरुङ (तमु) समुदायको परम्परागत पोशाक हो। यो तामु लोसर जस्ता महोत्सवहरू र अन्य सामुदायिक भेलाहरूमा लगाइन्छ।"
nepali_dresses_augmented/gurung_dress/73_aug1.jpg,"A group of young girls dressed in traditional costumes perform during festival. This is the Gurung dress, the traditional attire of the Gurung (Tamu) community of Nepal. It is worn during festivals such as Tamu Lhosar and other community gatherings.","परम्परागत पोशाक लगाएका युवतीहरूको समूहले महोत्सवको समयमा प्रदर्शन गर्छन्। यो गुरुङ पोशाक हो, नेपालको गुरुङ (तमु) समुदायको परम्परागत पोशाक हो। यो तामु लोसर जस्ता महोत्सवहरू र अन्य सामुदायिक भेलाहरूमा लगाइन्छ।"
nepali_dresses_augmented/gurung_dress/73_aug2.jpg,"A group of young girls dressed in traditional costumes perform during festival. This is the Gurung dress, the traditional attire of the Gurung (Tamu) community of Nepal. It is worn during festivals such as Tamu Lhosar and other community gatherings.","परम्परागत पोशाक लगाएका युवतीहरूको समूहले महोत्सवको समयमा प्रदर्शन गर्छन्। यो गुरुङ पोशाक हो, नेपालको गुरुङ (तमु) समुदायको परम्परागत पोशाक हो। यो तामु लोसर जस्ता महोत्सवहरू र अन्य सामुदायिक भेलाहरूमा लगाइन्छ।"
nepali_dresses_augmented/gurung_dress/74.jpg,"A group of women in traditional dress performing a dance. This is the Gurung dress, the traditional attire of the Gurung (Tamu) community of Nepal. It is worn during festivals such as Tamu Lhosar and other community gatherings.","परम्परागत पोशाकमा महिलाहरूको समूहले नृत्य प्रदर्शन गरिरहेका छन्। यो गुरुङ पोशाक हो, नेपालको गुरुङ (तमु) समुदायको परम्परागत पोशाक हो। यो तमु लोसर जस्ता चाडपर्वहरू र अन्य सामुदायिक भेलाहरूमा लगाइन्छ।"
nepali_dresses_augmented/gurung_dress/74_aug1.jpg,"A group of women in traditional dress performing a dance. This is the Gurung dress, the traditional attire of the Gurung (Tamu) community of Nepal. It is worn during festivals such as Tamu Lhosar and other community gatherings.","परम्परागत पोशाकमा महिलाहरूको समूहले नृत्य प्रदर्शन गरिरहेका छन्। यो गुरुङ पोशाक हो, नेपालको गुरुङ (तमु) समुदायको परम्परागत पोशाक हो। यो तमु लोसर जस्ता चाडपर्वहरू र अन्य सामुदायिक भेलाहरूमा लगाइन्छ।"
nepali_dresses_augmented/gurung_dress/74_aug2.jpg,"A group of women in traditional dress performing a dance. This is the Gurung dress, the traditional attire of the Gurung (Tamu) community of Nepal. It is worn during festivals such as Tamu Lhosar and other community gatherings.","परम्परागत पोशाकमा महिलाहरूको समूहले नृत्य प्रदर्शन गरिरहेका छन्। यो गुरुङ पोशाक हो, नेपालको गुरुङ (तमु) समुदायको परम्परागत पोशाक हो। यो तमु लोसर जस्ता चाडपर्वहरू र अन्य सामुदायिक भेलाहरूमा लगाइन्छ।"
nepali_dresses_augmented/gurung_dress/75.jpg,"A woman standing in front of a house. This is the Gurung dress, the traditional attire of the Gurung (Tamu) community of Nepal. It is worn during festivals such as Tamu Lhosar and other community gatherings.","एक महिला एक घरको अगाडि उभिएकी छिन्। यो गुरुङ पोशाक हो, नेपालको गुरुङ (तमु) समुदायको परम्परागत पोशाक हो। यो तामु लोसर जस्ता पर्वहरूमा र अन्य सामुदायिक भेलाहरूमा लगाइन्छ।"
nepali_dresses_augmented/gurung_dress/75_aug1.jpg,"A woman standing in front of a house. This is the Gurung dress, the traditional attire of the Gurung (Tamu) community of Nepal. It is worn during festivals such as Tamu Lhosar and other community gatherings.","एक महिला एक घरको अगाडि उभिएकी छिन्। यो गुरुङ पोशाक हो, नेपालको गुरुङ (तमु) समुदायको परम्परागत पोशाक हो। यो तामु लोसर जस्ता पर्वहरूमा र अन्य सामुदायिक भेलाहरूमा लगाइन्छ।"
nepali_dresses_augmented/gurung_dress/75_aug2.jpg,"A woman standing in front of a house. This is the Gurung dress, the traditional attire of the Gurung (Tamu) community of Nepal. It is worn during festivals such as Tamu Lhosar and other community gatherings.","एक महिला एक घरको अगाडि उभिएकी छिन्। यो गुरुङ पोशाक हो, नेपालको गुरुङ (तमु) समुदायको परम्परागत पोशाक हो। यो तामु लोसर जस्ता पर्वहरूमा र अन्य सामुदायिक भेलाहरूमा लगाइन्छ।"
nepali_dresses_augmented/gurung_dress/76.jpg,"A woman sitting on top of a mountain. This is the Gurung dress, the traditional attire of the Gurung (Tamu) community of Nepal. It is worn during festivals such as Tamu Lhosar and other community gatherings.","एक महिला पहाडको शीर्षमा बसिरहेको छ। यो गुरुङ पोशाक हो, नेपालको गुरुङ (तमु) समुदायको परम्परागत पोशाक हो। यो तामु लोसार जस्ता चाडपर्व र अन्य सामुदायिक भेलाहरूमा लगाइन्छ।"
nepali_dresses_augmented/gurung_dress/76_aug1.jpg,"A woman sitting on top of a mountain. This is the Gurung dress, the traditional attire of the Gurung (Tamu) community of Nepal. It is worn during festivals such as Tamu Lhosar and other community gatherings.","एक महिला पहाडको शीर्षमा बसिरहेको छ। यो गुरुङ पोशाक हो, नेपालको गुरुङ (तमु) समुदायको परम्परागत पोशाक हो। यो तामु लोसार जस्ता चाडपर्व र अन्य सामुदायिक भेलाहरूमा लगाइन्छ।"
nepali_dresses_augmented/gurung_dress/76_aug2.jpg,"A woman sitting on top of a mountain. This is the Gurung dress, the traditional attire of the Gurung (Tamu) community of Nepal. It is worn during festivals such as Tamu Lhosar and other community gatherings.","एक महिला पहाडको शीर्षमा बसिरहेको छ। यो गुरुङ पोशाक हो, नेपालको गुरुङ (तमु) समुदायको परम्परागत पोशाक हो। यो तामु लोसार जस्ता चाडपर्व र अन्य सामुदायिक भेलाहरूमा लगाइन्छ।"
nepali_dresses_augmented/gurung_dress/77.jpg,"A woman wearing a red and yellow outfit. This is the Gurung dress, the traditional attire of the Gurung (Tamu) community of Nepal. It is worn during festivals such as Tamu Lhosar and other community gatherings.","एक महिलाले रातो र पहेंलो पोशाक लगाउँछिन्। यो गुरुङ पोशाक हो, नेपालको गुरुङ (तमु) समुदायको परम्परागत पोशाक हो। यो तमु लोसर र अन्य सामुदायिक भेलाहरूमा लगाइन्छ।"
nepali_dresses_augmented/gurung_dress/77_aug1.jpg,"A woman wearing a red and yellow outfit. This is the Gurung dress, the traditional attire of the Gurung (Tamu) community of Nepal. It is worn during festivals such as Tamu Lhosar and other community gatherings.","एक महिलाले रातो र पहेंलो पोशाक लगाउँछिन्। यो गुरुङ पोशाक हो, नेपालको गुरुङ (तमु) समुदायको परम्परागत पोशाक हो। यो तमु लोसर र अन्य सामुदायिक भेलाहरूमा लगाइन्छ।"
nepali_dresses_augmented/gurung_dress/77_aug2.jpg,"A woman wearing a red and yellow outfit. This is the Gurung dress, the traditional attire of the Gurung (Tamu) community of Nepal. It is worn during festivals such as Tamu Lhosar and other community gatherings.","एक महिलाले रातो र पहेंलो पोशाक लगाउँछिन्। यो गुरुङ पोशाक हो, नेपालको गुरुङ (तमु) समुदायको परम्परागत पोशाक हो। यो तमु लोसर र अन्य सामुदायिक भेलाहरूमा लगाइन्छ।"
nepali_dresses_augmented/gurung_dress/78.jpg,"A man and woman dressed in traditional chinese clothing. This is the Gurung dress, the traditional attire of the Gurung (Tamu) community of Nepal. It is worn during festivals such as Tamu Lhosar and other community gatherings.","एक पुरुष र महिलाले परम्परागत चिनियाँ कपडा लगाएका छन्। यो गुरुङ पोशाक हो, नेपालको गुरुङ (तमु) समुदायको परम्परागत पोशाक हो। यो तामु लोसर जस्ता चाडपर्व र अन्य सामुदायिक भेलाहरूमा लगाइन्छ।"
nepali_dresses_augmented/gurung_dress/78_aug1.jpg,"A man and woman dressed in traditional chinese clothing. This is the Gurung dress, the traditional attire of the Gurung (Tamu) community of Nepal. It is worn during festivals such as Tamu Lhosar and other community gatherings.","एक पुरुष र महिलाले परम्परागत चिनियाँ कपडा लगाएका छन्। यो गुरुङ पोशाक हो, नेपालको गुरुङ (तमु) समुदायको परम्परागत पोशाक हो। यो तामु लोसर जस्ता चाडपर्व र अन्य सामुदायिक भेलाहरूमा लगाइन्छ।"
nepali_dresses_augmented/gurung_dress/78_aug2.jpg,"A man and woman dressed in traditional chinese clothing. This is the Gurung dress, the traditional attire of the Gurung (Tamu) community of Nepal. It is worn during festivals such as Tamu Lhosar and other community gatherings.","एक पुरुष र महिलाले परम्परागत चिनियाँ कपडा लगाएका छन्। यो गुरुङ पोशाक हो, नेपालको गुरुङ (तमु) समुदायको परम्परागत पोशाक हो। यो तामु लोसर जस्ता चाडपर्व र अन्य सामुदायिक भेलाहरूमा लगाइन्छ।"
nepali_dresses_augmented/gurung_dress/79.jpg,"A group of men dressed in black and white with blue sashs, singing and playing drums - stock image. This is the Gurung dress, the traditional attire of the Gurung (Tamu) community of Nepal. It is worn during festivals such as Tamu Lhosar and other community gatherings.",नेपालको गुरुङ (तमु) समुदायको परम्परागत पोशाक गुरुङ (तमु) पोशाक हो। यो तमु लोसर र अन्य समुदायको भेलाहरूमा लगाइन्छ।
nepali_dresses_augmented/gurung_dress/79_aug1.jpg,"A group of men dressed in black and white with blue sashs, singing and playing drums - stock image. This is the Gurung dress, the traditional attire of the Gurung (Tamu) community of Nepal. It is worn during festivals such as Tamu Lhosar and other community gatherings.",नेपालको गुरुङ (तमु) समुदायको परम्परागत पोशाक गुरुङ (तमु) पोशाक हो। यो तमु लोसर र अन्य समुदायको भेलाहरूमा लगाइन्छ।
nepali_dresses_augmented/gurung_dress/79_aug2.jpg,"A group of men dressed in black and white with blue sashs, singing and playing drums - stock image. This is the Gurung dress, the traditional attire of the Gurung (Tamu) community of Nepal. It is worn during festivals such as Tamu Lhosar and other community gatherings.",नेपालको गुरुङ (तमु) समुदायको परम्परागत पोशाक गुरुङ (तमु) पोशाक हो। यो तमु लोसर र अन्य समुदायको भेलाहरूमा लगाइन्छ।
nepali_dresses_augmented/gurung_dress/7_aug1.jpg,"A woman in traditional dress standing on the side of a mountain. This is the Gurung dress, the traditional attire of the Gurung (Tamu) community of Nepal. It is worn during festivals such as Tamu Lhosar and other community gatherings.","एक महिला परम्परागत पोशाकमा पहाडको छेउमा उभिएकी छिन्। यो गुरुङ पोशाक हो, नेपालको गुरुङ (तमु) समुदायको परम्परागत पोशाक हो। यो तमु लोसर जस्ता चाडपर्वहरू र अन्य सामुदायिक भेलाहरूमा लगाइन्छ।"
nepali_dresses_augmented/gurung_dress/7_aug2.jpg,"A woman in traditional dress standing on the side of a mountain. This is the Gurung dress, the traditional attire of the Gurung (Tamu) community of Nepal. It is worn during festivals such as Tamu Lhosar and other community gatherings.","एक महिला परम्परागत पोशाकमा पहाडको छेउमा उभिएकी छिन्। यो गुरुङ पोशाक हो, नेपालको गुरुङ (तमु) समुदायको परम्परागत पोशाक हो। यो तमु लोसर जस्ता चाडपर्वहरू र अन्य सामुदायिक भेलाहरूमा लगाइन्छ।"
nepali_dresses_augmented/gurung_dress/7_aug3.jpg,"A woman in traditional dress standing on the side of a mountain. This is the Gurung dress, the traditional attire of the Gurung (Tamu) community of Nepal. It is worn during festivals such as Tamu Lhosar and other community gatherings.","एक महिला परम्परागत पोशाकमा पहाडको छेउमा उभिएकी छिन्। यो गुरुङ पोशाक हो, नेपालको गुरुङ (तमु) समुदायको परम्परागत पोशाक हो। यो तमु लोसर जस्ता चाडपर्वहरू र अन्य सामुदायिक भेलाहरूमा लगाइन्छ।"
nepali_dresses_augmented/gurung_dress/8.jpg,"A group of young girls in traditional costume taking pictures with their cell phones - stock image. This is the Gurung dress, the traditional attire of the Gurung (Tamu) community of Nepal. It is worn during festivals such as Tamu Lhosar and other community gatherings.","परम्परागत पोशाकमा मोबाइल फोनबाट फोटो खिच्ने युवतीहरूको समूह - स्टक छवि। यो गुरुङ पोशाक हो, नेपालको गुरुङ (तमु) समुदायको परम्परागत पोशाक हो। यो तामु ल्होसर जस्ता चाडहरूमा र अन्य सामुदायिक भेलाहरूमा लगाइन्छ।"
nepali_dresses_augmented/gurung_dress/80.jpg,"Two little girls dressed in traditional chinese costumes. This is the Gurung dress, the traditional attire of the Gurung (Tamu) community of Nepal. It is worn during festivals such as Tamu Lhosar and other community gatherings.","दुई साना केटीहरूले परम्परागत चिनियाँ पोशाकमा लुगा लगाएका छन्। यो गुरुङ पोशाक हो, नेपालको गुरुङ (तमु) समुदायको परम्परागत पोशाक हो। यो तामु लोसर जस्ता चाडपर्वहरू र अन्य सामुदायिक भेलाहरूमा लगाइन्छ।"
nepali_dresses_augmented/gurung_dress/80_aug1.jpg,"Two little girls dressed in traditional chinese costumes. This is the Gurung dress, the traditional attire of the Gurung (Tamu) community of Nepal. It is worn during festivals such as Tamu Lhosar and other community gatherings.","दुई साना केटीहरूले परम्परागत चिनियाँ पोशाकमा लुगा लगाएका छन्। यो गुरुङ पोशाक हो, नेपालको गुरुङ (तमु) समुदायको परम्परागत पोशाक हो। यो तामु लोसर जस्ता चाडपर्वहरू र अन्य सामुदायिक भेलाहरूमा लगाइन्छ।"
nepali_dresses_augmented/gurung_dress/80_aug2.jpg,"Two little girls dressed in traditional chinese costumes. This is the Gurung dress, the traditional attire of the Gurung (Tamu) community of Nepal. It is worn during festivals such as Tamu Lhosar and other community gatherings.","दुई साना केटीहरूले परम्परागत चिनियाँ पोशाकमा लुगा लगाएका छन्। यो गुरुङ पोशाक हो, नेपालको गुरुङ (तमु) समुदायको परम्परागत पोशाक हो। यो तामु लोसर जस्ता चाडपर्वहरू र अन्य सामुदायिक भेलाहरूमा लगाइन्छ।"
nepali_dresses_augmented/gurung_dress/81.jpg,"A group of young women in traditional costumes dancing at the annual festival - stock image. This is the Gurung dress, the traditional attire of the Gurung (Tamu) community of Nepal. It is worn during festivals such as Tamu Lhosar and other community gatherings.","वार्षिक महोत्सवमा परम्परागत पोशाकमा नृत्य गर्ने युवा महिलाहरूको समूह - स्टक छवि। यो गुरुङ पोशाक हो, नेपालको गुरुङ (तमु) समुदायको परम्परागत पोशाक हो। यो तामु ल्होसर जस्ता महोत्सवहरू र अन्य सामुदायिक भेलाहरूमा लगाइन्छ।"
nepali_dresses_augmented/gurung_dress/81_aug1.jpg,"A group of young women in traditional costumes dancing at the annual festival - stock image. This is the Gurung dress, the traditional attire of the Gurung (Tamu) community of Nepal. It is worn during festivals such as Tamu Lhosar and other community gatherings.","वार्षिक महोत्सवमा परम्परागत पोशाकमा नृत्य गर्ने युवा महिलाहरूको समूह - स्टक छवि। यो गुरुङ पोशाक हो, नेपालको गुरुङ (तमु) समुदायको परम्परागत पोशाक हो। यो तामु ल्होसर जस्ता महोत्सवहरू र अन्य सामुदायिक भेलाहरूमा लगाइन्छ।"
nepali_dresses_augmented/gurung_dress/81_aug2.jpg,"A group of young women in traditional costumes dancing at the annual festival - stock image. This is the Gurung dress, the traditional attire of the Gurung (Tamu) community of Nepal. It is worn during festivals such as Tamu Lhosar and other community gatherings.","वार्षिक महोत्सवमा परम्परागत पोशाकमा नृत्य गर्ने युवा महिलाहरूको समूह - स्टक छवि। यो गुरुङ पोशाक हो, नेपालको गुरुङ (तमु) समुदायको परम्परागत पोशाक हो। यो तामु ल्होसर जस्ता महोत्सवहरू र अन्य सामुदायिक भेलाहरूमा लगाइन्छ।"
nepali_dresses_augmented/gurung_dress/82.jpg,"A woman wearing a red dress and a gold necklace. This is the Gurung dress, the traditional attire of the Gurung (Tamu) community of Nepal. It is worn during festivals such as Tamu Lhosar and other community gatherings.","एक महिलाले रातो पोशाक र सुनको हार लगाउँछिन्। यो गुरुङ पोशाक हो, नेपालको गुरुङ (तमु) समुदायको परम्परागत पोशाक हो। यो तमु लोसर र अन्य सामुदायिक भेलाहरूमा लगाइन्छ।"
nepali_dresses_augmented/gurung_dress/82_aug1.jpg,"A woman wearing a red dress and a gold necklace. This is the Gurung dress, the traditional attire of the Gurung (Tamu) community of Nepal. It is worn during festivals such as Tamu Lhosar and other community gatherings.","एक महिलाले रातो पोशाक र सुनको हार लगाउँछिन्। यो गुरुङ पोशाक हो, नेपालको गुरुङ (तमु) समुदायको परम्परागत पोशाक हो। यो तमु लोसर र अन्य सामुदायिक भेलाहरूमा लगाइन्छ।"
nepali_dresses_augmented/gurung_dress/82_aug2.jpg,"A woman wearing a red dress and a gold necklace. This is the Gurung dress, the traditional attire of the Gurung (Tamu) community of Nepal. It is worn during festivals such as Tamu Lhosar and other community gatherings.","एक महिलाले रातो पोशाक र सुनको हार लगाउँछिन्। यो गुरुङ पोशाक हो, नेपालको गुरुङ (तमु) समुदायको परम्परागत पोशाक हो। यो तमु लोसर र अन्य सामुदायिक भेलाहरूमा लगाइन्छ।"
nepali_dresses_augmented/gurung_dress/83.jpg,"A man and woman posing for a picture. This is the Gurung dress, the traditional attire of the Gurung (Tamu) community of Nepal. It is worn during festivals such as Tamu Lhosar and other community gatherings.","एक पुरुष र एक महिलाले चित्रको लागि पोज गर्दैछन्। यो गुरुङ पोशाक हो, नेपालको गुरुङ (तमु) समुदायको परम्परागत पोशाक हो। यो तामु लोसार जस्ता चाडहरूमा र अन्य सामुदायिक भेलाहरूमा लगाइन्छ।"
nepali_dresses_augmented/gurung_dress/83_aug1.jpg,"A man and woman posing for a picture. This is the Gurung dress, the traditional attire of the Gurung (Tamu) community of Nepal. It is worn during festivals such as Tamu Lhosar and other community gatherings.","एक पुरुष र एक महिलाले चित्रको लागि पोज गर्दैछन्। यो गुरुङ पोशाक हो, नेपालको गुरुङ (तमु) समुदायको परम्परागत पोशाक हो। यो तामु लोसार जस्ता चाडहरूमा र अन्य सामुदायिक भेलाहरूमा लगाइन्छ।"
nepali_dresses_augmented/gurung_dress/83_aug2.jpg,"A man and woman posing for a picture. This is the Gurung dress, the traditional attire of the Gurung (Tamu) community of Nepal. It is worn during festivals such as Tamu Lhosar and other community gatherings.","एक पुरुष र एक महिलाले चित्रको लागि पोज गर्दैछन्। यो गुरुङ पोशाक हो, नेपालको गुरुङ (तमु) समुदायको परम्परागत पोशाक हो। यो तामु लोसार जस्ता चाडहरूमा र अन्य सामुदायिक भेलाहरूमा लगाइन्छ।"
nepali_dresses_augmented/gurung_dress/84.jpg,"Two young girls in traditional dress at a festival. This is the Gurung dress, the traditional attire of the Gurung (Tamu) community of Nepal. It is worn during festivals such as Tamu Lhosar and other community gatherings.",नेपालको गुरुङ (तमु) समुदायको परम्परागत पोशाक हो । यो तमु लोसर र अन्य समुदायको भेलामा लगाउने गरिन्छ ।
nepali_dresses_augmented/gurung_dress/84_aug1.jpg,"Two young girls in traditional dress at a festival. This is the Gurung dress, the traditional attire of the Gurung (Tamu) community of Nepal. It is worn during festivals such as Tamu Lhosar and other community gatherings.",नेपालको गुरुङ (तमु) समुदायको परम्परागत पोशाक हो । यो तमु लोसर र अन्य समुदायको भेलामा लगाउने गरिन्छ ।
nepali_dresses_augmented/gurung_dress/84_aug2.jpg,"Two young girls in traditional dress at a festival. This is the Gurung dress, the traditional attire of the Gurung (Tamu) community of Nepal. It is worn during festivals such as Tamu Lhosar and other community gatherings.",नेपालको गुरुङ (तमु) समुदायको परम्परागत पोशाक हो । यो तमु लोसर र अन्य समुदायको भेलामा लगाउने गरिन्छ ।
nepali_dresses_augmented/gurung_dress/85.jpg,"A group of young girls dressed in traditional costumes at a festival in india - stock image. This is the Gurung dress, the traditional attire of the Gurung (Tamu) community of Nepal. It is worn during festivals such as Tamu Lhosar and other community gatherings.",नेपालको गुरुङ (तमु) समुदायको परम्परागत पोशाक हो। यो तमु लोसर र अन्य समुदायको भेलाहरूमा लगाइन्छ।
nepali_dresses_augmented/gurung_dress/85_aug1.jpg,"A group of young girls dressed in traditional costumes at a festival in india - stock image. This is the Gurung dress, the traditional attire of the Gurung (Tamu) community of Nepal. It is worn during festivals such as Tamu Lhosar and other community gatherings.",नेपालको गुरुङ (तमु) समुदायको परम्परागत पोशाक हो। यो तमु लोसर र अन्य समुदायको भेलाहरूमा लगाइन्छ।
nepali_dresses_augmented/gurung_dress/85_aug2.jpg,"A group of young girls dressed in traditional costumes at a festival in india - stock image. This is the Gurung dress, the traditional attire of the Gurung (Tamu) community of Nepal. It is worn during festivals such as Tamu Lhosar and other community gatherings.",नेपालको गुरुङ (तमु) समुदायको परम्परागत पोशाक हो। यो तमु लोसर र अन्य समुदायको भेलाहरूमा लगाइन्छ।
nepali_dresses_augmented/gurung_dress/86.jpg,"Dancers perform during the parade. This is the Gurung dress, the traditional attire of the Gurung (Tamu) community of Nepal. It is worn during festivals such as Tamu Lhosar and other community gatherings.","यस परेडको क्रममा नर्तकहरू प्रदर्शन गर्छन्। यो गुरुङ पोशाक हो, नेपालको गुरुङ (तमु) समुदायको परम्परागत पोशाक हो। यो तामु लोसार जस्ता चाडहरूमा र अन्य सामुदायिक भेलाहरूमा लगाइन्छ।"
nepali_dresses_augmented/gurung_dress/86_aug1.jpg,"Dancers perform during the parade. This is the Gurung dress, the traditional attire of the Gurung (Tamu) community of Nepal. It is worn during festivals such as Tamu Lhosar and other community gatherings.","यस परेडको क्रममा नर्तकहरू प्रदर्शन गर्छन्। यो गुरुङ पोशाक हो, नेपालको गुरुङ (तमु) समुदायको परम्परागत पोशाक हो। यो तामु लोसार जस्ता चाडहरूमा र अन्य सामुदायिक भेलाहरूमा लगाइन्छ।"
nepali_dresses_augmented/gurung_dress/86_aug2.jpg,"Dancers perform during the parade. This is the Gurung dress, the traditional attire of the Gurung (Tamu) community of Nepal. It is worn during festivals such as Tamu Lhosar and other community gatherings.","यस परेडको क्रममा नर्तकहरू प्रदर्शन गर्छन्। यो गुरुङ पोशाक हो, नेपालको गुरुङ (तमु) समुदायको परम्परागत पोशाक हो। यो तामु लोसार जस्ता चाडहरूमा र अन्य सामुदायिक भेलाहरूमा लगाइन्छ।"
nepali_dresses_augmented/gurung_dress/87.jpg,"A group of men in white and blue outfits marching down the street. This is the Gurung dress, the traditional attire of the Gurung (Tamu) community of Nepal. It is worn during festivals such as Tamu Lhosar and other community gatherings.","गोरा र नीलो लुगा लगाएका पुरुषहरूको समूह सडकमा मार्च गर्दैछ। यो गुरुङ पोशाक हो, नेपालको गुरुङ (तमु) समुदायको परम्परागत पोशाक हो। यो तामु लोसर जस्ता चाडपर्वहरूमा र अन्य सामुदायिक भेलाहरूमा लगाइन्छ।"
nepali_dresses_augmented/gurung_dress/87_aug1.jpg,"A group of men in white and blue outfits marching down the street. This is the Gurung dress, the traditional attire of the Gurung (Tamu) community of Nepal. It is worn during festivals such as Tamu Lhosar and other community gatherings.","गोरा र नीलो लुगा लगाएका पुरुषहरूको समूह सडकमा मार्च गर्दैछ। यो गुरुङ पोशाक हो, नेपालको गुरुङ (तमु) समुदायको परम्परागत पोशाक हो। यो तामु लोसर जस्ता चाडपर्वहरूमा र अन्य सामुदायिक भेलाहरूमा लगाइन्छ।"
nepali_dresses_augmented/gurung_dress/87_aug2.jpg,"A group of men in white and blue outfits marching down the street. This is the Gurung dress, the traditional attire of the Gurung (Tamu) community of Nepal. It is worn during festivals such as Tamu Lhosar and other community gatherings.","गोरा र नीलो लुगा लगाएका पुरुषहरूको समूह सडकमा मार्च गर्दैछ। यो गुरुङ पोशाक हो, नेपालको गुरुङ (तमु) समुदायको परम्परागत पोशाक हो। यो तामु लोसर जस्ता चाडपर्वहरूमा र अन्य सामुदायिक भेलाहरूमा लगाइन्छ।"
nepali_dresses_augmented/gurung_dress/88.jpg,"A woman in a red dress sitting on a chair. This is the Gurung dress, the traditional attire of the Gurung (Tamu) community of Nepal. It is worn during festivals such as Tamu Lhosar and other community gatherings.","एउटा रातो पोशाकमा एक महिला कुर्सीमा बसिरहेको छ। यो गुरुङ पोशाक हो, नेपालको गुरुङ (तमु) समुदायको परम्परागत पोशाक हो। यो तमु लोसर जस्ता चाडहरूमा र अन्य सामुदायिक भेलाहरूमा लगाइन्छ।"
nepali_dresses_augmented/gurung_dress/88_aug1.jpg,"A woman in a red dress sitting on a chair. This is the Gurung dress, the traditional attire of the Gurung (Tamu) community of Nepal. It is worn during festivals such as Tamu Lhosar and other community gatherings.","एउटा रातो पोशाकमा एक महिला कुर्सीमा बसिरहेको छ। यो गुरुङ पोशाक हो, नेपालको गुरुङ (तमु) समुदायको परम्परागत पोशाक हो। यो तमु लोसर जस्ता चाडहरूमा र अन्य सामुदायिक भेलाहरूमा लगाइन्छ।"
nepali_dresses_augmented/gurung_dress/88_aug2.jpg,"A woman in a red dress sitting on a chair. This is the Gurung dress, the traditional attire of the Gurung (Tamu) community of Nepal. It is worn during festivals such as Tamu Lhosar and other community gatherings.","एउटा रातो पोशाकमा एक महिला कुर्सीमा बसिरहेको छ। यो गुरुङ पोशाक हो, नेपालको गुरुङ (तमु) समुदायको परम्परागत पोशाक हो। यो तमु लोसर जस्ता चाडहरूमा र अन्य सामुदायिक भेलाहरूमा लगाइन्छ।"
nepali_dresses_augmented/gurung_dress/89.jpg,"A group of young girls in traditional dress at the festival - stock image. This is the Gurung dress, the traditional attire of the Gurung (Tamu) community of Nepal. It is worn during festivals such as Tamu Lhosar and other community gatherings.","महोत्सवमा परम्परागत पोशाकमा एक समूह युवतीहरू - स्टक छवि। यो गुरुङ पोशाक हो, नेपालको गुरुङ (तमु) समुदायको परम्परागत पोशाक हो। यो तामु लोसार जस्ता महोत्सवहरू र अन्य सामुदायिक भेलाहरूमा लगाइन्छ।"
nepali_dresses_augmented/gurung_dress/89_aug1.jpg,"A group of young girls in traditional dress at the festival - stock image. This is the Gurung dress, the traditional attire of the Gurung (Tamu) community of Nepal. It is worn during festivals such as Tamu Lhosar and other community gatherings.","महोत्सवमा परम्परागत पोशाकमा एक समूह युवतीहरू - स्टक छवि। यो गुरुङ पोशाक हो, नेपालको गुरुङ (तमु) समुदायको परम्परागत पोशाक हो। यो तामु लोसार जस्ता महोत्सवहरू र अन्य सामुदायिक भेलाहरूमा लगाइन्छ।"
nepali_dresses_augmented/gurung_dress/89_aug2.jpg,"A group of young girls in traditional dress at the festival - stock image. This is the Gurung dress, the traditional attire of the Gurung (Tamu) community of Nepal. It is worn during festivals such as Tamu Lhosar and other community gatherings.","महोत्सवमा परम्परागत पोशाकमा एक समूह युवतीहरू - स्टक छवि। यो गुरुङ पोशाक हो, नेपालको गुरुङ (तमु) समुदायको परम्परागत पोशाक हो। यो तामु लोसार जस्ता महोत्सवहरू र अन्य सामुदायिक भेलाहरूमा लगाइन्छ।"
nepali_dresses_augmented/gurung_dress/8_aug1.jpg,"A group of young girls in traditional costume taking pictures with their cell phones - stock image. This is the Gurung dress, the traditional attire of the Gurung (Tamu) community of Nepal. It is worn during festivals such as Tamu Lhosar and other community gatherings.","परम्परागत पोशाकमा मोबाइल फोनबाट फोटो खिच्ने युवतीहरूको समूह - स्टक छवि। यो गुरुङ पोशाक हो, नेपालको गुरुङ (तमु) समुदायको परम्परागत पोशाक हो। यो तामु ल्होसर जस्ता चाडहरूमा र अन्य सामुदायिक भेलाहरूमा लगाइन्छ।"
nepali_dresses_augmented/gurung_dress/8_aug2.jpg,"A group of young girls in traditional costume taking pictures with their cell phones - stock image. This is the Gurung dress, the traditional attire of the Gurung (Tamu) community of Nepal. It is worn during festivals such as Tamu Lhosar and other community gatherings.","परम्परागत पोशाकमा मोबाइल फोनबाट फोटो खिच्ने युवतीहरूको समूह - स्टक छवि। यो गुरुङ पोशाक हो, नेपालको गुरुङ (तमु) समुदायको परम्परागत पोशाक हो। यो तामु ल्होसर जस्ता चाडहरूमा र अन्य सामुदायिक भेलाहरूमा लगाइन्छ।"
nepali_dresses_augmented/gurung_dress/8_aug3.jpg,"A group of young girls in traditional costume taking pictures with their cell phones - stock image. This is the Gurung dress, the traditional attire of the Gurung (Tamu) community of Nepal. It is worn during festivals such as Tamu Lhosar and other community gatherings.","परम्परागत पोशाकमा मोबाइल फोनबाट फोटो खिच्ने युवतीहरूको समूह - स्टक छवि। यो गुरुङ पोशाक हो, नेपालको गुरुङ (तमु) समुदायको परम्परागत पोशाक हो। यो तामु ल्होसर जस्ता चाडहरूमा र अन्य सामुदायिक भेलाहरूमा लगाइन्छ।"
nepali_dresses_augmented/gurung_dress/9.jpg,"A woman in a red shirt and black skirt. This is the Gurung dress, the traditional attire of the Gurung (Tamu) community of Nepal. It is worn during festivals such as Tamu Lhosar and other community gatherings.","एक महिला रातो शर्ट र कालो स्कर्टमा। यो गुरुङ पोशाक हो, नेपालको गुरुङ (तमु) समुदायको परम्परागत पोशाक हो। यो तामु लोसर र अन्य सामुदायिक भेलाहरूमा लगाइन्छ।"
nepali_dresses_augmented/gurung_dress/90.jpg,"A group of young girls dressed in traditional costumes and headdres at the annual festival - stock photo. This is the Gurung dress, the traditional attire of the Gurung (Tamu) community of Nepal. It is worn during festivals such as Tamu Lhosar and other community gatherings.","वार्षिक महोत्सवमा परम्परागत पोशाक र हेड्रेस लगाएका युवतीहरूको समूह - स्टक फोटो। यो गुरुङ पोशाक हो, नेपालको गुरुङ (तमु) समुदायको परम्परागत पोशाक हो। यो तामु लोसर जस्ता महोत्सवहरू र अन्य सामुदायिक भेलाहरूमा लगाइन्छ।"
nepali_dresses_augmented/gurung_dress/90_aug1.jpg,"A group of young girls dressed in traditional costumes and headdres at the annual festival - stock photo. This is the Gurung dress, the traditional attire of the Gurung (Tamu) community of Nepal. It is worn during festivals such as Tamu Lhosar and other community gatherings.","वार्षिक महोत्सवमा परम्परागत पोशाक र हेड्रेस लगाएका युवतीहरूको समूह - स्टक फोटो। यो गुरुङ पोशाक हो, नेपालको गुरुङ (तमु) समुदायको परम्परागत पोशाक हो। यो तामु लोसर जस्ता महोत्सवहरू र अन्य सामुदायिक भेलाहरूमा लगाइन्छ।"
nepali_dresses_augmented/gurung_dress/90_aug2.jpg,"A group of young girls dressed in traditional costumes and headdres at the annual festival - stock photo. This is the Gurung dress, the traditional attire of the Gurung (Tamu) community of Nepal. It is worn during festivals such as Tamu Lhosar and other community gatherings.","वार्षिक महोत्सवमा परम्परागत पोशाक र हेड्रेस लगाएका युवतीहरूको समूह - स्टक फोटो। यो गुरुङ पोशाक हो, नेपालको गुरुङ (तमु) समुदायको परम्परागत पोशाक हो। यो तामु लोसर जस्ता महोत्सवहरू र अन्य सामुदायिक भेलाहरूमा लगाइन्छ।"
nepali_dresses_augmented/gurung_dress/91.jpg,"A group of women standing in front of a building. This is the Gurung dress, the traditional attire of the Gurung (Tamu) community of Nepal. It is worn during festivals such as Tamu Lhosar and other community gatherings.","एक भवनको अगाडि उभिएका महिलाहरूको समूह। यो गुरुङ पोशाक हो, नेपालको गुरुङ (तमु) समुदायको परम्परागत पोशाक। यो तामु लोसर जस्ता चाडपर्वहरू र अन्य सामुदायिक भेलाहरूमा लगाइन्छ।"
nepali_dresses_augmented/gurung_dress/91_aug1.jpg,"A group of women standing in front of a building. This is the Gurung dress, the traditional attire of the Gurung (Tamu) community of Nepal. It is worn during festivals such as Tamu Lhosar and other community gatherings.","एक भवनको अगाडि उभिएका महिलाहरूको समूह। यो गुरुङ पोशाक हो, नेपालको गुरुङ (तमु) समुदायको परम्परागत पोशाक। यो तामु लोसर जस्ता चाडपर्वहरू र अन्य सामुदायिक भेलाहरूमा लगाइन्छ।"
nepali_dresses_augmented/gurung_dress/91_aug2.jpg,"A group of women standing in front of a building. This is the Gurung dress, the traditional attire of the Gurung (Tamu) community of Nepal. It is worn during festivals such as Tamu Lhosar and other community gatherings.","एक भवनको अगाडि उभिएका महिलाहरूको समूह। यो गुरुङ पोशाक हो, नेपालको गुरुङ (तमु) समुदायको परम्परागत पोशाक। यो तामु लोसर जस्ता चाडपर्वहरू र अन्य सामुदायिक भेलाहरूमा लगाइन्छ।"
nepali_dresses_augmented/gurung_dress/92.jpg,"Dancers perform in the street during festival. This is the Gurung dress, the traditional attire of the Gurung (Tamu) community of Nepal. It is worn during festivals such as Tamu Lhosar and other community gatherings.","महोत्सवको समयमा सडकमा नर्तकहरू प्रदर्शन गर्छन्। यो गुरुङ पोशाक हो, नेपालको गुरुङ (तमु) समुदायको परम्परागत पोशाक हो। यो तामु लोसार जस्ता महोत्सवहरू र अन्य सामुदायिक भेलाहरूमा लगाइन्छ।"
nepali_dresses_augmented/gurung_dress/92_aug1.jpg,"Dancers perform in the street during festival. This is the Gurung dress, the traditional attire of the Gurung (Tamu) community of Nepal. It is worn during festivals such as Tamu Lhosar and other community gatherings.","महोत्सवको समयमा सडकमा नर्तकहरू प्रदर्शन गर्छन्। यो गुरुङ पोशाक हो, नेपालको गुरुङ (तमु) समुदायको परम्परागत पोशाक हो। यो तामु लोसार जस्ता महोत्सवहरू र अन्य सामुदायिक भेलाहरूमा लगाइन्छ।"
nepali_dresses_augmented/gurung_dress/92_aug2.jpg,"Dancers perform in the street during festival. This is the Gurung dress, the traditional attire of the Gurung (Tamu) community of Nepal. It is worn during festivals such as Tamu Lhosar and other community gatherings.","महोत्सवको समयमा सडकमा नर्तकहरू प्रदर्शन गर्छन्। यो गुरुङ पोशाक हो, नेपालको गुरुङ (तमु) समुदायको परम्परागत पोशाक हो। यो तामु लोसार जस्ता महोत्सवहरू र अन्य सामुदायिक भेलाहरूमा लगाइन्छ।"
nepali_dresses_augmented/gurung_dress/93.jpg,"A group of young girls dancing in the street during a festival in india - stock image. This is the Gurung dress, the traditional attire of the Gurung (Tamu) community of Nepal. It is worn during festivals such as Tamu Lhosar and other community gatherings.","भारतमा एउटा महोत्सवको समयमा सडकमा नाच्ने युवा केटीहरूको समूह - स्टक छवि। यो गुरुङ पोशाक हो, नेपालको गुरुङ (तमु) समुदायको परम्परागत पोशाक हो। यो तमु ल्होसर जस्ता महोत्सवहरू र अन्य सामुदायिक भेलाहरूमा लगाइन्छ।"
nepali_dresses_augmented/gurung_dress/93_aug1.jpg,"A group of young girls dancing in the street during a festival in india - stock image. This is the Gurung dress, the traditional attire of the Gurung (Tamu) community of Nepal. It is worn during festivals such as Tamu Lhosar and other community gatherings.","भारतमा एउटा महोत्सवको समयमा सडकमा नाच्ने युवा केटीहरूको समूह - स्टक छवि। यो गुरुङ पोशाक हो, नेपालको गुरुङ (तमु) समुदायको परम्परागत पोशाक हो। यो तमु ल्होसर जस्ता महोत्सवहरू र अन्य सामुदायिक भेलाहरूमा लगाइन्छ।"
nepali_dresses_augmented/gurung_dress/93_aug2.jpg,"A group of young girls dancing in the street during a festival in india - stock image. This is the Gurung dress, the traditional attire of the Gurung (Tamu) community of Nepal. It is worn during festivals such as Tamu Lhosar and other community gatherings.","भारतमा एउटा महोत्सवको समयमा सडकमा नाच्ने युवा केटीहरूको समूह - स्टक छवि। यो गुरुङ पोशाक हो, नेपालको गुरुङ (तमु) समुदायको परम्परागत पोशाक हो। यो तमु ल्होसर जस्ता महोत्सवहरू र अन्य सामुदायिक भेलाहरूमा लगाइन्छ।"
nepali_dresses_augmented/gurung_dress/94.jpg,"A group of women performing a folk dance. This is the Gurung dress, the traditional attire of the Gurung (Tamu) community of Nepal. It is worn during festivals such as Tamu Lhosar and other community gatherings.","एक समूह महिलाहरूले लोक नृत्य प्रदर्शन गरिरहेका छन्। यो गुरुङ पोशाक हो, नेपालको गुरुङ (तमु) समुदायको परम्परागत पोशाक हो। यो तामु लोसार जस्ता चाडपर्वहरू र अन्य सामुदायिक भेलाहरूमा लगाइन्छ।"
nepali_dresses_augmented/gurung_dress/94_aug1.jpg,"A group of women performing a folk dance. This is the Gurung dress, the traditional attire of the Gurung (Tamu) community of Nepal. It is worn during festivals such as Tamu Lhosar and other community gatherings.","एक समूह महिलाहरूले लोक नृत्य प्रदर्शन गरिरहेका छन्। यो गुरुङ पोशाक हो, नेपालको गुरुङ (तमु) समुदायको परम्परागत पोशाक हो। यो तामु लोसार जस्ता चाडपर्वहरू र अन्य सामुदायिक भेलाहरूमा लगाइन्छ।"
nepali_dresses_augmented/gurung_dress/94_aug2.jpg,"A group of women performing a folk dance. This is the Gurung dress, the traditional attire of the Gurung (Tamu) community of Nepal. It is worn during festivals such as Tamu Lhosar and other community gatherings.","एक समूह महिलाहरूले लोक नृत्य प्रदर्शन गरिरहेका छन्। यो गुरुङ पोशाक हो, नेपालको गुरुङ (तमु) समुदायको परम्परागत पोशाक हो। यो तामु लोसार जस्ता चाडपर्वहरू र अन्य सामुदायिक भेलाहरूमा लगाइन्छ।"
nepali_dresses_augmented/gurung_dress/95.jpg,"A group of young girls dressed in traditional costumes. This is the Gurung dress, the traditional attire of the Gurung (Tamu) community of Nepal. It is worn during festivals such as Tamu Lhosar and other community gatherings.","परम्परागत पोशाक लगाउने युवा युवतीहरूको समूह। यो गुरुङ पोशाक हो, नेपालको गुरुङ (तमु) समुदायको परम्परागत पोशाक हो। यो तामु लोसर जस्ता चाडपर्वहरू र अन्य सामुदायिक भेलाहरूमा लगाइन्छ।"
nepali_dresses_augmented/gurung_dress/95_aug1.jpg,"A group of young girls dressed in traditional costumes. This is the Gurung dress, the traditional attire of the Gurung (Tamu) community of Nepal. It is worn during festivals such as Tamu Lhosar and other community gatherings.","परम्परागत पोशाक लगाउने युवा युवतीहरूको समूह। यो गुरुङ पोशाक हो, नेपालको गुरुङ (तमु) समुदायको परम्परागत पोशाक हो। यो तामु लोसर जस्ता चाडपर्वहरू र अन्य सामुदायिक भेलाहरूमा लगाइन्छ।"
nepali_dresses_augmented/gurung_dress/95_aug2.jpg,"A group of young girls dressed in traditional costumes. This is the Gurung dress, the traditional attire of the Gurung (Tamu) community of Nepal. It is worn during festivals such as Tamu Lhosar and other community gatherings.","परम्परागत पोशाक लगाउने युवा युवतीहरूको समूह। यो गुरुङ पोशाक हो, नेपालको गुरुङ (तमु) समुदायको परम्परागत पोशाक हो। यो तामु लोसर जस्ता चाडपर्वहरू र अन्य सामुदायिक भेलाहरूमा लगाइन्छ।"
nepali_dresses_augmented/gurung_dress/96.jpg,"A group of young people standing on a dirt road. This is the Gurung dress, the traditional attire of the Gurung (Tamu) community of Nepal. It is worn during festivals such as Tamu Lhosar and other community gatherings.","यो गुरुङ पोशाक हो, नेपालको गुरुङ (तमु) समुदायको परम्परागत पोशाक हो। यो तमु लोसर जस्ता पर्वहरूमा र अन्य सामुदायिक भेलाहरूमा लगाइन्छ।"
nepali_dresses_augmented/gurung_dress/96_aug1.jpg,"A group of young people standing on a dirt road. This is the Gurung dress, the traditional attire of the Gurung (Tamu) community of Nepal. It is worn during festivals such as Tamu Lhosar and other community gatherings.","यो गुरुङ पोशाक हो, नेपालको गुरुङ (तमु) समुदायको परम्परागत पोशाक हो। यो तमु लोसर जस्ता पर्वहरूमा र अन्य सामुदायिक भेलाहरूमा लगाइन्छ।"
nepali_dresses_augmented/gurung_dress/96_aug2.jpg,"A group of young people standing on a dirt road. This is the Gurung dress, the traditional attire of the Gurung (Tamu) community of Nepal. It is worn during festivals such as Tamu Lhosar and other community gatherings.","यो गुरुङ पोशाक हो, नेपालको गुरुङ (तमु) समुदायको परम्परागत पोशाक हो। यो तमु लोसर जस्ता पर्वहरूमा र अन्य सामुदायिक भेलाहरूमा लगाइन्छ।"
nepali_dresses_augmented/gurung_dress/97.jpg,"A group of tibetan women in traditional clothing performing a dance at the festival - stock image. This is the Gurung dress, the traditional attire of the Gurung (Tamu) community of Nepal. It is worn during festivals such as Tamu Lhosar and other community gatherings.","परम्परागत कपडामा तिब्बती महिलाहरूको समूहले महोत्सवमा नृत्य गरिरहेका छन् - स्टक छवि। यो गुरुङ पोशाक हो, नेपालको गुरुङ (तमु) समुदायको परम्परागत पोशाक हो। यो तामु लोसर जस्ता महोत्सवहरू र अन्य सामुदायिक भेलाहरूमा लगाइन्छ।"
nepali_dresses_augmented/gurung_dress/97_aug1.jpg,"A group of tibetan women in traditional clothing performing a dance at the festival - stock image. This is the Gurung dress, the traditional attire of the Gurung (Tamu) community of Nepal. It is worn during festivals such as Tamu Lhosar and other community gatherings.","परम्परागत कपडामा तिब्बती महिलाहरूको समूहले महोत्सवमा नृत्य गरिरहेका छन् - स्टक छवि। यो गुरुङ पोशाक हो, नेपालको गुरुङ (तमु) समुदायको परम्परागत पोशाक हो। यो तामु लोसर जस्ता महोत्सवहरू र अन्य सामुदायिक भेलाहरूमा लगाइन्छ।"
nepali_dresses_augmented/gurung_dress/97_aug2.jpg,"A group of tibetan women in traditional clothing performing a dance at the festival - stock image. This is the Gurung dress, the traditional attire of the Gurung (Tamu) community of Nepal. It is worn during festivals such as Tamu Lhosar and other community gatherings.","परम्परागत कपडामा तिब्बती महिलाहरूको समूहले महोत्सवमा नृत्य गरिरहेका छन् - स्टक छवि। यो गुरुङ पोशाक हो, नेपालको गुरुङ (तमु) समुदायको परम्परागत पोशाक हो। यो तामु लोसर जस्ता महोत्सवहरू र अन्य सामुदायिक भेलाहरूमा लगाइन्छ।"
nepali_dresses_augmented/gurung_dress/98.jpg,"A group of men dressed in traditional clothing. This is the Gurung dress, the traditional attire of the Gurung (Tamu) community of Nepal. It is worn during festivals such as Tamu Lhosar and other community gatherings.","परम्परागत कपडा लगाएका पुरुषहरूको समूह। यो गुरुङ पोशाक हो, नेपालको गुरुङ (तमु) समुदायको परम्परागत पोशाक हो। यो तामु लोसार जस्ता चाडपर्वहरू र अन्य सामुदायिक भेलाहरूमा लगाइन्छ।"
nepali_dresses_augmented/gurung_dress/98_aug1.jpg,"A group of men dressed in traditional clothing. This is the Gurung dress, the traditional attire of the Gurung (Tamu) community of Nepal. It is worn during festivals such as Tamu Lhosar and other community gatherings.","परम्परागत कपडा लगाएका पुरुषहरूको समूह। यो गुरुङ पोशाक हो, नेपालको गुरुङ (तमु) समुदायको परम्परागत पोशाक हो। यो तामु लोसार जस्ता चाडपर्वहरू र अन्य सामुदायिक भेलाहरूमा लगाइन्छ।"
nepali_dresses_augmented/gurung_dress/98_aug2.jpg,"A group of men dressed in traditional clothing. This is the Gurung dress, the traditional attire of the Gurung (Tamu) community of Nepal. It is worn during festivals such as Tamu Lhosar and other community gatherings.","परम्परागत कपडा लगाएका पुरुषहरूको समूह। यो गुरुङ पोशाक हो, नेपालको गुरुङ (तमु) समुदायको परम्परागत पोशाक हो। यो तामु लोसार जस्ता चाडपर्वहरू र अन्य सामुदायिक भेलाहरूमा लगाइन्छ।"
nepali_dresses_augmented/gurung_dress/99.jpg,"A group of people are performing on a stage. This is the Gurung dress, the traditional attire of the Gurung (Tamu) community of Nepal. It is worn during festivals such as Tamu Lhosar and other community gatherings.","एक समूहले स्टेजमा प्रदर्शन गरिरहेका छन्। यो गुरुङ पोशाक हो, नेपालको गुरुङ (तमु) समुदायको परम्परागत पोशाक हो। यो तमु लोसर जस्ता पर्वहरूमा र अन्य सामुदायिक भेलाहरूमा लगाइन्छ।"
nepali_dresses_augmented/gurung_dress/99_aug1.jpg,"A group of people are performing on a stage. This is the Gurung dress, the traditional attire of the Gurung (Tamu) community of Nepal. It is worn during festivals such as Tamu Lhosar and other community gatherings.","एक समूहले स्टेजमा प्रदर्शन गरिरहेका छन्। यो गुरुङ पोशाक हो, नेपालको गुरुङ (तमु) समुदायको परम्परागत पोशाक हो। यो तमु लोसर जस्ता पर्वहरूमा र अन्य सामुदायिक भेलाहरूमा लगाइन्छ।"
nepali_dresses_augmented/gurung_dress/99_aug2.jpg,"A group of people are performing on a stage. This is the Gurung dress, the traditional attire of the Gurung (Tamu) community of Nepal. It is worn during festivals such as Tamu Lhosar and other community gatherings.","एक समूहले स्टेजमा प्रदर्शन गरिरहेका छन्। यो गुरुङ पोशाक हो, नेपालको गुरुङ (तमु) समुदायको परम्परागत पोशाक हो। यो तमु लोसर जस्ता पर्वहरूमा र अन्य सामुदायिक भेलाहरूमा लगाइन्छ।"
nepali_dresses_augmented/gurung_dress/9_aug1.jpg,"A woman in a red shirt and black skirt. This is the Gurung dress, the traditional attire of the Gurung (Tamu) community of Nepal. It is worn during festivals such as Tamu Lhosar and other community gatherings.","एक महिला रातो शर्ट र कालो स्कर्टमा। यो गुरुङ पोशाक हो, नेपालको गुरुङ (तमु) समुदायको परम्परागत पोशाक हो। यो तामु लोसर र अन्य सामुदायिक भेलाहरूमा लगाइन्छ।"
nepali_dresses_augmented/gurung_dress/9_aug2.jpg,"A woman in a red shirt and black skirt. This is the Gurung dress, the traditional attire of the Gurung (Tamu) community of Nepal. It is worn during festivals such as Tamu Lhosar and other community gatherings.","एक महिला रातो शर्ट र कालो स्कर्टमा। यो गुरुङ पोशाक हो, नेपालको गुरुङ (तमु) समुदायको परम्परागत पोशाक हो। यो तामु लोसर र अन्य सामुदायिक भेलाहरूमा लगाइन्छ।"
nepali_dresses_augmented/gurung_dress/9_aug3.jpg,"A woman in a red shirt and black skirt. This is the Gurung dress, the traditional attire of the Gurung (Tamu) community of Nepal. It is worn during festivals such as Tamu Lhosar and other community gatherings.","एक महिला रातो शर्ट र कालो स्कर्टमा। यो गुरुङ पोशाक हो, नेपालको गुरुङ (तमु) समुदायको परम्परागत पोशाक हो। यो तामु लोसर र अन्य सामुदायिक भेलाहरूमा लगाइन्छ।"
