image_path,caption_en,caption_ne
nepali_dresses_augmented/haku_patasi/1.jpg,"A woman in a black and red sari. This is the Haku Patasi, the traditional attire of the Newar community of Nepal. This black sari with a red border is worn by Newari women during festivals and cultural events.",नेपालको नेवार समुदायको परम्परागत पोशाक हकु पातासी हो। यो रातो सिमानाको साथ कालो साड़ी पर्व र सांस्कृतिक कार्यक्रमहरूमा नेवारी महिलाहरूले लगाउँछन्।
nepali_dresses_augmented/haku_patasi/10.jpg,"A little girl in a black and red dress. This is the Haku Patasi, the traditional attire of the Newar community of Nepal. This black sari with a red border is worn by Newari women during festivals and cultural events.",नेपालको नेवार समुदायको परम्परागत पोशाक हकु पातासी हो। यो रातो सिमानाको साथ कालो साड़ी पर्व र सांस्कृतिक कार्यक्रमहरूमा नेवारी महिलाहरूले लगाउँछन्।
nepali_dresses_augmented/haku_patasi/100.jpg,"A group of women dressed in traditional red and black outfits carrying bells. This is the Haku Patasi, the traditional attire of the Newar community of Nepal. This black sari with a red border is worn by Newari women during festivals and cultural events.","एक समूह महिलाहरु परम्परागत रातो र कालो पोशाक लगाएर घण्टीहरु बोक्ने. यो Haku Patasi हो, नेपालको Newar समुदायको परम्परागत पोशाक। यो रातो सिमानाको साथ कालो साड़ी फेस्टिवल र सांस्कृतिक कार्यक्रमहरूमा Newari महिलाहरु द्वारा लगाइन्छ।"
nepali_dresses_augmented/haku_patasi/100_aug1.jpg,"A group of women dressed in traditional red and black outfits carrying bells. This is the Haku Patasi, the traditional attire of the Newar community of Nepal. This black sari with a red border is worn by Newari women during festivals and cultural events.","एक समूह महिलाहरु परम्परागत रातो र कालो पोशाक लगाएर घण्टीहरु बोक्ने. यो Haku Patasi हो, नेपालको Newar समुदायको परम्परागत पोशाक। यो रातो सिमानाको साथ कालो साड़ी फेस्टिवल र सांस्कृतिक कार्यक्रमहरूमा Newari महिलाहरु द्वारा लगाइन्छ।"
nepali_dresses_augmented/haku_patasi/100_aug2.jpg,"A group of women dressed in traditional red and black outfits carrying bells. This is the Haku Patasi, the traditional attire of the Newar community of Nepal. This black sari with a red border is worn by Newari women during festivals and cultural events.","एक समूह महिलाहरु परम्परागत रातो र कालो पोशाक लगाएर घण्टीहरु बोक्ने. यो Haku Patasi हो, नेपालको Newar समुदायको परम्परागत पोशाक। यो रातो सिमानाको साथ कालो साड़ी फेस्टिवल र सांस्कृतिक कार्यक्रमहरूमा Newari महिलाहरु द्वारा लगाइन्छ।"
nepali_dresses_augmented/haku_patasi/101.jpg,"A group of women in traditional dress walking down the street. This is the Haku Patasi, the traditional attire of the Newar community of Nepal. This black sari with a red border is worn by Newari women during festivals and cultural events.","परम्परागत पोशाकमा सडकमा हिड्ने महिलाहरूको समूह। यो हकु पातासी हो, नेपालको नेवार समुदायको परम्परागत पोशाक। यो रातो सिमानाको साथ कालो साड़ी फेस्टिवल र सांस्कृतिक कार्यक्रमहरूमा नेवारी महिलाहरूले लगाउँछन्।"
nepali_dresses_augmented/haku_patasi/101_aug1.jpg,"A group of women in traditional dress walking down the street. This is the Haku Patasi, the traditional attire of the Newar community of Nepal. This black sari with a red border is worn by Newari women during festivals and cultural events.","परम्परागत पोशाकमा सडकमा हिड्ने महिलाहरूको समूह। यो हकु पातासी हो, नेपालको नेवार समुदायको परम्परागत पोशाक। यो रातो सिमानाको साथ कालो साड़ी फेस्टिवल र सांस्कृतिक कार्यक्रमहरूमा नेवारी महिलाहरूले लगाउँछन्।"
nepali_dresses_augmented/haku_patasi/101_aug2.jpg,"A group of women in traditional dress walking down the street. This is the Haku Patasi, the traditional attire of the Newar community of Nepal. This black sari with a red border is worn by Newari women during festivals and cultural events.","परम्परागत पोशाकमा सडकमा हिड्ने महिलाहरूको समूह। यो हकु पातासी हो, नेपालको नेवार समुदायको परम्परागत पोशाक। यो रातो सिमानाको साथ कालो साड़ी फेस्टिवल र सांस्कृतिक कार्यक्रमहरूमा नेवारी महिलाहरूले लगाउँछन्।"
nepali_dresses_augmented/haku_patasi/102.jpg,"A group of women in red and white sars are dancing with their hands up to the camera - stock. This is the Haku Patasi, the traditional attire of the Newar community of Nepal. This black sari with a red border is worn by Newari women during festivals and cultural events.",नेपालको नेवार समुदायको परम्परागत पोशाक हकु पाटसी हो । रातो र सेतो सरस लगाएका महिलाहरूको समूहले क्यामेरा स्टकमा हात राखेर नाच्दैछन् । यो रातो सीमानाको साथ यो कालो साड़ी पर्व र सांस्कृतिक कार्यक्रमहरूमा नेवारी महिलाहरूले लगाउँछन् ।
nepali_dresses_augmented/haku_patasi/102_aug1.jpg,"A group of women in red and white sars are dancing with their hands up to the camera - stock. This is the Haku Patasi, the traditional attire of the Newar community of Nepal. This black sari with a red border is worn by Newari women during festivals and cultural events.",नेपालको नेवार समुदायको परम्परागत पोशाक हकु पाटसी हो । रातो र सेतो सरस लगाएका महिलाहरूको समूहले क्यामेरा स्टकमा हात राखेर नाच्दैछन् । यो रातो सीमानाको साथ यो कालो साड़ी पर्व र सांस्कृतिक कार्यक्रमहरूमा नेवारी महिलाहरूले लगाउँछन् ।
nepali_dresses_augmented/haku_patasi/102_aug2.jpg,"A group of women in red and white sars are dancing with their hands up to the camera - stock. This is the Haku Patasi, the traditional attire of the Newar community of Nepal. This black sari with a red border is worn by Newari women during festivals and cultural events.",नेपालको नेवार समुदायको परम्परागत पोशाक हकु पाटसी हो । रातो र सेतो सरस लगाएका महिलाहरूको समूहले क्यामेरा स्टकमा हात राखेर नाच्दैछन् । यो रातो सीमानाको साथ यो कालो साड़ी पर्व र सांस्कृतिक कार्यक्रमहरूमा नेवारी महिलाहरूले लगाउँछन् ।
nepali_dresses_augmented/haku_patasi/103.jpg,"A group of women dressed in traditional clothing and holding cups - stock image. This is the Haku Patasi, the traditional attire of the Newar community of Nepal. This black sari with a red border is worn by Newari women during festivals and cultural events.",परम्परागत कपडा लगाएका महिलाहरूको समूह - स्टक छवि। यो नेपालको नेवार समुदायको परम्परागत पोशाक हकु पातासी हो। यो रातो सिमानाको साथ कालो साड़ी फेस्टिवल र सांस्कृतिक कार्यक्रमहरूमा नेवारी महिलाहरूले लगाउँछन्।
nepali_dresses_augmented/haku_patasi/103_aug1.jpg,"A group of women dressed in traditional clothing and holding cups - stock image. This is the Haku Patasi, the traditional attire of the Newar community of Nepal. This black sari with a red border is worn by Newari women during festivals and cultural events.",परम्परागत कपडा लगाएका महिलाहरूको समूह - स्टक छवि। यो नेपालको नेवार समुदायको परम्परागत पोशाक हकु पातासी हो। यो रातो सिमानाको साथ कालो साड़ी फेस्टिवल र सांस्कृतिक कार्यक्रमहरूमा नेवारी महिलाहरूले लगाउँछन्।
nepali_dresses_augmented/haku_patasi/103_aug2.jpg,"A group of women dressed in traditional clothing and holding cups - stock image. This is the Haku Patasi, the traditional attire of the Newar community of Nepal. This black sari with a red border is worn by Newari women during festivals and cultural events.",परम्परागत कपडा लगाएका महिलाहरूको समूह - स्टक छवि। यो नेपालको नेवार समुदायको परम्परागत पोशाक हकु पातासी हो। यो रातो सिमानाको साथ कालो साड़ी फेस्टिवल र सांस्कृतिक कार्यक्रमहरूमा नेवारी महिलाहरूले लगाउँछन्।
nepali_dresses_augmented/haku_patasi/104.jpg,"A group of women in traditional dress walking down the street. This is the Haku Patasi, the traditional attire of the Newar community of Nepal. This black sari with a red border is worn by Newari women during festivals and cultural events.","परम्परागत पोशाकमा सडकमा हिड्ने महिलाहरूको समूह। यो हकु पातासी हो, नेपालको नेवार समुदायको परम्परागत पोशाक। यो रातो सिमानाको साथ कालो साड़ी फेस्टिवल र सांस्कृतिक कार्यक्रमहरूमा नेवारी महिलाहरूले लगाउँछन्।"
nepali_dresses_augmented/haku_patasi/104_aug1.jpg,"A group of women in traditional dress walking down the street. This is the Haku Patasi, the traditional attire of the Newar community of Nepal. This black sari with a red border is worn by Newari women during festivals and cultural events.","परम्परागत पोशाकमा सडकमा हिड्ने महिलाहरूको समूह। यो हकु पातासी हो, नेपालको नेवार समुदायको परम्परागत पोशाक। यो रातो सिमानाको साथ कालो साड़ी फेस्टिवल र सांस्कृतिक कार्यक्रमहरूमा नेवारी महिलाहरूले लगाउँछन्।"
nepali_dresses_augmented/haku_patasi/104_aug2.jpg,"A group of women in traditional dress walking down the street. This is the Haku Patasi, the traditional attire of the Newar community of Nepal. This black sari with a red border is worn by Newari women during festivals and cultural events.","परम्परागत पोशाकमा सडकमा हिड्ने महिलाहरूको समूह। यो हकु पातासी हो, नेपालको नेवार समुदायको परम्परागत पोशाक। यो रातो सिमानाको साथ कालो साड़ी फेस्टिवल र सांस्कृतिक कार्यक्रमहरूमा नेवारी महिलाहरूले लगाउँछन्।"
nepali_dresses_augmented/haku_patasi/105.jpg,"Young girls in traditional dress walking down the street. This is the Haku Patasi, the traditional attire of the Newar community of Nepal. This black sari with a red border is worn by Newari women during festivals and cultural events.",नेपालको नेवार समुदायको परम्परागत पोशाक हकु पातासी हो। यो रातो सिमानाको साथ कालो साड़ी पर्व र सांस्कृतिक कार्यक्रमहरूमा नेवारी महिलाहरूले लगाउँछन्।
nepali_dresses_augmented/haku_patasi/105_aug1.jpg,"Young girls in traditional dress walking down the street. This is the Haku Patasi, the traditional attire of the Newar community of Nepal. This black sari with a red border is worn by Newari women during festivals and cultural events.",नेपालको नेवार समुदायको परम्परागत पोशाक हकु पातासी हो। यो रातो सिमानाको साथ कालो साड़ी पर्व र सांस्कृतिक कार्यक्रमहरूमा नेवारी महिलाहरूले लगाउँछन्।
nepali_dresses_augmented/haku_patasi/105_aug2.jpg,"Young girls in traditional dress walking down the street. This is the Haku Patasi, the traditional attire of the Newar community of Nepal. This black sari with a red border is worn by Newari women during festivals and cultural events.",नेपालको नेवार समुदायको परम्परागत पोशाक हकु पातासी हो। यो रातो सिमानाको साथ कालो साड़ी पर्व र सांस्कृतिक कार्यक्रमहरूमा नेवारी महिलाहरूले लगाउँछन्।
nepali_dresses_augmented/haku_patasi/106.jpg,"Women in traditional dress walking down the street. This is the Haku Patasi, the traditional attire of the Newar community of Nepal. This black sari with a red border is worn by Newari women during festivals and cultural events.","परम्परागत पोशाकमा सडकमा हिँड्ने महिलाहरू। यो हकु पातासी हो, नेपालको नेवार समुदायको परम्परागत पोशाक। यो रातो सिमानाको साथ कालो साड़ी फेस्टिवल र सांस्कृतिक कार्यक्रमहरूमा नेवारी महिलाहरूले लगाउँछन्।"
nepali_dresses_augmented/haku_patasi/106_aug1.jpg,"Women in traditional dress walking down the street. This is the Haku Patasi, the traditional attire of the Newar community of Nepal. This black sari with a red border is worn by Newari women during festivals and cultural events.","परम्परागत पोशाकमा सडकमा हिँड्ने महिलाहरू। यो हकु पातासी हो, नेपालको नेवार समुदायको परम्परागत पोशाक। यो रातो सिमानाको साथ कालो साड़ी फेस्टिवल र सांस्कृतिक कार्यक्रमहरूमा नेवारी महिलाहरूले लगाउँछन्।"
nepali_dresses_augmented/haku_patasi/106_aug2.jpg,"Women in traditional dress walking down the street. This is the Haku Patasi, the traditional attire of the Newar community of Nepal. This black sari with a red border is worn by Newari women during festivals and cultural events.","परम्परागत पोशाकमा सडकमा हिँड्ने महिलाहरू। यो हकु पातासी हो, नेपालको नेवार समुदायको परम्परागत पोशाक। यो रातो सिमानाको साथ कालो साड़ी फेस्टिवल र सांस्कृतिक कार्यक्रमहरूमा नेवारी महिलाहरूले लगाउँछन्।"
nepali_dresses_augmented/haku_patasi/107.jpg,"A group of women dressed in traditional costumes during festival. This is the Haku Patasi, the traditional attire of the Newar community of Nepal. This black sari with a red border is worn by Newari women during festivals and cultural events.","महोत्सवको समयमा परम्परागत पोशाक लगाउने महिलाहरूको समूह। यो हकु पातासी हो, नेपालको नेवार समुदायको परम्परागत पोशाक। यो रातो सिमानाको साथ कालो साड़ी महोत्सव र सांस्कृतिक कार्यक्रमहरूमा नेवारी महिलाहरूले लगाउँछन्।"
nepali_dresses_augmented/haku_patasi/107_aug1.jpg,"A group of women dressed in traditional costumes during festival. This is the Haku Patasi, the traditional attire of the Newar community of Nepal. This black sari with a red border is worn by Newari women during festivals and cultural events.","महोत्सवको समयमा परम्परागत पोशाक लगाउने महिलाहरूको समूह। यो हकु पातासी हो, नेपालको नेवार समुदायको परम्परागत पोशाक। यो रातो सिमानाको साथ कालो साड़ी महोत्सव र सांस्कृतिक कार्यक्रमहरूमा नेवारी महिलाहरूले लगाउँछन्।"
nepali_dresses_augmented/haku_patasi/107_aug2.jpg,"A group of women dressed in traditional costumes during festival. This is the Haku Patasi, the traditional attire of the Newar community of Nepal. This black sari with a red border is worn by Newari women during festivals and cultural events.","महोत्सवको समयमा परम्परागत पोशाक लगाउने महिलाहरूको समूह। यो हकु पातासी हो, नेपालको नेवार समुदायको परम्परागत पोशाक। यो रातो सिमानाको साथ कालो साड़ी महोत्सव र सांस्कृतिक कार्यक्रमहरूमा नेवारी महिलाहरूले लगाउँछन्।"
nepali_dresses_augmented/haku_patasi/108.jpg,"A group of young women in traditional dress at the festival - stock image. This is the Haku Patasi, the traditional attire of the Newar community of Nepal. This black sari with a red border is worn by Newari women during festivals and cultural events.",महोत्सवमा परम्परागत पोशाकमा युवा महिलाहरूको समूह - स्टक छवि। यो नेपालको नेवार समुदायको परम्परागत पोशाक हकु पातासी हो। यो रातो सिमानाको साथ कालो साड़ी महोत्सव र सांस्कृतिक कार्यक्रमहरूमा नेवारी महिलाहरूले लगाउँछन्।
nepali_dresses_augmented/haku_patasi/108_aug1.jpg,"A group of young women in traditional dress at the festival - stock image. This is the Haku Patasi, the traditional attire of the Newar community of Nepal. This black sari with a red border is worn by Newari women during festivals and cultural events.",महोत्सवमा परम्परागत पोशाकमा युवा महिलाहरूको समूह - स्टक छवि। यो नेपालको नेवार समुदायको परम्परागत पोशाक हकु पातासी हो। यो रातो सिमानाको साथ कालो साड़ी महोत्सव र सांस्कृतिक कार्यक्रमहरूमा नेवारी महिलाहरूले लगाउँछन्।
nepali_dresses_augmented/haku_patasi/108_aug2.jpg,"A group of young women in traditional dress at the festival - stock image. This is the Haku Patasi, the traditional attire of the Newar community of Nepal. This black sari with a red border is worn by Newari women during festivals and cultural events.",महोत्सवमा परम्परागत पोशाकमा युवा महिलाहरूको समूह - स्टक छवि। यो नेपालको नेवार समुदायको परम्परागत पोशाक हकु पातासी हो। यो रातो सिमानाको साथ कालो साड़ी महोत्सव र सांस्कृतिक कार्यक्रमहरूमा नेवारी महिलाहरूले लगाउँछन्।
nepali_dresses_augmented/haku_patasi/109.jpg,"A group of young girls dressed in traditional costumes at a festival in india - stock image. This is the Haku Patasi, the traditional attire of the Newar community of Nepal. This black sari with a red border is worn by Newari women during festivals and cultural events.",नेपालको नेवार समुदायको परम्परागत पोशाक हकु पाटसी हो। रातो सिमानाको यो कालो साड़ी पर्व र सांस्कृतिक कार्यक्रमहरूमा नेवारी महिलाहरूले लगाउँछन्।
nepali_dresses_augmented/haku_patasi/109_aug1.jpg,"A group of young girls dressed in traditional costumes at a festival in india - stock image. This is the Haku Patasi, the traditional attire of the Newar community of Nepal. This black sari with a red border is worn by Newari women during festivals and cultural events.",नेपालको नेवार समुदायको परम्परागत पोशाक हकु पाटसी हो। रातो सिमानाको यो कालो साड़ी पर्व र सांस्कृतिक कार्यक्रमहरूमा नेवारी महिलाहरूले लगाउँछन्।
nepali_dresses_augmented/haku_patasi/109_aug2.jpg,"A group of young girls dressed in traditional costumes at a festival in india - stock image. This is the Haku Patasi, the traditional attire of the Newar community of Nepal. This black sari with a red border is worn by Newari women during festivals and cultural events.",नेपालको नेवार समुदायको परम्परागत पोशाक हकु पाटसी हो। रातो सिमानाको यो कालो साड़ी पर्व र सांस्कृतिक कार्यक्रमहरूमा नेवारी महिलाहरूले लगाउँछन्।
nepali_dresses_augmented/haku_patasi/10_aug1.jpg,"A little girl in a black and red dress. This is the Haku Patasi, the traditional attire of the Newar community of Nepal. This black sari with a red border is worn by Newari women during festivals and cultural events.",नेपालको नेवार समुदायको परम्परागत पोशाक हकु पातासी हो। यो रातो सिमानाको साथ कालो साड़ी पर्व र सांस्कृतिक कार्यक्रमहरूमा नेवारी महिलाहरूले लगाउँछन्।
nepali_dresses_augmented/haku_patasi/10_aug2.jpg,"A little girl in a black and red dress. This is the Haku Patasi, the traditional attire of the Newar community of Nepal. This black sari with a red border is worn by Newari women during festivals and cultural events.",नेपालको नेवार समुदायको परम्परागत पोशाक हकु पातासी हो। यो रातो सिमानाको साथ कालो साड़ी पर्व र सांस्कृतिक कार्यक्रमहरूमा नेवारी महिलाहरूले लगाउँछन्।
nepali_dresses_augmented/haku_patasi/11.jpg,"A little girl in a red and black dress. This is the Haku Patasi, the traditional attire of the Newar community of Nepal. This black sari with a red border is worn by Newari women during festivals and cultural events.","लाल र कालो पोशाकमा एक सानो केटी। यो हकु पातासी हो, नेपालको नेवार समुदायको परम्परागत पोशाक। यो रातो सिमानाको साथ कालो साड़ी फेस्टिवल र सांस्कृतिक कार्यक्रमहरूमा नेवारी महिलाहरूले लगाउँछन्।"
nepali_dresses_augmented/haku_patasi/110.jpg,"A group of women dancing in the streets of mumbai, india - stock image. This is the Haku Patasi, the traditional attire of the Newar community of Nepal. This black sari with a red border is worn by Newari women during festivals and cultural events.",भारतको मुम्बईको सडकमा नाच्ने महिलाहरूको समूह - स्टक छवि। यो नेपालको नेवार समुदायको परम्परागत पोशाक हकु पटसी हो। यो रातो सिमानाको साथ कालो साड़ी पर्व र सांस्कृतिक कार्यक्रमहरूमा नेवारी महिलाहरूले लगाउँछन्।
nepali_dresses_augmented/haku_patasi/110_aug1.jpg,"A group of women dancing in the streets of mumbai, india - stock image. This is the Haku Patasi, the traditional attire of the Newar community of Nepal. This black sari with a red border is worn by Newari women during festivals and cultural events.",भारतको मुम्बईको सडकमा नाच्ने महिलाहरूको समूह - स्टक छवि। यो नेपालको नेवार समुदायको परम्परागत पोशाक हकु पटसी हो। यो रातो सिमानाको साथ कालो साड़ी पर्व र सांस्कृतिक कार्यक्रमहरूमा नेवारी महिलाहरूले लगाउँछन्।
nepali_dresses_augmented/haku_patasi/110_aug2.jpg,"A group of women dancing in the streets of mumbai, india - stock image. This is the Haku Patasi, the traditional attire of the Newar community of Nepal. This black sari with a red border is worn by Newari women during festivals and cultural events.",भारतको मुम्बईको सडकमा नाच्ने महिलाहरूको समूह - स्टक छवि। यो नेपालको नेवार समुदायको परम्परागत पोशाक हकु पटसी हो। यो रातो सिमानाको साथ कालो साड़ी पर्व र सांस्कृतिक कार्यक्रमहरूमा नेवारी महिलाहरूले लगाउँछन्।
nepali_dresses_augmented/haku_patasi/111.jpg,"A group of people dressed in traditional costumes and holding candles during the procession - stock image. This is the Haku Patasi, the traditional attire of the Newar community of Nepal. This black sari with a red border is worn by Newari women during festivals and cultural events.",नेपालको नेवार समुदायको परम्परागत पोशाक हकु पाटसी हो। रातो सिमानाको यो कालो साड़ी पर्व र सांस्कृतिक कार्यक्रमहरूमा नेवारी महिलाहरूले लगाउँछन्।
nepali_dresses_augmented/haku_patasi/111_aug1.jpg,"A group of people dressed in traditional costumes and holding candles during the procession - stock image. This is the Haku Patasi, the traditional attire of the Newar community of Nepal. This black sari with a red border is worn by Newari women during festivals and cultural events.",नेपालको नेवार समुदायको परम्परागत पोशाक हकु पाटसी हो। रातो सिमानाको यो कालो साड़ी पर्व र सांस्कृतिक कार्यक्रमहरूमा नेवारी महिलाहरूले लगाउँछन्।
nepali_dresses_augmented/haku_patasi/111_aug2.jpg,"A group of people dressed in traditional costumes and holding candles during the procession - stock image. This is the Haku Patasi, the traditional attire of the Newar community of Nepal. This black sari with a red border is worn by Newari women during festivals and cultural events.",नेपालको नेवार समुदायको परम्परागत पोशाक हकु पाटसी हो। रातो सिमानाको यो कालो साड़ी पर्व र सांस्कृतिक कार्यक्रमहरूमा नेवारी महिलाहरूले लगाउँछन्।
nepali_dresses_augmented/haku_patasi/112.jpg,"A woman in a black and white dress. This is the Haku Patasi, the traditional attire of the Newar community of Nepal. This black sari with a red border is worn by Newari women during festivals and cultural events.",नेपालको नेवार समुदायको परम्परागत पोशाक हकु पातासी हो। यो रातो सिमानाको साथ कालो साड़ी पर्व र सांस्कृतिक कार्यक्रमहरूमा नेवारी महिलाहरूले लगाउँछन्।
nepali_dresses_augmented/haku_patasi/112_aug1.jpg,"A woman in a black and white dress. This is the Haku Patasi, the traditional attire of the Newar community of Nepal. This black sari with a red border is worn by Newari women during festivals and cultural events.",नेपालको नेवार समुदायको परम्परागत पोशाक हकु पातासी हो। यो रातो सिमानाको साथ कालो साड़ी पर्व र सांस्कृतिक कार्यक्रमहरूमा नेवारी महिलाहरूले लगाउँछन्।
nepali_dresses_augmented/haku_patasi/112_aug2.jpg,"A woman in a black and white dress. This is the Haku Patasi, the traditional attire of the Newar community of Nepal. This black sari with a red border is worn by Newari women during festivals and cultural events.",नेपालको नेवार समुदायको परम्परागत पोशाक हकु पातासी हो। यो रातो सिमानाको साथ कालो साड़ी पर्व र सांस्कृतिक कार्यक्रमहरूमा नेवारी महिलाहरूले लगाउँछन्।
nepali_dresses_augmented/haku_patasi/113.jpg,"A woman in a black and white dress holding a pot. This is the Haku Patasi, the traditional attire of the Newar community of Nepal. This black sari with a red border is worn by Newari women during festivals and cultural events.",नेपालको नेवार समुदायको परम्परागत पोशाक हकु पातासी हो। यो रातो सिमानाको साथ कालो साड़ी पर्व र सांस्कृतिक कार्यक्रमहरूमा नेवारी महिलाहरूले लगाउँछन्।
nepali_dresses_augmented/haku_patasi/113_aug1.jpg,"A woman in a black and white dress holding a pot. This is the Haku Patasi, the traditional attire of the Newar community of Nepal. This black sari with a red border is worn by Newari women during festivals and cultural events.",नेपालको नेवार समुदायको परम्परागत पोशाक हकु पातासी हो। यो रातो सिमानाको साथ कालो साड़ी पर्व र सांस्कृतिक कार्यक्रमहरूमा नेवारी महिलाहरूले लगाउँछन्।
nepali_dresses_augmented/haku_patasi/113_aug2.jpg,"A woman in a black and white dress holding a pot. This is the Haku Patasi, the traditional attire of the Newar community of Nepal. This black sari with a red border is worn by Newari women during festivals and cultural events.",नेपालको नेवार समुदायको परम्परागत पोशाक हकु पातासी हो। यो रातो सिमानाको साथ कालो साड़ी पर्व र सांस्कृतिक कार्यक्रमहरूमा नेवारी महिलाहरूले लगाउँछन्।
nepali_dresses_augmented/haku_patasi/114.jpg,"A woman in a black and white dress sitting on a stone wall. This is the Haku Patasi, the traditional attire of the Newar community of Nepal. This black sari with a red border is worn by Newari women during festivals and cultural events.","एक महिला कालो र सेतो पोशाकमा ढुङ्गाको पर्खालमा बसिरहेको छ। यो Haku Patasi हो, नेपालको नेवार समुदायको परम्परागत पोशाक। यो रातो सिमानाको साथ कालो साड़ी पर्व र सांस्कृतिक कार्यक्रमहरूमा नेवारी महिलाहरूले लगाउँछन्।"
nepali_dresses_augmented/haku_patasi/114_aug1.jpg,"A woman in a black and white dress sitting on a stone wall. This is the Haku Patasi, the traditional attire of the Newar community of Nepal. This black sari with a red border is worn by Newari women during festivals and cultural events.","एक महिला कालो र सेतो पोशाकमा ढुङ्गाको पर्खालमा बसिरहेको छ। यो Haku Patasi हो, नेपालको नेवार समुदायको परम्परागत पोशाक। यो रातो सिमानाको साथ कालो साड़ी पर्व र सांस्कृतिक कार्यक्रमहरूमा नेवारी महिलाहरूले लगाउँछन्।"
nepali_dresses_augmented/haku_patasi/114_aug2.jpg,"A woman in a black and white dress sitting on a stone wall. This is the Haku Patasi, the traditional attire of the Newar community of Nepal. This black sari with a red border is worn by Newari women during festivals and cultural events.","एक महिला कालो र सेतो पोशाकमा ढुङ्गाको पर्खालमा बसिरहेको छ। यो Haku Patasi हो, नेपालको नेवार समुदायको परम्परागत पोशाक। यो रातो सिमानाको साथ कालो साड़ी पर्व र सांस्कृतिक कार्यक्रमहरूमा नेवारी महिलाहरूले लगाउँछन्।"
nepali_dresses_augmented/haku_patasi/115.jpg,"A woman in traditional dress holding a bell. This is the Haku Patasi, the traditional attire of the Newar community of Nepal. This black sari with a red border is worn by Newari women during festivals and cultural events.",नेपालको नेवार समुदायको परम्परागत पोशाक हकु पातासी हो। यो रातो सिमानाको साथ कालो साड़ी पर्व र सांस्कृतिक कार्यक्रमहरूमा नेवारी महिलाहरूले लगाउँछन्।
nepali_dresses_augmented/haku_patasi/115_aug1.jpg,"A woman in traditional dress holding a bell. This is the Haku Patasi, the traditional attire of the Newar community of Nepal. This black sari with a red border is worn by Newari women during festivals and cultural events.",नेपालको नेवार समुदायको परम्परागत पोशाक हकु पातासी हो। यो रातो सिमानाको साथ कालो साड़ी पर्व र सांस्कृतिक कार्यक्रमहरूमा नेवारी महिलाहरूले लगाउँछन्।
nepali_dresses_augmented/haku_patasi/115_aug2.jpg,"A woman in traditional dress holding a bell. This is the Haku Patasi, the traditional attire of the Newar community of Nepal. This black sari with a red border is worn by Newari women during festivals and cultural events.",नेपालको नेवार समुदायको परम्परागत पोशाक हकु पातासी हो। यो रातो सिमानाको साथ कालो साड़ी पर्व र सांस्कृतिक कार्यक्रमहरूमा नेवारी महिलाहरूले लगाउँछन्।
nepali_dresses_augmented/haku_patasi/116.jpg,"A woman sitting on the ground in front of a building. This is the Haku Patasi, the traditional attire of the Newar community of Nepal. This black sari with a red border is worn by Newari women during festivals and cultural events.","एक महिला एक भवनको अगाडि भुइँमा बसिरहेको छ। यो हकु पातासी हो, नेपालको नेवार समुदायको परम्परागत पोशाक। यो रातो सिमानाको साथ कालो साड़ी फेस्टिवल र सांस्कृतिक कार्यक्रमहरूमा नेवारी महिलाहरूले लगाउँछन्।"
nepali_dresses_augmented/haku_patasi/116_aug1.jpg,"A woman sitting on the ground in front of a building. This is the Haku Patasi, the traditional attire of the Newar community of Nepal. This black sari with a red border is worn by Newari women during festivals and cultural events.","एक महिला एक भवनको अगाडि भुइँमा बसिरहेको छ। यो हकु पातासी हो, नेपालको नेवार समुदायको परम्परागत पोशाक। यो रातो सिमानाको साथ कालो साड़ी फेस्टिवल र सांस्कृतिक कार्यक्रमहरूमा नेवारी महिलाहरूले लगाउँछन्।"
nepali_dresses_augmented/haku_patasi/116_aug2.jpg,"A woman sitting on the ground in front of a building. This is the Haku Patasi, the traditional attire of the Newar community of Nepal. This black sari with a red border is worn by Newari women during festivals and cultural events.","एक महिला एक भवनको अगाडि भुइँमा बसिरहेको छ। यो हकु पातासी हो, नेपालको नेवार समुदायको परम्परागत पोशाक। यो रातो सिमानाको साथ कालो साड़ी फेस्टिवल र सांस्कृतिक कार्यक्रमहरूमा नेवारी महिलाहरूले लगाउँछन्।"
nepali_dresses_augmented/haku_patasi/117.jpg,"A woman in a white and red outfit with her hands clasped. This is the Haku Patasi, the traditional attire of the Newar community of Nepal. This black sari with a red border is worn by Newari women during festivals and cultural events.",नेपालको नेवार समुदायको परम्परागत पोशाक हकु पातासी हो। यो रातो सिमानाको साथ कालो साड़ी पर्व र सांस्कृतिक कार्यक्रमहरूमा नेवारी महिलाहरूले लगाउँछन्।
nepali_dresses_augmented/haku_patasi/117_aug1.jpg,"A woman in a white and red outfit with her hands clasped. This is the Haku Patasi, the traditional attire of the Newar community of Nepal. This black sari with a red border is worn by Newari women during festivals and cultural events.",नेपालको नेवार समुदायको परम्परागत पोशाक हकु पातासी हो। यो रातो सिमानाको साथ कालो साड़ी पर्व र सांस्कृतिक कार्यक्रमहरूमा नेवारी महिलाहरूले लगाउँछन्।
nepali_dresses_augmented/haku_patasi/117_aug2.jpg,"A woman in a white and red outfit with her hands clasped. This is the Haku Patasi, the traditional attire of the Newar community of Nepal. This black sari with a red border is worn by Newari women during festivals and cultural events.",नेपालको नेवार समुदायको परम्परागत पोशाक हकु पातासी हो। यो रातो सिमानाको साथ कालो साड़ी पर्व र सांस्कृतिक कार्यक्रमहरूमा नेवारी महिलाहरूले लगाउँछन्।
nepali_dresses_augmented/haku_patasi/118.jpg,"A woman in a traditional costume. This is the Haku Patasi, the traditional attire of the Newar community of Nepal. This black sari with a red border is worn by Newari women during festivals and cultural events.","एक महिला परम्परागत पोशाकमा। यो हकु पातासी हो, नेपालको नेवार समुदायको परम्परागत पोशाक। यो रातो सिमानाको साथ कालो साड़ी फेस्टिवल र सांस्कृतिक कार्यक्रमहरूमा नेवारी महिलाहरूले लगाउँछन्।"
nepali_dresses_augmented/haku_patasi/118_aug1.jpg,"A woman in a traditional costume. This is the Haku Patasi, the traditional attire of the Newar community of Nepal. This black sari with a red border is worn by Newari women during festivals and cultural events.","एक महिला परम्परागत पोशाकमा। यो हकु पातासी हो, नेपालको नेवार समुदायको परम्परागत पोशाक। यो रातो सिमानाको साथ कालो साड़ी फेस्टिवल र सांस्कृतिक कार्यक्रमहरूमा नेवारी महिलाहरूले लगाउँछन्।"
nepali_dresses_augmented/haku_patasi/118_aug2.jpg,"A woman in a traditional costume. This is the Haku Patasi, the traditional attire of the Newar community of Nepal. This black sari with a red border is worn by Newari women during festivals and cultural events.","एक महिला परम्परागत पोशाकमा। यो हकु पातासी हो, नेपालको नेवार समुदायको परम्परागत पोशाक। यो रातो सिमानाको साथ कालो साड़ी फेस्टिवल र सांस्कृतिक कार्यक्रमहरूमा नेवारी महिलाहरूले लगाउँछन्।"
nepali_dresses_augmented/haku_patasi/119.jpg,"A woman sitting on the ground in front of a wooden door. This is the Haku Patasi, the traditional attire of the Newar community of Nepal. This black sari with a red border is worn by Newari women during festivals and cultural events.","एक महिला काठको ढोकाको अगाडि भुइँमा बसिरहेको छ। यो हाकु पातासी हो, नेपालको नेवार समुदायको परम्परागत पोशाक। यो रातो सिमानाको साथ कालो साड़ी फेस्टिवल र सांस्कृतिक कार्यक्रमहरूमा नेवारी महिलाहरूले लगाउँछन्।"
nepali_dresses_augmented/haku_patasi/119_aug1.jpg,"A woman sitting on the ground in front of a wooden door. This is the Haku Patasi, the traditional attire of the Newar community of Nepal. This black sari with a red border is worn by Newari women during festivals and cultural events.","एक महिला काठको ढोकाको अगाडि भुइँमा बसिरहेको छ। यो हाकु पातासी हो, नेपालको नेवार समुदायको परम्परागत पोशाक। यो रातो सिमानाको साथ कालो साड़ी फेस्टिवल र सांस्कृतिक कार्यक्रमहरूमा नेवारी महिलाहरूले लगाउँछन्।"
nepali_dresses_augmented/haku_patasi/119_aug2.jpg,"A woman sitting on the ground in front of a wooden door. This is the Haku Patasi, the traditional attire of the Newar community of Nepal. This black sari with a red border is worn by Newari women during festivals and cultural events.","एक महिला काठको ढोकाको अगाडि भुइँमा बसिरहेको छ। यो हाकु पातासी हो, नेपालको नेवार समुदायको परम्परागत पोशाक। यो रातो सिमानाको साथ कालो साड़ी फेस्टिवल र सांस्कृतिक कार्यक्रमहरूमा नेवारी महिलाहरूले लगाउँछन्।"
nepali_dresses_augmented/haku_patasi/11_aug1.jpg,"A little girl in a red and black dress. This is the Haku Patasi, the traditional attire of the Newar community of Nepal. This black sari with a red border is worn by Newari women during festivals and cultural events.","लाल र कालो पोशाकमा एक सानो केटी। यो हकु पातासी हो, नेपालको नेवार समुदायको परम्परागत पोशाक। यो रातो सिमानाको साथ कालो साड़ी फेस्टिवल र सांस्कृतिक कार्यक्रमहरूमा नेवारी महिलाहरूले लगाउँछन्।"
nepali_dresses_augmented/haku_patasi/11_aug2.jpg,"A little girl in a red and black dress. This is the Haku Patasi, the traditional attire of the Newar community of Nepal. This black sari with a red border is worn by Newari women during festivals and cultural events.","लाल र कालो पोशाकमा एक सानो केटी। यो हकु पातासी हो, नेपालको नेवार समुदायको परम्परागत पोशाक। यो रातो सिमानाको साथ कालो साड़ी फेस्टिवल र सांस्कृतिक कार्यक्रमहरूमा नेवारी महिलाहरूले लगाउँछन्।"
nepali_dresses_augmented/haku_patasi/12.jpg,"A woman in traditional clothing holding a white sheet. This is the Haku Patasi, the traditional attire of the Newar community of Nepal. This black sari with a red border is worn by Newari women during festivals and cultural events.",नेपालको नेवार समुदायको परम्परागत पोशाक हकु पातासी हो। यो रातो सिमानाको साथ कालो साड़ी पर्व र सांस्कृतिक कार्यक्रमहरूमा नेवारी महिलाहरूले लगाउँछन्।
nepali_dresses_augmented/haku_patasi/120.jpg,"A woman sitting on a chair in front of a painting. This is the Haku Patasi, the traditional attire of the Newar community of Nepal. This black sari with a red border is worn by Newari women during festivals and cultural events.",नेपालको नेवार समुदायको परम्परागत पोशाक हकु पातासी हो। यो रातो सिमानाको साथ कालो साड़ी पर्व र सांस्कृतिक कार्यक्रमहरूमा नेवारी महिलाहरूले लगाउँछन्।
nepali_dresses_augmented/haku_patasi/120_aug1.jpg,"A woman sitting on a chair in front of a painting. This is the Haku Patasi, the traditional attire of the Newar community of Nepal. This black sari with a red border is worn by Newari women during festivals and cultural events.",नेपालको नेवार समुदायको परम्परागत पोशाक हकु पातासी हो। यो रातो सिमानाको साथ कालो साड़ी पर्व र सांस्कृतिक कार्यक्रमहरूमा नेवारी महिलाहरूले लगाउँछन्।
nepali_dresses_augmented/haku_patasi/120_aug2.jpg,"A woman sitting on a chair in front of a painting. This is the Haku Patasi, the traditional attire of the Newar community of Nepal. This black sari with a red border is worn by Newari women during festivals and cultural events.",नेपालको नेवार समुदायको परम्परागत पोशाक हकु पातासी हो। यो रातो सिमानाको साथ कालो साड़ी पर्व र सांस्कृतिक कार्यक्रमहरूमा नेवारी महिलाहरूले लगाउँछन्।
nepali_dresses_augmented/haku_patasi/121.jpg,"A woman in traditional dress poses for the camera. This is the Haku Patasi, the traditional attire of the Newar community of Nepal. This black sari with a red border is worn by Newari women during festivals and cultural events.","एक महिला परम्परागत पोशाकमा क्यामेराको लागि पोज गर्दछ। यो Haku Patasi हो, नेपालको नेवार समुदायको परम्परागत पोशाक। यो रातो सिमानाको साथ कालो साड़ी फेस्टिवल र सांस्कृतिक कार्यक्रमहरूमा नेवारी महिलाहरूले लगाउँछन्।"
nepali_dresses_augmented/haku_patasi/121_aug1.jpg,"A woman in traditional dress poses for the camera. This is the Haku Patasi, the traditional attire of the Newar community of Nepal. This black sari with a red border is worn by Newari women during festivals and cultural events.","एक महिला परम्परागत पोशाकमा क्यामेराको लागि पोज गर्दछ। यो Haku Patasi हो, नेपालको नेवार समुदायको परम्परागत पोशाक। यो रातो सिमानाको साथ कालो साड़ी फेस्टिवल र सांस्कृतिक कार्यक्रमहरूमा नेवारी महिलाहरूले लगाउँछन्।"
nepali_dresses_augmented/haku_patasi/121_aug2.jpg,"A woman in traditional dress poses for the camera. This is the Haku Patasi, the traditional attire of the Newar community of Nepal. This black sari with a red border is worn by Newari women during festivals and cultural events.","एक महिला परम्परागत पोशाकमा क्यामेराको लागि पोज गर्दछ। यो Haku Patasi हो, नेपालको नेवार समुदायको परम्परागत पोशाक। यो रातो सिमानाको साथ कालो साड़ी फेस्टिवल र सांस्कृतिक कार्यक्रमहरूमा नेवारी महिलाहरूले लगाउँछन्।"
nepali_dresses_augmented/haku_patasi/122.jpg,"An old woman carrying a bowl of water on her head, rajasthan, india - stock image. This is the Haku Patasi, the traditional attire of the Newar community of Nepal. This black sari with a red border is worn by Newari women during festivals and cultural events.","एक वृद्ध महिलाले आफ्नो टाउकोमा पानीको कचौरा बोकेको छ, राजस्थान, भारत - स्टक छवि। यो हाकु पटसी हो, नेपालको नेवार समुदायको परम्परागत पोशाक। यो रातो सिमानाको साथ कालो साड़ी पर्व र सांस्कृतिक कार्यक्रमहरूमा नेवारी महिलाहरूले लगाउँछन्।"
nepali_dresses_augmented/haku_patasi/122_aug1.jpg,"An old woman carrying a bowl of water on her head, rajasthan, india - stock image. This is the Haku Patasi, the traditional attire of the Newar community of Nepal. This black sari with a red border is worn by Newari women during festivals and cultural events.","एक वृद्ध महिलाले आफ्नो टाउकोमा पानीको कचौरा बोकेको छ, राजस्थान, भारत - स्टक छवि। यो हाकु पटसी हो, नेपालको नेवार समुदायको परम्परागत पोशाक। यो रातो सिमानाको साथ कालो साड़ी पर्व र सांस्कृतिक कार्यक्रमहरूमा नेवारी महिलाहरूले लगाउँछन्।"
nepali_dresses_augmented/haku_patasi/122_aug2.jpg,"An old woman carrying a bowl of water on her head, rajasthan, india - stock image. This is the Haku Patasi, the traditional attire of the Newar community of Nepal. This black sari with a red border is worn by Newari women during festivals and cultural events.","एक वृद्ध महिलाले आफ्नो टाउकोमा पानीको कचौरा बोकेको छ, राजस्थान, भारत - स्टक छवि। यो हाकु पटसी हो, नेपालको नेवार समुदायको परम्परागत पोशाक। यो रातो सिमानाको साथ कालो साड़ी पर्व र सांस्कृतिक कार्यक्रमहरूमा नेवारी महिलाहरूले लगाउँछन्।"
nepali_dresses_augmented/haku_patasi/123.jpg,"A group of women marching in the street during the annual festival - stock image. This is the Haku Patasi, the traditional attire of the Newar community of Nepal. This black sari with a red border is worn by Newari women during festivals and cultural events.",नेपालको नेवार समुदायको परम्परागत पोशाक हकु पटसी हो । रातो सिमानाको यो कालो साड़ी पर्व र सांस्कृतिक कार्यक्रमहरूमा नेवारी महिलाहरूले लगाउँछन् ।
nepali_dresses_augmented/haku_patasi/123_aug1.jpg,"A group of women marching in the street during the annual festival - stock image. This is the Haku Patasi, the traditional attire of the Newar community of Nepal. This black sari with a red border is worn by Newari women during festivals and cultural events.",नेपालको नेवार समुदायको परम्परागत पोशाक हकु पटसी हो । रातो सिमानाको यो कालो साड़ी पर्व र सांस्कृतिक कार्यक्रमहरूमा नेवारी महिलाहरूले लगाउँछन् ।
nepali_dresses_augmented/haku_patasi/123_aug2.jpg,"A group of women marching in the street during the annual festival - stock image. This is the Haku Patasi, the traditional attire of the Newar community of Nepal. This black sari with a red border is worn by Newari women during festivals and cultural events.",नेपालको नेवार समुदायको परम्परागत पोशाक हकु पटसी हो । रातो सिमानाको यो कालो साड़ी पर्व र सांस्कृतिक कार्यक्रमहरूमा नेवारी महिलाहरूले लगाउँछन् ।
nepali_dresses_augmented/haku_patasi/124.jpg,"A black dress and red shoes on a white surface. This is the Haku Patasi, the traditional attire of the Newar community of Nepal. This black sari with a red border is worn by Newari women during festivals and cultural events.","एक कालो पोशाक र सेतो सतहमा रातो जुत्ता। यो हकु पटसी हो, नेपालको नेवार समुदायको परम्परागत पोशाक। यो रातो सिमानाको साथ कालो साड़ी फेस्टिवल र सांस्कृतिक कार्यक्रमहरूमा नेवारी महिलाहरूले लगाउँछन्।"
nepali_dresses_augmented/haku_patasi/124_aug1.jpg,"A black dress and red shoes on a white surface. This is the Haku Patasi, the traditional attire of the Newar community of Nepal. This black sari with a red border is worn by Newari women during festivals and cultural events.","एक कालो पोशाक र सेतो सतहमा रातो जुत्ता। यो हकु पटसी हो, नेपालको नेवार समुदायको परम्परागत पोशाक। यो रातो सिमानाको साथ कालो साड़ी फेस्टिवल र सांस्कृतिक कार्यक्रमहरूमा नेवारी महिलाहरूले लगाउँछन्।"
nepali_dresses_augmented/haku_patasi/124_aug2.jpg,"A black dress and red shoes on a white surface. This is the Haku Patasi, the traditional attire of the Newar community of Nepal. This black sari with a red border is worn by Newari women during festivals and cultural events.","एक कालो पोशाक र सेतो सतहमा रातो जुत्ता। यो हकु पटसी हो, नेपालको नेवार समुदायको परम्परागत पोशाक। यो रातो सिमानाको साथ कालो साड़ी फेस्टिवल र सांस्कृतिक कार्यक्रमहरूमा नेवारी महिलाहरूले लगाउँछन्।"
nepali_dresses_augmented/haku_patasi/125.jpg,"A group of women carrying trays in the street. This is the Haku Patasi, the traditional attire of the Newar community of Nepal. This black sari with a red border is worn by Newari women during festivals and cultural events.","सडकमा ट्रेहरू बोक्ने महिलाहरूको समूह। यो हकु पटसी हो, नेपालको नेवार समुदायको परम्परागत पोशाक। यो रातो सिमानाको साथ कालो साड़ी फेस्टिवल र सांस्कृतिक कार्यक्रमहरूमा नेवारी महिलाहरूले लगाउँछन्।"
nepali_dresses_augmented/haku_patasi/125_aug1.jpg,"A group of women carrying trays in the street. This is the Haku Patasi, the traditional attire of the Newar community of Nepal. This black sari with a red border is worn by Newari women during festivals and cultural events.","सडकमा ट्रेहरू बोक्ने महिलाहरूको समूह। यो हकु पटसी हो, नेपालको नेवार समुदायको परम्परागत पोशाक। यो रातो सिमानाको साथ कालो साड़ी फेस्टिवल र सांस्कृतिक कार्यक्रमहरूमा नेवारी महिलाहरूले लगाउँछन्।"
nepali_dresses_augmented/haku_patasi/125_aug2.jpg,"A group of women carrying trays in the street. This is the Haku Patasi, the traditional attire of the Newar community of Nepal. This black sari with a red border is worn by Newari women during festivals and cultural events.","सडकमा ट्रेहरू बोक्ने महिलाहरूको समूह। यो हकु पटसी हो, नेपालको नेवार समुदायको परम्परागत पोशाक। यो रातो सिमानाको साथ कालो साड़ी फेस्टिवल र सांस्कृतिक कार्यक्रमहरूमा नेवारी महिलाहरूले लगाउँछन्।"
nepali_dresses_augmented/haku_patasi/126.jpg,"A man and two women dressed in traditional clothing. This is the Haku Patasi, the traditional attire of the Newar community of Nepal. This black sari with a red border is worn by Newari women during festivals and cultural events.","एक पुरुष र दुई महिलाले परम्परागत कपडा लगाएका छन्। यो हकु पटसी हो, नेपालको नेवार समुदायको परम्परागत पोशाक। यो रातो सिमानाको साथ कालो साड़ी पर्व र सांस्कृतिक कार्यक्रमहरूमा नेवारी महिलाहरूले लगाउँछन्।"
nepali_dresses_augmented/haku_patasi/126_aug1.jpg,"A man and two women dressed in traditional clothing. This is the Haku Patasi, the traditional attire of the Newar community of Nepal. This black sari with a red border is worn by Newari women during festivals and cultural events.","एक पुरुष र दुई महिलाले परम्परागत कपडा लगाएका छन्। यो हकु पटसी हो, नेपालको नेवार समुदायको परम्परागत पोशाक। यो रातो सिमानाको साथ कालो साड़ी पर्व र सांस्कृतिक कार्यक्रमहरूमा नेवारी महिलाहरूले लगाउँछन्।"
nepali_dresses_augmented/haku_patasi/126_aug2.jpg,"A man and two women dressed in traditional clothing. This is the Haku Patasi, the traditional attire of the Newar community of Nepal. This black sari with a red border is worn by Newari women during festivals and cultural events.","एक पुरुष र दुई महिलाले परम्परागत कपडा लगाएका छन्। यो हकु पटसी हो, नेपालको नेवार समुदायको परम्परागत पोशाक। यो रातो सिमानाको साथ कालो साड़ी पर्व र सांस्कृतिक कार्यक्रमहरूमा नेवारी महिलाहरूले लगाउँछन्।"
nepali_dresses_augmented/haku_patasi/127.jpg,"A group of women in traditional dress playing drums on the streets of kathmandu, nepal - stock image. This is the Haku Patasi, the traditional attire of the Newar community of Nepal. This black sari with a red border is worn by Newari women during festivals and cultural events.","काठमाडौंको सडकमा परम्परागत पोशाकमा ड्रम बजाउने महिलाहरूको समूह, नेपालको नेवार समुदायको परम्परागत पोशाक हकु पाटसी हो। यो रातो सिमानाको साथ कालो साड़ी पर्व र सांस्कृतिक कार्यक्रमहरूमा नेवारी महिलाहरूले लगाउँछन्।"
nepali_dresses_augmented/haku_patasi/127_aug1.jpg,"A group of women in traditional dress playing drums on the streets of kathmandu, nepal - stock image. This is the Haku Patasi, the traditional attire of the Newar community of Nepal. This black sari with a red border is worn by Newari women during festivals and cultural events.","काठमाडौंको सडकमा परम्परागत पोशाकमा ड्रम बजाउने महिलाहरूको समूह, नेपालको नेवार समुदायको परम्परागत पोशाक हकु पाटसी हो। यो रातो सिमानाको साथ कालो साड़ी पर्व र सांस्कृतिक कार्यक्रमहरूमा नेवारी महिलाहरूले लगाउँछन्।"
nepali_dresses_augmented/haku_patasi/128.jpg,"A group of people are dancing and playing instruments. This is the Haku Patasi, the traditional attire of the Newar community of Nepal. This black sari with a red border is worn by Newari women during festivals and cultural events.",नेपालको नेवार समुदायको परम्परागत पोशाक हकु पातासी हो। यो रातो सिमानाको साथ कालो साड़ी पर्व र सांस्कृतिक कार्यक्रमहरूमा नेवारी महिलाहरूले लगाउँछन्।
nepali_dresses_augmented/haku_patasi/128_aug1.jpg,"A group of people are dancing and playing instruments. This is the Haku Patasi, the traditional attire of the Newar community of Nepal. This black sari with a red border is worn by Newari women during festivals and cultural events.",नेपालको नेवार समुदायको परम्परागत पोशाक हकु पातासी हो। यो रातो सिमानाको साथ कालो साड़ी पर्व र सांस्कृतिक कार्यक्रमहरूमा नेवारी महिलाहरूले लगाउँछन्।
nepali_dresses_augmented/haku_patasi/129.jpg,"A group of young girls in traditional costumes. This is the Haku Patasi, the traditional attire of the Newar community of Nepal. This black sari with a red border is worn by Newari women during festivals and cultural events.",नेपालको नेवार समुदायको परम्परागत पोशाक हकु पटसी हो। यो रातो सिमानाको साथ कालो साड़ी पर्व र सांस्कृतिक कार्यक्रमहरूमा नेवारी महिलाहरूले लगाउँछन्।
nepali_dresses_augmented/haku_patasi/129_aug1.jpg,"A group of young girls in traditional costumes. This is the Haku Patasi, the traditional attire of the Newar community of Nepal. This black sari with a red border is worn by Newari women during festivals and cultural events.",नेपालको नेवार समुदायको परम्परागत पोशाक हकु पटसी हो। यो रातो सिमानाको साथ कालो साड़ी पर्व र सांस्कृतिक कार्यक्रमहरूमा नेवारी महिलाहरूले लगाउँछन्।
nepali_dresses_augmented/haku_patasi/12_aug1.jpg,"A woman in traditional clothing holding a white sheet. This is the Haku Patasi, the traditional attire of the Newar community of Nepal. This black sari with a red border is worn by Newari women during festivals and cultural events.",नेपालको नेवार समुदायको परम्परागत पोशाक हकु पातासी हो। यो रातो सिमानाको साथ कालो साड़ी पर्व र सांस्कृतिक कार्यक्रमहरूमा नेवारी महिलाहरूले लगाउँछन्।
nepali_dresses_augmented/haku_patasi/12_aug2.jpg,"A woman in traditional clothing holding a white sheet. This is the Haku Patasi, the traditional attire of the Newar community of Nepal. This black sari with a red border is worn by Newari women during festivals and cultural events.",नेपालको नेवार समुदायको परम्परागत पोशाक हकु पातासी हो। यो रातो सिमानाको साथ कालो साड़ी पर्व र सांस्कृतिक कार्यक्रमहरूमा नेवारी महिलाहरूले लगाउँछन्।
nepali_dresses_augmented/haku_patasi/13.jpg,"A woman in traditional clothing. This is the Haku Patasi, the traditional attire of the Newar community of Nepal. This black sari with a red border is worn by Newari women during festivals and cultural events.","परम्परागत लुगा लगाउने महिला. यो हकु पातासी हो, नेपालको नेवार समुदायको परम्परागत पोशाक। यो रातो सिमानाको साथ कालो साड़ी फेस्टिवल र सांस्कृतिक कार्यक्रमहरूमा नेवारी महिलाहरूले लगाउँछन्।"
nepali_dresses_augmented/haku_patasi/130.jpg,"A group of women in traditional dress at a festival in india - stock image. This is the Haku Patasi, the traditional attire of the Newar community of Nepal. This black sari with a red border is worn by Newari women during festivals and cultural events.",भारतमा एक महोत्सवमा परम्परागत पोशाकमा महिलाहरूको समूह - स्टक छवि। यो नेपालको नेवार समुदायको परम्परागत पोशाक हकु पातासी हो। यो रातो सिमानाको साथ कालो साड़ी महोत्सव र सांस्कृतिक कार्यक्रमहरूमा नेवारी महिलाहरूले लगाउँछन्।
nepali_dresses_augmented/haku_patasi/130_aug1.jpg,"A group of women in traditional dress at a festival in india - stock image. This is the Haku Patasi, the traditional attire of the Newar community of Nepal. This black sari with a red border is worn by Newari women during festivals and cultural events.",भारतमा एक महोत्सवमा परम्परागत पोशाकमा महिलाहरूको समूह - स्टक छवि। यो नेपालको नेवार समुदायको परम्परागत पोशाक हकु पातासी हो। यो रातो सिमानाको साथ कालो साड़ी महोत्सव र सांस्कृतिक कार्यक्रमहरूमा नेवारी महिलाहरूले लगाउँछन्।
nepali_dresses_augmented/haku_patasi/131.jpg,"A young girl in traditional dress and headdres on the streets of kathmandu, nepal - stock image. This is the Haku Patasi, the traditional attire of the Newar community of Nepal. This black sari with a red border is worn by Newari women during festivals and cultural events.","काठमाडौंको सडकमा परम्परागत पोशाक र हेड्रेस लगाउने एक युवती, नेपालको नेवार समुदायको परम्परागत पोशाक हाकु पाटसी हो । रातो सिमानाको यो कालो साड़ी पर्व र सांस्कृतिक कार्यक्रमहरूमा नेवारी महिलाहरूले लगाउँछन् ।"
nepali_dresses_augmented/haku_patasi/131_aug1.jpg,"A young girl in traditional dress and headdres on the streets of kathmandu, nepal - stock image. This is the Haku Patasi, the traditional attire of the Newar community of Nepal. This black sari with a red border is worn by Newari women during festivals and cultural events.","काठमाडौंको सडकमा परम्परागत पोशाक र हेड्रेस लगाउने एक युवती, नेपालको नेवार समुदायको परम्परागत पोशाक हाकु पाटसी हो । रातो सिमानाको यो कालो साड़ी पर्व र सांस्कृतिक कार्यक्रमहरूमा नेवारी महिलाहरूले लगाउँछन् ।"
nepali_dresses_augmented/haku_patasi/132.jpg,"A group of children dressed in traditional costumes take part of the procession during holiday. This is the Haku Patasi, the traditional attire of the Newar community of Nepal. This black sari with a red border is worn by Newari women during festivals and cultural events.",नेपालको नेवार समुदायको परम्परागत पोशाक हकु पातासी हो। रातो सिमानाको साथ यो कालो साड़ी पर्व र सांस्कृतिक कार्यक्रमहरूमा नेवारी महिलाहरूले लगाउँछन्।
nepali_dresses_augmented/haku_patasi/132_aug1.jpg,"A group of children dressed in traditional costumes take part of the procession during holiday. This is the Haku Patasi, the traditional attire of the Newar community of Nepal. This black sari with a red border is worn by Newari women during festivals and cultural events.",नेपालको नेवार समुदायको परम्परागत पोशाक हकु पातासी हो। रातो सिमानाको साथ यो कालो साड़ी पर्व र सांस्कृतिक कार्यक्रमहरूमा नेवारी महिलाहरूले लगाउँछन्।
nepali_dresses_augmented/haku_patasi/133.jpg,"A woman in a white shirt and red scarf. This is the Haku Patasi, the traditional attire of the Newar community of Nepal. This black sari with a red border is worn by Newari women during festivals and cultural events.","एक महिला सेतो शर्ट र रातो स्कार्फमा। यो Haku Patasi हो, नेपालको नेवार समुदायको परम्परागत पोशाक। यो रातो सिमानाको साथ कालो साड़ी फेस्टिवल र सांस्कृतिक कार्यक्रमहरूमा नेवारी महिलाहरूले लगाउँछन्।"
nepali_dresses_augmented/haku_patasi/133_aug1.jpg,"A woman in a white shirt and red scarf. This is the Haku Patasi, the traditional attire of the Newar community of Nepal. This black sari with a red border is worn by Newari women during festivals and cultural events.","एक महिला सेतो शर्ट र रातो स्कार्फमा। यो Haku Patasi हो, नेपालको नेवार समुदायको परम्परागत पोशाक। यो रातो सिमानाको साथ कालो साड़ी फेस्टिवल र सांस्कृतिक कार्यक्रमहरूमा नेवारी महिलाहरूले लगाउँछन्।"
nepali_dresses_augmented/haku_patasi/134.jpg,"A group of women in traditional dress walking down the street - stock image. This is the Haku Patasi, the traditional attire of the Newar community of Nepal. This black sari with a red border is worn by Newari women during festivals and cultural events.","परम्परागत पोशाकमा सडकमा हिँड्ने महिलाहरूको समूह - स्टक छवि। यो हकु पातासी हो, नेपालको नेवार समुदायको परम्परागत पोशाक। यो रातो सिमानाको साथ कालो साड़ी फेस्टिवल र सांस्कृतिक कार्यक्रमहरूमा नेवारी महिलाहरूले लगाउँछन्।"
nepali_dresses_augmented/haku_patasi/134_aug1.jpg,"A group of women in traditional dress walking down the street - stock image. This is the Haku Patasi, the traditional attire of the Newar community of Nepal. This black sari with a red border is worn by Newari women during festivals and cultural events.","परम्परागत पोशाकमा सडकमा हिँड्ने महिलाहरूको समूह - स्टक छवि। यो हकु पातासी हो, नेपालको नेवार समुदायको परम्परागत पोशाक। यो रातो सिमानाको साथ कालो साड़ी फेस्टिवल र सांस्कृतिक कार्यक्रमहरूमा नेवारी महिलाहरूले लगाउँछन्।"
nepali_dresses_augmented/haku_patasi/135.jpg,"An indian woman with a flower in her hair - stock image. This is the Haku Patasi, the traditional attire of the Newar community of Nepal. This black sari with a red border is worn by Newari women during festivals and cultural events.","एक भारतीय महिला उनको कपाल मा एक फूल संग स्टक छवि। यो Haku Patasi छ, नेपाल को Newar समुदाय को परम्परागत पोशाक। यो रातो सीमा संग कालो साड़ी उत्सव र सांस्कृतिक घटनाहरु को समयमा Newari महिलाहरु द्वारा लगाइन्छ।"
nepali_dresses_augmented/haku_patasi/135_aug1.jpg,"An indian woman with a flower in her hair - stock image. This is the Haku Patasi, the traditional attire of the Newar community of Nepal. This black sari with a red border is worn by Newari women during festivals and cultural events.","एक भारतीय महिला उनको कपाल मा एक फूल संग स्टक छवि। यो Haku Patasi छ, नेपाल को Newar समुदाय को परम्परागत पोशाक। यो रातो सीमा संग कालो साड़ी उत्सव र सांस्कृतिक घटनाहरु को समयमा Newari महिलाहरु द्वारा लगाइन्छ।"
nepali_dresses_augmented/haku_patasi/136.jpg,"A young boy wearing a traditional costume. This is the Haku Patasi, the traditional attire of the Newar community of Nepal. This black sari with a red border is worn by Newari women during festivals and cultural events.","एक जवान केटाले परम्परागत पोशाक लगाइरहेको छ। यो हकु पातासी हो, नेपालको नेवार समुदायको परम्परागत पोशाक। यो रातो सिमानाको साथ कालो साड़ी फेस्टिवल र सांस्कृतिक कार्यक्रमहरूमा नेवारी महिलाहरूले लगाउँछन्।"
nepali_dresses_augmented/haku_patasi/136_aug1.jpg,"A young boy wearing a traditional costume. This is the Haku Patasi, the traditional attire of the Newar community of Nepal. This black sari with a red border is worn by Newari women during festivals and cultural events.","एक जवान केटाले परम्परागत पोशाक लगाइरहेको छ। यो हकु पातासी हो, नेपालको नेवार समुदायको परम्परागत पोशाक। यो रातो सिमानाको साथ कालो साड़ी फेस्टिवल र सांस्कृतिक कार्यक्रमहरूमा नेवारी महिलाहरूले लगाउँछन्।"
nepali_dresses_augmented/haku_patasi/137.jpg,"A group of men sitting on a table with a large bag of flowers in front of them - stock photo. This is the Haku Patasi, the traditional attire of the Newar community of Nepal. This black sari with a red border is worn by Newari women during festivals and cultural events.",नेपालको नेवार समुदायको परम्परागत पोशाक हकु पातासी हो । यो रातो सिमानाको साथ कालो साड़ी पर्व र सांस्कृतिक कार्यक्रमहरूमा नेवारी महिलाहरूले लगाउने गर्दछन् ।
nepali_dresses_augmented/haku_patasi/137_aug1.jpg,"A group of men sitting on a table with a large bag of flowers in front of them - stock photo. This is the Haku Patasi, the traditional attire of the Newar community of Nepal. This black sari with a red border is worn by Newari women during festivals and cultural events.",नेपालको नेवार समुदायको परम्परागत पोशाक हकु पातासी हो । यो रातो सिमानाको साथ कालो साड़ी पर्व र सांस्कृतिक कार्यक्रमहरूमा नेवारी महिलाहरूले लगाउने गर्दछन् ।
nepali_dresses_augmented/haku_patasi/138.jpg,"A group of people playing drums in the streets of kathmandu, nepal - stock image. This is the Haku Patasi, the traditional attire of the Newar community of Nepal. This black sari with a red border is worn by Newari women during festivals and cultural events.","काठमाडौंको सडकमा ड्रम बजाउने मानिसहरूको समूह, नेपाल - स्टक छवि। यो हकु पटसी हो, नेपालको नेवार समुदायको परम्परागत पोशाक। यो रातो सिमानाको साथ कालो साड़ी पर्व र सांस्कृतिक कार्यक्रमहरूमा नेवारी महिलाहरूले लगाउँछन्।"
nepali_dresses_augmented/haku_patasi/138_aug1.jpg,"A group of people playing drums in the streets of kathmandu, nepal - stock image. This is the Haku Patasi, the traditional attire of the Newar community of Nepal. This black sari with a red border is worn by Newari women during festivals and cultural events.","काठमाडौंको सडकमा ड्रम बजाउने मानिसहरूको समूह, नेपाल - स्टक छवि। यो हकु पटसी हो, नेपालको नेवार समुदायको परम्परागत पोशाक। यो रातो सिमानाको साथ कालो साड़ी पर्व र सांस्कृतिक कार्यक्रमहरूमा नेवारी महिलाहरूले लगाउँछन्।"
nepali_dresses_augmented/haku_patasi/139.jpg,"A young girl in traditional costume. This is the Haku Patasi, the traditional attire of the Newar community of Nepal. This black sari with a red border is worn by Newari women during festivals and cultural events.","परम्परागत पोशाकमा एक युवती। यो हकु पातासी हो, नेपालको नेवार समुदायको परम्परागत पोशाक। यो रातो सिमानाको साथ कालो साड़ी फेस्टिवल र सांस्कृतिक कार्यक्रमहरूमा नेवारी महिलाहरूले लगाउँछन्।"
nepali_dresses_augmented/haku_patasi/139_aug1.jpg,"A young girl in traditional costume. This is the Haku Patasi, the traditional attire of the Newar community of Nepal. This black sari with a red border is worn by Newari women during festivals and cultural events.","परम्परागत पोशाकमा एक युवती। यो हकु पातासी हो, नेपालको नेवार समुदायको परम्परागत पोशाक। यो रातो सिमानाको साथ कालो साड़ी फेस्टिवल र सांस्कृतिक कार्यक्रमहरूमा नेवारी महिलाहरूले लगाउँछन्।"
nepali_dresses_augmented/haku_patasi/13_aug1.jpg,"A woman in traditional clothing. This is the Haku Patasi, the traditional attire of the Newar community of Nepal. This black sari with a red border is worn by Newari women during festivals and cultural events.","परम्परागत लुगा लगाउने महिला. यो हकु पातासी हो, नेपालको नेवार समुदायको परम्परागत पोशाक। यो रातो सिमानाको साथ कालो साड़ी फेस्टिवल र सांस्कृतिक कार्यक्रमहरूमा नेवारी महिलाहरूले लगाउँछन्।"
nepali_dresses_augmented/haku_patasi/13_aug2.jpg,"A woman in traditional clothing. This is the Haku Patasi, the traditional attire of the Newar community of Nepal. This black sari with a red border is worn by Newari women during festivals and cultural events.","परम्परागत लुगा लगाउने महिला. यो हकु पातासी हो, नेपालको नेवार समुदायको परम्परागत पोशाक। यो रातो सिमानाको साथ कालो साड़ी फेस्टिवल र सांस्कृतिक कार्यक्रमहरूमा नेवारी महिलाहरूले लगाउँछन्।"
nepali_dresses_augmented/haku_patasi/14.jpg,"A woman in a white dress holding a gold purse. This is the Haku Patasi, the traditional attire of the Newar community of Nepal. This black sari with a red border is worn by Newari women during festivals and cultural events.",नेपालको नेवार समुदायको परम्परागत पोशाक हकु पातासी हो। यो रातो सिमानाको साथ कालो साड़ी पर्व र सांस्कृतिक कार्यक्रमहरूमा नेवारी महिलाहरूले लगाउँछन्।
nepali_dresses_augmented/haku_patasi/140.jpg,"A group of women dressed in black and red. This is the Haku Patasi, the traditional attire of the Newar community of Nepal. This black sari with a red border is worn by Newari women during festivals and cultural events.",नेपालको नेवार समुदायको परम्परागत पोशाक हकु पातासी हो। यो रातो सिमानाको साथ कालो साड़ी पर्व र सांस्कृतिक कार्यक्रमहरूमा नेवारी महिलाहरूले लगाउँछन्।
nepali_dresses_augmented/haku_patasi/140_aug1.jpg,"A group of women dressed in black and red. This is the Haku Patasi, the traditional attire of the Newar community of Nepal. This black sari with a red border is worn by Newari women during festivals and cultural events.",नेपालको नेवार समुदायको परम्परागत पोशाक हकु पातासी हो। यो रातो सिमानाको साथ कालो साड़ी पर्व र सांस्कृतिक कार्यक्रमहरूमा नेवारी महिलाहरूले लगाउँछन्।
nepali_dresses_augmented/haku_patasi/141.jpg,"A woman in traditional dress walking through an alley in kathmandu, nepal - stock image. This is the Haku Patasi, the traditional attire of the Newar community of Nepal. This black sari with a red border is worn by Newari women during festivals and cultural events.","काठमाडौं, नेपाल - स्टक छवि. यो नेपालको नेवार समुदायको परम्परागत पोशाक हकु पटसी हो। यो रातो सिमानाको साथ कालो साड़ी पर्व र सांस्कृतिक कार्यक्रमहरूमा नेवारी महिलाहरूले लगाउँछन्।"
nepali_dresses_augmented/haku_patasi/141_aug1.jpg,"A woman in traditional dress walking through an alley in kathmandu, nepal - stock image. This is the Haku Patasi, the traditional attire of the Newar community of Nepal. This black sari with a red border is worn by Newari women during festivals and cultural events.","काठमाडौं, नेपाल - स्टक छवि. यो नेपालको नेवार समुदायको परम्परागत पोशाक हकु पटसी हो। यो रातो सिमानाको साथ कालो साड़ी पर्व र सांस्कृतिक कार्यक्रमहरूमा नेवारी महिलाहरूले लगाउँछन्।"
nepali_dresses_augmented/haku_patasi/142.jpg,"A group of people are dancing in the street. This is the Haku Patasi, the traditional attire of the Newar community of Nepal. This black sari with a red border is worn by Newari women during festivals and cultural events.",नेपालको नेवार समुदायको परम्परागत पोशाक हकु पातासी हो। रातो सिमानाको यो कालो साड़ी पर्व र सांस्कृतिक कार्यक्रमहरूमा नेवारी महिलाहरूले लगाउँछन्।
nepali_dresses_augmented/haku_patasi/142_aug1.jpg,"A group of people are dancing in the street. This is the Haku Patasi, the traditional attire of the Newar community of Nepal. This black sari with a red border is worn by Newari women during festivals and cultural events.",नेपालको नेवार समुदायको परम्परागत पोशाक हकु पातासी हो। रातो सिमानाको यो कालो साड़ी पर्व र सांस्कृतिक कार्यक्रमहरूमा नेवारी महिलाहरूले लगाउँछन्।
nepali_dresses_augmented/haku_patasi/143.jpg,"A young woman in traditional costume at the annual festival, kathmandu, nepal - stock image. This is the Haku Patasi, the traditional attire of the Newar community of Nepal. This black sari with a red border is worn by Newari women during festivals and cultural events.",नेपालको नेवार समुदायको परम्परागत पोशाक हाकु पाटसी हो। यो रातो सिमानाको साथ कालो साड़ी पर्व र सांस्कृतिक कार्यक्रमहरूमा नेवारी महिलाहरूले लगाउँछन्।
nepali_dresses_augmented/haku_patasi/143_aug1.jpg,"A young woman in traditional costume at the annual festival, kathmandu, nepal - stock image. This is the Haku Patasi, the traditional attire of the Newar community of Nepal. This black sari with a red border is worn by Newari women during festivals and cultural events.",नेपालको नेवार समुदायको परम्परागत पोशाक हाकु पाटसी हो। यो रातो सिमानाको साथ कालो साड़ी पर्व र सांस्कृतिक कार्यक्रमहरूमा नेवारी महिलाहरूले लगाउँछन्।
nepali_dresses_augmented/haku_patasi/144.jpg,"A group of women in traditional dress carrying buckets - stock image. This is the Haku Patasi, the traditional attire of the Newar community of Nepal. This black sari with a red border is worn by Newari women during festivals and cultural events.",परम्परागत पोशाकमा बाल्टिन बोक्ने महिलाहरूको समूह। यो नेपालको नेवार समुदायको परम्परागत पोशाक हकु पातासी हो। यो रातो सिमानाको साथ कालो साड़ी फेस्टिवल र सांस्कृतिक कार्यक्रमहरूमा नेवारी महिलाहरूले लगाउँछन्।
nepali_dresses_augmented/haku_patasi/144_aug1.jpg,"A group of women in traditional dress carrying buckets - stock image. This is the Haku Patasi, the traditional attire of the Newar community of Nepal. This black sari with a red border is worn by Newari women during festivals and cultural events.",परम्परागत पोशाकमा बाल्टिन बोक्ने महिलाहरूको समूह। यो नेपालको नेवार समुदायको परम्परागत पोशाक हकु पातासी हो। यो रातो सिमानाको साथ कालो साड़ी फेस्टिवल र सांस्कृतिक कार्यक्रमहरूमा नेवारी महिलाहरूले लगाउँछन्।
nepali_dresses_augmented/haku_patasi/145.jpg,"A woman in a black and red sari. This is the Haku Patasi, the traditional attire of the Newar community of Nepal. This black sari with a red border is worn by Newari women during festivals and cultural events.",नेपालको नेवार समुदायको परम्परागत पोशाक हकु पातासी हो। यो रातो सिमानाको साथ कालो साड़ी पर्व र सांस्कृतिक कार्यक्रमहरूमा नेवारी महिलाहरूले लगाउँछन्।
nepali_dresses_augmented/haku_patasi/145_aug1.jpg,"A woman in a black and red sari. This is the Haku Patasi, the traditional attire of the Newar community of Nepal. This black sari with a red border is worn by Newari women during festivals and cultural events.",नेपालको नेवार समुदायको परम्परागत पोशाक हकु पातासी हो। यो रातो सिमानाको साथ कालो साड़ी पर्व र सांस्कृतिक कार्यक्रमहरूमा नेवारी महिलाहरूले लगाउँछन्।
nepali_dresses_augmented/haku_patasi/146.jpg,"A group of women dressed in traditional indian clothing and jewellery - stock image. This is the Haku Patasi, the traditional attire of the Newar community of Nepal. This black sari with a red border is worn by Newari women during festivals and cultural events.",नेपालको नेवार समुदायको परम्परागत पोशाक हकु पाटसी हो। रातो सिमानाको यो कालो साड़ी पर्व र सांस्कृतिक कार्यक्रमहरूमा नेवारी महिलाहरूले लगाउँछन्।
nepali_dresses_augmented/haku_patasi/146_aug1.jpg,"A group of women dressed in traditional indian clothing and jewellery - stock image. This is the Haku Patasi, the traditional attire of the Newar community of Nepal. This black sari with a red border is worn by Newari women during festivals and cultural events.",नेपालको नेवार समुदायको परम्परागत पोशाक हकु पाटसी हो। रातो सिमानाको यो कालो साड़ी पर्व र सांस्कृतिक कार्यक्रमहरूमा नेवारी महिलाहरूले लगाउँछन्।
nepali_dresses_augmented/haku_patasi/147.jpg,"A group of young girls dressed in traditional indian clothing, india - stock image. This is the Haku Patasi, the traditional attire of the Newar community of Nepal. This black sari with a red border is worn by Newari women during festivals and cultural events.",नेपालको नेवार समुदायको परम्परागत पोशाक हकु पाटसी हो। रातो सिमानाको यो कालो साड़ी पर्व र सांस्कृतिक कार्यक्रमहरूमा नेवारी महिलाहरूले लगाउँछन्।
nepali_dresses_augmented/haku_patasi/147_aug1.jpg,"A group of young girls dressed in traditional indian clothing, india - stock image. This is the Haku Patasi, the traditional attire of the Newar community of Nepal. This black sari with a red border is worn by Newari women during festivals and cultural events.",नेपालको नेवार समुदायको परम्परागत पोशाक हकु पाटसी हो। रातो सिमानाको यो कालो साड़ी पर्व र सांस्कृतिक कार्यक्रमहरूमा नेवारी महिलाहरूले लगाउँछन्।
nepali_dresses_augmented/haku_patasi/148.jpg,"A group of women in traditional dress. This is the Haku Patasi, the traditional attire of the Newar community of Nepal. This black sari with a red border is worn by Newari women during festivals and cultural events.","परम्परागत पोशाकमा महिलाहरूको समूह। यो हकु पातासी हो, नेपालको नेवार समुदायको परम्परागत पोशाक। यो रातो सिमानाको साथ कालो साड़ी फेस्टिवल र सांस्कृतिक कार्यक्रमहरूमा नेवारी महिलाहरूले लगाउँछन्।"
nepali_dresses_augmented/haku_patasi/148_aug1.jpg,"A group of women in traditional dress. This is the Haku Patasi, the traditional attire of the Newar community of Nepal. This black sari with a red border is worn by Newari women during festivals and cultural events.","परम्परागत पोशाकमा महिलाहरूको समूह। यो हकु पातासी हो, नेपालको नेवार समुदायको परम्परागत पोशाक। यो रातो सिमानाको साथ कालो साड़ी फेस्टिवल र सांस्कृतिक कार्यक्रमहरूमा नेवारी महिलाहरूले लगाउँछन्।"
nepali_dresses_augmented/haku_patasi/149.jpg,"Two women walking in the rain with umbrellas, kathmandu, nepal - stock image. This is the Haku Patasi, the traditional attire of the Newar community of Nepal. This black sari with a red border is worn by Newari women during festivals and cultural events.","दुई महिलाहरू छाता, काठमाण्डौ, नेपालमा हिंड्छन्। यो नेपालको नेवार समुदायको परम्परागत पोशाक हकु पटसी हो। यो रातो सिमानाको साथ कालो साड़ी पर्व र सांस्कृतिक कार्यक्रमहरूमा नेवारी महिलाहरूले लगाउँछन्।"
nepali_dresses_augmented/haku_patasi/149_aug1.jpg,"Two women walking in the rain with umbrellas, kathmandu, nepal - stock image. This is the Haku Patasi, the traditional attire of the Newar community of Nepal. This black sari with a red border is worn by Newari women during festivals and cultural events.","दुई महिलाहरू छाता, काठमाण्डौ, नेपालमा हिंड्छन्। यो नेपालको नेवार समुदायको परम्परागत पोशाक हकु पटसी हो। यो रातो सिमानाको साथ कालो साड़ी पर्व र सांस्कृतिक कार्यक्रमहरूमा नेवारी महिलाहरूले लगाउँछन्।"
nepali_dresses_augmented/haku_patasi/14_aug1.jpg,"A woman in a white dress holding a gold purse. This is the Haku Patasi, the traditional attire of the Newar community of Nepal. This black sari with a red border is worn by Newari women during festivals and cultural events.",नेपालको नेवार समुदायको परम्परागत पोशाक हकु पातासी हो। यो रातो सिमानाको साथ कालो साड़ी पर्व र सांस्कृतिक कार्यक्रमहरूमा नेवारी महिलाहरूले लगाउँछन्।
nepali_dresses_augmented/haku_patasi/14_aug2.jpg,"A woman in a white dress holding a gold purse. This is the Haku Patasi, the traditional attire of the Newar community of Nepal. This black sari with a red border is worn by Newari women during festivals and cultural events.",नेपालको नेवार समुदायको परम्परागत पोशाक हकु पातासी हो। यो रातो सिमानाको साथ कालो साड़ी पर्व र सांस्कृतिक कार्यक्रमहरूमा नेवारी महिलाहरूले लगाउँछन्।
nepali_dresses_augmented/haku_patasi/15.jpg,"A woman in traditional clothing posing for the camera. This is the Haku Patasi, the traditional attire of the Newar community of Nepal. This black sari with a red border is worn by Newari women during festivals and cultural events.","एक महिला परम्परागत कपडामा क्यामेराको लागि पोज गर्दै। यो हकु पातासी हो, नेपालको नेवार समुदायको परम्परागत पोशाक। यो रातो सिमानाको साथ कालो साड़ी फेस्टिवल र सांस्कृतिक कार्यक्रमहरूमा नेवारी महिलाहरूले लगाउँछन्।"
nepali_dresses_augmented/haku_patasi/150.jpg,"Two women walking in the rain with umbrellas - stock image. This is the Haku Patasi, the traditional attire of the Newar community of Nepal. This black sari with a red border is worn by Newari women during festivals and cultural events.","दुई महिलाहरू छाता लगाएर वर्षामा हिंड्छन् - स्टक छवि। यो हकु पटसी हो, नेपालको नेवार समुदायको परम्परागत पोशाक। यो रातो सिमानाको साथ कालो साड़ी पर्व र सांस्कृतिक कार्यक्रमहरूमा नेवारी महिलाहरूले लगाउँछन्।"
nepali_dresses_augmented/haku_patasi/150_aug1.jpg,"Two women walking in the rain with umbrellas - stock image. This is the Haku Patasi, the traditional attire of the Newar community of Nepal. This black sari with a red border is worn by Newari women during festivals and cultural events.","दुई महिलाहरू छाता लगाएर वर्षामा हिंड्छन् - स्टक छवि। यो हकु पटसी हो, नेपालको नेवार समुदायको परम्परागत पोशाक। यो रातो सिमानाको साथ कालो साड़ी पर्व र सांस्कृतिक कार्यक्रमहरूमा नेवारी महिलाहरूले लगाउँछन्।"
nepali_dresses_augmented/haku_patasi/151.jpg,"A woman dancing in the streets of kathmandu, nepal. This is the Haku Patasi, the traditional attire of the Newar community of Nepal. This black sari with a red border is worn by Newari women during festivals and cultural events.","नेपालको काठमाण्डौको सडकमा नाच्ने एक महिला. यो हकु पातासी हो, नेपालको नेवार समुदायको परम्परागत पोशाक। यो रातो सिमानाको साथ कालो साड़ी फेस्टिवल र सांस्कृतिक कार्यक्रमहरूमा नेवारी महिलाहरूले लगाउँछन्।"
nepali_dresses_augmented/haku_patasi/151_aug1.jpg,"A woman dancing in the streets of kathmandu, nepal. This is the Haku Patasi, the traditional attire of the Newar community of Nepal. This black sari with a red border is worn by Newari women during festivals and cultural events.","नेपालको काठमाण्डौको सडकमा नाच्ने एक महिला. यो हकु पातासी हो, नेपालको नेवार समुदायको परम्परागत पोशाक। यो रातो सिमानाको साथ कालो साड़ी फेस्टिवल र सांस्कृतिक कार्यक्रमहरूमा नेवारी महिलाहरूले लगाउँछन्।"
nepali_dresses_augmented/haku_patasi/152.jpg,"A young girl is hugged by her mother in the streets of delhi, india - stock image. This is the Haku Patasi, the traditional attire of the Newar community of Nepal. This black sari with a red border is worn by Newari women during festivals and cultural events.",भारतको दिल्लीको सडकमा एक युवतीलाई आमाले अँगालेकी छिन् - शेयर छवि। यो नेपालको नेवार समुदायको परम्परागत पोशाक हकु पटसी हो। यो रातो सिमानाको साथ कालो साड़ी पर्व र सांस्कृतिक कार्यक्रमहरूमा नेवारी महिलाहरूले लगाउँछन्।
nepali_dresses_augmented/haku_patasi/152_aug1.jpg,"A young girl is hugged by her mother in the streets of delhi, india - stock image. This is the Haku Patasi, the traditional attire of the Newar community of Nepal. This black sari with a red border is worn by Newari women during festivals and cultural events.",भारतको दिल्लीको सडकमा एक युवतीलाई आमाले अँगालेकी छिन् - शेयर छवि। यो नेपालको नेवार समुदायको परम्परागत पोशाक हकु पटसी हो। यो रातो सिमानाको साथ कालो साड़ी पर्व र सांस्कृतिक कार्यक्रमहरूमा नेवारी महिलाहरूले लगाउँछन्।
nepali_dresses_augmented/haku_patasi/153.jpg,"A group of women eating food on the street. This is the Haku Patasi, the traditional attire of the Newar community of Nepal. This black sari with a red border is worn by Newari women during festivals and cultural events.","सडकमा खाना खाने महिलाहरूको समूह। यो हकु पातासी हो, नेपालको नेवार समुदायको परम्परागत पोशाक। यो रातो सिमानाको साथ कालो साड़ी फेस्टिवल र सांस्कृतिक कार्यक्रमहरूमा नेवारी महिलाहरूले लगाउँछन्।"
nepali_dresses_augmented/haku_patasi/153_aug1.jpg,"A group of women eating food on the street. This is the Haku Patasi, the traditional attire of the Newar community of Nepal. This black sari with a red border is worn by Newari women during festivals and cultural events.","सडकमा खाना खाने महिलाहरूको समूह। यो हकु पातासी हो, नेपालको नेवार समुदायको परम्परागत पोशाक। यो रातो सिमानाको साथ कालो साड़ी फेस्टिवल र सांस्कृतिक कार्यक्रमहरूमा नेवारी महिलाहरूले लगाउँछन्।"
nepali_dresses_augmented/haku_patasi/154.jpg,"A group of women dressed in traditional clothing. This is the Haku Patasi, the traditional attire of the Newar community of Nepal. This black sari with a red border is worn by Newari women during festivals and cultural events.",नेपालको नेवार समुदायको परम्परागत पोशाक हकु पातासी हो। यो रातो सिमानाको साथ कालो साड़ी पर्व र सांस्कृतिक कार्यक्रमहरूमा नेवारी महिलाहरूले लगाउँछन्।
nepali_dresses_augmented/haku_patasi/154_aug1.jpg,"A group of women dressed in traditional clothing. This is the Haku Patasi, the traditional attire of the Newar community of Nepal. This black sari with a red border is worn by Newari women during festivals and cultural events.",नेपालको नेवार समुदायको परम्परागत पोशाक हकु पातासी हो। यो रातो सिमानाको साथ कालो साड़ी पर्व र सांस्कृतिक कार्यक्रमहरूमा नेवारी महिलाहरूले लगाउँछन्।
nepali_dresses_augmented/haku_patasi/155.jpg,"A woman sitting on top of a stone wall. This is the Haku Patasi, the traditional attire of the Newar community of Nepal. This black sari with a red border is worn by Newari women during festivals and cultural events.","एक महिला ढुङ्गाको पर्खालको शीर्षमा बसिरहेको छ। यो Haku Patasi हो, नेपालको नेवार समुदायको परम्परागत पोशाक। यो रातो सिमानाको साथ कालो साड़ी फेस्टिवल र सांस्कृतिक कार्यक्रमहरूमा नेवारी महिलाहरूले लगाउँछन्।"
nepali_dresses_augmented/haku_patasi/155_aug1.jpg,"A woman sitting on top of a stone wall. This is the Haku Patasi, the traditional attire of the Newar community of Nepal. This black sari with a red border is worn by Newari women during festivals and cultural events.","एक महिला ढुङ्गाको पर्खालको शीर्षमा बसिरहेको छ। यो Haku Patasi हो, नेपालको नेवार समुदायको परम्परागत पोशाक। यो रातो सिमानाको साथ कालो साड़ी फेस्टिवल र सांस्कृतिक कार्यक्रमहरूमा नेवारी महिलाहरूले लगाउँछन्।"
nepali_dresses_augmented/haku_patasi/156.jpg,"A group of women dressed in traditional sar sars are seen during a protest against the citizenship amendment in new delhi. This is the Haku Patasi, the traditional attire of the Newar community of Nepal. This black sari with a red border is worn by Newari women during festivals and cultural events.","नयाँ दिल्लीमा नागरिकता संशोधनको विरोधमा प्रदर्शनको क्रममा परम्परागत सरस लगाएका महिलाहरूको समूह देख्न सकिन्छ। यो हकु पटसी हो, नेपालको नेवार समुदायको परम्परागत पोशाक हो। यो रातो सिमानाको साथ कालो साड़ी नयाँरी महिलाहरूले उत्सव र सांस्कृतिक कार्यक्रमहरूमा लगाउँछन्।"
nepali_dresses_augmented/haku_patasi/156_aug1.jpg,"A group of women dressed in traditional sar sars are seen during a protest against the citizenship amendment in new delhi. This is the Haku Patasi, the traditional attire of the Newar community of Nepal. This black sari with a red border is worn by Newari women during festivals and cultural events.","नयाँ दिल्लीमा नागरिकता संशोधनको विरोधमा प्रदर्शनको क्रममा परम्परागत सरस लगाएका महिलाहरूको समूह देख्न सकिन्छ। यो हकु पटसी हो, नेपालको नेवार समुदायको परम्परागत पोशाक हो। यो रातो सिमानाको साथ कालो साड़ी नयाँरी महिलाहरूले उत्सव र सांस्कृतिक कार्यक्रमहरूमा लगाउँछन्।"
nepali_dresses_augmented/haku_patasi/157.jpg,"A group of women in traditional dress walking down the street. This is the Haku Patasi, the traditional attire of the Newar community of Nepal. This black sari with a red border is worn by Newari women during festivals and cultural events.","परम्परागत पोशाकमा सडकमा हिड्ने महिलाहरूको समूह। यो हकु पातासी हो, नेपालको नेवार समुदायको परम्परागत पोशाक। यो रातो सिमानाको साथ कालो साड़ी फेस्टिवल र सांस्कृतिक कार्यक्रमहरूमा नेवारी महिलाहरूले लगाउँछन्।"
nepali_dresses_augmented/haku_patasi/157_aug1.jpg,"A group of women in traditional dress walking down the street. This is the Haku Patasi, the traditional attire of the Newar community of Nepal. This black sari with a red border is worn by Newari women during festivals and cultural events.","परम्परागत पोशाकमा सडकमा हिड्ने महिलाहरूको समूह। यो हकु पातासी हो, नेपालको नेवार समुदायको परम्परागत पोशाक। यो रातो सिमानाको साथ कालो साड़ी फेस्टिवल र सांस्कृतिक कार्यक्रमहरूमा नेवारी महिलाहरूले लगाउँछन्।"
nepali_dresses_augmented/haku_patasi/158.jpg,"A group of women in traditional dress. This is the Haku Patasi, the traditional attire of the Newar community of Nepal. This black sari with a red border is worn by Newari women during festivals and cultural events.","परम्परागत पोशाकमा महिलाहरूको समूह। यो हकु पातासी हो, नेपालको नेवार समुदायको परम्परागत पोशाक। यो रातो सिमानाको साथ कालो साड़ी फेस्टिवल र सांस्कृतिक कार्यक्रमहरूमा नेवारी महिलाहरूले लगाउँछन्।"
nepali_dresses_augmented/haku_patasi/158_aug1.jpg,"A group of women in traditional dress. This is the Haku Patasi, the traditional attire of the Newar community of Nepal. This black sari with a red border is worn by Newari women during festivals and cultural events.","परम्परागत पोशाकमा महिलाहरूको समूह। यो हकु पातासी हो, नेपालको नेवार समुदायको परम्परागत पोशाक। यो रातो सिमानाको साथ कालो साड़ी फेस्टिवल र सांस्कृतिक कार्यक्रमहरूमा नेवारी महिलाहरूले लगाउँछन्।"
nepali_dresses_augmented/haku_patasi/159.jpg,"A woman in traditional dress poses for the camera. This is the Haku Patasi, the traditional attire of the Newar community of Nepal. This black sari with a red border is worn by Newari women during festivals and cultural events.","एक महिला परम्परागत पोशाकमा क्यामेराको लागि पोज गर्दछ। यो Haku Patasi हो, नेपालको नेवार समुदायको परम्परागत पोशाक। यो रातो सिमानाको साथ कालो साड़ी फेस्टिवल र सांस्कृतिक कार्यक्रमहरूमा नेवारी महिलाहरूले लगाउँछन्।"
nepali_dresses_augmented/haku_patasi/159_aug1.jpg,"A woman in traditional dress poses for the camera. This is the Haku Patasi, the traditional attire of the Newar community of Nepal. This black sari with a red border is worn by Newari women during festivals and cultural events.","एक महिला परम्परागत पोशाकमा क्यामेराको लागि पोज गर्दछ। यो Haku Patasi हो, नेपालको नेवार समुदायको परम्परागत पोशाक। यो रातो सिमानाको साथ कालो साड़ी फेस्टिवल र सांस्कृतिक कार्यक्रमहरूमा नेवारी महिलाहरूले लगाउँछन्।"
nepali_dresses_augmented/haku_patasi/15_aug1.jpg,"A woman in traditional clothing posing for the camera. This is the Haku Patasi, the traditional attire of the Newar community of Nepal. This black sari with a red border is worn by Newari women during festivals and cultural events.","एक महिला परम्परागत कपडामा क्यामेराको लागि पोज गर्दै। यो हकु पातासी हो, नेपालको नेवार समुदायको परम्परागत पोशाक। यो रातो सिमानाको साथ कालो साड़ी फेस्टिवल र सांस्कृतिक कार्यक्रमहरूमा नेवारी महिलाहरूले लगाउँछन्।"
nepali_dresses_augmented/haku_patasi/15_aug2.jpg,"A woman in traditional clothing posing for the camera. This is the Haku Patasi, the traditional attire of the Newar community of Nepal. This black sari with a red border is worn by Newari women during festivals and cultural events.","एक महिला परम्परागत कपडामा क्यामेराको लागि पोज गर्दै। यो हकु पातासी हो, नेपालको नेवार समुदायको परम्परागत पोशाक। यो रातो सिमानाको साथ कालो साड़ी फेस्टिवल र सांस्कृतिक कार्यक्रमहरूमा नेवारी महिलाहरूले लगाउँछन्।"
nepali_dresses_augmented/haku_patasi/16.jpg,"A woman in a white dress standing in front of a painting. This is the Haku Patasi, the traditional attire of the Newar community of Nepal. This black sari with a red border is worn by Newari women during festivals and cultural events.",नेपालको नेवार समुदायको परम्परागत पोशाक हकु पातासी हो। यो रातो सिमानाको साथ कालो साड़ी पर्व र सांस्कृतिक कार्यक्रमहरूमा नेवारी महिलाहरूले लगाउँछन्।
nepali_dresses_augmented/haku_patasi/160.jpg,"A woman in a black and red outfit. This is the Haku Patasi, the traditional attire of the Newar community of Nepal. This black sari with a red border is worn by Newari women during festivals and cultural events.","एक महिला कालो र रातो पोशाकमा। यो हकु पातासी हो, नेपालको नेवार समुदायको परम्परागत पोशाक। यो रातो सिमानाको साथ कालो साड़ी फेस्टिवल र सांस्कृतिक कार्यक्रमहरूमा नेवारी महिलाहरूले लगाउँछन्।"
nepali_dresses_augmented/haku_patasi/160_aug1.jpg,"A woman in a black and red outfit. This is the Haku Patasi, the traditional attire of the Newar community of Nepal. This black sari with a red border is worn by Newari women during festivals and cultural events.","एक महिला कालो र रातो पोशाकमा। यो हकु पातासी हो, नेपालको नेवार समुदायको परम्परागत पोशाक। यो रातो सिमानाको साथ कालो साड़ी फेस्टिवल र सांस्कृतिक कार्यक्रमहरूमा नेवारी महिलाहरूले लगाउँछन्।"
nepali_dresses_augmented/haku_patasi/161.jpg,"A young girl in traditional attire holding a pot of flowers. This is the Haku Patasi, the traditional attire of the Newar community of Nepal. This black sari with a red border is worn by Newari women during festivals and cultural events.",नेपालको नेवार समुदायको परम्परागत पोशाक हकु पातासी हो। यो रातो सिमानाको साथ कालो साड़ी पर्व र सांस्कृतिक कार्यक्रमहरूमा नेवारी महिलाहरूले लगाउँछन्।
nepali_dresses_augmented/haku_patasi/161_aug1.jpg,"A young girl in traditional attire holding a pot of flowers. This is the Haku Patasi, the traditional attire of the Newar community of Nepal. This black sari with a red border is worn by Newari women during festivals and cultural events.",नेपालको नेवार समुदायको परम्परागत पोशाक हकु पातासी हो। यो रातो सिमानाको साथ कालो साड़ी पर्व र सांस्कृतिक कार्यक्रमहरूमा नेवारी महिलाहरूले लगाउँछन्।
nepali_dresses_augmented/haku_patasi/162.jpg,"A group of women holding plates of food in their hands - stock image. This is the Haku Patasi, the traditional attire of the Newar community of Nepal. This black sari with a red border is worn by Newari women during festivals and cultural events.",नेपालको नेवार समुदायको परम्परागत पोशाक हकु पटसी हो । रातो सिमानाको यो कालो साड़ी पर्व र सांस्कृतिक कार्यक्रमहरूमा नेवारी महिलाहरूले लगाउने गर्दछन् ।
nepali_dresses_augmented/haku_patasi/162_aug1.jpg,"A group of women holding plates of food in their hands - stock image. This is the Haku Patasi, the traditional attire of the Newar community of Nepal. This black sari with a red border is worn by Newari women during festivals and cultural events.",नेपालको नेवार समुदायको परम्परागत पोशाक हकु पटसी हो । रातो सिमानाको यो कालो साड़ी पर्व र सांस्कृतिक कार्यक्रमहरूमा नेवारी महिलाहरूले लगाउने गर्दछन् ।
nepali_dresses_augmented/haku_patasi/163.jpg,"A group of women dressed in traditional costumes at a festival in kathmandu, nepal - stock image. This is the Haku Patasi, the traditional attire of the Newar community of Nepal. This black sari with a red border is worn by Newari women during festivals and cultural events.","काठमाडौं, नेपाल - स्टक छवि मा एक उत्सव मा परम्परागत पोशाक मा एक महिला को एक समूह। यो Haku Patasi छ, नेपाल को Newar समुदाय को परम्परागत पोशाक। यो रातो सीमा संग कालो साड़ी उत्सव र सांस्कृतिक घटनाहरु को समयमा Newari महिलाहरु द्वारा लगाइन्छ।"
nepali_dresses_augmented/haku_patasi/163_aug1.jpg,"A group of women dressed in traditional costumes at a festival in kathmandu, nepal - stock image. This is the Haku Patasi, the traditional attire of the Newar community of Nepal. This black sari with a red border is worn by Newari women during festivals and cultural events.","काठमाडौं, नेपाल - स्टक छवि मा एक उत्सव मा परम्परागत पोशाक मा एक महिला को एक समूह। यो Haku Patasi छ, नेपाल को Newar समुदाय को परम्परागत पोशाक। यो रातो सीमा संग कालो साड़ी उत्सव र सांस्कृतिक घटनाहरु को समयमा Newari महिलाहरु द्वारा लगाइन्छ।"
nepali_dresses_augmented/haku_patasi/164.jpg,"A group of women carrying offerings in the streets of kathmandu, nepal - stock image. This is the Haku Patasi, the traditional attire of the Newar community of Nepal. This black sari with a red border is worn by Newari women during festivals and cultural events.","काठमाडौंको सडकमा बलिदानी बोक्ने महिलाहरूको समूह, नेपाल - स्टक छवि। यो नेपालको नेवार समुदायको परम्परागत पोशाक हकु पातासी हो। यो रातो सिमानाको साथ कालो साड़ी पर्व र सांस्कृतिक कार्यक्रमहरूमा नेवारी महिलाहरूले लगाउँछन्।"
nepali_dresses_augmented/haku_patasi/164_aug1.jpg,"A group of women carrying offerings in the streets of kathmandu, nepal - stock image. This is the Haku Patasi, the traditional attire of the Newar community of Nepal. This black sari with a red border is worn by Newari women during festivals and cultural events.","काठमाडौंको सडकमा बलिदानी बोक्ने महिलाहरूको समूह, नेपाल - स्टक छवि। यो नेपालको नेवार समुदायको परम्परागत पोशाक हकु पातासी हो। यो रातो सिमानाको साथ कालो साड़ी पर्व र सांस्कृतिक कार्यक्रमहरूमा नेवारी महिलाहरूले लगाउँछन्।"
nepali_dresses_augmented/haku_patasi/165.jpg,"A woman is laying on the ground in front of a crowd of people - stock image. This is the Haku Patasi, the traditional attire of the Newar community of Nepal. This black sari with a red border is worn by Newari women during festivals and cultural events.",नेपालको नेवार समुदायको परम्परागत पोशाक हाकु पाटसी हो। रातो सिमानाको यो कालो साड़ी पर्व र सांस्कृतिक कार्यक्रमहरूमा नेवारी महिलाहरूले लगाउँछन्।
nepali_dresses_augmented/haku_patasi/165_aug1.jpg,"A woman is laying on the ground in front of a crowd of people - stock image. This is the Haku Patasi, the traditional attire of the Newar community of Nepal. This black sari with a red border is worn by Newari women during festivals and cultural events.",नेपालको नेवार समुदायको परम्परागत पोशाक हाकु पाटसी हो। रातो सिमानाको यो कालो साड़ी पर्व र सांस्कृतिक कार्यक्रमहरूमा नेवारी महिलाहरूले लगाउँछन्।
nepali_dresses_augmented/haku_patasi/166.jpg,"A large crowd of people in the streets of mumbai, india - stock image. This is the Haku Patasi, the traditional attire of the Newar community of Nepal. This black sari with a red border is worn by Newari women during festivals and cultural events.",भारतको मुम्बईको सडकमा मानिसहरूको ठूलो भीड - स्टक छवि। यो नेपालको नेवार समुदायको परम्परागत पोशाक हकु पातासी हो। यो रातो सिमानाको साथ कालो साड़ी पर्व र सांस्कृतिक कार्यक्रमहरूमा नेवारी महिलाहरूले लगाउँछन्।
nepali_dresses_augmented/haku_patasi/166_aug1.jpg,"A large crowd of people in the streets of mumbai, india - stock image. This is the Haku Patasi, the traditional attire of the Newar community of Nepal. This black sari with a red border is worn by Newari women during festivals and cultural events.",भारतको मुम्बईको सडकमा मानिसहरूको ठूलो भीड - स्टक छवि। यो नेपालको नेवार समुदायको परम्परागत पोशाक हकु पातासी हो। यो रातो सिमानाको साथ कालो साड़ी पर्व र सांस्कृतिक कार्यक्रमहरूमा नेवारी महिलाहरूले लगाउँछन्।
nepali_dresses_augmented/haku_patasi/167.jpg,"A man carrying a child on his shoulders in the streets of kathmandu, nepal - stock photo. This is the Haku Patasi, the traditional attire of the Newar community of Nepal. This black sari with a red border is worn by Newari women during festivals and cultural events.","काठमाण्डौको सडकमा एउटा बच्चालाई आफ्नो काँधमा बोकेर एक पुरुष, नेपाल - स्टक फोटो. यो नेपालको नेवार समुदायको परम्परागत पोशाक हो Haku Patasi. यो रातो सिमानाको साथ कालो साड़ी पर्व र सांस्कृतिक कार्यक्रमहरूमा नेवारी महिलाहरूले लगाउँछन्।"
nepali_dresses_augmented/haku_patasi/167_aug1.jpg,"A man carrying a child on his shoulders in the streets of kathmandu, nepal - stock photo. This is the Haku Patasi, the traditional attire of the Newar community of Nepal. This black sari with a red border is worn by Newari women during festivals and cultural events.","काठमाण्डौको सडकमा एउटा बच्चालाई आफ्नो काँधमा बोकेर एक पुरुष, नेपाल - स्टक फोटो. यो नेपालको नेवार समुदायको परम्परागत पोशाक हो Haku Patasi. यो रातो सिमानाको साथ कालो साड़ी पर्व र सांस्कृतिक कार्यक्रमहरूमा नेवारी महिलाहरूले लगाउँछन्।"
nepali_dresses_augmented/haku_patasi/168.jpg,"A woman dressed in traditional clothing. This is the Haku Patasi, the traditional attire of the Newar community of Nepal. This black sari with a red border is worn by Newari women during festivals and cultural events.","एक महिला परम्परागत कपडामा लुगा लगाउँछिन्। यो हकु पातासी हो, नेपालको नेवार समुदायको परम्परागत पोशाक। यो रातो सिमानाको साथ कालो साड़ी फेस्टिवल र सांस्कृतिक कार्यक्रमहरूमा नेवारी महिलाहरूले लगाउँदछन्।"
nepali_dresses_augmented/haku_patasi/168_aug1.jpg,"A woman dressed in traditional clothing. This is the Haku Patasi, the traditional attire of the Newar community of Nepal. This black sari with a red border is worn by Newari women during festivals and cultural events.","एक महिला परम्परागत कपडामा लुगा लगाउँछिन्। यो हकु पातासी हो, नेपालको नेवार समुदायको परम्परागत पोशाक। यो रातो सिमानाको साथ कालो साड़ी फेस्टिवल र सांस्कृतिक कार्यक्रमहरूमा नेवारी महिलाहरूले लगाउँदछन्।"
nepali_dresses_augmented/haku_patasi/169.jpg,"A woman in traditional clothing holding up a sign. This is the Haku Patasi, the traditional attire of the Newar community of Nepal. This black sari with a red border is worn by Newari women during festivals and cultural events.","एक महिला परम्परागत कपडामा एक साइन माथि राख्दै। यो Haku Patasi हो, नेपालको नेवार समुदायको परम्परागत पोशाक। यो रातो सिमानाको साथ कालो साड़ी फेस्टिवल र सांस्कृतिक कार्यक्रमहरूमा नेवारी महिलाहरूले लगाउँछन्।"
nepali_dresses_augmented/haku_patasi/169_aug1.jpg,"A woman in traditional clothing holding up a sign. This is the Haku Patasi, the traditional attire of the Newar community of Nepal. This black sari with a red border is worn by Newari women during festivals and cultural events.","एक महिला परम्परागत कपडामा एक साइन माथि राख्दै। यो Haku Patasi हो, नेपालको नेवार समुदायको परम्परागत पोशाक। यो रातो सिमानाको साथ कालो साड़ी फेस्टिवल र सांस्कृतिक कार्यक्रमहरूमा नेवारी महिलाहरूले लगाउँछन्।"
nepali_dresses_augmented/haku_patasi/16_aug1.jpg,"A woman in a white dress standing in front of a painting. This is the Haku Patasi, the traditional attire of the Newar community of Nepal. This black sari with a red border is worn by Newari women during festivals and cultural events.",नेपालको नेवार समुदायको परम्परागत पोशाक हकु पातासी हो। यो रातो सिमानाको साथ कालो साड़ी पर्व र सांस्कृतिक कार्यक्रमहरूमा नेवारी महिलाहरूले लगाउँछन्।
nepali_dresses_augmented/haku_patasi/16_aug2.jpg,"A woman in a white dress standing in front of a painting. This is the Haku Patasi, the traditional attire of the Newar community of Nepal. This black sari with a red border is worn by Newari women during festivals and cultural events.",नेपालको नेवार समुदायको परम्परागत पोशाक हकु पातासी हो। यो रातो सिमानाको साथ कालो साड़ी पर्व र सांस्कृतिक कार्यक्रमहरूमा नेवारी महिलाहरूले लगाउँछन्।
nepali_dresses_augmented/haku_patasi/17.jpg,"A mother and daughter in traditional costumes. This is the Haku Patasi, the traditional attire of the Newar community of Nepal. This black sari with a red border is worn by Newari women during festivals and cultural events.","परम्परागत पोशाकमा आमा र छोरी। यो हकु पातासी हो, नेपालको नेवार समुदायको परम्परागत पोशाक। यो रातो सिमानाको साथ कालो साड़ी फेस्टिवल र सांस्कृतिक कार्यक्रमहरूमा नेवारी महिलाहरूले लगाउँछन्।"
nepali_dresses_augmented/haku_patasi/170.jpg,"A group of dancers perform during festival. This is the Haku Patasi, the traditional attire of the Newar community of Nepal. This black sari with a red border is worn by Newari women during festivals and cultural events.","महोत्सवको समयमा नर्तकहरूको समूहले प्रदर्शन गर्दछ। यो हकु पातासी हो, नेपालको नेवार समुदायको परम्परागत पोशाक। यो रातो सिमानाको साथ कालो साड़ी महोत्सव र सांस्कृतिक कार्यक्रमहरूमा नेवारी महिलाहरूले लगाउँछन्।"
nepali_dresses_augmented/haku_patasi/170_aug1.jpg,"A group of dancers perform during festival. This is the Haku Patasi, the traditional attire of the Newar community of Nepal. This black sari with a red border is worn by Newari women during festivals and cultural events.","महोत्सवको समयमा नर्तकहरूको समूहले प्रदर्शन गर्दछ। यो हकु पातासी हो, नेपालको नेवार समुदायको परम्परागत पोशाक। यो रातो सिमानाको साथ कालो साड़ी महोत्सव र सांस्कृतिक कार्यक्रमहरूमा नेवारी महिलाहरूले लगाउँछन्।"
nepali_dresses_augmented/haku_patasi/171.jpg,"A little girl wearing a black and red outfit. This is the Haku Patasi, the traditional attire of the Newar community of Nepal. This black sari with a red border is worn by Newari women during festivals and cultural events.","एक सानो केटीले कालो र रातो पोशाक लगाउँछिन्। यो हकु पातासी हो, नेपालको नेवार समुदायको परम्परागत पोशाक। यो रातो सिमानाको साथ कालो साड़ी फेस्टिवल र सांस्कृतिक कार्यक्रमहरूमा नेवारी महिलाहरूले लगाउँदछन्।"
nepali_dresses_augmented/haku_patasi/171_aug1.jpg,"A little girl wearing a black and red outfit. This is the Haku Patasi, the traditional attire of the Newar community of Nepal. This black sari with a red border is worn by Newari women during festivals and cultural events.","एक सानो केटीले कालो र रातो पोशाक लगाउँछिन्। यो हकु पातासी हो, नेपालको नेवार समुदायको परम्परागत पोशाक। यो रातो सिमानाको साथ कालो साड़ी फेस्टिवल र सांस्कृतिक कार्यक्रमहरूमा नेवारी महिलाहरूले लगाउँदछन्।"
nepali_dresses_augmented/haku_patasi/172.jpg,"Two women in traditional clothing dancing. This is the Haku Patasi, the traditional attire of the Newar community of Nepal. This black sari with a red border is worn by Newari women during festivals and cultural events.","दुई महिलाहरु परम्परागत कपडामा नाच्दैछन्। यो हकु पातासी हो, नेपालको नेवार समुदायको परम्परागत पोशाक। यो रातो सिमानाको साथ कालो साड़ी फेस्टिवल र सांस्कृतिक कार्यक्रमहरूमा नेवारी महिलाहरूले लगाउँछन्।"
nepali_dresses_augmented/haku_patasi/172_aug1.jpg,"Two women in traditional clothing dancing. This is the Haku Patasi, the traditional attire of the Newar community of Nepal. This black sari with a red border is worn by Newari women during festivals and cultural events.","दुई महिलाहरु परम्परागत कपडामा नाच्दैछन्। यो हकु पातासी हो, नेपालको नेवार समुदायको परम्परागत पोशाक। यो रातो सिमानाको साथ कालो साड़ी फेस्टिवल र सांस्कृतिक कार्यक्रमहरूमा नेवारी महिलाहरूले लगाउँछन्।"
nepali_dresses_augmented/haku_patasi/173.jpg,"A young girl in traditional costume. This is the Haku Patasi, the traditional attire of the Newar community of Nepal. This black sari with a red border is worn by Newari women during festivals and cultural events.","परम्परागत पोशाकमा एक युवती। यो हकु पातासी हो, नेपालको नेवार समुदायको परम्परागत पोशाक। यो रातो सिमानाको साथ कालो साड़ी फेस्टिवल र सांस्कृतिक कार्यक्रमहरूमा नेवारी महिलाहरूले लगाउँछन्।"
nepali_dresses_augmented/haku_patasi/173_aug1.jpg,"A young girl in traditional costume. This is the Haku Patasi, the traditional attire of the Newar community of Nepal. This black sari with a red border is worn by Newari women during festivals and cultural events.","परम्परागत पोशाकमा एक युवती। यो हकु पातासी हो, नेपालको नेवार समुदायको परम्परागत पोशाक। यो रातो सिमानाको साथ कालो साड़ी फेस्टिवल र सांस्कृतिक कार्यक्रमहरूमा नेवारी महिलाहरूले लगाउँछन्।"
nepali_dresses_augmented/haku_patasi/174.jpg,"A woman in a traditional costume. This is the Haku Patasi, the traditional attire of the Newar community of Nepal. This black sari with a red border is worn by Newari women during festivals and cultural events.","एक महिला परम्परागत पोशाकमा। यो हकु पातासी हो, नेपालको नेवार समुदायको परम्परागत पोशाक। यो रातो सिमानाको साथ कालो साड़ी फेस्टिवल र सांस्कृतिक कार्यक्रमहरूमा नेवारी महिलाहरूले लगाउँछन्।"
nepali_dresses_augmented/haku_patasi/174_aug1.jpg,"A woman in a traditional costume. This is the Haku Patasi, the traditional attire of the Newar community of Nepal. This black sari with a red border is worn by Newari women during festivals and cultural events.","एक महिला परम्परागत पोशाकमा। यो हकु पातासी हो, नेपालको नेवार समुदायको परम्परागत पोशाक। यो रातो सिमानाको साथ कालो साड़ी फेस्टिवल र सांस्कृतिक कार्यक्रमहरूमा नेवारी महिलाहरूले लगाउँछन्।"
nepali_dresses_augmented/haku_patasi/175.jpg,"A young girl in traditional dress dancing. This is the Haku Patasi, the traditional attire of the Newar community of Nepal. This black sari with a red border is worn by Newari women during festivals and cultural events.","परम्परागत पोशाकमा नाच्ने एक युवती. यो हकु पातासी हो, नेपालको नेवार समुदायको परम्परागत पोशाक। यो रातो सिमानाको साथ कालो साड़ी फेस्टिवल र सांस्कृतिक कार्यक्रमहरूमा नेवारी महिलाहरूले लगाउँछन्।"
nepali_dresses_augmented/haku_patasi/175_aug1.jpg,"A young girl in traditional dress dancing. This is the Haku Patasi, the traditional attire of the Newar community of Nepal. This black sari with a red border is worn by Newari women during festivals and cultural events.","परम्परागत पोशाकमा नाच्ने एक युवती. यो हकु पातासी हो, नेपालको नेवार समुदायको परम्परागत पोशाक। यो रातो सिमानाको साथ कालो साड़ी फेस्टिवल र सांस्कृतिक कार्यक्रमहरूमा नेवारी महिलाहरूले लगाउँछन्।"
nepali_dresses_augmented/haku_patasi/176.jpg,"A group of dancers perform during the festival. This is the Haku Patasi, the traditional attire of the Newar community of Nepal. This black sari with a red border is worn by Newari women during festivals and cultural events.","महोत्सवको समयमा नर्तकहरूको समूहले प्रदर्शन गर्दछ। यो हकु पटसी हो, नेपालको नेवार समुदायको परम्परागत पोशाक। रातो सिमानाको साथ यो कालो साड़ी महोत्सव र सांस्कृतिक कार्यक्रमहरूमा नेवारी महिलाहरूले लगाउँछन्।"
nepali_dresses_augmented/haku_patasi/176_aug1.jpg,"A group of dancers perform during the festival. This is the Haku Patasi, the traditional attire of the Newar community of Nepal. This black sari with a red border is worn by Newari women during festivals and cultural events.","महोत्सवको समयमा नर्तकहरूको समूहले प्रदर्शन गर्दछ। यो हकु पटसी हो, नेपालको नेवार समुदायको परम्परागत पोशाक। रातो सिमानाको साथ यो कालो साड़ी महोत्सव र सांस्कृतिक कार्यक्रमहरूमा नेवारी महिलाहरूले लगाउँछन्।"
nepali_dresses_augmented/haku_patasi/177.jpg,"A group of dancers perform during the festival. This is the Haku Patasi, the traditional attire of the Newar community of Nepal. This black sari with a red border is worn by Newari women during festivals and cultural events.","महोत्सवको समयमा नर्तकहरूको समूहले प्रदर्शन गर्दछ। यो हकु पटसी हो, नेपालको नेवार समुदायको परम्परागत पोशाक। रातो सिमानाको साथ यो कालो साड़ी महोत्सव र सांस्कृतिक कार्यक्रमहरूमा नेवारी महिलाहरूले लगाउँछन्।"
nepali_dresses_augmented/haku_patasi/177_aug1.jpg,"A group of dancers perform during the festival. This is the Haku Patasi, the traditional attire of the Newar community of Nepal. This black sari with a red border is worn by Newari women during festivals and cultural events.","महोत्सवको समयमा नर्तकहरूको समूहले प्रदर्शन गर्दछ। यो हकु पटसी हो, नेपालको नेवार समुदायको परम्परागत पोशाक। रातो सिमानाको साथ यो कालो साड़ी महोत्सव र सांस्कृतिक कार्यक्रमहरूमा नेवारी महिलाहरूले लगाउँछन्।"
nepali_dresses_augmented/haku_patasi/178.jpg,"A woman walking down the street in a market. This is the Haku Patasi, the traditional attire of the Newar community of Nepal. This black sari with a red border is worn by Newari women during festivals and cultural events.","एक महिला बजारमा सडकमा हिंडिरहेकी छिन्। यो हकु पटसी हो, नेपालको नेवार समुदायको परम्परागत पोशाक। यो रातो सिमानाको साथ कालो साड़ी फेस्टिवल र सांस्कृतिक कार्यक्रमहरूमा नेवारी महिलाहरूले लगाउँछन्।"
nepali_dresses_augmented/haku_patasi/178_aug1.jpg,"A woman walking down the street in a market. This is the Haku Patasi, the traditional attire of the Newar community of Nepal. This black sari with a red border is worn by Newari women during festivals and cultural events.","एक महिला बजारमा सडकमा हिंडिरहेकी छिन्। यो हकु पटसी हो, नेपालको नेवार समुदायको परम्परागत पोशाक। यो रातो सिमानाको साथ कालो साड़ी फेस्टिवल र सांस्कृतिक कार्यक्रमहरूमा नेवारी महिलाहरूले लगाउँछन्।"
nepali_dresses_augmented/haku_patasi/179.jpg,"A man and woman standing next to each other people. This is the Haku Patasi, the traditional attire of the Newar community of Nepal. This black sari with a red border is worn by Newari women during festivals and cultural events.","एक पुरुष र एक महिला एक अर्काको छेउमा उभिरहेका छन्। यो हकु पटसी हो, नेपालको नेवार समुदायको परम्परागत पोशाक। यो रातो सिमानाको साथ कालो साड़ी फेस्टिवल र सांस्कृतिक कार्यक्रमहरूमा नेवारी महिलाहरूले लगाउँछन्।"
nepali_dresses_augmented/haku_patasi/179_aug1.jpg,"A man and woman standing next to each other people. This is the Haku Patasi, the traditional attire of the Newar community of Nepal. This black sari with a red border is worn by Newari women during festivals and cultural events.","एक पुरुष र एक महिला एक अर्काको छेउमा उभिरहेका छन्। यो हकु पटसी हो, नेपालको नेवार समुदायको परम्परागत पोशाक। यो रातो सिमानाको साथ कालो साड़ी फेस्टिवल र सांस्कृतिक कार्यक्रमहरूमा नेवारी महिलाहरूले लगाउँछन्।"
nepali_dresses_augmented/haku_patasi/17_aug1.jpg,"A mother and daughter in traditional costumes. This is the Haku Patasi, the traditional attire of the Newar community of Nepal. This black sari with a red border is worn by Newari women during festivals and cultural events.","परम्परागत पोशाकमा आमा र छोरी। यो हकु पातासी हो, नेपालको नेवार समुदायको परम्परागत पोशाक। यो रातो सिमानाको साथ कालो साड़ी फेस्टिवल र सांस्कृतिक कार्यक्रमहरूमा नेवारी महिलाहरूले लगाउँछन्।"
nepali_dresses_augmented/haku_patasi/17_aug2.jpg,"A mother and daughter in traditional costumes. This is the Haku Patasi, the traditional attire of the Newar community of Nepal. This black sari with a red border is worn by Newari women during festivals and cultural events.","परम्परागत पोशाकमा आमा र छोरी। यो हकु पातासी हो, नेपालको नेवार समुदायको परम्परागत पोशाक। यो रातो सिमानाको साथ कालो साड़ी फेस्टिवल र सांस्कृतिक कार्यक्रमहरूमा नेवारी महिलाहरूले लगाउँछन्।"
nepali_dresses_augmented/haku_patasi/18.jpg,"A group of young girls in traditional dress. This is the Haku Patasi, the traditional attire of the Newar community of Nepal. This black sari with a red border is worn by Newari women during festivals and cultural events.",नेपालको नेवार समुदायको परम्परागत पोशाक हकु पातासी हो। यो रातो सिमानाको साथ कालो साड़ी पर्व र सांस्कृतिक कार्यक्रमहरूमा नेवारी महिलाहरूले लगाउँछन्।
nepali_dresses_augmented/haku_patasi/180.jpg,"A woman in a white and red sari. This is the Haku Patasi, the traditional attire of the Newar community of Nepal. This black sari with a red border is worn by Newari women during festivals and cultural events.","एक महिला सेतो र रातो साड़ीमा। यो Haku Patasi हो, नेपालको नेवार समुदायको परम्परागत पोशाक। यो रातो सिमानाको साथ कालो साड़ी उत्सव र सांस्कृतिक कार्यक्रमहरूमा नेवारी महिलाहरूले लगाउँछन्।"
nepali_dresses_augmented/haku_patasi/180_aug1.jpg,"A woman in a white and red sari. This is the Haku Patasi, the traditional attire of the Newar community of Nepal. This black sari with a red border is worn by Newari women during festivals and cultural events.","एक महिला सेतो र रातो साड़ीमा। यो Haku Patasi हो, नेपालको नेवार समुदायको परम्परागत पोशाक। यो रातो सिमानाको साथ कालो साड़ी उत्सव र सांस्कृतिक कार्यक्रमहरूमा नेवारी महिलाहरूले लगाउँछन्।"
nepali_dresses_augmented/haku_patasi/181.jpg,"A woman in a white shirt, black skirt and red scarf. This is the Haku Patasi, the traditional attire of the Newar community of Nepal. This black sari with a red border is worn by Newari women during festivals and cultural events.","एक महिला एक सेतो शर्ट, कालो स्कर्ट र रातो स्कार्फ मा। यो Haku Patasi हो, नेपालको नेवार समुदायको परम्परागत पोशाक। यो रातो सीमाको साथ कालो साड़ी फेस्टिवल र सांस्कृतिक कार्यक्रमहरूमा नेवारी महिलाहरूले लगाउँछन्।"
nepali_dresses_augmented/haku_patasi/181_aug1.jpg,"A woman in a white shirt, black skirt and red scarf. This is the Haku Patasi, the traditional attire of the Newar community of Nepal. This black sari with a red border is worn by Newari women during festivals and cultural events.","एक महिला एक सेतो शर्ट, कालो स्कर्ट र रातो स्कार्फ मा। यो Haku Patasi हो, नेपालको नेवार समुदायको परम्परागत पोशाक। यो रातो सीमाको साथ कालो साड़ी फेस्टिवल र सांस्कृतिक कार्यक्रमहरूमा नेवारी महिलाहरूले लगाउँछन्।"
nepali_dresses_augmented/haku_patasi/182.jpg,"A woman in traditional clothing. This is the Haku Patasi, the traditional attire of the Newar community of Nepal. This black sari with a red border is worn by Newari women during festivals and cultural events.","परम्परागत लुगा लगाउने महिला. यो हकु पातासी हो, नेपालको नेवार समुदायको परम्परागत पोशाक। यो रातो सिमानाको साथ कालो साड़ी फेस्टिवल र सांस्कृतिक कार्यक्रमहरूमा नेवारी महिलाहरूले लगाउँछन्।"
nepali_dresses_augmented/haku_patasi/182_aug1.jpg,"A woman in traditional clothing. This is the Haku Patasi, the traditional attire of the Newar community of Nepal. This black sari with a red border is worn by Newari women during festivals and cultural events.","परम्परागत लुगा लगाउने महिला. यो हकु पातासी हो, नेपालको नेवार समुदायको परम्परागत पोशाक। यो रातो सिमानाको साथ कालो साड़ी फेस्टिवल र सांस्कृतिक कार्यक्रमहरूमा नेवारी महिलाहरूले लगाउँछन्।"
nepali_dresses_augmented/haku_patasi/183.jpg,"A woman standing in front of a tree. This is the Haku Patasi, the traditional attire of the Newar community of Nepal. This black sari with a red border is worn by Newari women during festivals and cultural events.","एक महिला एक रूखको अगाडि उभिएकी छिन्। यो हकु पातासी हो, नेपालको नेवार समुदायको परम्परागत पोशाक। यो रातो सिमानाको साथ कालो साड़ी फेस्टिवल र सांस्कृतिक कार्यक्रमहरूमा नेवारी महिलाहरूले लगाउँछन्।"
nepali_dresses_augmented/haku_patasi/183_aug1.jpg,"A woman standing in front of a tree. This is the Haku Patasi, the traditional attire of the Newar community of Nepal. This black sari with a red border is worn by Newari women during festivals and cultural events.","एक महिला एक रूखको अगाडि उभिएकी छिन्। यो हकु पातासी हो, नेपालको नेवार समुदायको परम्परागत पोशाक। यो रातो सिमानाको साथ कालो साड़ी फेस्टिवल र सांस्कृतिक कार्यक्रमहरूमा नेवारी महिलाहरूले लगाउँछन्।"
nepali_dresses_augmented/haku_patasi/184.jpg,"A woman in a white shirt and black pants with her hands up. This is the Haku Patasi, the traditional attire of the Newar community of Nepal. This black sari with a red border is worn by Newari women during festivals and cultural events.","एक महिला एक सेतो शर्ट र कालो पैंटमा हात उठाएर। यो Haku Patasi हो, नेपालको Newar समुदायको परम्परागत पोशाक। यो रातो सिमानाको साथ कालो साड़ी फेस्टिवल र सांस्कृतिक कार्यक्रमहरूमा Newari महिलाहरूले लगाउँछन्।"
nepali_dresses_augmented/haku_patasi/184_aug1.jpg,"A woman in a white shirt and black pants with her hands up. This is the Haku Patasi, the traditional attire of the Newar community of Nepal. This black sari with a red border is worn by Newari women during festivals and cultural events.","एक महिला एक सेतो शर्ट र कालो पैंटमा हात उठाएर। यो Haku Patasi हो, नेपालको Newar समुदायको परम्परागत पोशाक। यो रातो सिमानाको साथ कालो साड़ी फेस्टिवल र सांस्कृतिक कार्यक्रमहरूमा Newari महिलाहरूले लगाउँछन्।"
nepali_dresses_augmented/haku_patasi/185.jpg,"A woman in traditional dress holding an oil lamp. This is the Haku Patasi, the traditional attire of the Newar community of Nepal. This black sari with a red border is worn by Newari women during festivals and cultural events.",नेपालको नेवार समुदायको परम्परागत पोशाक हकु पातासी हो। यो रातो सिमानाको साथ कालो साड़ी पर्व र सांस्कृतिक कार्यक्रमहरूमा नेवारी महिलाहरूले लगाउँछन्।
nepali_dresses_augmented/haku_patasi/185_aug1.jpg,"A woman in traditional dress holding an oil lamp. This is the Haku Patasi, the traditional attire of the Newar community of Nepal. This black sari with a red border is worn by Newari women during festivals and cultural events.",नेपालको नेवार समुदायको परम्परागत पोशाक हकु पातासी हो। यो रातो सिमानाको साथ कालो साड़ी पर्व र सांस्कृतिक कार्यक्रमहरूमा नेवारी महिलाहरूले लगाउँछन्।
nepali_dresses_augmented/haku_patasi/186.jpg,"A group of people playing drums in the street. This is the Haku Patasi, the traditional attire of the Newar community of Nepal. This black sari with a red border is worn by Newari women during festivals and cultural events.","सडकमा ड्रम खेल्ने मानिसहरूको समूह। यो हकु पटसी हो, नेपालको नेवार समुदायको परम्परागत पोशाक। यो रातो सिमानाको साथ कालो साड़ी फेस्टिवल र सांस्कृतिक कार्यक्रमहरूमा नेवारी महिलाहरूले लगाउँछन्।"
nepali_dresses_augmented/haku_patasi/186_aug1.jpg,"A group of people playing drums in the street. This is the Haku Patasi, the traditional attire of the Newar community of Nepal. This black sari with a red border is worn by Newari women during festivals and cultural events.","सडकमा ड्रम खेल्ने मानिसहरूको समूह। यो हकु पटसी हो, नेपालको नेवार समुदायको परम्परागत पोशाक। यो रातो सिमानाको साथ कालो साड़ी फेस्टिवल र सांस्कृतिक कार्यक्रमहरूमा नेवारी महिलाहरूले लगाउँछन्।"
nepali_dresses_augmented/haku_patasi/187.jpg,"A young girl in traditional dress. This is the Haku Patasi, the traditional attire of the Newar community of Nepal. This black sari with a red border is worn by Newari women during festivals and cultural events.","परम्परागत पोशाकमा एक युवती। यो हकु पातासी हो, नेपालको नेवार समुदायको परम्परागत पोशाक। यो रातो सिमानाको साथ कालो साड़ी पर्व र सांस्कृतिक कार्यक्रमहरूमा नेवारी महिलाहरूले लगाउँछन्।"
nepali_dresses_augmented/haku_patasi/187_aug1.jpg,"A young girl in traditional dress. This is the Haku Patasi, the traditional attire of the Newar community of Nepal. This black sari with a red border is worn by Newari women during festivals and cultural events.","परम्परागत पोशाकमा एक युवती। यो हकु पातासी हो, नेपालको नेवार समुदायको परम्परागत पोशाक। यो रातो सिमानाको साथ कालो साड़ी पर्व र सांस्कृतिक कार्यक्रमहरूमा नेवारी महिलाहरूले लगाउँछन्।"
nepali_dresses_augmented/haku_patasi/18_aug1.jpg,"A group of young girls in traditional dress. This is the Haku Patasi, the traditional attire of the Newar community of Nepal. This black sari with a red border is worn by Newari women during festivals and cultural events.",नेपालको नेवार समुदायको परम्परागत पोशाक हकु पातासी हो। यो रातो सिमानाको साथ कालो साड़ी पर्व र सांस्कृतिक कार्यक्रमहरूमा नेवारी महिलाहरूले लगाउँछन्।
nepali_dresses_augmented/haku_patasi/18_aug2.jpg,"A group of young girls in traditional dress. This is the Haku Patasi, the traditional attire of the Newar community of Nepal. This black sari with a red border is worn by Newari women during festivals and cultural events.",नेपालको नेवार समुदायको परम्परागत पोशाक हकु पातासी हो। यो रातो सिमानाको साथ कालो साड़ी पर्व र सांस्कृतिक कार्यक्रमहरूमा नेवारी महिलाहरूले लगाउँछन्।
nepali_dresses_augmented/haku_patasi/19.jpg,"A group of women in traditional dress walking down the street. This is the Haku Patasi, the traditional attire of the Newar community of Nepal. This black sari with a red border is worn by Newari women during festivals and cultural events.","परम्परागत पोशाकमा सडकमा हिड्ने महिलाहरूको समूह। यो हकु पातासी हो, नेपालको नेवार समुदायको परम्परागत पोशाक। यो रातो सिमानाको साथ कालो साड़ी फेस्टिवल र सांस्कृतिक कार्यक्रमहरूमा नेवारी महिलाहरूले लगाउँछन्।"
nepali_dresses_augmented/haku_patasi/19_aug1.jpg,"A group of women in traditional dress walking down the street. This is the Haku Patasi, the traditional attire of the Newar community of Nepal. This black sari with a red border is worn by Newari women during festivals and cultural events.","परम्परागत पोशाकमा सडकमा हिड्ने महिलाहरूको समूह। यो हकु पातासी हो, नेपालको नेवार समुदायको परम्परागत पोशाक। यो रातो सिमानाको साथ कालो साड़ी फेस्टिवल र सांस्कृतिक कार्यक्रमहरूमा नेवारी महिलाहरूले लगाउँछन्।"
nepali_dresses_augmented/haku_patasi/19_aug2.jpg,"A group of women in traditional dress walking down the street. This is the Haku Patasi, the traditional attire of the Newar community of Nepal. This black sari with a red border is worn by Newari women during festivals and cultural events.","परम्परागत पोशाकमा सडकमा हिड्ने महिलाहरूको समूह। यो हकु पातासी हो, नेपालको नेवार समुदायको परम्परागत पोशाक। यो रातो सिमानाको साथ कालो साड़ी फेस्टिवल र सांस्कृतिक कार्यक्रमहरूमा नेवारी महिलाहरूले लगाउँछन्।"
nepali_dresses_augmented/haku_patasi/1_aug1.jpg,"A woman in a black and red sari. This is the Haku Patasi, the traditional attire of the Newar community of Nepal. This black sari with a red border is worn by Newari women during festivals and cultural events.",नेपालको नेवार समुदायको परम्परागत पोशाक हकु पातासी हो। यो रातो सिमानाको साथ कालो साड़ी पर्व र सांस्कृतिक कार्यक्रमहरूमा नेवारी महिलाहरूले लगाउँछन्।
nepali_dresses_augmented/haku_patasi/1_aug2.jpg,"A woman in a black and red sari. This is the Haku Patasi, the traditional attire of the Newar community of Nepal. This black sari with a red border is worn by Newari women during festivals and cultural events.",नेपालको नेवार समुदायको परम्परागत पोशाक हकु पातासी हो। यो रातो सिमानाको साथ कालो साड़ी पर्व र सांस्कृतिक कार्यक्रमहरूमा नेवारी महिलाहरूले लगाउँछन्।
nepali_dresses_augmented/haku_patasi/2.jpg,"A black and white dress with red trims. This is the Haku Patasi, the traditional attire of the Newar community of Nepal. This black sari with a red border is worn by Newari women during festivals and cultural events.",नेपालको नेवार समुदायको परम्परागत पोशाक हकु पातासी हो। यो रातो सिमानाको साथ कालो साड़ी फेस्टिवल र सांस्कृतिक कार्यक्रमहरूमा नेवारी महिलाहरूले लगाउँछन्।
nepali_dresses_augmented/haku_patasi/20.jpg,"A black and red dress with gold trim. This is the Haku Patasi, the traditional attire of the Newar community of Nepal. This black sari with a red border is worn by Newari women during festivals and cultural events.","सुनको सजावटको साथ कालो र रातो पोशाक। यो हकु पातासी हो, नेपालको नेवार समुदायको परम्परागत पोशाक। यो रातो सिमानाको साथ कालो साड़ी फेस्टिवल र सांस्कृतिक कार्यक्रमहरूमा नेवारी महिलाहरूले लगाउँछन्।"
nepali_dresses_augmented/haku_patasi/20_aug1.jpg,"A black and red dress with gold trim. This is the Haku Patasi, the traditional attire of the Newar community of Nepal. This black sari with a red border is worn by Newari women during festivals and cultural events.","सुनको सजावटको साथ कालो र रातो पोशाक। यो हकु पातासी हो, नेपालको नेवार समुदायको परम्परागत पोशाक। यो रातो सिमानाको साथ कालो साड़ी फेस्टिवल र सांस्कृतिक कार्यक्रमहरूमा नेवारी महिलाहरूले लगाउँछन्।"
nepali_dresses_augmented/haku_patasi/20_aug2.jpg,"A black and red dress with gold trim. This is the Haku Patasi, the traditional attire of the Newar community of Nepal. This black sari with a red border is worn by Newari women during festivals and cultural events.","सुनको सजावटको साथ कालो र रातो पोशाक। यो हकु पातासी हो, नेपालको नेवार समुदायको परम्परागत पोशाक। यो रातो सिमानाको साथ कालो साड़ी फेस्टिवल र सांस्कृतिक कार्यक्रमहरूमा नेवारी महिलाहरूले लगाउँछन्।"
nepali_dresses_augmented/haku_patasi/21.jpg,"An indian woman in traditional clothing. This is the Haku Patasi, the traditional attire of the Newar community of Nepal. This black sari with a red border is worn by Newari women during festivals and cultural events.","परम्परागत कपडा लगाउने एक भारतीय महिला. यो हकु पातासी हो, नेपालको नेवार समुदायको परम्परागत पोशाक। यो रातो सिमानाको साथ कालो साड़ी पर्व र सांस्कृतिक कार्यक्रमहरूमा नेवारी महिलाहरूले लगाउँछन्।"
nepali_dresses_augmented/haku_patasi/21_aug1.jpg,"An indian woman in traditional clothing. This is the Haku Patasi, the traditional attire of the Newar community of Nepal. This black sari with a red border is worn by Newari women during festivals and cultural events.","परम्परागत कपडा लगाउने एक भारतीय महिला. यो हकु पातासी हो, नेपालको नेवार समुदायको परम्परागत पोशाक। यो रातो सिमानाको साथ कालो साड़ी पर्व र सांस्कृतिक कार्यक्रमहरूमा नेवारी महिलाहरूले लगाउँछन्।"
nepali_dresses_augmented/haku_patasi/21_aug2.jpg,"An indian woman in traditional clothing. This is the Haku Patasi, the traditional attire of the Newar community of Nepal. This black sari with a red border is worn by Newari women during festivals and cultural events.","परम्परागत कपडा लगाउने एक भारतीय महिला. यो हकु पातासी हो, नेपालको नेवार समुदायको परम्परागत पोशाक। यो रातो सिमानाको साथ कालो साड़ी पर्व र सांस्कृतिक कार्यक्रमहरूमा नेवारी महिलाहरूले लगाउँछन्।"
nepali_dresses_augmented/haku_patasi/22.jpg,"A group of girls in traditional dress. This is the Haku Patasi, the traditional attire of the Newar community of Nepal. This black sari with a red border is worn by Newari women during festivals and cultural events.","परम्परागत पोशाकमा एक समूह केटीहरू। यो हकु पातासी हो, नेपालको नेवार समुदायको परम्परागत पोशाक। यो रातो सिमानाको साथ कालो साड़ी फेस्टिवल र सांस्कृतिक कार्यक्रमहरूमा नेवारी महिलाहरूले लगाउँछन्।"
nepali_dresses_augmented/haku_patasi/22_aug1.jpg,"A group of girls in traditional dress. This is the Haku Patasi, the traditional attire of the Newar community of Nepal. This black sari with a red border is worn by Newari women during festivals and cultural events.","परम्परागत पोशाकमा एक समूह केटीहरू। यो हकु पातासी हो, नेपालको नेवार समुदायको परम्परागत पोशाक। यो रातो सिमानाको साथ कालो साड़ी फेस्टिवल र सांस्कृतिक कार्यक्रमहरूमा नेवारी महिलाहरूले लगाउँछन्।"
nepali_dresses_augmented/haku_patasi/22_aug2.jpg,"A group of girls in traditional dress. This is the Haku Patasi, the traditional attire of the Newar community of Nepal. This black sari with a red border is worn by Newari women during festivals and cultural events.","परम्परागत पोशाकमा एक समूह केटीहरू। यो हकु पातासी हो, नेपालको नेवार समुदायको परम्परागत पोशाक। यो रातो सिमानाको साथ कालो साड़ी फेस्टिवल र सांस्कृतिक कार्यक्रमहरूमा नेवारी महिलाहरूले लगाउँछन्।"
nepali_dresses_augmented/haku_patasi/23.jpg,"Two children in traditional clothing posing for the camera. This is the Haku Patasi, the traditional attire of the Newar community of Nepal. This black sari with a red border is worn by Newari women during festivals and cultural events.","दुई बच्चाहरू परम्परागत कपडामा क्यामेराको लागि पोज गर्दै छन्। यो हकु पातासी हो, नेपालको नेवार समुदायको परम्परागत पोशाक। यो रातो सिमानाको साथ कालो साड़ी फेस्टिवल र सांस्कृतिक कार्यक्रमहरूमा नेवारी महिलाहरूले लगाउँछन्।"
nepali_dresses_augmented/haku_patasi/23_aug1.jpg,"Two children in traditional clothing posing for the camera. This is the Haku Patasi, the traditional attire of the Newar community of Nepal. This black sari with a red border is worn by Newari women during festivals and cultural events.","दुई बच्चाहरू परम्परागत कपडामा क्यामेराको लागि पोज गर्दै छन्। यो हकु पातासी हो, नेपालको नेवार समुदायको परम्परागत पोशाक। यो रातो सिमानाको साथ कालो साड़ी फेस्टिवल र सांस्कृतिक कार्यक्रमहरूमा नेवारी महिलाहरूले लगाउँछन्।"
nepali_dresses_augmented/haku_patasi/23_aug2.jpg,"Two children in traditional clothing posing for the camera. This is the Haku Patasi, the traditional attire of the Newar community of Nepal. This black sari with a red border is worn by Newari women during festivals and cultural events.","दुई बच्चाहरू परम्परागत कपडामा क्यामेराको लागि पोज गर्दै छन्। यो हकु पातासी हो, नेपालको नेवार समुदायको परम्परागत पोशाक। यो रातो सिमानाको साथ कालो साड़ी फेस्टिवल र सांस्कृतिक कार्यक्रमहरूमा नेवारी महिलाहरूले लगाउँछन्।"
nepali_dresses_augmented/haku_patasi/24.jpg,"A boy and girl dressed in traditional costumes. This is the Haku Patasi, the traditional attire of the Newar community of Nepal. This black sari with a red border is worn by Newari women during festivals and cultural events.","एक केटा र केटी परम्परागत पोशाकमा लुगा लगाएका छन्। यो हकु पातासी हो, नेपालको नेवार समुदायको परम्परागत पोशाक। यो रातो सिमानाको साथ कालो साड़ी फेस्टिवल र सांस्कृतिक कार्यक्रमहरूमा नेवारी महिलाहरूले लगाउँछन्।"
nepali_dresses_augmented/haku_patasi/24_aug1.jpg,"A boy and girl dressed in traditional costumes. This is the Haku Patasi, the traditional attire of the Newar community of Nepal. This black sari with a red border is worn by Newari women during festivals and cultural events.","एक केटा र केटी परम्परागत पोशाकमा लुगा लगाएका छन्। यो हकु पातासी हो, नेपालको नेवार समुदायको परम्परागत पोशाक। यो रातो सिमानाको साथ कालो साड़ी फेस्टिवल र सांस्कृतिक कार्यक्रमहरूमा नेवारी महिलाहरूले लगाउँछन्।"
nepali_dresses_augmented/haku_patasi/24_aug2.jpg,"A boy and girl dressed in traditional costumes. This is the Haku Patasi, the traditional attire of the Newar community of Nepal. This black sari with a red border is worn by Newari women during festivals and cultural events.","एक केटा र केटी परम्परागत पोशाकमा लुगा लगाएका छन्। यो हकु पातासी हो, नेपालको नेवार समुदायको परम्परागत पोशाक। यो रातो सिमानाको साथ कालो साड़ी फेस्टिवल र सांस्कृतिक कार्यक्रमहरूमा नेवारी महिलाहरूले लगाउँछन्।"
nepali_dresses_augmented/haku_patasi/25.jpg,"A group of women dressed in red and black walking down the street - stock image. This is the Haku Patasi, the traditional attire of the Newar community of Nepal. This black sari with a red border is worn by Newari women during festivals and cultural events.",नेपालको नेवार समुदायको परम्परागत पोशाक हकु पाटसी हो । रातो र कालो रंगमा लुगा लगाएका महिलाहरूको समूह सडकमा हिडिरहेका छन् - स्टक छवि। यो रातो र कालो सीमाको साथ यो कालो साड़ी पर्व र सांस्कृतिक कार्यक्रमहरूमा नेवारी महिलाहरूले लगाउँछन्।
nepali_dresses_augmented/haku_patasi/25_aug1.jpg,"A group of women dressed in red and black walking down the street - stock image. This is the Haku Patasi, the traditional attire of the Newar community of Nepal. This black sari with a red border is worn by Newari women during festivals and cultural events.",नेपालको नेवार समुदायको परम्परागत पोशाक हकु पाटसी हो । रातो र कालो रंगमा लुगा लगाएका महिलाहरूको समूह सडकमा हिडिरहेका छन् - स्टक छवि। यो रातो र कालो सीमाको साथ यो कालो साड़ी पर्व र सांस्कृतिक कार्यक्रमहरूमा नेवारी महिलाहरूले लगाउँछन्।
nepali_dresses_augmented/haku_patasi/25_aug2.jpg,"A group of women dressed in red and black walking down the street - stock image. This is the Haku Patasi, the traditional attire of the Newar community of Nepal. This black sari with a red border is worn by Newari women during festivals and cultural events.",नेपालको नेवार समुदायको परम्परागत पोशाक हकु पाटसी हो । रातो र कालो रंगमा लुगा लगाएका महिलाहरूको समूह सडकमा हिडिरहेका छन् - स्टक छवि। यो रातो र कालो सीमाको साथ यो कालो साड़ी पर्व र सांस्कृतिक कार्यक्रमहरूमा नेवारी महिलाहरूले लगाउँछन्।
nepali_dresses_augmented/haku_patasi/26.jpg,"A group of women in traditional dress at a hindu temple in india - stock image. This is the Haku Patasi, the traditional attire of the Newar community of Nepal. This black sari with a red border is worn by Newari women during festivals and cultural events.",भारतको एक हिन्दू मन्दिरमा परम्परागत पोशाकमा महिलाहरूको समूह - स्टक छवि। यो नेपालको नेवार समुदायको परम्परागत पोशाक हकु पातासी हो। यो रातो सिमानाको साथ कालो साड़ी पर्व र सांस्कृतिक कार्यक्रमहरूमा नेवारी महिलाहरूले लगाउँछन्।
nepali_dresses_augmented/haku_patasi/26_aug1.jpg,"A group of women in traditional dress at a hindu temple in india - stock image. This is the Haku Patasi, the traditional attire of the Newar community of Nepal. This black sari with a red border is worn by Newari women during festivals and cultural events.",भारतको एक हिन्दू मन्दिरमा परम्परागत पोशाकमा महिलाहरूको समूह - स्टक छवि। यो नेपालको नेवार समुदायको परम्परागत पोशाक हकु पातासी हो। यो रातो सिमानाको साथ कालो साड़ी पर्व र सांस्कृतिक कार्यक्रमहरूमा नेवारी महिलाहरूले लगाउँछन्।
nepali_dresses_augmented/haku_patasi/26_aug2.jpg,"A group of women in traditional dress at a hindu temple in india - stock image. This is the Haku Patasi, the traditional attire of the Newar community of Nepal. This black sari with a red border is worn by Newari women during festivals and cultural events.",भारतको एक हिन्दू मन्दिरमा परम्परागत पोशाकमा महिलाहरूको समूह - स्टक छवि। यो नेपालको नेवार समुदायको परम्परागत पोशाक हकु पातासी हो। यो रातो सिमानाको साथ कालो साड़ी पर्व र सांस्कृतिक कार्यक्रमहरूमा नेवारी महिलाहरूले लगाउँछन्।
nepali_dresses_augmented/haku_patasi/27.jpg,"A group of people standing next to each other people. This is the Haku Patasi, the traditional attire of the Newar community of Nepal. This black sari with a red border is worn by Newari women during festivals and cultural events.",नेपालको नेवार समुदायको परम्परागत पोशाक हकु पातासी हो। यो रातो सिमानाको साथ कालो साड़ी पर्व र सांस्कृतिक कार्यक्रमहरूमा नेवारी महिलाहरूले लगाउँछन्।
nepali_dresses_augmented/haku_patasi/27_aug1.jpg,"A group of people standing next to each other people. This is the Haku Patasi, the traditional attire of the Newar community of Nepal. This black sari with a red border is worn by Newari women during festivals and cultural events.",नेपालको नेवार समुदायको परम्परागत पोशाक हकु पातासी हो। यो रातो सिमानाको साथ कालो साड़ी पर्व र सांस्कृतिक कार्यक्रमहरूमा नेवारी महिलाहरूले लगाउँछन्।
nepali_dresses_augmented/haku_patasi/27_aug2.jpg,"A group of people standing next to each other people. This is the Haku Patasi, the traditional attire of the Newar community of Nepal. This black sari with a red border is worn by Newari women during festivals and cultural events.",नेपालको नेवार समुदायको परम्परागत पोशाक हकु पातासी हो। यो रातो सिमानाको साथ कालो साड़ी पर्व र सांस्कृतिक कार्यक्रमहरूमा नेवारी महिलाहरूले लगाउँछन्।
nepali_dresses_augmented/haku_patasi/28.jpg,"A group of women in traditional dress playing drums and singing in the streets of kathmandu, nepal - stock image. This is the Haku Patasi, the traditional attire of the Newar community of Nepal. This black sari with a red border is worn by Newari women during festivals and cultural events.",नेपालको नेवार समुदायको परम्परागत पोशाक हाकु पटसी हो । रातो सिमानाको यो कालो साड़ी पर्व र सांस्कृतिक कार्यक्रमहरूमा नेवारी महिलाहरूले लगाउने गर्छन् ।
nepali_dresses_augmented/haku_patasi/28_aug1.jpg,"A group of women in traditional dress playing drums and singing in the streets of kathmandu, nepal - stock image. This is the Haku Patasi, the traditional attire of the Newar community of Nepal. This black sari with a red border is worn by Newari women during festivals and cultural events.",नेपालको नेवार समुदायको परम्परागत पोशाक हाकु पटसी हो । रातो सिमानाको यो कालो साड़ी पर्व र सांस्कृतिक कार्यक्रमहरूमा नेवारी महिलाहरूले लगाउने गर्छन् ।
nepali_dresses_augmented/haku_patasi/28_aug2.jpg,"A group of women in traditional dress playing drums and singing in the streets of kathmandu, nepal - stock image. This is the Haku Patasi, the traditional attire of the Newar community of Nepal. This black sari with a red border is worn by Newari women during festivals and cultural events.",नेपालको नेवार समुदायको परम्परागत पोशाक हाकु पटसी हो । रातो सिमानाको यो कालो साड़ी पर्व र सांस्कृतिक कार्यक्रमहरूमा नेवारी महिलाहरूले लगाउने गर्छन् ।
nepali_dresses_augmented/haku_patasi/29.jpg,"An indian woman in traditional clothing. This is the Haku Patasi, the traditional attire of the Newar community of Nepal. This black sari with a red border is worn by Newari women during festivals and cultural events.","परम्परागत कपडा लगाउने एक भारतीय महिला. यो हकु पातासी हो, नेपालको नेवार समुदायको परम्परागत पोशाक। यो रातो सिमानाको साथ कालो साड़ी पर्व र सांस्कृतिक कार्यक्रमहरूमा नेवारी महिलाहरूले लगाउँछन्।"
nepali_dresses_augmented/haku_patasi/29_aug1.jpg,"An indian woman in traditional clothing. This is the Haku Patasi, the traditional attire of the Newar community of Nepal. This black sari with a red border is worn by Newari women during festivals and cultural events.","परम्परागत कपडा लगाउने एक भारतीय महिला. यो हकु पातासी हो, नेपालको नेवार समुदायको परम्परागत पोशाक। यो रातो सिमानाको साथ कालो साड़ी पर्व र सांस्कृतिक कार्यक्रमहरूमा नेवारी महिलाहरूले लगाउँछन्।"
nepali_dresses_augmented/haku_patasi/29_aug2.jpg,"An indian woman in traditional clothing. This is the Haku Patasi, the traditional attire of the Newar community of Nepal. This black sari with a red border is worn by Newari women during festivals and cultural events.","परम्परागत कपडा लगाउने एक भारतीय महिला. यो हकु पातासी हो, नेपालको नेवार समुदायको परम्परागत पोशाक। यो रातो सिमानाको साथ कालो साड़ी पर्व र सांस्कृतिक कार्यक्रमहरूमा नेवारी महिलाहरूले लगाउँछन्।"
nepali_dresses_augmented/haku_patasi/2_aug1.jpg,"A black and white dress with red trims. This is the Haku Patasi, the traditional attire of the Newar community of Nepal. This black sari with a red border is worn by Newari women during festivals and cultural events.",नेपालको नेवार समुदायको परम्परागत पोशाक हकु पातासी हो। यो रातो सिमानाको साथ कालो साड़ी फेस्टिवल र सांस्कृतिक कार्यक्रमहरूमा नेवारी महिलाहरूले लगाउँछन्।
nepali_dresses_augmented/haku_patasi/2_aug2.jpg,"A black and white dress with red trims. This is the Haku Patasi, the traditional attire of the Newar community of Nepal. This black sari with a red border is worn by Newari women during festivals and cultural events.",नेपालको नेवार समुदायको परम्परागत पोशाक हकु पातासी हो। यो रातो सिमानाको साथ कालो साड़ी फेस्टिवल र सांस्कृतिक कार्यक्रमहरूमा नेवारी महिलाहरूले लगाउँछन्।
nepali_dresses_augmented/haku_patasi/3.jpg,"The back view of a woman wearing a white and red sari. This is the Haku Patasi, the traditional attire of the Newar community of Nepal. This black sari with a red border is worn by Newari women during festivals and cultural events.",नेपालको नेवार समुदायको परम्परागत पोशाक हकु पातासी हो। यो रातो सिमानाको साथ कालो साड़ी पर्व र सांस्कृतिक कार्यक्रमहरूमा नेवारी महिलाहरूले लगाउँछन्।
nepali_dresses_augmented/haku_patasi/30.jpg,"A woman in traditional clothing holding a gold bowl. This is the Haku Patasi, the traditional attire of the Newar community of Nepal. This black sari with a red border is worn by Newari women during festivals and cultural events.",नेपालको नेवार समुदायको परम्परागत पोशाक हकु पातासी हो। यो रातो सिमानाको साथ कालो साड़ी पर्व र सांस्कृतिक कार्यक्रमहरूमा नेवारी महिलाहरूले लगाउँछन्।
nepali_dresses_augmented/haku_patasi/30_aug1.jpg,"A woman in traditional clothing holding a gold bowl. This is the Haku Patasi, the traditional attire of the Newar community of Nepal. This black sari with a red border is worn by Newari women during festivals and cultural events.",नेपालको नेवार समुदायको परम्परागत पोशाक हकु पातासी हो। यो रातो सिमानाको साथ कालो साड़ी पर्व र सांस्कृतिक कार्यक्रमहरूमा नेवारी महिलाहरूले लगाउँछन्।
nepali_dresses_augmented/haku_patasi/30_aug2.jpg,"A woman in traditional clothing holding a gold bowl. This is the Haku Patasi, the traditional attire of the Newar community of Nepal. This black sari with a red border is worn by Newari women during festivals and cultural events.",नेपालको नेवार समुदायको परम्परागत पोशाक हकु पातासी हो। यो रातो सिमानाको साथ कालो साड़ी पर्व र सांस्कृतिक कार्यक्रमहरूमा नेवारी महिलाहरूले लगाउँछन्।
nepali_dresses_augmented/haku_patasi/31.jpg,"A woman in traditional dress playing a flute. This is the Haku Patasi, the traditional attire of the Newar community of Nepal. This black sari with a red border is worn by Newari women during festivals and cultural events.",नेपालको नेवार समुदायको परम्परागत पोशाक हकु पातासी हो। यो रातो सिमानाको साथ कालो साड़ी पर्व र सांस्कृतिक कार्यक्रमहरूमा नेवारी महिलाहरूले लगाउँछन्।
nepali_dresses_augmented/haku_patasi/31_aug1.jpg,"A woman in traditional dress playing a flute. This is the Haku Patasi, the traditional attire of the Newar community of Nepal. This black sari with a red border is worn by Newari women during festivals and cultural events.",नेपालको नेवार समुदायको परम्परागत पोशाक हकु पातासी हो। यो रातो सिमानाको साथ कालो साड़ी पर्व र सांस्कृतिक कार्यक्रमहरूमा नेवारी महिलाहरूले लगाउँछन्।
nepali_dresses_augmented/haku_patasi/31_aug2.jpg,"A woman in traditional dress playing a flute. This is the Haku Patasi, the traditional attire of the Newar community of Nepal. This black sari with a red border is worn by Newari women during festivals and cultural events.",नेपालको नेवार समुदायको परम्परागत पोशाक हकु पातासी हो। यो रातो सिमानाको साथ कालो साड़ी पर्व र सांस्कृतिक कार्यक्रमहरूमा नेवारी महिलाहरूले लगाउँछन्।
nepali_dresses_augmented/haku_patasi/32.jpg,"A young girl in traditional dress sitting on the ground. This is the Haku Patasi, the traditional attire of the Newar community of Nepal. This black sari with a red border is worn by Newari women during festivals and cultural events.",नेपालको नेवार समुदायको परम्परागत पोशाक हाकु पातासी हो। यो रातो सिमानाको साथ कालो साड़ी पर्व र सांस्कृतिक कार्यक्रमहरूमा नेवारी महिलाहरूले लगाउँछन्।
nepali_dresses_augmented/haku_patasi/32_aug1.jpg,"A young girl in traditional dress sitting on the ground. This is the Haku Patasi, the traditional attire of the Newar community of Nepal. This black sari with a red border is worn by Newari women during festivals and cultural events.",नेपालको नेवार समुदायको परम्परागत पोशाक हाकु पातासी हो। यो रातो सिमानाको साथ कालो साड़ी पर्व र सांस्कृतिक कार्यक्रमहरूमा नेवारी महिलाहरूले लगाउँछन्।
nepali_dresses_augmented/haku_patasi/32_aug2.jpg,"A young girl in traditional dress sitting on the ground. This is the Haku Patasi, the traditional attire of the Newar community of Nepal. This black sari with a red border is worn by Newari women during festivals and cultural events.",नेपालको नेवार समुदायको परम्परागत पोशाक हाकु पातासी हो। यो रातो सिमानाको साथ कालो साड़ी पर्व र सांस्कृतिक कार्यक्रमहरूमा नेवारी महिलाहरूले लगाउँछन्।
nepali_dresses_augmented/haku_patasi/33.jpg,"A little girl in traditional dress. This is the Haku Patasi, the traditional attire of the Newar community of Nepal. This black sari with a red border is worn by Newari women during festivals and cultural events.","परम्परागत पोशाकमा एक सानो केटी। यो हकु पातासी हो, नेपालको नेवार समुदायको परम्परागत पोशाक। यो रातो सिमानाको साथ कालो साड़ी फेस्टिवल र सांस्कृतिक कार्यक्रमहरूमा नेवारी महिलाहरूले लगाउँछन्।"
nepali_dresses_augmented/haku_patasi/33_aug1.jpg,"A little girl in traditional dress. This is the Haku Patasi, the traditional attire of the Newar community of Nepal. This black sari with a red border is worn by Newari women during festivals and cultural events.","परम्परागत पोशाकमा एक सानो केटी। यो हकु पातासी हो, नेपालको नेवार समुदायको परम्परागत पोशाक। यो रातो सिमानाको साथ कालो साड़ी फेस्टिवल र सांस्कृतिक कार्यक्रमहरूमा नेवारी महिलाहरूले लगाउँछन्।"
nepali_dresses_augmented/haku_patasi/33_aug2.jpg,"A little girl in traditional dress. This is the Haku Patasi, the traditional attire of the Newar community of Nepal. This black sari with a red border is worn by Newari women during festivals and cultural events.","परम्परागत पोशाकमा एक सानो केटी। यो हकु पातासी हो, नेपालको नेवार समुदायको परम्परागत पोशाक। यो रातो सिमानाको साथ कालो साड़ी फेस्टिवल र सांस्कृतिक कार्यक्रमहरूमा नेवारी महिलाहरूले लगाउँछन्।"
nepali_dresses_augmented/haku_patasi/34.jpg,"A woman in traditional clothing. This is the Haku Patasi, the traditional attire of the Newar community of Nepal. This black sari with a red border is worn by Newari women during festivals and cultural events.","परम्परागत लुगा लगाउने महिला. यो हकु पातासी हो, नेपालको नेवार समुदायको परम्परागत पोशाक। यो रातो सिमानाको साथ कालो साड़ी फेस्टिवल र सांस्कृतिक कार्यक्रमहरूमा नेवारी महिलाहरूले लगाउँछन्।"
nepali_dresses_augmented/haku_patasi/34_aug1.jpg,"A woman in traditional clothing. This is the Haku Patasi, the traditional attire of the Newar community of Nepal. This black sari with a red border is worn by Newari women during festivals and cultural events.","परम्परागत लुगा लगाउने महिला. यो हकु पातासी हो, नेपालको नेवार समुदायको परम्परागत पोशाक। यो रातो सिमानाको साथ कालो साड़ी फेस्टिवल र सांस्कृतिक कार्यक्रमहरूमा नेवारी महिलाहरूले लगाउँछन्।"
nepali_dresses_augmented/haku_patasi/34_aug2.jpg,"A woman in traditional clothing. This is the Haku Patasi, the traditional attire of the Newar community of Nepal. This black sari with a red border is worn by Newari women during festivals and cultural events.","परम्परागत लुगा लगाउने महिला. यो हकु पातासी हो, नेपालको नेवार समुदायको परम्परागत पोशाक। यो रातो सिमानाको साथ कालो साड़ी फेस्टिवल र सांस्कृतिक कार्यक्रमहरूमा नेवारी महिलाहरूले लगाउँछन्।"
nepali_dresses_augmented/haku_patasi/35.jpg,"A group of people dancing in front of a temple. This is the Haku Patasi, the traditional attire of the Newar community of Nepal. This black sari with a red border is worn by Newari women during festivals and cultural events.",नेपालको नेवार समुदायको परम्परागत पोशाक हकु पातासी हो। यो रातो सिमानाको साथ कालो साड़ी पर्व र सांस्कृतिक कार्यक्रमहरूमा नेवारी महिलाहरूले लगाउँछन्।
nepali_dresses_augmented/haku_patasi/35_aug1.jpg,"A group of people dancing in front of a temple. This is the Haku Patasi, the traditional attire of the Newar community of Nepal. This black sari with a red border is worn by Newari women during festivals and cultural events.",नेपालको नेवार समुदायको परम्परागत पोशाक हकु पातासी हो। यो रातो सिमानाको साथ कालो साड़ी पर्व र सांस्कृतिक कार्यक्रमहरूमा नेवारी महिलाहरूले लगाउँछन्।
nepali_dresses_augmented/haku_patasi/35_aug2.jpg,"A group of people dancing in front of a temple. This is the Haku Patasi, the traditional attire of the Newar community of Nepal. This black sari with a red border is worn by Newari women during festivals and cultural events.",नेपालको नेवार समुदायको परम्परागत पोशाक हकु पातासी हो। यो रातो सिमानाको साथ कालो साड़ी पर्व र सांस्कृतिक कार्यक्रमहरूमा नेवारी महिलाहरूले लगाउँछन्।
nepali_dresses_augmented/haku_patasi/36.jpg,"A group of people posing for a picture. This is the Haku Patasi, the traditional attire of the Newar community of Nepal. This black sari with a red border is worn by Newari women during festivals and cultural events.",नेपालको नेवार समुदायको परम्परागत पोशाक हकु पातासी हो। यो रातो सिमानाको साथ कालो साड़ी पर्व र सांस्कृतिक कार्यक्रमहरूमा नेवारी महिलाहरूले लगाउँछन्।
nepali_dresses_augmented/haku_patasi/36_aug1.jpg,"A group of people posing for a picture. This is the Haku Patasi, the traditional attire of the Newar community of Nepal. This black sari with a red border is worn by Newari women during festivals and cultural events.",नेपालको नेवार समुदायको परम्परागत पोशाक हकु पातासी हो। यो रातो सिमानाको साथ कालो साड़ी पर्व र सांस्कृतिक कार्यक्रमहरूमा नेवारी महिलाहरूले लगाउँछन्।
nepali_dresses_augmented/haku_patasi/36_aug2.jpg,"A group of people posing for a picture. This is the Haku Patasi, the traditional attire of the Newar community of Nepal. This black sari with a red border is worn by Newari women during festivals and cultural events.",नेपालको नेवार समुदायको परम्परागत पोशाक हकु पातासी हो। यो रातो सिमानाको साथ कालो साड़ी पर्व र सांस्कृतिक कार्यक्रमहरूमा नेवारी महिलाहरूले लगाउँछन्।
nepali_dresses_augmented/haku_patasi/37.jpg,"A group of young girls in traditional dress. This is the Haku Patasi, the traditional attire of the Newar community of Nepal. This black sari with a red border is worn by Newari women during festivals and cultural events.",नेपालको नेवार समुदायको परम्परागत पोशाक हकु पातासी हो। यो रातो सिमानाको साथ कालो साड़ी पर्व र सांस्कृतिक कार्यक्रमहरूमा नेवारी महिलाहरूले लगाउँछन्।
nepali_dresses_augmented/haku_patasi/37_aug1.jpg,"A group of young girls in traditional dress. This is the Haku Patasi, the traditional attire of the Newar community of Nepal. This black sari with a red border is worn by Newari women during festivals and cultural events.",नेपालको नेवार समुदायको परम्परागत पोशाक हकु पातासी हो। यो रातो सिमानाको साथ कालो साड़ी पर्व र सांस्कृतिक कार्यक्रमहरूमा नेवारी महिलाहरूले लगाउँछन्।
nepali_dresses_augmented/haku_patasi/37_aug2.jpg,"A group of young girls in traditional dress. This is the Haku Patasi, the traditional attire of the Newar community of Nepal. This black sari with a red border is worn by Newari women during festivals and cultural events.",नेपालको नेवार समुदायको परम्परागत पोशाक हकु पातासी हो। यो रातो सिमानाको साथ कालो साड़ी पर्व र सांस्कृतिक कार्यक्रमहरूमा नेवारी महिलाहरूले लगाउँछन्।
nepali_dresses_augmented/haku_patasi/38.jpg,"A little girl sitting on the ground. This is the Haku Patasi, the traditional attire of the Newar community of Nepal. This black sari with a red border is worn by Newari women during festivals and cultural events.","एउटा सानो केटी जमिनमा बसिरहेको छ। यो हकु पातासी हो, नेपालको नेवार समुदायको परम्परागत पोशाक। यो रातो सिमानाको साथ कालो साड़ी फेस्टिवल र सांस्कृतिक कार्यक्रमहरूमा नेवारी महिलाहरूले लगाउँछन्।"
nepali_dresses_augmented/haku_patasi/38_aug1.jpg,"A little girl sitting on the ground. This is the Haku Patasi, the traditional attire of the Newar community of Nepal. This black sari with a red border is worn by Newari women during festivals and cultural events.","एउटा सानो केटी जमिनमा बसिरहेको छ। यो हकु पातासी हो, नेपालको नेवार समुदायको परम्परागत पोशाक। यो रातो सिमानाको साथ कालो साड़ी फेस्टिवल र सांस्कृतिक कार्यक्रमहरूमा नेवारी महिलाहरूले लगाउँछन्।"
nepali_dresses_augmented/haku_patasi/38_aug2.jpg,"A little girl sitting on the ground. This is the Haku Patasi, the traditional attire of the Newar community of Nepal. This black sari with a red border is worn by Newari women during festivals and cultural events.","एउटा सानो केटी जमिनमा बसिरहेको छ। यो हकु पातासी हो, नेपालको नेवार समुदायको परम्परागत पोशाक। यो रातो सिमानाको साथ कालो साड़ी फेस्टिवल र सांस्कृतिक कार्यक्रमहरूमा नेवारी महिलाहरूले लगाउँछन्।"
nepali_dresses_augmented/haku_patasi/39.jpg,"A woman and child are walking down the street. This is the Haku Patasi, the traditional attire of the Newar community of Nepal. This black sari with a red border is worn by Newari women during festivals and cultural events.","एक महिला र बच्चा सडकमा हिंडिरहेका छन्। यो हकु पटसी हो, नेपालको नेवार समुदायको परम्परागत पोशाक। यो रातो सिमानाको साथ कालो साड़ी फेस्टिवल र सांस्कृतिक कार्यक्रमहरूमा नेवारी महिलाहरूले लगाउँछन्।"
nepali_dresses_augmented/haku_patasi/39_aug1.jpg,"A woman and child are walking down the street. This is the Haku Patasi, the traditional attire of the Newar community of Nepal. This black sari with a red border is worn by Newari women during festivals and cultural events.","एक महिला र बच्चा सडकमा हिंडिरहेका छन्। यो हकु पटसी हो, नेपालको नेवार समुदायको परम्परागत पोशाक। यो रातो सिमानाको साथ कालो साड़ी फेस्टिवल र सांस्कृतिक कार्यक्रमहरूमा नेवारी महिलाहरूले लगाउँछन्।"
nepali_dresses_augmented/haku_patasi/39_aug2.jpg,"A woman and child are walking down the street. This is the Haku Patasi, the traditional attire of the Newar community of Nepal. This black sari with a red border is worn by Newari women during festivals and cultural events.","एक महिला र बच्चा सडकमा हिंडिरहेका छन्। यो हकु पटसी हो, नेपालको नेवार समुदायको परम्परागत पोशाक। यो रातो सिमानाको साथ कालो साड़ी फेस्टिवल र सांस्कृतिक कार्यक्रमहरूमा नेवारी महिलाहरूले लगाउँछन्।"
nepali_dresses_augmented/haku_patasi/3_aug1.jpg,"The back view of a woman wearing a white and red sari. This is the Haku Patasi, the traditional attire of the Newar community of Nepal. This black sari with a red border is worn by Newari women during festivals and cultural events.",नेपालको नेवार समुदायको परम्परागत पोशाक हकु पातासी हो। यो रातो सिमानाको साथ कालो साड़ी पर्व र सांस्कृतिक कार्यक्रमहरूमा नेवारी महिलाहरूले लगाउँछन्।
nepali_dresses_augmented/haku_patasi/3_aug2.jpg,"The back view of a woman wearing a white and red sari. This is the Haku Patasi, the traditional attire of the Newar community of Nepal. This black sari with a red border is worn by Newari women during festivals and cultural events.",नेपालको नेवार समुदायको परम्परागत पोशाक हकु पातासी हो। यो रातो सिमानाको साथ कालो साड़ी पर्व र सांस्कृतिक कार्यक्रमहरूमा नेवारी महिलाहरूले लगाउँछन्।
nepali_dresses_augmented/haku_patasi/4.jpg,"A group of young girls in traditional dress. This is the Haku Patasi, the traditional attire of the Newar community of Nepal. This black sari with a red border is worn by Newari women during festivals and cultural events.",नेपालको नेवार समुदायको परम्परागत पोशाक हकु पातासी हो। यो रातो सिमानाको साथ कालो साड़ी पर्व र सांस्कृतिक कार्यक्रमहरूमा नेवारी महिलाहरूले लगाउँछन्।
nepali_dresses_augmented/haku_patasi/40.jpg,"A woman in traditional dress and hat with colorful flags on her head, kathmandu, nepal - stock image. This is the Haku Patasi, the traditional attire of the Newar community of Nepal. This black sari with a red border is worn by Newari women during festivals and cultural events.","एक महिला परम्परागत पोशाक र टाउकोमा रंगीन झण्डाहरू सहितको टोपीमा, काठमाण्डौ, नेपाल - स्टक छवि। यो नेपालको नेवार समुदायको परम्परागत पोशाक हो। यो रातो सिमानाको साथ कालो साड़ी पर्व र सांस्कृतिक कार्यक्रमहरूमा नेवारी महिलाहरूले लगाउँछन्।"
nepali_dresses_augmented/haku_patasi/40_aug1.jpg,"A woman in traditional dress and hat with colorful flags on her head, kathmandu, nepal - stock image. This is the Haku Patasi, the traditional attire of the Newar community of Nepal. This black sari with a red border is worn by Newari women during festivals and cultural events.","एक महिला परम्परागत पोशाक र टाउकोमा रंगीन झण्डाहरू सहितको टोपीमा, काठमाण्डौ, नेपाल - स्टक छवि। यो नेपालको नेवार समुदायको परम्परागत पोशाक हो। यो रातो सिमानाको साथ कालो साड़ी पर्व र सांस्कृतिक कार्यक्रमहरूमा नेवारी महिलाहरूले लगाउँछन्।"
nepali_dresses_augmented/haku_patasi/40_aug2.jpg,"A woman in traditional dress and hat with colorful flags on her head, kathmandu, nepal - stock image. This is the Haku Patasi, the traditional attire of the Newar community of Nepal. This black sari with a red border is worn by Newari women during festivals and cultural events.","एक महिला परम्परागत पोशाक र टाउकोमा रंगीन झण्डाहरू सहितको टोपीमा, काठमाण्डौ, नेपाल - स्टक छवि। यो नेपालको नेवार समुदायको परम्परागत पोशाक हो। यो रातो सिमानाको साथ कालो साड़ी पर्व र सांस्कृतिक कार्यक्रमहरूमा नेवारी महिलाहरूले लगाउँछन्।"
nepali_dresses_augmented/haku_patasi/41.jpg,"Three women in traditional dress, india - stock image. This is the Haku Patasi, the traditional attire of the Newar community of Nepal. This black sari with a red border is worn by Newari women during festivals and cultural events.","परम्परागत पोशाकमा तीन महिलाहरू, भारत - स्टक छवि। यो हकु पटसी हो, नेपालको नेवार समुदायको परम्परागत पोशाक। यो रातो सिमानाको साथ कालो साड़ी पर्व र सांस्कृतिक कार्यक्रमहरूमा नेवारी महिलाहरूले लगाउँछन्।"
nepali_dresses_augmented/haku_patasi/41_aug1.jpg,"Three women in traditional dress, india - stock image. This is the Haku Patasi, the traditional attire of the Newar community of Nepal. This black sari with a red border is worn by Newari women during festivals and cultural events.","परम्परागत पोशाकमा तीन महिलाहरू, भारत - स्टक छवि। यो हकु पटसी हो, नेपालको नेवार समुदायको परम्परागत पोशाक। यो रातो सिमानाको साथ कालो साड़ी पर्व र सांस्कृतिक कार्यक्रमहरूमा नेवारी महिलाहरूले लगाउँछन्।"
nepali_dresses_augmented/haku_patasi/41_aug2.jpg,"Three women in traditional dress, india - stock image. This is the Haku Patasi, the traditional attire of the Newar community of Nepal. This black sari with a red border is worn by Newari women during festivals and cultural events.","परम्परागत पोशाकमा तीन महिलाहरू, भारत - स्टक छवि। यो हकु पटसी हो, नेपालको नेवार समुदायको परम्परागत पोशाक। यो रातो सिमानाको साथ कालो साड़ी पर्व र सांस्कृतिक कार्यक्रमहरूमा नेवारी महिलाहरूले लगाउँछन्।"
nepali_dresses_augmented/haku_patasi/42.jpg,"A woman in a traditional costume. This is the Haku Patasi, the traditional attire of the Newar community of Nepal. This black sari with a red border is worn by Newari women during festivals and cultural events.","एक महिला परम्परागत पोशाकमा। यो हकु पातासी हो, नेपालको नेवार समुदायको परम्परागत पोशाक। यो रातो सिमानाको साथ कालो साड़ी फेस्टिवल र सांस्कृतिक कार्यक्रमहरूमा नेवारी महिलाहरूले लगाउँछन्।"
nepali_dresses_augmented/haku_patasi/42_aug1.jpg,"A woman in a traditional costume. This is the Haku Patasi, the traditional attire of the Newar community of Nepal. This black sari with a red border is worn by Newari women during festivals and cultural events.","एक महिला परम्परागत पोशाकमा। यो हकु पातासी हो, नेपालको नेवार समुदायको परम्परागत पोशाक। यो रातो सिमानाको साथ कालो साड़ी फेस्टिवल र सांस्कृतिक कार्यक्रमहरूमा नेवारी महिलाहरूले लगाउँछन्।"
nepali_dresses_augmented/haku_patasi/42_aug2.jpg,"A woman in a traditional costume. This is the Haku Patasi, the traditional attire of the Newar community of Nepal. This black sari with a red border is worn by Newari women during festivals and cultural events.","एक महिला परम्परागत पोशाकमा। यो हकु पातासी हो, नेपालको नेवार समुदायको परम्परागत पोशाक। यो रातो सिमानाको साथ कालो साड़ी फेस्टिवल र सांस्कृतिक कार्यक्रमहरूमा नेवारी महिलाहरूले लगाउँछन्।"
nepali_dresses_augmented/haku_patasi/43.jpg,"A woman sitting on a rock in the woods. This is the Haku Patasi, the traditional attire of the Newar community of Nepal. This black sari with a red border is worn by Newari women during festivals and cultural events.","एक महिला जंगलमा चट्टानमा बसिरहेको छ। यो Haku Patasi हो, नेपालको नेवार समुदायको परम्परागत पोशाक। यो रातो सिमानाको साथ कालो साड़ी फेस्टिवल र सांस्कृतिक कार्यक्रमहरूमा नेवारी महिलाहरूले लगाउँछन्।"
nepali_dresses_augmented/haku_patasi/43_aug1.jpg,"A woman sitting on a rock in the woods. This is the Haku Patasi, the traditional attire of the Newar community of Nepal. This black sari with a red border is worn by Newari women during festivals and cultural events.","एक महिला जंगलमा चट्टानमा बसिरहेको छ। यो Haku Patasi हो, नेपालको नेवार समुदायको परम्परागत पोशाक। यो रातो सिमानाको साथ कालो साड़ी फेस्टिवल र सांस्कृतिक कार्यक्रमहरूमा नेवारी महिलाहरूले लगाउँछन्।"
nepali_dresses_augmented/haku_patasi/43_aug2.jpg,"A woman sitting on a rock in the woods. This is the Haku Patasi, the traditional attire of the Newar community of Nepal. This black sari with a red border is worn by Newari women during festivals and cultural events.","एक महिला जंगलमा चट्टानमा बसिरहेको छ। यो Haku Patasi हो, नेपालको नेवार समुदायको परम्परागत पोशाक। यो रातो सिमानाको साथ कालो साड़ी फेस्टिवल र सांस्कृतिक कार्यक्रमहरूमा नेवारी महिलाहरूले लगाउँछन्।"
nepali_dresses_augmented/haku_patasi/44.jpg,"A group of women in traditional dress carrying buckets. This is the Haku Patasi, the traditional attire of the Newar community of Nepal. This black sari with a red border is worn by Newari women during festivals and cultural events.",नेपालको नेवार समुदायको परम्परागत पोशाक हकु पातासी हो। यो रातो सिमानाको साथ कालो साड़ी पर्व र सांस्कृतिक कार्यक्रमहरूमा नेवारी महिलाहरूले लगाउँछन्।
nepali_dresses_augmented/haku_patasi/44_aug1.jpg,"A group of women in traditional dress carrying buckets. This is the Haku Patasi, the traditional attire of the Newar community of Nepal. This black sari with a red border is worn by Newari women during festivals and cultural events.",नेपालको नेवार समुदायको परम्परागत पोशाक हकु पातासी हो। यो रातो सिमानाको साथ कालो साड़ी पर्व र सांस्कृतिक कार्यक्रमहरूमा नेवारी महिलाहरूले लगाउँछन्।
nepali_dresses_augmented/haku_patasi/44_aug2.jpg,"A group of women in traditional dress carrying buckets. This is the Haku Patasi, the traditional attire of the Newar community of Nepal. This black sari with a red border is worn by Newari women during festivals and cultural events.",नेपालको नेवार समुदायको परम्परागत पोशाक हकु पातासी हो। यो रातो सिमानाको साथ कालो साड़ी पर्व र सांस्कृतिक कार्यक्रमहरूमा नेवारी महिलाहरूले लगाउँछन्।
nepali_dresses_augmented/haku_patasi/45.jpg,"A little girl wearing a traditional indian headpiece. This is the Haku Patasi, the traditional attire of the Newar community of Nepal. This black sari with a red border is worn by Newari women during festivals and cultural events.","एउटा सानो केटीले परम्परागत भारतीय हेडपिस लगाइरहेको छ। यो हकु पातासी हो, नेपालको नेवार समुदायको परम्परागत पोशाक। यो रातो सिमानाको साथ कालो साड़ी पर्व र सांस्कृतिक कार्यक्रमहरूमा नेवारी महिलाहरूले लगाउँछन्।"
nepali_dresses_augmented/haku_patasi/45_aug1.jpg,"A little girl wearing a traditional indian headpiece. This is the Haku Patasi, the traditional attire of the Newar community of Nepal. This black sari with a red border is worn by Newari women during festivals and cultural events.","एउटा सानो केटीले परम्परागत भारतीय हेडपिस लगाइरहेको छ। यो हकु पातासी हो, नेपालको नेवार समुदायको परम्परागत पोशाक। यो रातो सिमानाको साथ कालो साड़ी पर्व र सांस्कृतिक कार्यक्रमहरूमा नेवारी महिलाहरूले लगाउँछन्।"
nepali_dresses_augmented/haku_patasi/45_aug2.jpg,"A little girl wearing a traditional indian headpiece. This is the Haku Patasi, the traditional attire of the Newar community of Nepal. This black sari with a red border is worn by Newari women during festivals and cultural events.","एउटा सानो केटीले परम्परागत भारतीय हेडपिस लगाइरहेको छ। यो हकु पातासी हो, नेपालको नेवार समुदायको परम्परागत पोशाक। यो रातो सिमानाको साथ कालो साड़ी पर्व र सांस्कृतिक कार्यक्रमहरूमा नेवारी महिलाहरूले लगाउँछन्।"
nepali_dresses_augmented/haku_patasi/46.jpg,"A woman wearing a red and black sari. This is the Haku Patasi, the traditional attire of the Newar community of Nepal. This black sari with a red border is worn by Newari women during festivals and cultural events.","एक महिलाले रातो र कालो साड़ी लगाउँछिन्। यो हकु पातासी हो, नेपालको नेवार समुदायको परम्परागत पोशाक। यो रातो सिमानाको साथ कालो साड़ी पर्व र सांस्कृतिक कार्यक्रमहरूमा नेवारी महिलाहरूले लगाउँछन्।"
nepali_dresses_augmented/haku_patasi/46_aug1.jpg,"A woman wearing a red and black sari. This is the Haku Patasi, the traditional attire of the Newar community of Nepal. This black sari with a red border is worn by Newari women during festivals and cultural events.","एक महिलाले रातो र कालो साड़ी लगाउँछिन्। यो हकु पातासी हो, नेपालको नेवार समुदायको परम्परागत पोशाक। यो रातो सिमानाको साथ कालो साड़ी पर्व र सांस्कृतिक कार्यक्रमहरूमा नेवारी महिलाहरूले लगाउँछन्।"
nepali_dresses_augmented/haku_patasi/46_aug2.jpg,"A woman wearing a red and black sari. This is the Haku Patasi, the traditional attire of the Newar community of Nepal. This black sari with a red border is worn by Newari women during festivals and cultural events.","एक महिलाले रातो र कालो साड़ी लगाउँछिन्। यो हकु पातासी हो, नेपालको नेवार समुदायको परम्परागत पोशाक। यो रातो सिमानाको साथ कालो साड़ी पर्व र सांस्कृतिक कार्यक्रमहरूमा नेवारी महिलाहरूले लगाउँछन्।"
nepali_dresses_augmented/haku_patasi/47.jpg,"Two young girls in traditional clothing walking down the street. This is the Haku Patasi, the traditional attire of the Newar community of Nepal. This black sari with a red border is worn by Newari women during festivals and cultural events.","दुई युवती परम्परागत कपडामा सडकमा हिंडिरहेका छन्। यो हकु पटसी हो, नेपालको नेवार समुदायको परम्परागत पोशाक। यो रातो सिमानाको साथ कालो साड़ी पर्व र सांस्कृतिक कार्यक्रमहरूमा नेवारी महिलाहरूले लगाउँछन्।"
nepali_dresses_augmented/haku_patasi/47_aug1.jpg,"Two young girls in traditional clothing walking down the street. This is the Haku Patasi, the traditional attire of the Newar community of Nepal. This black sari with a red border is worn by Newari women during festivals and cultural events.","दुई युवती परम्परागत कपडामा सडकमा हिंडिरहेका छन्। यो हकु पटसी हो, नेपालको नेवार समुदायको परम्परागत पोशाक। यो रातो सिमानाको साथ कालो साड़ी पर्व र सांस्कृतिक कार्यक्रमहरूमा नेवारी महिलाहरूले लगाउँछन्।"
nepali_dresses_augmented/haku_patasi/47_aug2.jpg,"Two young girls in traditional clothing walking down the street. This is the Haku Patasi, the traditional attire of the Newar community of Nepal. This black sari with a red border is worn by Newari women during festivals and cultural events.","दुई युवती परम्परागत कपडामा सडकमा हिंडिरहेका छन्। यो हकु पटसी हो, नेपालको नेवार समुदायको परम्परागत पोशाक। यो रातो सिमानाको साथ कालो साड़ी पर्व र सांस्कृतिक कार्यक्रमहरूमा नेवारी महिलाहरूले लगाउँछन्।"
nepali_dresses_augmented/haku_patasi/48.jpg,"A group of women sitting on a stone bench. This is the Haku Patasi, the traditional attire of the Newar community of Nepal. This black sari with a red border is worn by Newari women during festivals and cultural events.","एक समूह महिलाहरु ढुङ्गाको बेन्चमा बसिरहेका छन्। यो Haku Patasi हो, नेपालको नेवार समुदायको परम्परागत पोशाक। यो रातो सिमानाको साथ कालो साड़ी फेस्टिवल र सांस्कृतिक कार्यक्रमहरूमा नेवारी महिलाहरूले लगाउँछन्।"
nepali_dresses_augmented/haku_patasi/48_aug1.jpg,"A group of women sitting on a stone bench. This is the Haku Patasi, the traditional attire of the Newar community of Nepal. This black sari with a red border is worn by Newari women during festivals and cultural events.","एक समूह महिलाहरु ढुङ्गाको बेन्चमा बसिरहेका छन्। यो Haku Patasi हो, नेपालको नेवार समुदायको परम्परागत पोशाक। यो रातो सिमानाको साथ कालो साड़ी फेस्टिवल र सांस्कृतिक कार्यक्रमहरूमा नेवारी महिलाहरूले लगाउँछन्।"
nepali_dresses_augmented/haku_patasi/48_aug2.jpg,"A group of women sitting on a stone bench. This is the Haku Patasi, the traditional attire of the Newar community of Nepal. This black sari with a red border is worn by Newari women during festivals and cultural events.","एक समूह महिलाहरु ढुङ्गाको बेन्चमा बसिरहेका छन्। यो Haku Patasi हो, नेपालको नेवार समुदायको परम्परागत पोशाक। यो रातो सिमानाको साथ कालो साड़ी फेस्टिवल र सांस्कृतिक कार्यक्रमहरूमा नेवारी महिलाहरूले लगाउँछन्।"
nepali_dresses_augmented/haku_patasi/49.jpg,"Two young girls in traditional clothing walking down the street. This is the Haku Patasi, the traditional attire of the Newar community of Nepal. This black sari with a red border is worn by Newari women during festivals and cultural events.","दुई युवती परम्परागत कपडामा सडकमा हिंडिरहेका छन्। यो हकु पटसी हो, नेपालको नेवार समुदायको परम्परागत पोशाक। यो रातो सिमानाको साथ कालो साड़ी पर्व र सांस्कृतिक कार्यक्रमहरूमा नेवारी महिलाहरूले लगाउँछन्।"
nepali_dresses_augmented/haku_patasi/49_aug1.jpg,"Two young girls in traditional clothing walking down the street. This is the Haku Patasi, the traditional attire of the Newar community of Nepal. This black sari with a red border is worn by Newari women during festivals and cultural events.","दुई युवती परम्परागत कपडामा सडकमा हिंडिरहेका छन्। यो हकु पटसी हो, नेपालको नेवार समुदायको परम्परागत पोशाक। यो रातो सिमानाको साथ कालो साड़ी पर्व र सांस्कृतिक कार्यक्रमहरूमा नेवारी महिलाहरूले लगाउँछन्।"
nepali_dresses_augmented/haku_patasi/49_aug2.jpg,"Two young girls in traditional clothing walking down the street. This is the Haku Patasi, the traditional attire of the Newar community of Nepal. This black sari with a red border is worn by Newari women during festivals and cultural events.","दुई युवती परम्परागत कपडामा सडकमा हिंडिरहेका छन्। यो हकु पटसी हो, नेपालको नेवार समुदायको परम्परागत पोशाक। यो रातो सिमानाको साथ कालो साड़ी पर्व र सांस्कृतिक कार्यक्रमहरूमा नेवारी महिलाहरूले लगाउँछन्।"
nepali_dresses_augmented/haku_patasi/4_aug1.jpg,"A group of young girls in traditional dress. This is the Haku Patasi, the traditional attire of the Newar community of Nepal. This black sari with a red border is worn by Newari women during festivals and cultural events.",नेपालको नेवार समुदायको परम्परागत पोशाक हकु पातासी हो। यो रातो सिमानाको साथ कालो साड़ी पर्व र सांस्कृतिक कार्यक्रमहरूमा नेवारी महिलाहरूले लगाउँछन्।
nepali_dresses_augmented/haku_patasi/4_aug2.jpg,"A group of young girls in traditional dress. This is the Haku Patasi, the traditional attire of the Newar community of Nepal. This black sari with a red border is worn by Newari women during festivals and cultural events.",नेपालको नेवार समुदायको परम्परागत पोशाक हकु पातासी हो। यो रातो सिमानाको साथ कालो साड़ी पर्व र सांस्कृतिक कार्यक्रमहरूमा नेवारी महिलाहरूले लगाउँछन्।
nepali_dresses_augmented/haku_patasi/5.jpg,"A woman is standing in the grass with a bag. This is the Haku Patasi, the traditional attire of the Newar community of Nepal. This black sari with a red border is worn by Newari women during festivals and cultural events.",नेपालको नेवार समुदायको परम्परागत पोशाक हकु पातासी हो। यो रातो सिमानाको साथ कालो साड़ी पर्व र सांस्कृतिक कार्यक्रमहरूमा नेवारी महिलाहरूले लगाउँछन्।
nepali_dresses_augmented/haku_patasi/50.jpg,"A man and woman dressed in traditional clothing. This is the Haku Patasi, the traditional attire of the Newar community of Nepal. This black sari with a red border is worn by Newari women during festivals and cultural events.","परम्परागत कपडा लगाएका पुरुष र महिला. यो हकु पटसी हो, नेपालको नेवार समुदायको परम्परागत पोशाक। यो रातो सिमानाको साथ कालो साड़ी फेस्टिवल र सांस्कृतिक कार्यक्रमहरूमा नेवारी महिलाहरूले लगाउँछन्।"
nepali_dresses_augmented/haku_patasi/50_aug1.jpg,"A man and woman dressed in traditional clothing. This is the Haku Patasi, the traditional attire of the Newar community of Nepal. This black sari with a red border is worn by Newari women during festivals and cultural events.","परम्परागत कपडा लगाएका पुरुष र महिला. यो हकु पटसी हो, नेपालको नेवार समुदायको परम्परागत पोशाक। यो रातो सिमानाको साथ कालो साड़ी फेस्टिवल र सांस्कृतिक कार्यक्रमहरूमा नेवारी महिलाहरूले लगाउँछन्।"
nepali_dresses_augmented/haku_patasi/50_aug2.jpg,"A man and woman dressed in traditional clothing. This is the Haku Patasi, the traditional attire of the Newar community of Nepal. This black sari with a red border is worn by Newari women during festivals and cultural events.","परम्परागत कपडा लगाएका पुरुष र महिला. यो हकु पटसी हो, नेपालको नेवार समुदायको परम्परागत पोशाक। यो रातो सिमानाको साथ कालो साड़ी फेस्टिवल र सांस्कृतिक कार्यक्रमहरूमा नेवारी महिलाहरूले लगाउँछन्।"
nepali_dresses_augmented/haku_patasi/51.jpg,"A group of women in traditional dress sitting under a tree - stock image. This is the Haku Patasi, the traditional attire of the Newar community of Nepal. This black sari with a red border is worn by Newari women during festivals and cultural events.",नेपालको नेवार समुदायको परम्परागत पोशाक हाकु पटसी हो । रातो सिमानाको यो कालो साड़ी पर्व र सांस्कृतिक कार्यक्रमहरूमा नेवारी महिलाहरूले लगाउँछन् ।
nepali_dresses_augmented/haku_patasi/51_aug1.jpg,"A group of women in traditional dress sitting under a tree - stock image. This is the Haku Patasi, the traditional attire of the Newar community of Nepal. This black sari with a red border is worn by Newari women during festivals and cultural events.",नेपालको नेवार समुदायको परम्परागत पोशाक हाकु पटसी हो । रातो सिमानाको यो कालो साड़ी पर्व र सांस्कृतिक कार्यक्रमहरूमा नेवारी महिलाहरूले लगाउँछन् ।
nepali_dresses_augmented/haku_patasi/51_aug2.jpg,"A group of women in traditional dress sitting under a tree - stock image. This is the Haku Patasi, the traditional attire of the Newar community of Nepal. This black sari with a red border is worn by Newari women during festivals and cultural events.",नेपालको नेवार समुदायको परम्परागत पोशाक हाकु पटसी हो । रातो सिमानाको यो कालो साड़ी पर्व र सांस्कृतिक कार्यक्रमहरूमा नेवारी महिलाहरूले लगाउँछन् ।
nepali_dresses_augmented/haku_patasi/52.jpg,"A man wearing a black hat and a brown jacket. This is the Haku Patasi, the traditional attire of the Newar community of Nepal. This black sari with a red border is worn by Newari women during festivals and cultural events.",नेपालको नेवार समुदायको परम्परागत पोशाक हकु पटसी हो। यो रातो सिमानाको साथ कालो साड़ी पर्व र सांस्कृतिक कार्यक्रमहरूमा नेवारी महिलाहरूले लगाउँछन्।
nepali_dresses_augmented/haku_patasi/52_aug1.jpg,"A man wearing a black hat and a brown jacket. This is the Haku Patasi, the traditional attire of the Newar community of Nepal. This black sari with a red border is worn by Newari women during festivals and cultural events.",नेपालको नेवार समुदायको परम्परागत पोशाक हकु पटसी हो। यो रातो सिमानाको साथ कालो साड़ी पर्व र सांस्कृतिक कार्यक्रमहरूमा नेवारी महिलाहरूले लगाउँछन्।
nepali_dresses_augmented/haku_patasi/52_aug2.jpg,"A man wearing a black hat and a brown jacket. This is the Haku Patasi, the traditional attire of the Newar community of Nepal. This black sari with a red border is worn by Newari women during festivals and cultural events.",नेपालको नेवार समुदायको परम्परागत पोशाक हकु पटसी हो। यो रातो सिमानाको साथ कालो साड़ी पर्व र सांस्कृतिक कार्यक्रमहरूमा नेवारी महिलाहरूले लगाउँछन्।
nepali_dresses_augmented/haku_patasi/53.jpg,"A little girl standing in front of a door. This is the Haku Patasi, the traditional attire of the Newar community of Nepal. This black sari with a red border is worn by Newari women during festivals and cultural events.",नेपालको नेवार समुदायको परम्परागत पोशाक हकु पातासी हो। यो रातो सिमानाको साथ कालो साड़ी पर्व र सांस्कृतिक कार्यक्रमहरूमा नेवारी महिलाहरूले लगाउँछन्।
nepali_dresses_augmented/haku_patasi/53_aug1.jpg,"A little girl standing in front of a door. This is the Haku Patasi, the traditional attire of the Newar community of Nepal. This black sari with a red border is worn by Newari women during festivals and cultural events.",नेपालको नेवार समुदायको परम्परागत पोशाक हकु पातासी हो। यो रातो सिमानाको साथ कालो साड़ी पर्व र सांस्कृतिक कार्यक्रमहरूमा नेवारी महिलाहरूले लगाउँछन्।
nepali_dresses_augmented/haku_patasi/53_aug2.jpg,"A little girl standing in front of a door. This is the Haku Patasi, the traditional attire of the Newar community of Nepal. This black sari with a red border is worn by Newari women during festivals and cultural events.",नेपालको नेवार समुदायको परम्परागत पोशाक हकु पातासी हो। यो रातो सिमानाको साथ कालो साड़ी पर्व र सांस्कृतिक कार्यक्रमहरूमा नेवारी महिलाहरूले लगाउँछन्।
nepali_dresses_augmented/haku_patasi/54.jpg,"A group of people walking down a street. This is the Haku Patasi, the traditional attire of the Newar community of Nepal. This black sari with a red border is worn by Newari women during festivals and cultural events.",नेपालको नेवार समुदायको परम्परागत पोशाक हकु पातासी हो। यो रातो सिमानाको साथ कालो साड़ी पर्व र सांस्कृतिक कार्यक्रमहरूमा नेवारी महिलाहरूले लगाउँछन्।
nepali_dresses_augmented/haku_patasi/54_aug1.jpg,"A group of people walking down a street. This is the Haku Patasi, the traditional attire of the Newar community of Nepal. This black sari with a red border is worn by Newari women during festivals and cultural events.",नेपालको नेवार समुदायको परम्परागत पोशाक हकु पातासी हो। यो रातो सिमानाको साथ कालो साड़ी पर्व र सांस्कृतिक कार्यक्रमहरूमा नेवारी महिलाहरूले लगाउँछन्।
nepali_dresses_augmented/haku_patasi/54_aug2.jpg,"A group of people walking down a street. This is the Haku Patasi, the traditional attire of the Newar community of Nepal. This black sari with a red border is worn by Newari women during festivals and cultural events.",नेपालको नेवार समुदायको परम्परागत पोशाक हकु पातासी हो। यो रातो सिमानाको साथ कालो साड़ी पर्व र सांस्कृतिक कार्यक्रमहरूमा नेवारी महिलाहरूले लगाउँछन्।
nepali_dresses_augmented/haku_patasi/55.jpg,"A woman in a white and red sari. This is the Haku Patasi, the traditional attire of the Newar community of Nepal. This black sari with a red border is worn by Newari women during festivals and cultural events.","एक महिला सेतो र रातो साड़ीमा। यो Haku Patasi हो, नेपालको नेवार समुदायको परम्परागत पोशाक। यो रातो सिमानाको साथ कालो साड़ी उत्सव र सांस्कृतिक कार्यक्रमहरूमा नेवारी महिलाहरूले लगाउँछन्।"
nepali_dresses_augmented/haku_patasi/55_aug1.jpg,"A woman in a white and red sari. This is the Haku Patasi, the traditional attire of the Newar community of Nepal. This black sari with a red border is worn by Newari women during festivals and cultural events.","एक महिला सेतो र रातो साड़ीमा। यो Haku Patasi हो, नेपालको नेवार समुदायको परम्परागत पोशाक। यो रातो सिमानाको साथ कालो साड़ी उत्सव र सांस्कृतिक कार्यक्रमहरूमा नेवारी महिलाहरूले लगाउँछन्।"
nepali_dresses_augmented/haku_patasi/55_aug2.jpg,"A woman in a white and red sari. This is the Haku Patasi, the traditional attire of the Newar community of Nepal. This black sari with a red border is worn by Newari women during festivals and cultural events.","एक महिला सेतो र रातो साड़ीमा। यो Haku Patasi हो, नेपालको नेवार समुदायको परम्परागत पोशाक। यो रातो सिमानाको साथ कालो साड़ी उत्सव र सांस्कृतिक कार्यक्रमहरूमा नेवारी महिलाहरूले लगाउँछन्।"
nepali_dresses_augmented/haku_patasi/56.jpg,"A group of girls in traditional dress. This is the Haku Patasi, the traditional attire of the Newar community of Nepal. This black sari with a red border is worn by Newari women during festivals and cultural events.","परम्परागत पोशाकमा एक समूह केटीहरू। यो हकु पातासी हो, नेपालको नेवार समुदायको परम्परागत पोशाक। यो रातो सिमानाको साथ कालो साड़ी फेस्टिवल र सांस्कृतिक कार्यक्रमहरूमा नेवारी महिलाहरूले लगाउँछन्।"
nepali_dresses_augmented/haku_patasi/56_aug1.jpg,"A group of girls in traditional dress. This is the Haku Patasi, the traditional attire of the Newar community of Nepal. This black sari with a red border is worn by Newari women during festivals and cultural events.","परम्परागत पोशाकमा एक समूह केटीहरू। यो हकु पातासी हो, नेपालको नेवार समुदायको परम्परागत पोशाक। यो रातो सिमानाको साथ कालो साड़ी फेस्टिवल र सांस्कृतिक कार्यक्रमहरूमा नेवारी महिलाहरूले लगाउँछन्।"
nepali_dresses_augmented/haku_patasi/56_aug2.jpg,"A group of girls in traditional dress. This is the Haku Patasi, the traditional attire of the Newar community of Nepal. This black sari with a red border is worn by Newari women during festivals and cultural events.","परम्परागत पोशाकमा एक समूह केटीहरू। यो हकु पातासी हो, नेपालको नेवार समुदायको परम्परागत पोशाक। यो रातो सिमानाको साथ कालो साड़ी फेस्टिवल र सांस्कृतिक कार्यक्रमहरूमा नेवारी महिलाहरूले लगाउँछन्।"
nepali_dresses_augmented/haku_patasi/57.jpg,"A group of people walking down the street. This is the Haku Patasi, the traditional attire of the Newar community of Nepal. This black sari with a red border is worn by Newari women during festivals and cultural events.","एक समूह मानिसहरु सडकमा हिंडिरहेका छन्। यो Haku Patasi हो, नेपालको नेवार समुदायको परम्परागत पोशाक। यो रातो सिमानाको साथ कालो साड़ी फेस्टिवल र सांस्कृतिक कार्यक्रमहरूमा नेवारी महिलाहरूले लगाउँछन्।"
nepali_dresses_augmented/haku_patasi/57_aug1.jpg,"A group of people walking down the street. This is the Haku Patasi, the traditional attire of the Newar community of Nepal. This black sari with a red border is worn by Newari women during festivals and cultural events.","एक समूह मानिसहरु सडकमा हिंडिरहेका छन्। यो Haku Patasi हो, नेपालको नेवार समुदायको परम्परागत पोशाक। यो रातो सिमानाको साथ कालो साड़ी फेस्टिवल र सांस्कृतिक कार्यक्रमहरूमा नेवारी महिलाहरूले लगाउँछन्।"
nepali_dresses_augmented/haku_patasi/57_aug2.jpg,"A group of people walking down the street. This is the Haku Patasi, the traditional attire of the Newar community of Nepal. This black sari with a red border is worn by Newari women during festivals and cultural events.","एक समूह मानिसहरु सडकमा हिंडिरहेका छन्। यो Haku Patasi हो, नेपालको नेवार समुदायको परम्परागत पोशाक। यो रातो सिमानाको साथ कालो साड़ी फेस्टिवल र सांस्कृतिक कार्यक्रमहरूमा नेवारी महिलाहरूले लगाउँछन्।"
nepali_dresses_augmented/haku_patasi/58.jpg,"A group of people are dancing in the street. This is the Haku Patasi, the traditional attire of the Newar community of Nepal. This black sari with a red border is worn by Newari women during festivals and cultural events.",नेपालको नेवार समुदायको परम्परागत पोशाक हकु पातासी हो। रातो सिमानाको यो कालो साड़ी पर्व र सांस्कृतिक कार्यक्रमहरूमा नेवारी महिलाहरूले लगाउँछन्।
nepali_dresses_augmented/haku_patasi/58_aug1.jpg,"A group of people are dancing in the street. This is the Haku Patasi, the traditional attire of the Newar community of Nepal. This black sari with a red border is worn by Newari women during festivals and cultural events.",नेपालको नेवार समुदायको परम्परागत पोशाक हकु पातासी हो। रातो सिमानाको यो कालो साड़ी पर्व र सांस्कृतिक कार्यक्रमहरूमा नेवारी महिलाहरूले लगाउँछन्।
nepali_dresses_augmented/haku_patasi/58_aug2.jpg,"A group of people are dancing in the street. This is the Haku Patasi, the traditional attire of the Newar community of Nepal. This black sari with a red border is worn by Newari women during festivals and cultural events.",नेपालको नेवार समुदायको परम्परागत पोशाक हकु पातासी हो। रातो सिमानाको यो कालो साड़ी पर्व र सांस्कृतिक कार्यक्रमहरूमा नेवारी महिलाहरूले लगाउँछन्।
nepali_dresses_augmented/haku_patasi/59.jpg,"A woman in a red and blue sari. This is the Haku Patasi, the traditional attire of the Newar community of Nepal. This black sari with a red border is worn by Newari women during festivals and cultural events.","रातो र नीलो साड़ीमा एक महिला। यो हकु पातासी हो, नेपालको नेवार समुदायको परम्परागत पोशाक। यो रातो सिमानाको साथ कालो साड़ी उत्सव र सांस्कृतिक कार्यक्रमहरूमा नेवारी महिलाहरूले लगाउँछन्।"
nepali_dresses_augmented/haku_patasi/59_aug1.jpg,"A woman in a red and blue sari. This is the Haku Patasi, the traditional attire of the Newar community of Nepal. This black sari with a red border is worn by Newari women during festivals and cultural events.","रातो र नीलो साड़ीमा एक महिला। यो हकु पातासी हो, नेपालको नेवार समुदायको परम्परागत पोशाक। यो रातो सिमानाको साथ कालो साड़ी उत्सव र सांस्कृतिक कार्यक्रमहरूमा नेवारी महिलाहरूले लगाउँछन्।"
nepali_dresses_augmented/haku_patasi/59_aug2.jpg,"A woman in a red and blue sari. This is the Haku Patasi, the traditional attire of the Newar community of Nepal. This black sari with a red border is worn by Newari women during festivals and cultural events.","रातो र नीलो साड़ीमा एक महिला। यो हकु पातासी हो, नेपालको नेवार समुदायको परम्परागत पोशाक। यो रातो सिमानाको साथ कालो साड़ी उत्सव र सांस्कृतिक कार्यक्रमहरूमा नेवारी महिलाहरूले लगाउँछन्।"
nepali_dresses_augmented/haku_patasi/5_aug1.jpg,"A woman is standing in the grass with a bag. This is the Haku Patasi, the traditional attire of the Newar community of Nepal. This black sari with a red border is worn by Newari women during festivals and cultural events.",नेपालको नेवार समुदायको परम्परागत पोशाक हकु पातासी हो। यो रातो सिमानाको साथ कालो साड़ी पर्व र सांस्कृतिक कार्यक्रमहरूमा नेवारी महिलाहरूले लगाउँछन्।
nepali_dresses_augmented/haku_patasi/5_aug2.jpg,"A woman is standing in the grass with a bag. This is the Haku Patasi, the traditional attire of the Newar community of Nepal. This black sari with a red border is worn by Newari women during festivals and cultural events.",नेपालको नेवार समुदायको परम्परागत पोशाक हकु पातासी हो। यो रातो सिमानाको साथ कालो साड़ी पर्व र सांस्कृतिक कार्यक्रमहरूमा नेवारी महिलाहरूले लगाउँछन्।
nepali_dresses_augmented/haku_patasi/6.jpg,"A woman wearing a traditional costume. This is the Haku Patasi, the traditional attire of the Newar community of Nepal. This black sari with a red border is worn by Newari women during festivals and cultural events.","एक महिलाले परम्परागत पोशाक लगाउँछिन्। यो हकु पातासी हो, नेपालको नेवार समुदायको परम्परागत पोशाक। यो रातो सिमानाको साथ कालो साड़ी फेस्टिवल र सांस्कृतिक कार्यक्रमहरूमा नेवारी महिलाहरूले लगाउँदछन्।"
nepali_dresses_augmented/haku_patasi/60.jpg,"A little girl in a black and red dress. This is the Haku Patasi, the traditional attire of the Newar community of Nepal. This black sari with a red border is worn by Newari women during festivals and cultural events.",नेपालको नेवार समुदायको परम्परागत पोशाक हकु पातासी हो। यो रातो सिमानाको साथ कालो साड़ी पर्व र सांस्कृतिक कार्यक्रमहरूमा नेवारी महिलाहरूले लगाउँछन्।
nepali_dresses_augmented/haku_patasi/60_aug1.jpg,"A little girl in a black and red dress. This is the Haku Patasi, the traditional attire of the Newar community of Nepal. This black sari with a red border is worn by Newari women during festivals and cultural events.",नेपालको नेवार समुदायको परम्परागत पोशाक हकु पातासी हो। यो रातो सिमानाको साथ कालो साड़ी पर्व र सांस्कृतिक कार्यक्रमहरूमा नेवारी महिलाहरूले लगाउँछन्।
nepali_dresses_augmented/haku_patasi/60_aug2.jpg,"A little girl in a black and red dress. This is the Haku Patasi, the traditional attire of the Newar community of Nepal. This black sari with a red border is worn by Newari women during festivals and cultural events.",नेपालको नेवार समुदायको परम्परागत पोशाक हकु पातासी हो। यो रातो सिमानाको साथ कालो साड़ी पर्व र सांस्कृतिक कार्यक्रमहरूमा नेवारी महिलाहरूले लगाउँछन्।
nepali_dresses_augmented/haku_patasi/61.jpg,"A group of children walking down a street. This is the Haku Patasi, the traditional attire of the Newar community of Nepal. This black sari with a red border is worn by Newari women during festivals and cultural events.",नेपालको नेवार समुदायको परम्परागत पोशाक हकु पातासी हो। यो रातो सिमानाको साथ कालो साड़ी पर्व र सांस्कृतिक कार्यक्रमहरूमा नेवारी महिलाहरूले लगाउँछन्।
nepali_dresses_augmented/haku_patasi/61_aug1.jpg,"A group of children walking down a street. This is the Haku Patasi, the traditional attire of the Newar community of Nepal. This black sari with a red border is worn by Newari women during festivals and cultural events.",नेपालको नेवार समुदायको परम्परागत पोशाक हकु पातासी हो। यो रातो सिमानाको साथ कालो साड़ी पर्व र सांस्कृतिक कार्यक्रमहरूमा नेवारी महिलाहरूले लगाउँछन्।
nepali_dresses_augmented/haku_patasi/61_aug2.jpg,"A group of children walking down a street. This is the Haku Patasi, the traditional attire of the Newar community of Nepal. This black sari with a red border is worn by Newari women during festivals and cultural events.",नेपालको नेवार समुदायको परम्परागत पोशाक हकु पातासी हो। यो रातो सिमानाको साथ कालो साड़ी पर्व र सांस्कृतिक कार्यक्रमहरूमा नेवारी महिलाहरूले लगाउँछन्।
nepali_dresses_augmented/haku_patasi/62.jpg,"A woman in a white shirt and black skirt. This is the Haku Patasi, the traditional attire of the Newar community of Nepal. This black sari with a red border is worn by Newari women during festivals and cultural events.","एक महिला सेतो शर्ट र कालो स्कर्टमा। यो Haku Patasi हो, नेपालको नेवार समुदायको परम्परागत पोशाक। यो रातो सिमानाको साथ कालो साड़ी फेस्टिवल र सांस्कृतिक कार्यक्रमहरूमा नेवारी महिलाहरूले लगाउँछन्।"
nepali_dresses_augmented/haku_patasi/62_aug1.jpg,"A woman in a white shirt and black skirt. This is the Haku Patasi, the traditional attire of the Newar community of Nepal. This black sari with a red border is worn by Newari women during festivals and cultural events.","एक महिला सेतो शर्ट र कालो स्कर्टमा। यो Haku Patasi हो, नेपालको नेवार समुदायको परम्परागत पोशाक। यो रातो सिमानाको साथ कालो साड़ी फेस्टिवल र सांस्कृतिक कार्यक्रमहरूमा नेवारी महिलाहरूले लगाउँछन्।"
nepali_dresses_augmented/haku_patasi/62_aug2.jpg,"A woman in a white shirt and black skirt. This is the Haku Patasi, the traditional attire of the Newar community of Nepal. This black sari with a red border is worn by Newari women during festivals and cultural events.","एक महिला सेतो शर्ट र कालो स्कर्टमा। यो Haku Patasi हो, नेपालको नेवार समुदायको परम्परागत पोशाक। यो रातो सिमानाको साथ कालो साड़ी फेस्टिवल र सांस्कृतिक कार्यक्रमहरूमा नेवारी महिलाहरूले लगाउँछन्।"
nepali_dresses_augmented/haku_patasi/63.jpg,"A man and woman dressed in traditional clothing. This is the Haku Patasi, the traditional attire of the Newar community of Nepal. This black sari with a red border is worn by Newari women during festivals and cultural events.","परम्परागत कपडा लगाएका पुरुष र महिला. यो हकु पटसी हो, नेपालको नेवार समुदायको परम्परागत पोशाक। यो रातो सिमानाको साथ कालो साड़ी फेस्टिवल र सांस्कृतिक कार्यक्रमहरूमा नेवारी महिलाहरूले लगाउँछन्।"
nepali_dresses_augmented/haku_patasi/63_aug1.jpg,"A man and woman dressed in traditional clothing. This is the Haku Patasi, the traditional attire of the Newar community of Nepal. This black sari with a red border is worn by Newari women during festivals and cultural events.","परम्परागत कपडा लगाएका पुरुष र महिला. यो हकु पटसी हो, नेपालको नेवार समुदायको परम्परागत पोशाक। यो रातो सिमानाको साथ कालो साड़ी फेस्टिवल र सांस्कृतिक कार्यक्रमहरूमा नेवारी महिलाहरूले लगाउँछन्।"
nepali_dresses_augmented/haku_patasi/63_aug2.jpg,"A man and woman dressed in traditional clothing. This is the Haku Patasi, the traditional attire of the Newar community of Nepal. This black sari with a red border is worn by Newari women during festivals and cultural events.","परम्परागत कपडा लगाएका पुरुष र महिला. यो हकु पटसी हो, नेपालको नेवार समुदायको परम्परागत पोशाक। यो रातो सिमानाको साथ कालो साड़ी फेस्टिवल र सांस्कृतिक कार्यक्रमहरूमा नेवारी महिलाहरूले लगाउँछन्।"
nepali_dresses_augmented/haku_patasi/64.jpg,"An old woman holding a flower in her hand. This is the Haku Patasi, the traditional attire of the Newar community of Nepal. This black sari with a red border is worn by Newari women during festivals and cultural events.",नेपालको नेवार समुदायको परम्परागत पोशाक हकु पातासी हो। यो रातो सिमानाको साथ कालो साड़ी पर्व र सांस्कृतिक कार्यक्रमहरूमा नेवारी महिलाहरूले लगाउँछन्।
nepali_dresses_augmented/haku_patasi/64_aug1.jpg,"An old woman holding a flower in her hand. This is the Haku Patasi, the traditional attire of the Newar community of Nepal. This black sari with a red border is worn by Newari women during festivals and cultural events.",नेपालको नेवार समुदायको परम्परागत पोशाक हकु पातासी हो। यो रातो सिमानाको साथ कालो साड़ी पर्व र सांस्कृतिक कार्यक्रमहरूमा नेवारी महिलाहरूले लगाउँछन्।
nepali_dresses_augmented/haku_patasi/64_aug2.jpg,"An old woman holding a flower in her hand. This is the Haku Patasi, the traditional attire of the Newar community of Nepal. This black sari with a red border is worn by Newari women during festivals and cultural events.",नेपालको नेवार समुदायको परम्परागत पोशाक हकु पातासी हो। यो रातो सिमानाको साथ कालो साड़ी पर्व र सांस्कृतिक कार्यक्रमहरूमा नेवारी महिलाहरूले लगाउँछन्।
nepali_dresses_augmented/haku_patasi/65.jpg,"A man and woman dressed in traditional clothing. This is the Haku Patasi, the traditional attire of the Newar community of Nepal. This black sari with a red border is worn by Newari women during festivals and cultural events.","परम्परागत कपडा लगाएका पुरुष र महिला. यो हकु पटसी हो, नेपालको नेवार समुदायको परम्परागत पोशाक। यो रातो सिमानाको साथ कालो साड़ी फेस्टिवल र सांस्कृतिक कार्यक्रमहरूमा नेवारी महिलाहरूले लगाउँछन्।"
nepali_dresses_augmented/haku_patasi/65_aug1.jpg,"A man and woman dressed in traditional clothing. This is the Haku Patasi, the traditional attire of the Newar community of Nepal. This black sari with a red border is worn by Newari women during festivals and cultural events.","परम्परागत कपडा लगाएका पुरुष र महिला. यो हकु पटसी हो, नेपालको नेवार समुदायको परम्परागत पोशाक। यो रातो सिमानाको साथ कालो साड़ी फेस्टिवल र सांस्कृतिक कार्यक्रमहरूमा नेवारी महिलाहरूले लगाउँछन्।"
nepali_dresses_augmented/haku_patasi/65_aug2.jpg,"A man and woman dressed in traditional clothing. This is the Haku Patasi, the traditional attire of the Newar community of Nepal. This black sari with a red border is worn by Newari women during festivals and cultural events.","परम्परागत कपडा लगाएका पुरुष र महिला. यो हकु पटसी हो, नेपालको नेवार समुदायको परम्परागत पोशाक। यो रातो सिमानाको साथ कालो साड़ी फेस्टिवल र सांस्कृतिक कार्यक्रमहरूमा नेवारी महिलाहरूले लगाउँछन्।"
nepali_dresses_augmented/haku_patasi/66.jpg,"A man and woman in traditional clothing. This is the Haku Patasi, the traditional attire of the Newar community of Nepal. This black sari with a red border is worn by Newari women during festivals and cultural events.","परम्परागत कपडामा एक पुरुष र महिला। यो हकु पटसी हो, नेपालको नेवार समुदायको परम्परागत पोशाक। यो रातो सिमानाको साथ कालो साड़ी पर्व र सांस्कृतिक कार्यक्रमहरूमा नेवारी महिलाहरूले लगाउँछन्।"
nepali_dresses_augmented/haku_patasi/66_aug1.jpg,"A man and woman in traditional clothing. This is the Haku Patasi, the traditional attire of the Newar community of Nepal. This black sari with a red border is worn by Newari women during festivals and cultural events.","परम्परागत कपडामा एक पुरुष र महिला। यो हकु पटसी हो, नेपालको नेवार समुदायको परम्परागत पोशाक। यो रातो सिमानाको साथ कालो साड़ी पर्व र सांस्कृतिक कार्यक्रमहरूमा नेवारी महिलाहरूले लगाउँछन्।"
nepali_dresses_augmented/haku_patasi/66_aug2.jpg,"A man and woman in traditional clothing. This is the Haku Patasi, the traditional attire of the Newar community of Nepal. This black sari with a red border is worn by Newari women during festivals and cultural events.","परम्परागत कपडामा एक पुरुष र महिला। यो हकु पटसी हो, नेपालको नेवार समुदायको परम्परागत पोशाक। यो रातो सिमानाको साथ कालो साड़ी पर्व र सांस्कृतिक कार्यक्रमहरूमा नेवारी महिलाहरूले लगाउँछन्।"
nepali_dresses_augmented/haku_patasi/67.jpg,"An indian woman in traditional clothing. This is the Haku Patasi, the traditional attire of the Newar community of Nepal. This black sari with a red border is worn by Newari women during festivals and cultural events.","परम्परागत कपडा लगाउने एक भारतीय महिला. यो हकु पातासी हो, नेपालको नेवार समुदायको परम्परागत पोशाक। यो रातो सिमानाको साथ कालो साड़ी पर्व र सांस्कृतिक कार्यक्रमहरूमा नेवारी महिलाहरूले लगाउँछन्।"
nepali_dresses_augmented/haku_patasi/67_aug1.jpg,"An indian woman in traditional clothing. This is the Haku Patasi, the traditional attire of the Newar community of Nepal. This black sari with a red border is worn by Newari women during festivals and cultural events.","परम्परागत कपडा लगाउने एक भारतीय महिला. यो हकु पातासी हो, नेपालको नेवार समुदायको परम्परागत पोशाक। यो रातो सिमानाको साथ कालो साड़ी पर्व र सांस्कृतिक कार्यक्रमहरूमा नेवारी महिलाहरूले लगाउँछन्।"
nepali_dresses_augmented/haku_patasi/67_aug2.jpg,"An indian woman in traditional clothing. This is the Haku Patasi, the traditional attire of the Newar community of Nepal. This black sari with a red border is worn by Newari women during festivals and cultural events.","परम्परागत कपडा लगाउने एक भारतीय महिला. यो हकु पातासी हो, नेपालको नेवार समुदायको परम्परागत पोशाक। यो रातो सिमानाको साथ कालो साड़ी पर्व र सांस्कृतिक कार्यक्रमहरूमा नेवारी महिलाहरूले लगाउँछन्।"
nepali_dresses_augmented/haku_patasi/68.jpg,"A model walks on the ramp during a fashion show in new delhi. This is the Haku Patasi, the traditional attire of the Newar community of Nepal. This black sari with a red border is worn by Newari women during festivals and cultural events.","नयाँ दिल्लीमा फेसन शोको क्रममा एक मोडलले र्याम्पमा हिंड्छन्। यो हकु पटसी हो, नेपालको नेवार समुदायको परम्परागत पोशाक। यो रातो सिमानाको साथ कालो साड़ी फेस्टिवल र सांस्कृतिक कार्यक्रमहरूमा नेवारी महिलाहरूले लगाउँछन्।"
nepali_dresses_augmented/haku_patasi/68_aug1.jpg,"A model walks on the ramp during a fashion show in new delhi. This is the Haku Patasi, the traditional attire of the Newar community of Nepal. This black sari with a red border is worn by Newari women during festivals and cultural events.","नयाँ दिल्लीमा फेसन शोको क्रममा एक मोडलले र्याम्पमा हिंड्छन्। यो हकु पटसी हो, नेपालको नेवार समुदायको परम्परागत पोशाक। यो रातो सिमानाको साथ कालो साड़ी फेस्टिवल र सांस्कृतिक कार्यक्रमहरूमा नेवारी महिलाहरूले लगाउँछन्।"
nepali_dresses_augmented/haku_patasi/68_aug2.jpg,"A model walks on the ramp during a fashion show in new delhi. This is the Haku Patasi, the traditional attire of the Newar community of Nepal. This black sari with a red border is worn by Newari women during festivals and cultural events.","नयाँ दिल्लीमा फेसन शोको क्रममा एक मोडलले र्याम्पमा हिंड्छन्। यो हकु पटसी हो, नेपालको नेवार समुदायको परम्परागत पोशाक। यो रातो सिमानाको साथ कालो साड़ी फेस्टिवल र सांस्कृतिक कार्यक्रमहरूमा नेवारी महिलाहरूले लगाउँछन्।"
nepali_dresses_augmented/haku_patasi/69.jpg,"A black and white sari with red stripes. This is the Haku Patasi, the traditional attire of the Newar community of Nepal. This black sari with a red border is worn by Newari women during festivals and cultural events.",नेपालको नेवार समुदायको परम्परागत पोशाक हकु पातासी हो। यो रातो सिमानाको साथ कालो साड़ी फेस्टिवल र सांस्कृतिक कार्यक्रमहरूमा नेवारी महिलाहरूले लगाउँछन्।
nepali_dresses_augmented/haku_patasi/69_aug1.jpg,"A black and white sari with red stripes. This is the Haku Patasi, the traditional attire of the Newar community of Nepal. This black sari with a red border is worn by Newari women during festivals and cultural events.",नेपालको नेवार समुदायको परम्परागत पोशाक हकु पातासी हो। यो रातो सिमानाको साथ कालो साड़ी फेस्टिवल र सांस्कृतिक कार्यक्रमहरूमा नेवारी महिलाहरूले लगाउँछन्।
nepali_dresses_augmented/haku_patasi/69_aug2.jpg,"A black and white sari with red stripes. This is the Haku Patasi, the traditional attire of the Newar community of Nepal. This black sari with a red border is worn by Newari women during festivals and cultural events.",नेपालको नेवार समुदायको परम्परागत पोशाक हकु पातासी हो। यो रातो सिमानाको साथ कालो साड़ी फेस्टिवल र सांस्कृतिक कार्यक्रमहरूमा नेवारी महिलाहरूले लगाउँछन्।
nepali_dresses_augmented/haku_patasi/6_aug1.jpg,"A woman wearing a traditional costume. This is the Haku Patasi, the traditional attire of the Newar community of Nepal. This black sari with a red border is worn by Newari women during festivals and cultural events.","एक महिलाले परम्परागत पोशाक लगाउँछिन्। यो हकु पातासी हो, नेपालको नेवार समुदायको परम्परागत पोशाक। यो रातो सिमानाको साथ कालो साड़ी फेस्टिवल र सांस्कृतिक कार्यक्रमहरूमा नेवारी महिलाहरूले लगाउँदछन्।"
nepali_dresses_augmented/haku_patasi/6_aug2.jpg,"A woman wearing a traditional costume. This is the Haku Patasi, the traditional attire of the Newar community of Nepal. This black sari with a red border is worn by Newari women during festivals and cultural events.","एक महिलाले परम्परागत पोशाक लगाउँछिन्। यो हकु पातासी हो, नेपालको नेवार समुदायको परम्परागत पोशाक। यो रातो सिमानाको साथ कालो साड़ी फेस्टिवल र सांस्कृतिक कार्यक्रमहरूमा नेवारी महिलाहरूले लगाउँदछन्।"
nepali_dresses_augmented/haku_patasi/7.jpg,"A woman sitting on the floor next to a little girl. This is the Haku Patasi, the traditional attire of the Newar community of Nepal. This black sari with a red border is worn by Newari women during festivals and cultural events.","एक महिला एक सानो केटीको छेउमा भुइँमा बसिरहेको छ। यो हाकु पातासी हो, नेपालको नेवार समुदायको परम्परागत पोशाक। यो रातो सिमानाको साथ कालो साड़ी फेस्टिवल र सांस्कृतिक कार्यक्रमहरूमा नेवारी महिलाहरूले लगाउँछन्।"
nepali_dresses_augmented/haku_patasi/70.jpg,"A little girl sitting on the ground in front of her mother. This is the Haku Patasi, the traditional attire of the Newar community of Nepal. This black sari with a red border is worn by Newari women during festivals and cultural events.","एक सानो केटी आफ्नो आमाको अगाडि भुइँमा बसिरहेको छ। यो Haku Patasi हो, नेपालको नेवार समुदायको परम्परागत पोशाक। यो रातो सिमानाको साथ कालो साड़ी फेस्टिवल र सांस्कृतिक कार्यक्रमहरूमा नेवारी महिलाहरूले लगाउँछन्।"
nepali_dresses_augmented/haku_patasi/70_aug1.jpg,"A little girl sitting on the ground in front of her mother. This is the Haku Patasi, the traditional attire of the Newar community of Nepal. This black sari with a red border is worn by Newari women during festivals and cultural events.","एक सानो केटी आफ्नो आमाको अगाडि भुइँमा बसिरहेको छ। यो Haku Patasi हो, नेपालको नेवार समुदायको परम्परागत पोशाक। यो रातो सिमानाको साथ कालो साड़ी फेस्टिवल र सांस्कृतिक कार्यक्रमहरूमा नेवारी महिलाहरूले लगाउँछन्।"
nepali_dresses_augmented/haku_patasi/70_aug2.jpg,"A little girl sitting on the ground in front of her mother. This is the Haku Patasi, the traditional attire of the Newar community of Nepal. This black sari with a red border is worn by Newari women during festivals and cultural events.","एक सानो केटी आफ्नो आमाको अगाडि भुइँमा बसिरहेको छ। यो Haku Patasi हो, नेपालको नेवार समुदायको परम्परागत पोशाक। यो रातो सिमानाको साथ कालो साड़ी फेस्टिवल र सांस्कृतिक कार्यक्रमहरूमा नेवारी महिलाहरूले लगाउँछन्।"
nepali_dresses_augmented/haku_patasi/71.jpg,"A woman with long black hair and red lipstick. This is the Haku Patasi, the traditional attire of the Newar community of Nepal. This black sari with a red border is worn by Newari women during festivals and cultural events.","एक महिला लामो कालो कपाल र रातो लिपस्टिकको साथ। यो Haku Patasi हो, नेपालको नेवार समुदायको परम्परागत पोशाक। यो रातो सिमानाको साथ कालो साड़ी फेस्टिवल र सांस्कृतिक कार्यक्रमहरूमा नेवारी महिलाहरूले लगाउँछन्।"
nepali_dresses_augmented/haku_patasi/71_aug1.jpg,"A woman with long black hair and red lipstick. This is the Haku Patasi, the traditional attire of the Newar community of Nepal. This black sari with a red border is worn by Newari women during festivals and cultural events.","एक महिला लामो कालो कपाल र रातो लिपस्टिकको साथ। यो Haku Patasi हो, नेपालको नेवार समुदायको परम्परागत पोशाक। यो रातो सिमानाको साथ कालो साड़ी फेस्टिवल र सांस्कृतिक कार्यक्रमहरूमा नेवारी महिलाहरूले लगाउँछन्।"
nepali_dresses_augmented/haku_patasi/71_aug2.jpg,"A woman with long black hair and red lipstick. This is the Haku Patasi, the traditional attire of the Newar community of Nepal. This black sari with a red border is worn by Newari women during festivals and cultural events.","एक महिला लामो कालो कपाल र रातो लिपस्टिकको साथ। यो Haku Patasi हो, नेपालको नेवार समुदायको परम्परागत पोशाक। यो रातो सिमानाको साथ कालो साड़ी फेस्टिवल र सांस्कृतिक कार्यक्रमहरूमा नेवारी महिलाहरूले लगाउँछन्।"
nepali_dresses_augmented/haku_patasi/72.jpg,"A drawing of two people in traditional clothing. This is the Haku Patasi, the traditional attire of the Newar community of Nepal. This black sari with a red border is worn by Newari women during festivals and cultural events.","परम्परागत कपडामा दुई व्यक्तिको रेखाचित्र। यो हकु पातासी हो, नेपालको नेवार समुदायको परम्परागत पोशाक। यो रातो सिमानाको साथ कालो साड़ी फेस्टिवल र सांस्कृतिक कार्यक्रमहरूमा नेवारी महिलाहरूले लगाउँछन्।"
nepali_dresses_augmented/haku_patasi/72_aug1.jpg,"A drawing of two people in traditional clothing. This is the Haku Patasi, the traditional attire of the Newar community of Nepal. This black sari with a red border is worn by Newari women during festivals and cultural events.","परम्परागत कपडामा दुई व्यक्तिको रेखाचित्र। यो हकु पातासी हो, नेपालको नेवार समुदायको परम्परागत पोशाक। यो रातो सिमानाको साथ कालो साड़ी फेस्टिवल र सांस्कृतिक कार्यक्रमहरूमा नेवारी महिलाहरूले लगाउँछन्।"
nepali_dresses_augmented/haku_patasi/72_aug2.jpg,"A drawing of two people in traditional clothing. This is the Haku Patasi, the traditional attire of the Newar community of Nepal. This black sari with a red border is worn by Newari women during festivals and cultural events.","परम्परागत कपडामा दुई व्यक्तिको रेखाचित्र। यो हकु पातासी हो, नेपालको नेवार समुदायको परम्परागत पोशाक। यो रातो सिमानाको साथ कालो साड़ी फेस्टिवल र सांस्कृतिक कार्यक्रमहरूमा नेवारी महिलाहरूले लगाउँछन्।"
nepali_dresses_augmented/haku_patasi/73.jpg,"A group of women in traditional dress walking down the street. This is the Haku Patasi, the traditional attire of the Newar community of Nepal. This black sari with a red border is worn by Newari women during festivals and cultural events.","परम्परागत पोशाकमा सडकमा हिड्ने महिलाहरूको समूह। यो हकु पातासी हो, नेपालको नेवार समुदायको परम्परागत पोशाक। यो रातो सिमानाको साथ कालो साड़ी फेस्टिवल र सांस्कृतिक कार्यक्रमहरूमा नेवारी महिलाहरूले लगाउँछन्।"
nepali_dresses_augmented/haku_patasi/73_aug1.jpg,"A group of women in traditional dress walking down the street. This is the Haku Patasi, the traditional attire of the Newar community of Nepal. This black sari with a red border is worn by Newari women during festivals and cultural events.","परम्परागत पोशाकमा सडकमा हिड्ने महिलाहरूको समूह। यो हकु पातासी हो, नेपालको नेवार समुदायको परम्परागत पोशाक। यो रातो सिमानाको साथ कालो साड़ी फेस्टिवल र सांस्कृतिक कार्यक्रमहरूमा नेवारी महिलाहरूले लगाउँछन्।"
nepali_dresses_augmented/haku_patasi/73_aug2.jpg,"A group of women in traditional dress walking down the street. This is the Haku Patasi, the traditional attire of the Newar community of Nepal. This black sari with a red border is worn by Newari women during festivals and cultural events.","परम्परागत पोशाकमा सडकमा हिड्ने महिलाहरूको समूह। यो हकु पातासी हो, नेपालको नेवार समुदायको परम्परागत पोशाक। यो रातो सिमानाको साथ कालो साड़ी फेस्टिवल र सांस्कृतिक कार्यक्रमहरूमा नेवारी महिलाहरूले लगाउँछन्।"
nepali_dresses_augmented/haku_patasi/74.jpg,"A group of women dressed in traditional clothing and carrying offerings during the festival - stock image. This is the Haku Patasi, the traditional attire of the Newar community of Nepal. This black sari with a red border is worn by Newari women during festivals and cultural events.",नेपालको नेवार समुदायको परम्परागत पोशाक हकु पाटसी हो । रातो सिमानाको यो कालो साड़ी पर्व र सांस्कृतिक कार्यक्रमहरूमा नेवारी महिलाहरूले लगाउने गर्दछन् ।
nepali_dresses_augmented/haku_patasi/74_aug1.jpg,"A group of women dressed in traditional clothing and carrying offerings during the festival - stock image. This is the Haku Patasi, the traditional attire of the Newar community of Nepal. This black sari with a red border is worn by Newari women during festivals and cultural events.",नेपालको नेवार समुदायको परम्परागत पोशाक हकु पाटसी हो । रातो सिमानाको यो कालो साड़ी पर्व र सांस्कृतिक कार्यक्रमहरूमा नेवारी महिलाहरूले लगाउने गर्दछन् ।
nepali_dresses_augmented/haku_patasi/74_aug2.jpg,"A group of women dressed in traditional clothing and carrying offerings during the festival - stock image. This is the Haku Patasi, the traditional attire of the Newar community of Nepal. This black sari with a red border is worn by Newari women during festivals and cultural events.",नेपालको नेवार समुदायको परम्परागत पोशाक हकु पाटसी हो । रातो सिमानाको यो कालो साड़ी पर्व र सांस्कृतिक कार्यक्रमहरूमा नेवारी महिलाहरूले लगाउने गर्दछन् ।
nepali_dresses_augmented/haku_patasi/75.jpg,"Three young girls dressed in traditional costumes. This is the Haku Patasi, the traditional attire of the Newar community of Nepal. This black sari with a red border is worn by Newari women during festivals and cultural events.","तीन युवतीहरू परम्परागत पोशाकमा लुगा लगाउँछिन्। यो हकु पातासी हो, नेपालको नेवार समुदायको परम्परागत पोशाक। यो रातो सिमानाको साथ कालो साड़ी फेस्टिवल र सांस्कृतिक कार्यक्रमहरूमा नेवारी महिलाहरूले लगाउँदछन्।"
nepali_dresses_augmented/haku_patasi/75_aug1.jpg,"Three young girls dressed in traditional costumes. This is the Haku Patasi, the traditional attire of the Newar community of Nepal. This black sari with a red border is worn by Newari women during festivals and cultural events.","तीन युवतीहरू परम्परागत पोशाकमा लुगा लगाउँछिन्। यो हकु पातासी हो, नेपालको नेवार समुदायको परम्परागत पोशाक। यो रातो सिमानाको साथ कालो साड़ी फेस्टिवल र सांस्कृतिक कार्यक्रमहरूमा नेवारी महिलाहरूले लगाउँदछन्।"
nepali_dresses_augmented/haku_patasi/75_aug2.jpg,"Three young girls dressed in traditional costumes. This is the Haku Patasi, the traditional attire of the Newar community of Nepal. This black sari with a red border is worn by Newari women during festivals and cultural events.","तीन युवतीहरू परम्परागत पोशाकमा लुगा लगाउँछिन्। यो हकु पातासी हो, नेपालको नेवार समुदायको परम्परागत पोशाक। यो रातो सिमानाको साथ कालो साड़ी फेस्टिवल र सांस्कृतिक कार्यक्रमहरूमा नेवारी महिलाहरूले लगाउँदछन्।"
nepali_dresses_augmented/haku_patasi/76.jpg,"A group of young girls posing for the camera. This is the Haku Patasi, the traditional attire of the Newar community of Nepal. This black sari with a red border is worn by Newari women during festivals and cultural events.","एक समूह युवतीहरु क्यामेराको लागि पोज गर्दैछन्। यो हकु पटसी हो, नेपालको नेवार समुदायको परम्परागत पोशाक। यो रातो सिमानाको साथ कालो साड़ी फेस्टिवल र सांस्कृतिक कार्यक्रमहरूमा नेवारी महिलाहरूले लगाउँछन्।"
nepali_dresses_augmented/haku_patasi/76_aug1.jpg,"A group of young girls posing for the camera. This is the Haku Patasi, the traditional attire of the Newar community of Nepal. This black sari with a red border is worn by Newari women during festivals and cultural events.","एक समूह युवतीहरु क्यामेराको लागि पोज गर्दैछन्। यो हकु पटसी हो, नेपालको नेवार समुदायको परम्परागत पोशाक। यो रातो सिमानाको साथ कालो साड़ी फेस्टिवल र सांस्कृतिक कार्यक्रमहरूमा नेवारी महिलाहरूले लगाउँछन्।"
nepali_dresses_augmented/haku_patasi/76_aug2.jpg,"A group of young girls posing for the camera. This is the Haku Patasi, the traditional attire of the Newar community of Nepal. This black sari with a red border is worn by Newari women during festivals and cultural events.","एक समूह युवतीहरु क्यामेराको लागि पोज गर्दैछन्। यो हकु पटसी हो, नेपालको नेवार समुदायको परम्परागत पोशाक। यो रातो सिमानाको साथ कालो साड़ी फेस्टिवल र सांस्कृतिक कार्यक्रमहरूमा नेवारी महिलाहरूले लगाउँछन्।"
nepali_dresses_augmented/haku_patasi/77.jpg,"A crowd of people standing in front of a building. This is the Haku Patasi, the traditional attire of the Newar community of Nepal. This black sari with a red border is worn by Newari women during festivals and cultural events.","एक भवनको अगाडि उभिएका मानिसहरूको भीड। यो हकु पातासी हो, नेपालको नेवार समुदायको परम्परागत पोशाक। यो रातो सिमानाको साथ कालो साड़ी फेस्टिवल र सांस्कृतिक कार्यक्रमहरूमा नेवारी महिलाहरूले लगाउँछन्।"
nepali_dresses_augmented/haku_patasi/77_aug1.jpg,"A crowd of people standing in front of a building. This is the Haku Patasi, the traditional attire of the Newar community of Nepal. This black sari with a red border is worn by Newari women during festivals and cultural events.","एक भवनको अगाडि उभिएका मानिसहरूको भीड। यो हकु पातासी हो, नेपालको नेवार समुदायको परम्परागत पोशाक। यो रातो सिमानाको साथ कालो साड़ी फेस्टिवल र सांस्कृतिक कार्यक्रमहरूमा नेवारी महिलाहरूले लगाउँछन्।"
nepali_dresses_augmented/haku_patasi/77_aug2.jpg,"A crowd of people standing in front of a building. This is the Haku Patasi, the traditional attire of the Newar community of Nepal. This black sari with a red border is worn by Newari women during festivals and cultural events.","एक भवनको अगाडि उभिएका मानिसहरूको भीड। यो हकु पातासी हो, नेपालको नेवार समुदायको परम्परागत पोशाक। यो रातो सिमानाको साथ कालो साड़ी फेस्टिवल र सांस्कृतिक कार्यक्रमहरूमा नेवारी महिलाहरूले लगाउँछन्।"
nepali_dresses_augmented/haku_patasi/78.jpg,"A group of women in red and white saris. This is the Haku Patasi, the traditional attire of the Newar community of Nepal. This black sari with a red border is worn by Newari women during festivals and cultural events.",नेपालको नेवार समुदायको परम्परागत पोशाक हकु पातासी हो। यो रातो सिमानाको साथ कालो साड़ी पर्व र सांस्कृतिक कार्यक्रमहरूमा नेवारी महिलाहरूले लगाउँछन्।
nepali_dresses_augmented/haku_patasi/78_aug1.jpg,"A group of women in red and white saris. This is the Haku Patasi, the traditional attire of the Newar community of Nepal. This black sari with a red border is worn by Newari women during festivals and cultural events.",नेपालको नेवार समुदायको परम्परागत पोशाक हकु पातासी हो। यो रातो सिमानाको साथ कालो साड़ी पर्व र सांस्कृतिक कार्यक्रमहरूमा नेवारी महिलाहरूले लगाउँछन्।
nepali_dresses_augmented/haku_patasi/78_aug2.jpg,"A group of women in red and white saris. This is the Haku Patasi, the traditional attire of the Newar community of Nepal. This black sari with a red border is worn by Newari women during festivals and cultural events.",नेपालको नेवार समुदायको परम्परागत पोशाक हकु पातासी हो। यो रातो सिमानाको साथ कालो साड़ी पर्व र सांस्कृतिक कार्यक्रमहरूमा नेवारी महिलाहरूले लगाउँछन्।
nepali_dresses_augmented/haku_patasi/79.jpg,"A woman standing in front of a wooden door. This is the Haku Patasi, the traditional attire of the Newar community of Nepal. This black sari with a red border is worn by Newari women during festivals and cultural events.","एक महिला काठको ढोकाको अगाडि उभिएकी छिन्। यो हाकु पातासी हो, नेपालको नेवार समुदायको परम्परागत पोशाक। यो रातो सिमानाको साथ कालो साड़ी फेस्टिवल र सांस्कृतिक कार्यक्रमहरूमा नेवारी महिलाहरूले लगाउँछन्।"
nepali_dresses_augmented/haku_patasi/79_aug1.jpg,"A woman standing in front of a wooden door. This is the Haku Patasi, the traditional attire of the Newar community of Nepal. This black sari with a red border is worn by Newari women during festivals and cultural events.","एक महिला काठको ढोकाको अगाडि उभिएकी छिन्। यो हाकु पातासी हो, नेपालको नेवार समुदायको परम्परागत पोशाक। यो रातो सिमानाको साथ कालो साड़ी फेस्टिवल र सांस्कृतिक कार्यक्रमहरूमा नेवारी महिलाहरूले लगाउँछन्।"
nepali_dresses_augmented/haku_patasi/79_aug2.jpg,"A woman standing in front of a wooden door. This is the Haku Patasi, the traditional attire of the Newar community of Nepal. This black sari with a red border is worn by Newari women during festivals and cultural events.","एक महिला काठको ढोकाको अगाडि उभिएकी छिन्। यो हाकु पातासी हो, नेपालको नेवार समुदायको परम्परागत पोशाक। यो रातो सिमानाको साथ कालो साड़ी फेस्टिवल र सांस्कृतिक कार्यक्रमहरूमा नेवारी महिलाहरूले लगाउँछन्।"
nepali_dresses_augmented/haku_patasi/7_aug1.jpg,"A woman sitting on the floor next to a little girl. This is the Haku Patasi, the traditional attire of the Newar community of Nepal. This black sari with a red border is worn by Newari women during festivals and cultural events.","एक महिला एक सानो केटीको छेउमा भुइँमा बसिरहेको छ। यो हाकु पातासी हो, नेपालको नेवार समुदायको परम्परागत पोशाक। यो रातो सिमानाको साथ कालो साड़ी फेस्टिवल र सांस्कृतिक कार्यक्रमहरूमा नेवारी महिलाहरूले लगाउँछन्।"
nepali_dresses_augmented/haku_patasi/7_aug2.jpg,"A woman sitting on the floor next to a little girl. This is the Haku Patasi, the traditional attire of the Newar community of Nepal. This black sari with a red border is worn by Newari women during festivals and cultural events.","एक महिला एक सानो केटीको छेउमा भुइँमा बसिरहेको छ। यो हाकु पातासी हो, नेपालको नेवार समुदायको परम्परागत पोशाक। यो रातो सिमानाको साथ कालो साड़ी फेस्टिवल र सांस्कृतिक कार्यक्रमहरूमा नेवारी महिलाहरूले लगाउँछन्।"
nepali_dresses_augmented/haku_patasi/8.jpg,"A group of women in traditional dress walking down the street. This is the Haku Patasi, the traditional attire of the Newar community of Nepal. This black sari with a red border is worn by Newari women during festivals and cultural events.","परम्परागत पोशाकमा सडकमा हिड्ने महिलाहरूको समूह। यो हकु पातासी हो, नेपालको नेवार समुदायको परम्परागत पोशाक। यो रातो सिमानाको साथ कालो साड़ी फेस्टिवल र सांस्कृतिक कार्यक्रमहरूमा नेवारी महिलाहरूले लगाउँछन्।"
nepali_dresses_augmented/haku_patasi/80.jpg,"A woman wearing a traditional dress and jewelry. This is the Haku Patasi, the traditional attire of the Newar community of Nepal. This black sari with a red border is worn by Newari women during festivals and cultural events.","एक महिलाले परम्परागत पोशाक र गहना लगाउँछिन्। यो हकु पातासी हो, नेपालको नेवार समुदायको परम्परागत पोशाक। यो रातो सिमानाको साथ कालो साड़ी फेस्टिवल र सांस्कृतिक कार्यक्रमहरूमा नेवारी महिलाहरूले लगाउँदछन्।"
nepali_dresses_augmented/haku_patasi/80_aug1.jpg,"A woman wearing a traditional dress and jewelry. This is the Haku Patasi, the traditional attire of the Newar community of Nepal. This black sari with a red border is worn by Newari women during festivals and cultural events.","एक महिलाले परम्परागत पोशाक र गहना लगाउँछिन्। यो हकु पातासी हो, नेपालको नेवार समुदायको परम्परागत पोशाक। यो रातो सिमानाको साथ कालो साड़ी फेस्टिवल र सांस्कृतिक कार्यक्रमहरूमा नेवारी महिलाहरूले लगाउँदछन्।"
nepali_dresses_augmented/haku_patasi/80_aug2.jpg,"A woman wearing a traditional dress and jewelry. This is the Haku Patasi, the traditional attire of the Newar community of Nepal. This black sari with a red border is worn by Newari women during festivals and cultural events.","एक महिलाले परम्परागत पोशाक र गहना लगाउँछिन्। यो हकु पातासी हो, नेपालको नेवार समुदायको परम्परागत पोशाक। यो रातो सिमानाको साथ कालो साड़ी फेस्टिवल र सांस्कृतिक कार्यक्रमहरूमा नेवारी महिलाहरूले लगाउँदछन्।"
nepali_dresses_augmented/haku_patasi/81.jpg,"A woman in traditional clothing. This is the Haku Patasi, the traditional attire of the Newar community of Nepal. This black sari with a red border is worn by Newari women during festivals and cultural events.","परम्परागत लुगा लगाउने महिला. यो हकु पातासी हो, नेपालको नेवार समुदायको परम्परागत पोशाक। यो रातो सिमानाको साथ कालो साड़ी फेस्टिवल र सांस्कृतिक कार्यक्रमहरूमा नेवारी महिलाहरूले लगाउँछन्।"
nepali_dresses_augmented/haku_patasi/81_aug1.jpg,"A woman in traditional clothing. This is the Haku Patasi, the traditional attire of the Newar community of Nepal. This black sari with a red border is worn by Newari women during festivals and cultural events.","परम्परागत लुगा लगाउने महिला. यो हकु पातासी हो, नेपालको नेवार समुदायको परम्परागत पोशाक। यो रातो सिमानाको साथ कालो साड़ी फेस्टिवल र सांस्कृतिक कार्यक्रमहरूमा नेवारी महिलाहरूले लगाउँछन्।"
nepali_dresses_augmented/haku_patasi/81_aug2.jpg,"A woman in traditional clothing. This is the Haku Patasi, the traditional attire of the Newar community of Nepal. This black sari with a red border is worn by Newari women during festivals and cultural events.","परम्परागत लुगा लगाउने महिला. यो हकु पातासी हो, नेपालको नेवार समुदायको परम्परागत पोशाक। यो रातो सिमानाको साथ कालो साड़ी फेस्टिवल र सांस्कृतिक कार्यक्रमहरूमा नेवारी महिलाहरूले लगाउँछन्।"
nepali_dresses_augmented/haku_patasi/82.jpg,"A little girl in a black and red outfit. This is the Haku Patasi, the traditional attire of the Newar community of Nepal. This black sari with a red border is worn by Newari women during festivals and cultural events.","एक सानो केटी कालो र रातो पोशाकमा। यो Haku Patasi हो, नेपालको नेवार समुदायको परम्परागत पोशाक। यो रातो सिमानाको साथ कालो साड़ी फेस्टिवल र सांस्कृतिक कार्यक्रमहरूमा नेवारी महिलाहरूले लगाउँछन्।"
nepali_dresses_augmented/haku_patasi/82_aug1.jpg,"A little girl in a black and red outfit. This is the Haku Patasi, the traditional attire of the Newar community of Nepal. This black sari with a red border is worn by Newari women during festivals and cultural events.","एक सानो केटी कालो र रातो पोशाकमा। यो Haku Patasi हो, नेपालको नेवार समुदायको परम्परागत पोशाक। यो रातो सिमानाको साथ कालो साड़ी फेस्टिवल र सांस्कृतिक कार्यक्रमहरूमा नेवारी महिलाहरूले लगाउँछन्।"
nepali_dresses_augmented/haku_patasi/82_aug2.jpg,"A little girl in a black and red outfit. This is the Haku Patasi, the traditional attire of the Newar community of Nepal. This black sari with a red border is worn by Newari women during festivals and cultural events.","एक सानो केटी कालो र रातो पोशाकमा। यो Haku Patasi हो, नेपालको नेवार समुदायको परम्परागत पोशाक। यो रातो सिमानाको साथ कालो साड़ी फेस्टिवल र सांस्कृतिक कार्यक्रमहरूमा नेवारी महिलाहरूले लगाउँछन्।"
nepali_dresses_augmented/haku_patasi/83.jpg,"An old woman carrying a bowl of water on her head. This is the Haku Patasi, the traditional attire of the Newar community of Nepal. This black sari with a red border is worn by Newari women during festivals and cultural events.","एक बुढी महिलाले आफ्नो टाउकोमा पानीको कचौरा बोकेको छ। यो हकु पटसी हो, नेपालको नेवार समुदायको परम्परागत पोशाक। यो रातो सिमानाको साथ कालो साड़ी पर्व र सांस्कृतिक कार्यक्रमहरूमा नेवारी महिलाहरूले लगाउँछन्।"
nepali_dresses_augmented/haku_patasi/83_aug1.jpg,"An old woman carrying a bowl of water on her head. This is the Haku Patasi, the traditional attire of the Newar community of Nepal. This black sari with a red border is worn by Newari women during festivals and cultural events.","एक बुढी महिलाले आफ्नो टाउकोमा पानीको कचौरा बोकेको छ। यो हकु पटसी हो, नेपालको नेवार समुदायको परम्परागत पोशाक। यो रातो सिमानाको साथ कालो साड़ी पर्व र सांस्कृतिक कार्यक्रमहरूमा नेवारी महिलाहरूले लगाउँछन्।"
nepali_dresses_augmented/haku_patasi/83_aug2.jpg,"An old woman carrying a bowl of water on her head. This is the Haku Patasi, the traditional attire of the Newar community of Nepal. This black sari with a red border is worn by Newari women during festivals and cultural events.","एक बुढी महिलाले आफ्नो टाउकोमा पानीको कचौरा बोकेको छ। यो हकु पटसी हो, नेपालको नेवार समुदायको परम्परागत पोशाक। यो रातो सिमानाको साथ कालो साड़ी पर्व र सांस्कृतिक कार्यक्रमहरूमा नेवारी महिलाहरूले लगाउँछन्।"
nepali_dresses_augmented/haku_patasi/84.jpg,"A woman wearing a black and red sari. This is the Haku Patasi, the traditional attire of the Newar community of Nepal. This black sari with a red border is worn by Newari women during festivals and cultural events.","एक महिलाले कालो र रातो साड़ी लगाउँछिन्। यो हकु पातासी हो, नेपालको नेवार समुदायको परम्परागत पोशाक। यो रातो सिमानाको साथ कालो साड़ी फेस्टिवल र सांस्कृतिक कार्यक्रमहरूमा नेवारी महिलाहरूले लगाउँदछन्।"
nepali_dresses_augmented/haku_patasi/84_aug1.jpg,"A woman wearing a black and red sari. This is the Haku Patasi, the traditional attire of the Newar community of Nepal. This black sari with a red border is worn by Newari women during festivals and cultural events.","एक महिलाले कालो र रातो साड़ी लगाउँछिन्। यो हकु पातासी हो, नेपालको नेवार समुदायको परम्परागत पोशाक। यो रातो सिमानाको साथ कालो साड़ी फेस्टिवल र सांस्कृतिक कार्यक्रमहरूमा नेवारी महिलाहरूले लगाउँदछन्।"
nepali_dresses_augmented/haku_patasi/84_aug2.jpg,"A woman wearing a black and red sari. This is the Haku Patasi, the traditional attire of the Newar community of Nepal. This black sari with a red border is worn by Newari women during festivals and cultural events.","एक महिलाले कालो र रातो साड़ी लगाउँछिन्। यो हकु पातासी हो, नेपालको नेवार समुदायको परम्परागत पोशाक। यो रातो सिमानाको साथ कालो साड़ी फेस्टिवल र सांस्कृतिक कार्यक्रमहरूमा नेवारी महिलाहरूले लगाउँदछन्।"
nepali_dresses_augmented/haku_patasi/85.jpg,"A group of women in traditional dress. This is the Haku Patasi, the traditional attire of the Newar community of Nepal. This black sari with a red border is worn by Newari women during festivals and cultural events.","परम्परागत पोशाकमा महिलाहरूको समूह। यो हकु पातासी हो, नेपालको नेवार समुदायको परम्परागत पोशाक। यो रातो सिमानाको साथ कालो साड़ी फेस्टिवल र सांस्कृतिक कार्यक्रमहरूमा नेवारी महिलाहरूले लगाउँछन्।"
nepali_dresses_augmented/haku_patasi/85_aug1.jpg,"A group of women in traditional dress. This is the Haku Patasi, the traditional attire of the Newar community of Nepal. This black sari with a red border is worn by Newari women during festivals and cultural events.","परम्परागत पोशाकमा महिलाहरूको समूह। यो हकु पातासी हो, नेपालको नेवार समुदायको परम्परागत पोशाक। यो रातो सिमानाको साथ कालो साड़ी फेस्टिवल र सांस्कृतिक कार्यक्रमहरूमा नेवारी महिलाहरूले लगाउँछन्।"
nepali_dresses_augmented/haku_patasi/85_aug2.jpg,"A group of women in traditional dress. This is the Haku Patasi, the traditional attire of the Newar community of Nepal. This black sari with a red border is worn by Newari women during festivals and cultural events.","परम्परागत पोशाकमा महिलाहरूको समूह। यो हकु पातासी हो, नेपालको नेवार समुदायको परम्परागत पोशाक। यो रातो सिमानाको साथ कालो साड़ी फेस्टिवल र सांस्कृतिक कार्यक्रमहरूमा नेवारी महिलाहरूले लगाउँछन्।"
nepali_dresses_augmented/haku_patasi/86.jpg,"A woman in traditional clothing. This is the Haku Patasi, the traditional attire of the Newar community of Nepal. This black sari with a red border is worn by Newari women during festivals and cultural events.","परम्परागत लुगा लगाउने महिला. यो हकु पातासी हो, नेपालको नेवार समुदायको परम्परागत पोशाक। यो रातो सिमानाको साथ कालो साड़ी फेस्टिवल र सांस्कृतिक कार्यक्रमहरूमा नेवारी महिलाहरूले लगाउँछन्।"
nepali_dresses_augmented/haku_patasi/86_aug1.jpg,"A woman in traditional clothing. This is the Haku Patasi, the traditional attire of the Newar community of Nepal. This black sari with a red border is worn by Newari women during festivals and cultural events.","परम्परागत लुगा लगाउने महिला. यो हकु पातासी हो, नेपालको नेवार समुदायको परम्परागत पोशाक। यो रातो सिमानाको साथ कालो साड़ी फेस्टिवल र सांस्कृतिक कार्यक्रमहरूमा नेवारी महिलाहरूले लगाउँछन्।"
nepali_dresses_augmented/haku_patasi/86_aug2.jpg,"A woman in traditional clothing. This is the Haku Patasi, the traditional attire of the Newar community of Nepal. This black sari with a red border is worn by Newari women during festivals and cultural events.","परम्परागत लुगा लगाउने महिला. यो हकु पातासी हो, नेपालको नेवार समुदायको परम्परागत पोशाक। यो रातो सिमानाको साथ कालो साड़ी फेस्टिवल र सांस्कृतिक कार्यक्रमहरूमा नेवारी महिलाहरूले लगाउँछन्।"
nepali_dresses_augmented/haku_patasi/87.jpg,"A woman in a black and red dress is dancing. This is the Haku Patasi, the traditional attire of the Newar community of Nepal. This black sari with a red border is worn by Newari women during festivals and cultural events.","एक महिला कालो र रातो पोशाकमा नाच्दैछिन्। यो हकु पटसी हो, नेपालको नेवार समुदायको परम्परागत पोशाक। यो रातो सिमानाको साथ कालो साड़ी फेस्टिवल र सांस्कृतिक कार्यक्रमहरूमा नेवारी महिलाहरूले लगाउँछन्।"
nepali_dresses_augmented/haku_patasi/87_aug1.jpg,"A woman in a black and red dress is dancing. This is the Haku Patasi, the traditional attire of the Newar community of Nepal. This black sari with a red border is worn by Newari women during festivals and cultural events.","एक महिला कालो र रातो पोशाकमा नाच्दैछिन्। यो हकु पटसी हो, नेपालको नेवार समुदायको परम्परागत पोशाक। यो रातो सिमानाको साथ कालो साड़ी फेस्टिवल र सांस्कृतिक कार्यक्रमहरूमा नेवारी महिलाहरूले लगाउँछन्।"
nepali_dresses_augmented/haku_patasi/87_aug2.jpg,"A woman in a black and red dress is dancing. This is the Haku Patasi, the traditional attire of the Newar community of Nepal. This black sari with a red border is worn by Newari women during festivals and cultural events.","एक महिला कालो र रातो पोशाकमा नाच्दैछिन्। यो हकु पटसी हो, नेपालको नेवार समुदायको परम्परागत पोशाक। यो रातो सिमानाको साथ कालो साड़ी फेस्टिवल र सांस्कृतिक कार्यक्रमहरूमा नेवारी महिलाहरूले लगाउँछन्।"
nepali_dresses_augmented/haku_patasi/88.jpg,"A young girl in traditional dress. This is the Haku Patasi, the traditional attire of the Newar community of Nepal. This black sari with a red border is worn by Newari women during festivals and cultural events.","परम्परागत पोशाकमा एक युवती। यो हकु पातासी हो, नेपालको नेवार समुदायको परम्परागत पोशाक। यो रातो सिमानाको साथ कालो साड़ी पर्व र सांस्कृतिक कार्यक्रमहरूमा नेवारी महिलाहरूले लगाउँछन्।"
nepali_dresses_augmented/haku_patasi/88_aug1.jpg,"A young girl in traditional dress. This is the Haku Patasi, the traditional attire of the Newar community of Nepal. This black sari with a red border is worn by Newari women during festivals and cultural events.","परम्परागत पोशाकमा एक युवती। यो हकु पातासी हो, नेपालको नेवार समुदायको परम्परागत पोशाक। यो रातो सिमानाको साथ कालो साड़ी पर्व र सांस्कृतिक कार्यक्रमहरूमा नेवारी महिलाहरूले लगाउँछन्।"
nepali_dresses_augmented/haku_patasi/88_aug2.jpg,"A young girl in traditional dress. This is the Haku Patasi, the traditional attire of the Newar community of Nepal. This black sari with a red border is worn by Newari women during festivals and cultural events.","परम्परागत पोशाकमा एक युवती। यो हकु पातासी हो, नेपालको नेवार समुदायको परम्परागत पोशाक। यो रातो सिमानाको साथ कालो साड़ी पर्व र सांस्कृतिक कार्यक्रमहरूमा नेवारी महिलाहरूले लगाउँछन्।"
nepali_dresses_augmented/haku_patasi/89.jpg,"Two young girls in traditional dress posing for the camera. This is the Haku Patasi, the traditional attire of the Newar community of Nepal. This black sari with a red border is worn by Newari women during festivals and cultural events.","दुई युवतीहरू परम्परागत पोशाकमा क्यामेराको लागि पोज गर्दै छन्। यो हकु पातासी हो, नेपालको नेवार समुदायको परम्परागत पोशाक। यो रातो सिमानाको साथ कालो साड़ी फेस्टिवल र सांस्कृतिक कार्यक्रमहरूमा नेवारी महिलाहरूले लगाउँछन्।"
nepali_dresses_augmented/haku_patasi/89_aug1.jpg,"Two young girls in traditional dress posing for the camera. This is the Haku Patasi, the traditional attire of the Newar community of Nepal. This black sari with a red border is worn by Newari women during festivals and cultural events.","दुई युवतीहरू परम्परागत पोशाकमा क्यामेराको लागि पोज गर्दै छन्। यो हकु पातासी हो, नेपालको नेवार समुदायको परम्परागत पोशाक। यो रातो सिमानाको साथ कालो साड़ी फेस्टिवल र सांस्कृतिक कार्यक्रमहरूमा नेवारी महिलाहरूले लगाउँछन्।"
nepali_dresses_augmented/haku_patasi/89_aug2.jpg,"Two young girls in traditional dress posing for the camera. This is the Haku Patasi, the traditional attire of the Newar community of Nepal. This black sari with a red border is worn by Newari women during festivals and cultural events.","दुई युवतीहरू परम्परागत पोशाकमा क्यामेराको लागि पोज गर्दै छन्। यो हकु पातासी हो, नेपालको नेवार समुदायको परम्परागत पोशाक। यो रातो सिमानाको साथ कालो साड़ी फेस्टिवल र सांस्कृतिक कार्यक्रमहरूमा नेवारी महिलाहरूले लगाउँछन्।"
nepali_dresses_augmented/haku_patasi/8_aug1.jpg,"A group of women in traditional dress walking down the street. This is the Haku Patasi, the traditional attire of the Newar community of Nepal. This black sari with a red border is worn by Newari women during festivals and cultural events.","परम्परागत पोशाकमा सडकमा हिड्ने महिलाहरूको समूह। यो हकु पातासी हो, नेपालको नेवार समुदायको परम्परागत पोशाक। यो रातो सिमानाको साथ कालो साड़ी फेस्टिवल र सांस्कृतिक कार्यक्रमहरूमा नेवारी महिलाहरूले लगाउँछन्।"
nepali_dresses_augmented/haku_patasi/8_aug2.jpg,"A group of women in traditional dress walking down the street. This is the Haku Patasi, the traditional attire of the Newar community of Nepal. This black sari with a red border is worn by Newari women during festivals and cultural events.","परम्परागत पोशाकमा सडकमा हिड्ने महिलाहरूको समूह। यो हकु पातासी हो, नेपालको नेवार समुदायको परम्परागत पोशाक। यो रातो सिमानाको साथ कालो साड़ी फेस्टिवल र सांस्कृतिक कार्यक्रमहरूमा नेवारी महिलाहरूले लगाउँछन्।"
nepali_dresses_augmented/haku_patasi/9.jpg,"A woman wearing traditional clothing and holding her finger up. This is the Haku Patasi, the traditional attire of the Newar community of Nepal. This black sari with a red border is worn by Newari women during festivals and cultural events.","एक महिलाले परम्परागत कपडा लगाएर आफ्नो औंला उठाएर हेर्छिन्। यो हकु पटसी हो, नेपालको नेवार समुदायको परम्परागत पोशाक हो। यो रातो सिमानाको साथ कालो साड़ी पर्व र सांस्कृतिक कार्यक्रमहरूमा नेवारी महिलाहरूले लगाउँछन्।"
nepali_dresses_augmented/haku_patasi/90.jpg,"A group of women dressed in traditional chinese clothing and holding their hands up in the air - stock image. This is the Haku Patasi, the traditional attire of the Newar community of Nepal. This black sari with a red border is worn by Newari women during festivals and cultural events.","परम्परागत चिनियाँ कपडा लगाएका र हावामा हात राख्ने महिलाहरूको समूह। यो हाकु पातासी हो, नेपालको नेवार समुदायको परम्परागत पोशाक। यो रातो सिमानाको साथ कालो साड़ी पर्व र सांस्कृतिक कार्यक्रमहरूमा नेवारी महिलाहरूले लगाउँछन्।"
nepali_dresses_augmented/haku_patasi/90_aug1.jpg,"A group of women dressed in traditional chinese clothing and holding their hands up in the air - stock image. This is the Haku Patasi, the traditional attire of the Newar community of Nepal. This black sari with a red border is worn by Newari women during festivals and cultural events.","परम्परागत चिनियाँ कपडा लगाएका र हावामा हात राख्ने महिलाहरूको समूह। यो हाकु पातासी हो, नेपालको नेवार समुदायको परम्परागत पोशाक। यो रातो सिमानाको साथ कालो साड़ी पर्व र सांस्कृतिक कार्यक्रमहरूमा नेवारी महिलाहरूले लगाउँछन्।"
nepali_dresses_augmented/haku_patasi/90_aug2.jpg,"A group of women dressed in traditional chinese clothing and holding their hands up in the air - stock image. This is the Haku Patasi, the traditional attire of the Newar community of Nepal. This black sari with a red border is worn by Newari women during festivals and cultural events.","परम्परागत चिनियाँ कपडा लगाएका र हावामा हात राख्ने महिलाहरूको समूह। यो हाकु पातासी हो, नेपालको नेवार समुदायको परम्परागत पोशाक। यो रातो सिमानाको साथ कालो साड़ी पर्व र सांस्कृतिक कार्यक्रमहरूमा नेवारी महिलाहरूले लगाउँछन्।"
nepali_dresses_augmented/haku_patasi/91.jpg,"A group of women in traditional dress carrying water pots on their heads - stock image. This is the Haku Patasi, the traditional attire of the Newar community of Nepal. This black sari with a red border is worn by Newari women during festivals and cultural events.",नेपालको नेवार समुदायको परम्परागत पोशाक हाकु पाटसी हो । रातो सिमानाको यो कालो साड़ी पर्व र सांस्कृतिक कार्यक्रमहरूमा नेवारी महिलाहरूले लगाउने गर्दछन् ।
nepali_dresses_augmented/haku_patasi/91_aug1.jpg,"A group of women in traditional dress carrying water pots on their heads - stock image. This is the Haku Patasi, the traditional attire of the Newar community of Nepal. This black sari with a red border is worn by Newari women during festivals and cultural events.",नेपालको नेवार समुदायको परम्परागत पोशाक हाकु पाटसी हो । रातो सिमानाको यो कालो साड़ी पर्व र सांस्कृतिक कार्यक्रमहरूमा नेवारी महिलाहरूले लगाउने गर्दछन् ।
nepali_dresses_augmented/haku_patasi/91_aug2.jpg,"A group of women in traditional dress carrying water pots on their heads - stock image. This is the Haku Patasi, the traditional attire of the Newar community of Nepal. This black sari with a red border is worn by Newari women during festivals and cultural events.",नेपालको नेवार समुदायको परम्परागत पोशाक हाकु पाटसी हो । रातो सिमानाको यो कालो साड़ी पर्व र सांस्कृतिक कार्यक्रमहरूमा नेवारी महिलाहरूले लगाउने गर्दछन् ।
nepali_dresses_augmented/haku_patasi/92.jpg,"A group of women standing in a field. This is the Haku Patasi, the traditional attire of the Newar community of Nepal. This black sari with a red border is worn by Newari women during festivals and cultural events.",नेपालको नेवार समुदायको परम्परागत पोशाक हकु पातासी हो। यो रातो सिमानाको साथ कालो साड़ी पर्व र सांस्कृतिक कार्यक्रमहरूमा नेवारी महिलाहरूले लगाउँछन्।
nepali_dresses_augmented/haku_patasi/92_aug1.jpg,"A group of women standing in a field. This is the Haku Patasi, the traditional attire of the Newar community of Nepal. This black sari with a red border is worn by Newari women during festivals and cultural events.",नेपालको नेवार समुदायको परम्परागत पोशाक हकु पातासी हो। यो रातो सिमानाको साथ कालो साड़ी पर्व र सांस्कृतिक कार्यक्रमहरूमा नेवारी महिलाहरूले लगाउँछन्।
nepali_dresses_augmented/haku_patasi/92_aug2.jpg,"A group of women standing in a field. This is the Haku Patasi, the traditional attire of the Newar community of Nepal. This black sari with a red border is worn by Newari women during festivals and cultural events.",नेपालको नेवार समुदायको परम्परागत पोशाक हकु पातासी हो। यो रातो सिमानाको साथ कालो साड़ी पर्व र सांस्कृतिक कार्यक्रमहरूमा नेवारी महिलाहरूले लगाउँछन्।
nepali_dresses_augmented/haku_patasi/93.jpg,"A group of women dressed in traditional costume posing for the camera - stock image. This is the Haku Patasi, the traditional attire of the Newar community of Nepal. This black sari with a red border is worn by Newari women during festivals and cultural events.",नेपालको नेवार समुदायको परम्परागत पोशाक हकु पटसी हो । रातो सिमानाको यो कालो साड़ी पर्व र सांस्कृतिक कार्यक्रमहरूमा नेवारी महिलाहरूले लगाउँछन् ।
nepali_dresses_augmented/haku_patasi/93_aug1.jpg,"A group of women dressed in traditional costume posing for the camera - stock image. This is the Haku Patasi, the traditional attire of the Newar community of Nepal. This black sari with a red border is worn by Newari women during festivals and cultural events.",नेपालको नेवार समुदायको परम्परागत पोशाक हकु पटसी हो । रातो सिमानाको यो कालो साड़ी पर्व र सांस्कृतिक कार्यक्रमहरूमा नेवारी महिलाहरूले लगाउँछन् ।
nepali_dresses_augmented/haku_patasi/93_aug2.jpg,"A group of women dressed in traditional costume posing for the camera - stock image. This is the Haku Patasi, the traditional attire of the Newar community of Nepal. This black sari with a red border is worn by Newari women during festivals and cultural events.",नेपालको नेवार समुदायको परम्परागत पोशाक हकु पटसी हो । रातो सिमानाको यो कालो साड़ी पर्व र सांस्कृतिक कार्यक्रमहरूमा नेवारी महिलाहरूले लगाउँछन् ।
nepali_dresses_augmented/haku_patasi/94.jpg,"A group of women dressed in traditional attire carry their offerings during festival. This is the Haku Patasi, the traditional attire of the Newar community of Nepal. This black sari with a red border is worn by Newari women during festivals and cultural events.","परम्परागत पोशाकमा लुगा लगाएका महिलाहरूको समूहले तिहारको समयमा आफ्नो भेटीहरू बोक्दछन्। यो हकु पातासी हो, नेपालको नेवार समुदायको परम्परागत पोशाक हो। यो रातो सिमानाको साथ कालो साड़ी फेस्टिवल र सांस्कृतिक कार्यक्रमहरूमा नेवारी महिलाहरूले लगाउँछन्।"
nepali_dresses_augmented/haku_patasi/94_aug1.jpg,"A group of women dressed in traditional attire carry their offerings during festival. This is the Haku Patasi, the traditional attire of the Newar community of Nepal. This black sari with a red border is worn by Newari women during festivals and cultural events.","परम्परागत पोशाकमा लुगा लगाएका महिलाहरूको समूहले तिहारको समयमा आफ्नो भेटीहरू बोक्दछन्। यो हकु पातासी हो, नेपालको नेवार समुदायको परम्परागत पोशाक हो। यो रातो सिमानाको साथ कालो साड़ी फेस्टिवल र सांस्कृतिक कार्यक्रमहरूमा नेवारी महिलाहरूले लगाउँछन्।"
nepali_dresses_augmented/haku_patasi/94_aug2.jpg,"A group of women dressed in traditional attire carry their offerings during festival. This is the Haku Patasi, the traditional attire of the Newar community of Nepal. This black sari with a red border is worn by Newari women during festivals and cultural events.","परम्परागत पोशाकमा लुगा लगाएका महिलाहरूको समूहले तिहारको समयमा आफ्नो भेटीहरू बोक्दछन्। यो हकु पातासी हो, नेपालको नेवार समुदायको परम्परागत पोशाक हो। यो रातो सिमानाको साथ कालो साड़ी फेस्टिवल र सांस्कृतिक कार्यक्रमहरूमा नेवारी महिलाहरूले लगाउँछन्।"
nepali_dresses_augmented/haku_patasi/95.jpg,"Women perform during the festival. This is the Haku Patasi, the traditional attire of the Newar community of Nepal. This black sari with a red border is worn by Newari women during festivals and cultural events.","महोत्सवको समयमा महिलाहरूले प्रदर्शन गर्छन्। यो हकु पातासी हो, नेपालको नेवार समुदायको परम्परागत पोशाक। यो रातो सिमानाको साथ कालो साड़ी महोत्सव र सांस्कृतिक कार्यक्रमहरूमा नेवारी महिलाहरूले लगाउँछन्।"
nepali_dresses_augmented/haku_patasi/95_aug1.jpg,"Women perform during the festival. This is the Haku Patasi, the traditional attire of the Newar community of Nepal. This black sari with a red border is worn by Newari women during festivals and cultural events.","महोत्सवको समयमा महिलाहरूले प्रदर्शन गर्छन्। यो हकु पातासी हो, नेपालको नेवार समुदायको परम्परागत पोशाक। यो रातो सिमानाको साथ कालो साड़ी महोत्सव र सांस्कृतिक कार्यक्रमहरूमा नेवारी महिलाहरूले लगाउँछन्।"
nepali_dresses_augmented/haku_patasi/95_aug2.jpg,"Women perform during the festival. This is the Haku Patasi, the traditional attire of the Newar community of Nepal. This black sari with a red border is worn by Newari women during festivals and cultural events.","महोत्सवको समयमा महिलाहरूले प्रदर्शन गर्छन्। यो हकु पातासी हो, नेपालको नेवार समुदायको परम्परागत पोशाक। यो रातो सिमानाको साथ कालो साड़ी महोत्सव र सांस्कृतिक कार्यक्रमहरूमा नेवारी महिलाहरूले लगाउँछन्।"
nepali_dresses_augmented/haku_patasi/96.jpg,"Two women dressed in traditional red and black sari clothing standing in front of a brick wall - stock photo. This is the Haku Patasi, the traditional attire of the Newar community of Nepal. This black sari with a red border is worn by Newari women during festivals and cultural events.","दुई महिलाले परम्परागत रातो र कालो साड़ी कपडा लगाएर इँटाको पर्खाल अगाडि उभिएकी छन् - स्टक फोटो। यो हकु पातासी हो, नेपालको नेवार समुदायको परम्परागत पोशाक। यो रातो सिमानाको साथ कालो साड़ी पर्व र सांस्कृतिक कार्यक्रमहरूमा नेवारी महिलाहरूले लगाउँछन्।"
nepali_dresses_augmented/haku_patasi/96_aug1.jpg,"Two women dressed in traditional red and black sari clothing standing in front of a brick wall - stock photo. This is the Haku Patasi, the traditional attire of the Newar community of Nepal. This black sari with a red border is worn by Newari women during festivals and cultural events.","दुई महिलाले परम्परागत रातो र कालो साड़ी कपडा लगाएर इँटाको पर्खाल अगाडि उभिएकी छन् - स्टक फोटो। यो हकु पातासी हो, नेपालको नेवार समुदायको परम्परागत पोशाक। यो रातो सिमानाको साथ कालो साड़ी पर्व र सांस्कृतिक कार्यक्रमहरूमा नेवारी महिलाहरूले लगाउँछन्।"
nepali_dresses_augmented/haku_patasi/96_aug2.jpg,"Two women dressed in traditional red and black sari clothing standing in front of a brick wall - stock photo. This is the Haku Patasi, the traditional attire of the Newar community of Nepal. This black sari with a red border is worn by Newari women during festivals and cultural events.","दुई महिलाले परम्परागत रातो र कालो साड़ी कपडा लगाएर इँटाको पर्खाल अगाडि उभिएकी छन् - स्टक फोटो। यो हकु पातासी हो, नेपालको नेवार समुदायको परम्परागत पोशाक। यो रातो सिमानाको साथ कालो साड़ी पर्व र सांस्कृतिक कार्यक्रमहरूमा नेवारी महिलाहरूले लगाउँछन्।"
nepali_dresses_augmented/haku_patasi/97.jpg,"A group of women playing flutes in the streets of kathmandu, nepal - stock image. This is the Haku Patasi, the traditional attire of the Newar community of Nepal. This black sari with a red border is worn by Newari women during festivals and cultural events.","काठमाडौंको सडकमा फ्लोट बजाउने महिलाहरूको समूह, नेपाल - स्टक छवि। यो नेपालको नेवार समुदायको परम्परागत पोशाक हकु पटसी हो। यो रातो सिमानाको साथ कालो साड़ी पर्व र सांस्कृतिक कार्यक्रमहरूमा नेवारी महिलाहरूले लगाउँछन्।"
nepali_dresses_augmented/haku_patasi/97_aug1.jpg,"A group of women playing flutes in the streets of kathmandu, nepal - stock image. This is the Haku Patasi, the traditional attire of the Newar community of Nepal. This black sari with a red border is worn by Newari women during festivals and cultural events.","काठमाडौंको सडकमा फ्लोट बजाउने महिलाहरूको समूह, नेपाल - स्टक छवि। यो नेपालको नेवार समुदायको परम्परागत पोशाक हकु पटसी हो। यो रातो सिमानाको साथ कालो साड़ी पर्व र सांस्कृतिक कार्यक्रमहरूमा नेवारी महिलाहरूले लगाउँछन्।"
nepali_dresses_augmented/haku_patasi/97_aug2.jpg,"A group of women playing flutes in the streets of kathmandu, nepal - stock image. This is the Haku Patasi, the traditional attire of the Newar community of Nepal. This black sari with a red border is worn by Newari women during festivals and cultural events.","काठमाडौंको सडकमा फ्लोट बजाउने महिलाहरूको समूह, नेपाल - स्टक छवि। यो नेपालको नेवार समुदायको परम्परागत पोशाक हकु पटसी हो। यो रातो सिमानाको साथ कालो साड़ी पर्व र सांस्कृतिक कार्यक्रमहरूमा नेवारी महिलाहरूले लगाउँछन्।"
nepali_dresses_augmented/haku_patasi/98.jpg,"A group of women in traditional dress dancing on the street - stock image. This is the Haku Patasi, the traditional attire of the Newar community of Nepal. This black sari with a red border is worn by Newari women during festivals and cultural events.",परम्परागत पोशाकमा सडकमा नाच्ने महिलाहरूको समूह - स्टक छवि। यो नेपालको नेवार समुदायको परम्परागत पोशाक हकु पातासी हो। यो रातो सिमानाको साथ कालो साड़ी फेस्टिवल र सांस्कृतिक कार्यक्रमहरूमा नेवारी महिलाहरूले लगाउँछन्।
nepali_dresses_augmented/haku_patasi/98_aug1.jpg,"A group of women in traditional dress dancing on the street - stock image. This is the Haku Patasi, the traditional attire of the Newar community of Nepal. This black sari with a red border is worn by Newari women during festivals and cultural events.",परम्परागत पोशाकमा सडकमा नाच्ने महिलाहरूको समूह - स्टक छवि। यो नेपालको नेवार समुदायको परम्परागत पोशाक हकु पातासी हो। यो रातो सिमानाको साथ कालो साड़ी फेस्टिवल र सांस्कृतिक कार्यक्रमहरूमा नेवारी महिलाहरूले लगाउँछन्।
nepali_dresses_augmented/haku_patasi/98_aug2.jpg,"A group of women in traditional dress dancing on the street - stock image. This is the Haku Patasi, the traditional attire of the Newar community of Nepal. This black sari with a red border is worn by Newari women during festivals and cultural events.",परम्परागत पोशाकमा सडकमा नाच्ने महिलाहरूको समूह - स्टक छवि। यो नेपालको नेवार समुदायको परम्परागत पोशाक हकु पातासी हो। यो रातो सिमानाको साथ कालो साड़ी फेस्टिवल र सांस्कृतिक कार्यक्रमहरूमा नेवारी महिलाहरूले लगाउँछन्।
nepali_dresses_augmented/haku_patasi/99.jpg,"A group of young girls in traditional indian dress. This is the Haku Patasi, the traditional attire of the Newar community of Nepal. This black sari with a red border is worn by Newari women during festivals and cultural events.",नेपालको नेवार समुदायको परम्परागत पोशाक हकु पातासी हो। यो रातो सिमानाको साथ कालो साड़ी पर्व र सांस्कृतिक कार्यक्रमहरूमा नेवारी महिलाहरूले लगाउँछन्।
nepali_dresses_augmented/haku_patasi/99_aug1.jpg,"A group of young girls in traditional indian dress. This is the Haku Patasi, the traditional attire of the Newar community of Nepal. This black sari with a red border is worn by Newari women during festivals and cultural events.",नेपालको नेवार समुदायको परम्परागत पोशाक हकु पातासी हो। यो रातो सिमानाको साथ कालो साड़ी पर्व र सांस्कृतिक कार्यक्रमहरूमा नेवारी महिलाहरूले लगाउँछन्।
nepali_dresses_augmented/haku_patasi/99_aug2.jpg,"A group of young girls in traditional indian dress. This is the Haku Patasi, the traditional attire of the Newar community of Nepal. This black sari with a red border is worn by Newari women during festivals and cultural events.",नेपालको नेवार समुदायको परम्परागत पोशाक हकु पातासी हो। यो रातो सिमानाको साथ कालो साड़ी पर्व र सांस्कृतिक कार्यक्रमहरूमा नेवारी महिलाहरूले लगाउँछन्।
nepali_dresses_augmented/haku_patasi/9_aug1.jpg,"A woman wearing traditional clothing and holding her finger up. This is the Haku Patasi, the traditional attire of the Newar community of Nepal. This black sari with a red border is worn by Newari women during festivals and cultural events.","एक महिलाले परम्परागत कपडा लगाएर आफ्नो औंला उठाएर हेर्छिन्। यो हकु पटसी हो, नेपालको नेवार समुदायको परम्परागत पोशाक हो। यो रातो सिमानाको साथ कालो साड़ी पर्व र सांस्कृतिक कार्यक्रमहरूमा नेवारी महिलाहरूले लगाउँछन्।"
nepali_dresses_augmented/haku_patasi/9_aug2.jpg,"A woman wearing traditional clothing and holding her finger up. This is the Haku Patasi, the traditional attire of the Newar community of Nepal. This black sari with a red border is worn by Newari women during festivals and cultural events.","एक महिलाले परम्परागत कपडा लगाएर आफ्नो औंला उठाएर हेर्छिन्। यो हकु पटसी हो, नेपालको नेवार समुदायको परम्परागत पोशाक हो। यो रातो सिमानाको साथ कालो साड़ी पर्व र सांस्कृतिक कार्यक्रमहरूमा नेवारी महिलाहरूले लगाउँछन्।"
