image_path,caption_en,caption_ne
nepali_dresses_augmented/limbu_dress_mekhli_and_chaubandi/1.jpg,"A woman wearing a red and white sari. This is the Mekhli and Chaubandi, the traditional attire of the Limbu community of Nepal. It is worn by Limbu women during festivals such as Chasok Tangnam and cultural ceremonies.","एक महिलाले रातो र सेतो साड़ी लगाउँछिन्। यो मेखली र चौबन्दी हो, नेपालको लिम्बू समुदायको परम्परागत पोशाक हो। यो लिम्बू महिलाहरूले चासोक ताङनाम जस्ता चाडहरूमा र सांस्कृतिक समारोहहरूमा लगाउँदछन्।"
nepali_dresses_augmented/limbu_dress_mekhli_and_chaubandi/10.jpg,"A woman in a red and black dress. This is the Mekhli and Chaubandi, the traditional attire of the Limbu community of Nepal. It is worn by Limbu women during festivals such as Chasok Tangnam and cultural ceremonies.","रातो र कालो पोशाकमा महिला। यो मेखली र चौबन्दी हो, नेपालको लिम्बू समुदायको परम्परागत पोशाक। यो लिम्बू महिलाहरूले चासोक ताङनाम जस्ता चाडहरूमा र सांस्कृतिक समारोहहरूमा लगाउँछन्।"
nepali_dresses_augmented/limbu_dress_mekhli_and_chaubandi/100.jpg,"A man and woman sitting next to each other people. This is the Mekhli and Chaubandi, the traditional attire of the Limbu community of Nepal. It is worn by Limbu women during festivals such as Chasok Tangnam and cultural ceremonies.","एक पुरुष र एक महिला एक अर्काको छेउमा बसिरहेका छन्। यो मेखली र चौबन्दी हो, नेपालको लिम्बू समुदायको परम्परागत पोशाक। यो लिम्बू महिलाहरूले चासोक ताङनाम र सांस्कृतिक समारोहहरूमा लगाउँछन्।"
nepali_dresses_augmented/limbu_dress_mekhli_and_chaubandi/100_aug1.jpg,"A man and woman sitting next to each other people. This is the Mekhli and Chaubandi, the traditional attire of the Limbu community of Nepal. It is worn by Limbu women during festivals such as Chasok Tangnam and cultural ceremonies.","एक पुरुष र एक महिला एक अर्काको छेउमा बसिरहेका छन्। यो मेखली र चौबन्दी हो, नेपालको लिम्बू समुदायको परम्परागत पोशाक। यो लिम्बू महिलाहरूले चासोक ताङनाम र सांस्कृतिक समारोहहरूमा लगाउँछन्।"
nepali_dresses_augmented/limbu_dress_mekhli_and_chaubandi/100_aug2.jpg,"A man and woman sitting next to each other people. This is the Mekhli and Chaubandi, the traditional attire of the Limbu community of Nepal. It is worn by Limbu women during festivals such as Chasok Tangnam and cultural ceremonies.","एक पुरुष र एक महिला एक अर्काको छेउमा बसिरहेका छन्। यो मेखली र चौबन्दी हो, नेपालको लिम्बू समुदायको परम्परागत पोशाक। यो लिम्बू महिलाहरूले चासोक ताङनाम र सांस्कृतिक समारोहहरूमा लगाउँछन्।"
nepali_dresses_augmented/limbu_dress_mekhli_and_chaubandi/101.jpg,"A group of women in traditional dress. This is the Mekhli and Chaubandi, the traditional attire of the Limbu community of Nepal. It is worn by Limbu women during festivals such as Chasok Tangnam and cultural ceremonies.","परम्परागत पोशाकमा महिलाहरूको समूह। यो मेखली र चौबन्दी हो, नेपालको लिम्बू समुदायको परम्परागत पोशाक। यो लिम्बू महिलाहरूले चासोक तांगनाम जस्ता चाडहरूमा र सांस्कृतिक समारोहहरूमा लगाउँछन्।"
nepali_dresses_augmented/limbu_dress_mekhli_and_chaubandi/101_aug1.jpg,"A group of women in traditional dress. This is the Mekhli and Chaubandi, the traditional attire of the Limbu community of Nepal. It is worn by Limbu women during festivals such as Chasok Tangnam and cultural ceremonies.","परम्परागत पोशाकमा महिलाहरूको समूह। यो मेखली र चौबन्दी हो, नेपालको लिम्बू समुदायको परम्परागत पोशाक। यो लिम्बू महिलाहरूले चासोक तांगनाम जस्ता चाडहरूमा र सांस्कृतिक समारोहहरूमा लगाउँछन्।"
nepali_dresses_augmented/limbu_dress_mekhli_and_chaubandi/101_aug2.jpg,"A group of women in traditional dress. This is the Mekhli and Chaubandi, the traditional attire of the Limbu community of Nepal. It is worn by Limbu women during festivals such as Chasok Tangnam and cultural ceremonies.","परम्परागत पोशाकमा महिलाहरूको समूह। यो मेखली र चौबन्दी हो, नेपालको लिम्बू समुदायको परम्परागत पोशाक। यो लिम्बू महिलाहरूले चासोक तांगनाम जस्ता चाडहरूमा र सांस्कृतिक समारोहहरूमा लगाउँछन्।"
nepali_dresses_augmented/limbu_dress_mekhli_and_chaubandi/102.jpg,"Two tibetan women in front of the tibetan flag - stock image. This is the Mekhli and Chaubandi, the traditional attire of the Limbu community of Nepal. It is worn by Limbu women during festivals such as Chasok Tangnam and cultural ceremonies.","तिब्बती झण्डाको अगाडि दुई तिब्बती महिलाहरू - स्टक छवि। यो मेखली र चौबन्दी हो, नेपालको लिम्बू समुदायको परम्परागत पोशाक। यो चासोक टंगनाम र सांस्कृतिक समारोहहरूमा लिम्बू महिलाहरूले लगाउँछन्।"
nepali_dresses_augmented/limbu_dress_mekhli_and_chaubandi/102_aug1.jpg,"Two tibetan women in front of the tibetan flag - stock image. This is the Mekhli and Chaubandi, the traditional attire of the Limbu community of Nepal. It is worn by Limbu women during festivals such as Chasok Tangnam and cultural ceremonies.","तिब्बती झण्डाको अगाडि दुई तिब्बती महिलाहरू - स्टक छवि। यो मेखली र चौबन्दी हो, नेपालको लिम्बू समुदायको परम्परागत पोशाक। यो चासोक टंगनाम र सांस्कृतिक समारोहहरूमा लिम्बू महिलाहरूले लगाउँछन्।"
nepali_dresses_augmented/limbu_dress_mekhli_and_chaubandi/102_aug2.jpg,"Two tibetan women in front of the tibetan flag - stock image. This is the Mekhli and Chaubandi, the traditional attire of the Limbu community of Nepal. It is worn by Limbu women during festivals such as Chasok Tangnam and cultural ceremonies.","तिब्बती झण्डाको अगाडि दुई तिब्बती महिलाहरू - स्टक छवि। यो मेखली र चौबन्दी हो, नेपालको लिम्बू समुदायको परम्परागत पोशाक। यो चासोक टंगनाम र सांस्कृतिक समारोहहरूमा लिम्बू महिलाहरूले लगाउँछन्।"
nepali_dresses_augmented/limbu_dress_mekhli_and_chaubandi/103.jpg,"A woman in a traditional chinese dress. This is the Mekhli and Chaubandi, the traditional attire of the Limbu community of Nepal. It is worn by Limbu women during festivals such as Chasok Tangnam and cultural ceremonies.","एक महिला परम्परागत चिनियाँ पोशाकमा। यो मेखली र चौबन्दी हो, नेपालको लिम्बू समुदायको परम्परागत पोशाक। यो लिम्बू महिलाहरूले चासोक तांगनाम जस्ता चाडहरूमा र सांस्कृतिक समारोहहरूमा लगाउँछन्।"
nepali_dresses_augmented/limbu_dress_mekhli_and_chaubandi/103_aug1.jpg,"A woman in a traditional chinese dress. This is the Mekhli and Chaubandi, the traditional attire of the Limbu community of Nepal. It is worn by Limbu women during festivals such as Chasok Tangnam and cultural ceremonies.","एक महिला परम्परागत चिनियाँ पोशाकमा। यो मेखली र चौबन्दी हो, नेपालको लिम्बू समुदायको परम्परागत पोशाक। यो लिम्बू महिलाहरूले चासोक तांगनाम जस्ता चाडहरूमा र सांस्कृतिक समारोहहरूमा लगाउँछन्।"
nepali_dresses_augmented/limbu_dress_mekhli_and_chaubandi/103_aug2.jpg,"A woman in a traditional chinese dress. This is the Mekhli and Chaubandi, the traditional attire of the Limbu community of Nepal. It is worn by Limbu women during festivals such as Chasok Tangnam and cultural ceremonies.","एक महिला परम्परागत चिनियाँ पोशाकमा। यो मेखली र चौबन्दी हो, नेपालको लिम्बू समुदायको परम्परागत पोशाक। यो लिम्बू महिलाहरूले चासोक तांगनाम जस्ता चाडहरूमा र सांस्कृतिक समारोहहरूमा लगाउँछन्।"
nepali_dresses_augmented/limbu_dress_mekhli_and_chaubandi/104.jpg,"A group of people posing for a photo. This is the Mekhli and Chaubandi, the traditional attire of the Limbu community of Nepal. It is worn by Limbu women during festivals such as Chasok Tangnam and cultural ceremonies.","यो मेखली र चौबन्दी, नेपालको लिम्बू समुदायको परम्परागत पोशाक हो। यो चासोक ताङनाम र सांस्कृतिक समारोहहरूमा लिम्बू महिलाहरूले लगाउँछन्।"
nepali_dresses_augmented/limbu_dress_mekhli_and_chaubandi/104_aug1.jpg,"A group of people posing for a photo. This is the Mekhli and Chaubandi, the traditional attire of the Limbu community of Nepal. It is worn by Limbu women during festivals such as Chasok Tangnam and cultural ceremonies.","यो मेखली र चौबन्दी, नेपालको लिम्बू समुदायको परम्परागत पोशाक हो। यो चासोक ताङनाम र सांस्कृतिक समारोहहरूमा लिम्बू महिलाहरूले लगाउँछन्।"
nepali_dresses_augmented/limbu_dress_mekhli_and_chaubandi/104_aug2.jpg,"A group of people posing for a photo. This is the Mekhli and Chaubandi, the traditional attire of the Limbu community of Nepal. It is worn by Limbu women during festivals such as Chasok Tangnam and cultural ceremonies.","यो मेखली र चौबन्दी, नेपालको लिम्बू समुदायको परम्परागत पोशाक हो। यो चासोक ताङनाम र सांस्कृतिक समारोहहरूमा लिम्बू महिलाहरूले लगाउँछन्।"
nepali_dresses_augmented/limbu_dress_mekhli_and_chaubandi/105.jpg,"A woman in a purple sari dress stands in front of a crowd. This is the Mekhli and Chaubandi, the traditional attire of the Limbu community of Nepal. It is worn by Limbu women during festivals such as Chasok Tangnam and cultural ceremonies.",नेपालको लिम्बू समुदायको परम्परागत पोशाक मेखली र चौबन्दी हो। यो चासोक ताङनाम र सांस्कृतिक समारोहहरूमा लिम्बू महिलाहरूले लगाउने पोशाक हो।
nepali_dresses_augmented/limbu_dress_mekhli_and_chaubandi/105_aug1.jpg,"A woman in a purple sari dress stands in front of a crowd. This is the Mekhli and Chaubandi, the traditional attire of the Limbu community of Nepal. It is worn by Limbu women during festivals such as Chasok Tangnam and cultural ceremonies.",नेपालको लिम्बू समुदायको परम्परागत पोशाक मेखली र चौबन्दी हो। यो चासोक ताङनाम र सांस्कृतिक समारोहहरूमा लिम्बू महिलाहरूले लगाउने पोशाक हो।
nepali_dresses_augmented/limbu_dress_mekhli_and_chaubandi/105_aug2.jpg,"A woman in a purple sari dress stands in front of a crowd. This is the Mekhli and Chaubandi, the traditional attire of the Limbu community of Nepal. It is worn by Limbu women during festivals such as Chasok Tangnam and cultural ceremonies.",नेपालको लिम्बू समुदायको परम्परागत पोशाक मेखली र चौबन्दी हो। यो चासोक ताङनाम र सांस्कृतिक समारोहहरूमा लिम्बू महिलाहरूले लगाउने पोशाक हो।
nepali_dresses_augmented/limbu_dress_mekhli_and_chaubandi/106.jpg,"An oriental woman in traditional clothing stock photo. This is the Mekhli and Chaubandi, the traditional attire of the Limbu community of Nepal. It is worn by Limbu women during festivals such as Chasok Tangnam and cultural ceremonies.","परम्परागत कपडा स्टक फोटोमा एक पूर्वी महिला। यो मेखली र चौबन्दी हो, नेपालको लिम्बू समुदायको परम्परागत पोशाक। यो चासोक ताङनाम र सांस्कृतिक समारोहहरूमा लिम्बू महिलाहरूले लगाउँछन्।"
nepali_dresses_augmented/limbu_dress_mekhli_and_chaubandi/106_aug1.jpg,"An oriental woman in traditional clothing stock photo. This is the Mekhli and Chaubandi, the traditional attire of the Limbu community of Nepal. It is worn by Limbu women during festivals such as Chasok Tangnam and cultural ceremonies.","परम्परागत कपडा स्टक फोटोमा एक पूर्वी महिला। यो मेखली र चौबन्दी हो, नेपालको लिम्बू समुदायको परम्परागत पोशाक। यो चासोक ताङनाम र सांस्कृतिक समारोहहरूमा लिम्बू महिलाहरूले लगाउँछन्।"
nepali_dresses_augmented/limbu_dress_mekhli_and_chaubandi/106_aug2.jpg,"An oriental woman in traditional clothing stock photo. This is the Mekhli and Chaubandi, the traditional attire of the Limbu community of Nepal. It is worn by Limbu women during festivals such as Chasok Tangnam and cultural ceremonies.","परम्परागत कपडा स्टक फोटोमा एक पूर्वी महिला। यो मेखली र चौबन्दी हो, नेपालको लिम्बू समुदायको परम्परागत पोशाक। यो चासोक ताङनाम र सांस्कृतिक समारोहहरूमा लिम्बू महिलाहरूले लगाउँछन्।"
nepali_dresses_augmented/limbu_dress_mekhli_and_chaubandi/107.jpg,"A group of people standing in front of a mountain. This is the Mekhli and Chaubandi, the traditional attire of the Limbu community of Nepal. It is worn by Limbu women during festivals such as Chasok Tangnam and cultural ceremonies.","यो मेखली र चौबन्दी हो, नेपालको लिम्बू समुदायको परम्परागत पोशाक हो। यो चासोक टंगनाम जस्ता चाडहरूमा लिम्बू महिलाहरूले लगाउँछन् र सांस्कृतिक समारोहहरूमा लगाउँछन्।"
nepali_dresses_augmented/limbu_dress_mekhli_and_chaubandi/107_aug1.jpg,"A group of people standing in front of a mountain. This is the Mekhli and Chaubandi, the traditional attire of the Limbu community of Nepal. It is worn by Limbu women during festivals such as Chasok Tangnam and cultural ceremonies.","यो मेखली र चौबन्दी हो, नेपालको लिम्बू समुदायको परम्परागत पोशाक हो। यो चासोक टंगनाम जस्ता चाडहरूमा लिम्बू महिलाहरूले लगाउँछन् र सांस्कृतिक समारोहहरूमा लगाउँछन्।"
nepali_dresses_augmented/limbu_dress_mekhli_and_chaubandi/107_aug2.jpg,"A group of people standing in front of a mountain. This is the Mekhli and Chaubandi, the traditional attire of the Limbu community of Nepal. It is worn by Limbu women during festivals such as Chasok Tangnam and cultural ceremonies.","यो मेखली र चौबन्दी हो, नेपालको लिम्बू समुदायको परम्परागत पोशाक हो। यो चासोक टंगनाम जस्ता चाडहरूमा लिम्बू महिलाहरूले लगाउँछन् र सांस्कृतिक समारोहहरूमा लगाउँछन्।"
nepali_dresses_augmented/limbu_dress_mekhli_and_chaubandi/108.jpg,"A group of women in traditional clothing. This is the Mekhli and Chaubandi, the traditional attire of the Limbu community of Nepal. It is worn by Limbu women during festivals such as Chasok Tangnam and cultural ceremonies.","परम्परागत कपडामा महिलाहरूको समूह। यो मेखली र चौबन्दी हो, नेपालको लिम्बू समुदायको परम्परागत पोशाक। यो चासोक तांगनाम र सांस्कृतिक समारोहहरूमा लिम्बू महिलाहरूले लगाउँछन्।"
nepali_dresses_augmented/limbu_dress_mekhli_and_chaubandi/108_aug1.jpg,"A group of women in traditional clothing. This is the Mekhli and Chaubandi, the traditional attire of the Limbu community of Nepal. It is worn by Limbu women during festivals such as Chasok Tangnam and cultural ceremonies.","परम्परागत कपडामा महिलाहरूको समूह। यो मेखली र चौबन्दी हो, नेपालको लिम्बू समुदायको परम्परागत पोशाक। यो चासोक तांगनाम र सांस्कृतिक समारोहहरूमा लिम्बू महिलाहरूले लगाउँछन्।"
nepali_dresses_augmented/limbu_dress_mekhli_and_chaubandi/108_aug2.jpg,"A group of women in traditional clothing. This is the Mekhli and Chaubandi, the traditional attire of the Limbu community of Nepal. It is worn by Limbu women during festivals such as Chasok Tangnam and cultural ceremonies.","परम्परागत कपडामा महिलाहरूको समूह। यो मेखली र चौबन्दी हो, नेपालको लिम्बू समुदायको परम्परागत पोशाक। यो चासोक तांगनाम र सांस्कृतिक समारोहहरूमा लिम्बू महिलाहरूले लगाउँछन्।"
nepali_dresses_augmented/limbu_dress_mekhli_and_chaubandi/109.jpg,"A group of women in traditional costume and headdres at the festival - stock image. This is the Mekhli and Chaubandi, the traditional attire of the Limbu community of Nepal. It is worn by Limbu women during festivals such as Chasok Tangnam and cultural ceremonies.","महोत्सवमा परम्परागत पोशाक र हेड्रेसमा महिलाहरूको समूह - स्टक छवि। यो मेखली र चौबन्दी हो, नेपालको लिम्बू समुदायको परम्परागत पोशाक। यो चासोक टंगनाम र सांस्कृतिक समारोहहरूमा लिम्बू महिलाहरूले लगाउँछन्।"
nepali_dresses_augmented/limbu_dress_mekhli_and_chaubandi/109_aug1.jpg,"A group of women in traditional costume and headdres at the festival - stock image. This is the Mekhli and Chaubandi, the traditional attire of the Limbu community of Nepal. It is worn by Limbu women during festivals such as Chasok Tangnam and cultural ceremonies.","महोत्सवमा परम्परागत पोशाक र हेड्रेसमा महिलाहरूको समूह - स्टक छवि। यो मेखली र चौबन्दी हो, नेपालको लिम्बू समुदायको परम्परागत पोशाक। यो चासोक टंगनाम र सांस्कृतिक समारोहहरूमा लिम्बू महिलाहरूले लगाउँछन्।"
nepali_dresses_augmented/limbu_dress_mekhli_and_chaubandi/109_aug2.jpg,"A group of women in traditional costume and headdres at the festival - stock image. This is the Mekhli and Chaubandi, the traditional attire of the Limbu community of Nepal. It is worn by Limbu women during festivals such as Chasok Tangnam and cultural ceremonies.","महोत्सवमा परम्परागत पोशाक र हेड्रेसमा महिलाहरूको समूह - स्टक छवि। यो मेखली र चौबन्दी हो, नेपालको लिम्बू समुदायको परम्परागत पोशाक। यो चासोक टंगनाम र सांस्कृतिक समारोहहरूमा लिम्बू महिलाहरूले लगाउँछन्।"
nepali_dresses_augmented/limbu_dress_mekhli_and_chaubandi/10_aug1.jpg,"A woman in a red and black dress. This is the Mekhli and Chaubandi, the traditional attire of the Limbu community of Nepal. It is worn by Limbu women during festivals such as Chasok Tangnam and cultural ceremonies.","रातो र कालो पोशाकमा महिला। यो मेखली र चौबन्दी हो, नेपालको लिम्बू समुदायको परम्परागत पोशाक। यो लिम्बू महिलाहरूले चासोक ताङनाम जस्ता चाडहरूमा र सांस्कृतिक समारोहहरूमा लगाउँछन्।"
nepali_dresses_augmented/limbu_dress_mekhli_and_chaubandi/10_aug2.jpg,"A woman in a red and black dress. This is the Mekhli and Chaubandi, the traditional attire of the Limbu community of Nepal. It is worn by Limbu women during festivals such as Chasok Tangnam and cultural ceremonies.","रातो र कालो पोशाकमा महिला। यो मेखली र चौबन्दी हो, नेपालको लिम्बू समुदायको परम्परागत पोशाक। यो लिम्बू महिलाहरूले चासोक ताङनाम जस्ता चाडहरूमा र सांस्कृतिक समारोहहरूमा लगाउँछन्।"
nepali_dresses_augmented/limbu_dress_mekhli_and_chaubandi/11.jpg,"A woman dressed in traditional costume. This is the Mekhli and Chaubandi, the traditional attire of the Limbu community of Nepal. It is worn by Limbu women during festivals such as Chasok Tangnam and cultural ceremonies.","एक महिला परम्परागत पोशाकमा लुगा लगाउँछिन्। यो मेखली र चौबन्दी हो, नेपालको लिम्बू समुदायको परम्परागत पोशाक। यो लिम्बू महिलाहरूले चासोक तांगनाम जस्ता चाडहरूमा र सांस्कृतिक समारोहहरूमा लगाउँदछन्।"
nepali_dresses_augmented/limbu_dress_mekhli_and_chaubandi/110.jpg,"A woman in a traditional costume. This is the Mekhli and Chaubandi, the traditional attire of the Limbu community of Nepal. It is worn by Limbu women during festivals such as Chasok Tangnam and cultural ceremonies.","एक महिला परम्परागत पोशाकमा। यो मेखली र चौबन्दी हो, नेपालको लिम्बू समुदायको परम्परागत पोशाक। यो लिम्बू महिलाहरूले चासोक तांगनाम जस्ता चाडहरूमा र सांस्कृतिक समारोहहरूमा लगाउँछन्।"
nepali_dresses_augmented/limbu_dress_mekhli_and_chaubandi/110_aug1.jpg,"A woman in a traditional costume. This is the Mekhli and Chaubandi, the traditional attire of the Limbu community of Nepal. It is worn by Limbu women during festivals such as Chasok Tangnam and cultural ceremonies.","एक महिला परम्परागत पोशाकमा। यो मेखली र चौबन्दी हो, नेपालको लिम्बू समुदायको परम्परागत पोशाक। यो लिम्बू महिलाहरूले चासोक तांगनाम जस्ता चाडहरूमा र सांस्कृतिक समारोहहरूमा लगाउँछन्।"
nepali_dresses_augmented/limbu_dress_mekhli_and_chaubandi/110_aug2.jpg,"A woman in a traditional costume. This is the Mekhli and Chaubandi, the traditional attire of the Limbu community of Nepal. It is worn by Limbu women during festivals such as Chasok Tangnam and cultural ceremonies.","एक महिला परम्परागत पोशाकमा। यो मेखली र चौबन्दी हो, नेपालको लिम्बू समुदायको परम्परागत पोशाक। यो लिम्बू महिलाहरूले चासोक तांगनाम जस्ता चाडहरूमा र सांस्कृतिक समारोहहरूमा लगाउँछन्।"
nepali_dresses_augmented/limbu_dress_mekhli_and_chaubandi/111.jpg,"A woman in a red and gold costume. This is the Mekhli and Chaubandi, the traditional attire of the Limbu community of Nepal. It is worn by Limbu women during festivals such as Chasok Tangnam and cultural ceremonies.","एक महिला रातो र सुनको पोशाकमा। यो मेखली र चौबन्दी हो, नेपालको लिम्बू समुदायको परम्परागत पोशाक। यो लिम्बू महिलाहरूले चासोक तांगनाम जस्ता चाडहरूमा र सांस्कृतिक समारोहहरूमा लगाउँछन्।"
nepali_dresses_augmented/limbu_dress_mekhli_and_chaubandi/111_aug1.jpg,"A woman in a red and gold costume. This is the Mekhli and Chaubandi, the traditional attire of the Limbu community of Nepal. It is worn by Limbu women during festivals such as Chasok Tangnam and cultural ceremonies.","एक महिला रातो र सुनको पोशाकमा। यो मेखली र चौबन्दी हो, नेपालको लिम्बू समुदायको परम्परागत पोशाक। यो लिम्बू महिलाहरूले चासोक तांगनाम जस्ता चाडहरूमा र सांस्कृतिक समारोहहरूमा लगाउँछन्।"
nepali_dresses_augmented/limbu_dress_mekhli_and_chaubandi/111_aug2.jpg,"A woman in a red and gold costume. This is the Mekhli and Chaubandi, the traditional attire of the Limbu community of Nepal. It is worn by Limbu women during festivals such as Chasok Tangnam and cultural ceremonies.","एक महिला रातो र सुनको पोशाकमा। यो मेखली र चौबन्दी हो, नेपालको लिम्बू समुदायको परम्परागत पोशाक। यो लिम्बू महिलाहरूले चासोक तांगनाम जस्ता चाडहरूमा र सांस्कृतिक समारोहहरूमा लगाउँछन्।"
nepali_dresses_augmented/limbu_dress_mekhli_and_chaubandi/112.jpg,"A woman wearing a traditional costume and headpiece. This is the Mekhli and Chaubandi, the traditional attire of the Limbu community of Nepal. It is worn by Limbu women during festivals such as Chasok Tangnam and cultural ceremonies.","एक महिलाले परम्परागत पोशाक र हेडपीस लगाउँछिन्। यो मेखली र चौबन्दी हो, नेपालको लिम्बू समुदायको परम्परागत पोशाक। यो चासोक तांगनाम र सांस्कृतिक समारोहहरूमा लिम्बू महिलाहरूले लगाउँदछन्।"
nepali_dresses_augmented/limbu_dress_mekhli_and_chaubandi/112_aug1.jpg,"A woman wearing a traditional costume and headpiece. This is the Mekhli and Chaubandi, the traditional attire of the Limbu community of Nepal. It is worn by Limbu women during festivals such as Chasok Tangnam and cultural ceremonies.","एक महिलाले परम्परागत पोशाक र हेडपीस लगाउँछिन्। यो मेखली र चौबन्दी हो, नेपालको लिम्बू समुदायको परम्परागत पोशाक। यो चासोक तांगनाम र सांस्कृतिक समारोहहरूमा लिम्बू महिलाहरूले लगाउँदछन्।"
nepali_dresses_augmented/limbu_dress_mekhli_and_chaubandi/112_aug2.jpg,"A woman wearing a traditional costume and headpiece. This is the Mekhli and Chaubandi, the traditional attire of the Limbu community of Nepal. It is worn by Limbu women during festivals such as Chasok Tangnam and cultural ceremonies.","एक महिलाले परम्परागत पोशाक र हेडपीस लगाउँछिन्। यो मेखली र चौबन्दी हो, नेपालको लिम्बू समुदायको परम्परागत पोशाक। यो चासोक तांगनाम र सांस्कृतिक समारोहहरूमा लिम्बू महिलाहरूले लगाउँदछन्।"
nepali_dresses_augmented/limbu_dress_mekhli_and_chaubandi/113.jpg,"A woman in a red dress sitting on a green chair. This is the Mekhli and Chaubandi, the traditional attire of the Limbu community of Nepal. It is worn by Limbu women during festivals such as Chasok Tangnam and cultural ceremonies.","लाल रंगको पोशाकमा एक महिला हरियो कुर्सीमा बसिरहेको छ। यो मेखली र चौबन्दी हो, नेपालको लिम्बू समुदायको परम्परागत पोशाक हो। यो चासोक ताङनाम र सांस्कृतिक समारोहहरूमा लिम्बू महिलाहरूले लगाउँछन्।"
nepali_dresses_augmented/limbu_dress_mekhli_and_chaubandi/113_aug1.jpg,"A woman in a red dress sitting on a green chair. This is the Mekhli and Chaubandi, the traditional attire of the Limbu community of Nepal. It is worn by Limbu women during festivals such as Chasok Tangnam and cultural ceremonies.","लाल रंगको पोशाकमा एक महिला हरियो कुर्सीमा बसिरहेको छ। यो मेखली र चौबन्दी हो, नेपालको लिम्बू समुदायको परम्परागत पोशाक हो। यो चासोक ताङनाम र सांस्कृतिक समारोहहरूमा लिम्बू महिलाहरूले लगाउँछन्।"
nepali_dresses_augmented/limbu_dress_mekhli_and_chaubandi/113_aug2.jpg,"A woman in a red dress sitting on a green chair. This is the Mekhli and Chaubandi, the traditional attire of the Limbu community of Nepal. It is worn by Limbu women during festivals such as Chasok Tangnam and cultural ceremonies.","लाल रंगको पोशाकमा एक महिला हरियो कुर्सीमा बसिरहेको छ। यो मेखली र चौबन्दी हो, नेपालको लिम्बू समुदायको परम्परागत पोशाक हो। यो चासोक ताङनाम र सांस्कृतिक समारोहहरूमा लिम्बू महिलाहरूले लगाउँछन्।"
nepali_dresses_augmented/limbu_dress_mekhli_and_chaubandi/114.jpg,"A woman in a red dress and headpiece. This is the Mekhli and Chaubandi, the traditional attire of the Limbu community of Nepal. It is worn by Limbu women during festivals such as Chasok Tangnam and cultural ceremonies.","एक महिला रातो पोशाक र हेडपीस मा। यो Mekhli र Chaubandi हो, नेपाल को Limbu समुदाय को परम्परागत पोशाक। यो Chasok Tangnam जस्तै चाडहरूमा र सांस्कृतिक समारोहहरूमा Limbu महिलाहरु द्वारा लगाइन्छ।"
nepali_dresses_augmented/limbu_dress_mekhli_and_chaubandi/114_aug1.jpg,"A woman in a red dress and headpiece. This is the Mekhli and Chaubandi, the traditional attire of the Limbu community of Nepal. It is worn by Limbu women during festivals such as Chasok Tangnam and cultural ceremonies.","एक महिला रातो पोशाक र हेडपीस मा। यो Mekhli र Chaubandi हो, नेपाल को Limbu समुदाय को परम्परागत पोशाक। यो Chasok Tangnam जस्तै चाडहरूमा र सांस्कृतिक समारोहहरूमा Limbu महिलाहरु द्वारा लगाइन्छ।"
nepali_dresses_augmented/limbu_dress_mekhli_and_chaubandi/114_aug2.jpg,"A woman in a red dress and headpiece. This is the Mekhli and Chaubandi, the traditional attire of the Limbu community of Nepal. It is worn by Limbu women during festivals such as Chasok Tangnam and cultural ceremonies.","एक महिला रातो पोशाक र हेडपीस मा। यो Mekhli र Chaubandi हो, नेपाल को Limbu समुदाय को परम्परागत पोशाक। यो Chasok Tangnam जस्तै चाडहरूमा र सांस्कृतिक समारोहहरूमा Limbu महिलाहरु द्वारा लगाइन्छ।"
nepali_dresses_augmented/limbu_dress_mekhli_and_chaubandi/115.jpg,"An indian woman wearing traditional jewellery. This is the Mekhli and Chaubandi, the traditional attire of the Limbu community of Nepal. It is worn by Limbu women during festivals such as Chasok Tangnam and cultural ceremonies.","एक भारतीय महिलाले परम्परागत गहना लगाउँछिन्। यो मेखली र चौबन्दी हो, नेपालको लिम्बू समुदायको परम्परागत पोशाक। यो लिम्बू महिलाहरूले चासोक तांगनाम र सांस्कृतिक समारोहहरूमा लगाउँदछन्।"
nepali_dresses_augmented/limbu_dress_mekhli_and_chaubandi/115_aug1.jpg,"An indian woman wearing traditional jewellery. This is the Mekhli and Chaubandi, the traditional attire of the Limbu community of Nepal. It is worn by Limbu women during festivals such as Chasok Tangnam and cultural ceremonies.","एक भारतीय महिलाले परम्परागत गहना लगाउँछिन्। यो मेखली र चौबन्दी हो, नेपालको लिम्बू समुदायको परम्परागत पोशाक। यो लिम्बू महिलाहरूले चासोक तांगनाम र सांस्कृतिक समारोहहरूमा लगाउँदछन्।"
nepali_dresses_augmented/limbu_dress_mekhli_and_chaubandi/115_aug2.jpg,"An indian woman wearing traditional jewellery. This is the Mekhli and Chaubandi, the traditional attire of the Limbu community of Nepal. It is worn by Limbu women during festivals such as Chasok Tangnam and cultural ceremonies.","एक भारतीय महिलाले परम्परागत गहना लगाउँछिन्। यो मेखली र चौबन्दी हो, नेपालको लिम्बू समुदायको परम्परागत पोशाक। यो लिम्बू महिलाहरूले चासोक तांगनाम र सांस्कृतिक समारोहहरूमा लगाउँदछन्।"
nepali_dresses_augmented/limbu_dress_mekhli_and_chaubandi/116.jpg,"A group of people dressed in traditional costumes at a festival. This is the Mekhli and Chaubandi, the traditional attire of the Limbu community of Nepal. It is worn by Limbu women during festivals such as Chasok Tangnam and cultural ceremonies.",नेपालको लिम्बू समुदायको परम्परागत पोशाक मेखली र चौबन्दी हो। यो चासोक ताङनाम जस्ता पर्वहरूमा लिम्बू महिलाहरूले लगाउने गरिन्छ र सांस्कृतिक समारोहहरूमा लगाउने गरिन्छ।
nepali_dresses_augmented/limbu_dress_mekhli_and_chaubandi/116_aug1.jpg,"A group of people dressed in traditional costumes at a festival. This is the Mekhli and Chaubandi, the traditional attire of the Limbu community of Nepal. It is worn by Limbu women during festivals such as Chasok Tangnam and cultural ceremonies.",नेपालको लिम्बू समुदायको परम्परागत पोशाक मेखली र चौबन्दी हो। यो चासोक ताङनाम जस्ता पर्वहरूमा लिम्बू महिलाहरूले लगाउने गरिन्छ र सांस्कृतिक समारोहहरूमा लगाउने गरिन्छ।
nepali_dresses_augmented/limbu_dress_mekhli_and_chaubandi/116_aug2.jpg,"A group of people dressed in traditional costumes at a festival. This is the Mekhli and Chaubandi, the traditional attire of the Limbu community of Nepal. It is worn by Limbu women during festivals such as Chasok Tangnam and cultural ceremonies.",नेपालको लिम्बू समुदायको परम्परागत पोशाक मेखली र चौबन्दी हो। यो चासोक ताङनाम जस्ता पर्वहरूमा लिम्बू महिलाहरूले लगाउने गरिन्छ र सांस्कृतिक समारोहहरूमा लगाउने गरिन्छ।
nepali_dresses_augmented/limbu_dress_mekhli_and_chaubandi/117.jpg,"A group of people dressed in traditional costumes. This is the Mekhli and Chaubandi, the traditional attire of the Limbu community of Nepal. It is worn by Limbu women during festivals such as Chasok Tangnam and cultural ceremonies.",नेपालको लिम्बू समुदायको परम्परागत पोशाक मेखली र चौबन्दी हो। यो चासोक ताङनाम र सांस्कृतिक समारोहहरूमा लिम्बू महिलाहरूले लगाउने पोशाक हो।
nepali_dresses_augmented/limbu_dress_mekhli_and_chaubandi/117_aug1.jpg,"A group of people dressed in traditional costumes. This is the Mekhli and Chaubandi, the traditional attire of the Limbu community of Nepal. It is worn by Limbu women during festivals such as Chasok Tangnam and cultural ceremonies.",नेपालको लिम्बू समुदायको परम्परागत पोशाक मेखली र चौबन्दी हो। यो चासोक ताङनाम र सांस्कृतिक समारोहहरूमा लिम्बू महिलाहरूले लगाउने पोशाक हो।
nepali_dresses_augmented/limbu_dress_mekhli_and_chaubandi/117_aug2.jpg,"A group of people dressed in traditional costumes. This is the Mekhli and Chaubandi, the traditional attire of the Limbu community of Nepal. It is worn by Limbu women during festivals such as Chasok Tangnam and cultural ceremonies.",नेपालको लिम्बू समुदायको परम्परागत पोशाक मेखली र चौबन्दी हो। यो चासोक ताङनाम र सांस्कृतिक समारोहहरूमा लिम्बू महिलाहरूले लगाउने पोशाक हो।
nepali_dresses_augmented/limbu_dress_mekhli_and_chaubandi/118.jpg,"Three young girls in traditional costume at the festival. This is the Mekhli and Chaubandi, the traditional attire of the Limbu community of Nepal. It is worn by Limbu women during festivals such as Chasok Tangnam and cultural ceremonies.","महोत्सवमा परम्परागत पोशाकमा तीन युवतीहरू। यो मेखली र चौबन्दी हो, नेपालको लिम्बू समुदायको परम्परागत पोशाक। यो चासोक टंगनाम र सांस्कृतिक समारोहहरूमा लिम्बू महिलाहरूले लगाउँछन्।"
nepali_dresses_augmented/limbu_dress_mekhli_and_chaubandi/118_aug1.jpg,"Three young girls in traditional costume at the festival. This is the Mekhli and Chaubandi, the traditional attire of the Limbu community of Nepal. It is worn by Limbu women during festivals such as Chasok Tangnam and cultural ceremonies.","महोत्सवमा परम्परागत पोशाकमा तीन युवतीहरू। यो मेखली र चौबन्दी हो, नेपालको लिम्बू समुदायको परम्परागत पोशाक। यो चासोक टंगनाम र सांस्कृतिक समारोहहरूमा लिम्बू महिलाहरूले लगाउँछन्।"
nepali_dresses_augmented/limbu_dress_mekhli_and_chaubandi/118_aug2.jpg,"Three young girls in traditional costume at the festival. This is the Mekhli and Chaubandi, the traditional attire of the Limbu community of Nepal. It is worn by Limbu women during festivals such as Chasok Tangnam and cultural ceremonies.","महोत्सवमा परम्परागत पोशाकमा तीन युवतीहरू। यो मेखली र चौबन्दी हो, नेपालको लिम्बू समुदायको परम्परागत पोशाक। यो चासोक टंगनाम र सांस्कृतिक समारोहहरूमा लिम्बू महिलाहरूले लगाउँछन्।"
nepali_dresses_augmented/limbu_dress_mekhli_and_chaubandi/119.jpg,"A group of women wearing face masks to protect the spread of coronavirus. This is the Mekhli and Chaubandi, the traditional attire of the Limbu community of Nepal. It is worn by Limbu women during festivals such as Chasok Tangnam and cultural ceremonies.","कोरोना भाइरसको संक्रमणबाट बच्नका लागि मास्क लगाउने महिलाहरूको समूह। यो मेखली र चौबन्दी हो, नेपालको लिम्बू समुदायको परम्परागत पोशाक हो। यो लिम्बू महिलाहरूले चासोक ताङनाम जस्ता चाडहरूमा र सांस्कृतिक समारोहहरूमा लगाउँछन्।"
nepali_dresses_augmented/limbu_dress_mekhli_and_chaubandi/119_aug1.jpg,"A group of women wearing face masks to protect the spread of coronavirus. This is the Mekhli and Chaubandi, the traditional attire of the Limbu community of Nepal. It is worn by Limbu women during festivals such as Chasok Tangnam and cultural ceremonies.","कोरोना भाइरसको संक्रमणबाट बच्नका लागि मास्क लगाउने महिलाहरूको समूह। यो मेखली र चौबन्दी हो, नेपालको लिम्बू समुदायको परम्परागत पोशाक हो। यो लिम्बू महिलाहरूले चासोक ताङनाम जस्ता चाडहरूमा र सांस्कृतिक समारोहहरूमा लगाउँछन्।"
nepali_dresses_augmented/limbu_dress_mekhli_and_chaubandi/119_aug2.jpg,"A group of women wearing face masks to protect the spread of coronavirus. This is the Mekhli and Chaubandi, the traditional attire of the Limbu community of Nepal. It is worn by Limbu women during festivals such as Chasok Tangnam and cultural ceremonies.","कोरोना भाइरसको संक्रमणबाट बच्नका लागि मास्क लगाउने महिलाहरूको समूह। यो मेखली र चौबन्दी हो, नेपालको लिम्बू समुदायको परम्परागत पोशाक हो। यो लिम्बू महिलाहरूले चासोक ताङनाम जस्ता चाडहरूमा र सांस्कृतिक समारोहहरूमा लगाउँछन्।"
nepali_dresses_augmented/limbu_dress_mekhli_and_chaubandi/11_aug1.jpg,"A woman dressed in traditional costume. This is the Mekhli and Chaubandi, the traditional attire of the Limbu community of Nepal. It is worn by Limbu women during festivals such as Chasok Tangnam and cultural ceremonies.","एक महिला परम्परागत पोशाकमा लुगा लगाउँछिन्। यो मेखली र चौबन्दी हो, नेपालको लिम्बू समुदायको परम्परागत पोशाक। यो लिम्बू महिलाहरूले चासोक तांगनाम जस्ता चाडहरूमा र सांस्कृतिक समारोहहरूमा लगाउँदछन्।"
nepali_dresses_augmented/limbu_dress_mekhli_and_chaubandi/11_aug2.jpg,"A woman dressed in traditional costume. This is the Mekhli and Chaubandi, the traditional attire of the Limbu community of Nepal. It is worn by Limbu women during festivals such as Chasok Tangnam and cultural ceremonies.","एक महिला परम्परागत पोशाकमा लुगा लगाउँछिन्। यो मेखली र चौबन्दी हो, नेपालको लिम्बू समुदायको परम्परागत पोशाक। यो लिम्बू महिलाहरूले चासोक तांगनाम जस्ता चाडहरूमा र सांस्कृतिक समारोहहरूमा लगाउँदछन्।"
nepali_dresses_augmented/limbu_dress_mekhli_and_chaubandi/12.jpg,"A beautiful young woman in traditional clothing - stock photo. This is the Mekhli and Chaubandi, the traditional attire of the Limbu community of Nepal. It is worn by Limbu women during festivals such as Chasok Tangnam and cultural ceremonies.","एक सुन्दर युवती परम्परागत कपडामा - स्टक फोटो। यो मेखली र चौबन्दी हो, नेपालको लिम्बू समुदायको परम्परागत पोशाक। यो लिम्बू महिलाहरूले चासोक ताङनाम जस्ता चाडहरूमा र सांस्कृतिक समारोहहरूमा लगाउँछन्।"
nepali_dresses_augmented/limbu_dress_mekhli_and_chaubandi/120.jpg,"A group of women in traditional dress at the festival. This is the Mekhli and Chaubandi, the traditional attire of the Limbu community of Nepal. It is worn by Limbu women during festivals such as Chasok Tangnam and cultural ceremonies.","महोत्सवमा परम्परागत पोशाकमा महिलाहरूको समूह। यो मेखली र चौबन्दी हो, नेपालको लिम्बू समुदायको परम्परागत पोशाक। यो चासोक तांगनाम र सांस्कृतिक समारोहहरूमा लिम्बू महिलाहरूले लगाउँछन्।"
nepali_dresses_augmented/limbu_dress_mekhli_and_chaubandi/120_aug1.jpg,"A group of women in traditional dress at the festival. This is the Mekhli and Chaubandi, the traditional attire of the Limbu community of Nepal. It is worn by Limbu women during festivals such as Chasok Tangnam and cultural ceremonies.","महोत्सवमा परम्परागत पोशाकमा महिलाहरूको समूह। यो मेखली र चौबन्दी हो, नेपालको लिम्बू समुदायको परम्परागत पोशाक। यो चासोक तांगनाम र सांस्कृतिक समारोहहरूमा लिम्बू महिलाहरूले लगाउँछन्।"
nepali_dresses_augmented/limbu_dress_mekhli_and_chaubandi/120_aug2.jpg,"A group of women in traditional dress at the festival. This is the Mekhli and Chaubandi, the traditional attire of the Limbu community of Nepal. It is worn by Limbu women during festivals such as Chasok Tangnam and cultural ceremonies.","महोत्सवमा परम्परागत पोशाकमा महिलाहरूको समूह। यो मेखली र चौबन्दी हो, नेपालको लिम्बू समुदायको परम्परागत पोशाक। यो चासोक तांगनाम र सांस्कृतिक समारोहहरूमा लिम्बू महिलाहरूले लगाउँछन्।"
nepali_dresses_augmented/limbu_dress_mekhli_and_chaubandi/121.jpg,"A group of people wearing face masks. This is the Mekhli and Chaubandi, the traditional attire of the Limbu community of Nepal. It is worn by Limbu women during festivals such as Chasok Tangnam and cultural ceremonies.",नेपालको लिम्बू समुदायको परम्परागत पोशाक मेखली र चौबन्दी हो। यो चासोक ताङनाम जस्ता चाडपर्व र सांस्कृतिक समारोहहरूमा लिम्बू महिलाहरूले लगाउँछन्।
nepali_dresses_augmented/limbu_dress_mekhli_and_chaubandi/121_aug1.jpg,"A group of people wearing face masks. This is the Mekhli and Chaubandi, the traditional attire of the Limbu community of Nepal. It is worn by Limbu women during festivals such as Chasok Tangnam and cultural ceremonies.",नेपालको लिम्बू समुदायको परम्परागत पोशाक मेखली र चौबन्दी हो। यो चासोक ताङनाम जस्ता चाडपर्व र सांस्कृतिक समारोहहरूमा लिम्बू महिलाहरूले लगाउँछन्।
nepali_dresses_augmented/limbu_dress_mekhli_and_chaubandi/121_aug2.jpg,"A group of people wearing face masks. This is the Mekhli and Chaubandi, the traditional attire of the Limbu community of Nepal. It is worn by Limbu women during festivals such as Chasok Tangnam and cultural ceremonies.",नेपालको लिम्बू समुदायको परम्परागत पोशाक मेखली र चौबन्दी हो। यो चासोक ताङनाम जस्ता चाडपर्व र सांस्कृतिक समारोहहरूमा लिम्बू महिलाहरूले लगाउँछन्।
nepali_dresses_augmented/limbu_dress_mekhli_and_chaubandi/122.jpg,"A group of people in traditional clothing at the festival. This is the Mekhli and Chaubandi, the traditional attire of the Limbu community of Nepal. It is worn by Limbu women during festivals such as Chasok Tangnam and cultural ceremonies.","यस पर्वमा परम्परागत कपडा लगाउने मानिसहरूको समूह। यो मेखली र चौबन्दी हो, नेपालको लिम्बू समुदायको परम्परागत पोशाक। यो चासोक ताङनाम र सांस्कृतिक समारोहहरूमा लिम्बू महिलाहरूले लगाउँछन्।"
nepali_dresses_augmented/limbu_dress_mekhli_and_chaubandi/122_aug1.jpg,"A group of people in traditional clothing at the festival. This is the Mekhli and Chaubandi, the traditional attire of the Limbu community of Nepal. It is worn by Limbu women during festivals such as Chasok Tangnam and cultural ceremonies.","यस पर्वमा परम्परागत कपडा लगाउने मानिसहरूको समूह। यो मेखली र चौबन्दी हो, नेपालको लिम्बू समुदायको परम्परागत पोशाक। यो चासोक ताङनाम र सांस्कृतिक समारोहहरूमा लिम्बू महिलाहरूले लगाउँछन्।"
nepali_dresses_augmented/limbu_dress_mekhli_and_chaubandi/122_aug2.jpg,"A group of people in traditional clothing at the festival. This is the Mekhli and Chaubandi, the traditional attire of the Limbu community of Nepal. It is worn by Limbu women during festivals such as Chasok Tangnam and cultural ceremonies.","यस पर्वमा परम्परागत कपडा लगाउने मानिसहरूको समूह। यो मेखली र चौबन्दी हो, नेपालको लिम्बू समुदायको परम्परागत पोशाक। यो चासोक ताङनाम र सांस्कृतिक समारोहहरूमा लिम्बू महिलाहरूले लगाउँछन्।"
nepali_dresses_augmented/limbu_dress_mekhli_and_chaubandi/123.jpg,"Two young girls sitting on the ground in front of a crowd. This is the Mekhli and Chaubandi, the traditional attire of the Limbu community of Nepal. It is worn by Limbu women during festivals such as Chasok Tangnam and cultural ceremonies.","दुई युवतीहरू भीडको अगाडि भुइँमा बसिरहेका छन्। यो मेखली र चौबन्दी हो, नेपालको लिम्बू समुदायको परम्परागत पोशाक। यो लिम्बू महिलाहरूले चासोक ताङनाम जस्ता चाडहरूमा र सांस्कृतिक समारोहहरूमा लगाउँछन्।"
nepali_dresses_augmented/limbu_dress_mekhli_and_chaubandi/123_aug1.jpg,"Two young girls sitting on the ground in front of a crowd. This is the Mekhli and Chaubandi, the traditional attire of the Limbu community of Nepal. It is worn by Limbu women during festivals such as Chasok Tangnam and cultural ceremonies.","दुई युवतीहरू भीडको अगाडि भुइँमा बसिरहेका छन्। यो मेखली र चौबन्दी हो, नेपालको लिम्बू समुदायको परम्परागत पोशाक। यो लिम्बू महिलाहरूले चासोक ताङनाम जस्ता चाडहरूमा र सांस्कृतिक समारोहहरूमा लगाउँछन्।"
nepali_dresses_augmented/limbu_dress_mekhli_and_chaubandi/123_aug2.jpg,"Two young girls sitting on the ground in front of a crowd. This is the Mekhli and Chaubandi, the traditional attire of the Limbu community of Nepal. It is worn by Limbu women during festivals such as Chasok Tangnam and cultural ceremonies.","दुई युवतीहरू भीडको अगाडि भुइँमा बसिरहेका छन्। यो मेखली र चौबन्दी हो, नेपालको लिम्बू समुदायको परम्परागत पोशाक। यो लिम्बू महिलाहरूले चासोक ताङनाम जस्ता चाडहरूमा र सांस्कृतिक समारोहहरूमा लगाउँछन्।"
nepali_dresses_augmented/limbu_dress_mekhli_and_chaubandi/124.jpg,"A woman with an umbrella in the rain - stock image. This is the Mekhli and Chaubandi, the traditional attire of the Limbu community of Nepal. It is worn by Limbu women during festivals such as Chasok Tangnam and cultural ceremonies.","यो मेखली र चौबन्दी हो, नेपालको लिम्बू समुदायको परम्परागत पोशाक हो। यो लिम्बू महिलाहरूले चासोक टंगनाम जस्ता चाडहरूमा र सांस्कृतिक समारोहहरूमा लगाउँछन्।"
nepali_dresses_augmented/limbu_dress_mekhli_and_chaubandi/124_aug1.jpg,"A woman with an umbrella in the rain - stock image. This is the Mekhli and Chaubandi, the traditional attire of the Limbu community of Nepal. It is worn by Limbu women during festivals such as Chasok Tangnam and cultural ceremonies.","यो मेखली र चौबन्दी हो, नेपालको लिम्बू समुदायको परम्परागत पोशाक हो। यो लिम्बू महिलाहरूले चासोक टंगनाम जस्ता चाडहरूमा र सांस्कृतिक समारोहहरूमा लगाउँछन्।"
nepali_dresses_augmented/limbu_dress_mekhli_and_chaubandi/124_aug2.jpg,"A woman with an umbrella in the rain - stock image. This is the Mekhli and Chaubandi, the traditional attire of the Limbu community of Nepal. It is worn by Limbu women during festivals such as Chasok Tangnam and cultural ceremonies.","यो मेखली र चौबन्दी हो, नेपालको लिम्बू समुदायको परम्परागत पोशाक हो। यो लिम्बू महिलाहरूले चासोक टंगनाम जस्ता चाडहरूमा र सांस्कृतिक समारोहहरूमा लगाउँछन्।"
nepali_dresses_augmented/limbu_dress_mekhli_and_chaubandi/125.jpg,"A group of people posing for a picture. This is the Mekhli and Chaubandi, the traditional attire of the Limbu community of Nepal. It is worn by Limbu women during festivals such as Chasok Tangnam and cultural ceremonies.","यो मेखली र चौबन्दी, नेपालको लिम्बू समुदायको परम्परागत पोशाक हो। यो चासोक ताङनाम र सांस्कृतिक समारोहहरूमा लिम्बू महिलाहरूले लगाउँछन्।"
nepali_dresses_augmented/limbu_dress_mekhli_and_chaubandi/125_aug1.jpg,"A group of people posing for a picture. This is the Mekhli and Chaubandi, the traditional attire of the Limbu community of Nepal. It is worn by Limbu women during festivals such as Chasok Tangnam and cultural ceremonies.","यो मेखली र चौबन्दी, नेपालको लिम्बू समुदायको परम्परागत पोशाक हो। यो चासोक ताङनाम र सांस्कृतिक समारोहहरूमा लिम्बू महिलाहरूले लगाउँछन्।"
nepali_dresses_augmented/limbu_dress_mekhli_and_chaubandi/125_aug2.jpg,"A group of people posing for a picture. This is the Mekhli and Chaubandi, the traditional attire of the Limbu community of Nepal. It is worn by Limbu women during festivals such as Chasok Tangnam and cultural ceremonies.","यो मेखली र चौबन्दी, नेपालको लिम्बू समुदायको परम्परागत पोशाक हो। यो चासोक ताङनाम र सांस्कृतिक समारोहहरूमा लिम्बू महिलाहरूले लगाउँछन्।"
nepali_dresses_augmented/limbu_dress_mekhli_and_chaubandi/126.jpg,"A group of people standing around each other people. This is the Mekhli and Chaubandi, the traditional attire of the Limbu community of Nepal. It is worn by Limbu women during festivals such as Chasok Tangnam and cultural ceremonies.",नेपालको लिम्बू समुदायको परम्परागत पोशाक मेखली र चौबन्दी हो। यो चासोक ताङनाम र सांस्कृतिक समारोहहरूमा लिम्बू महिलाहरूले लगाउने पोशाक हो।
nepali_dresses_augmented/limbu_dress_mekhli_and_chaubandi/126_aug1.jpg,"A group of people standing around each other people. This is the Mekhli and Chaubandi, the traditional attire of the Limbu community of Nepal. It is worn by Limbu women during festivals such as Chasok Tangnam and cultural ceremonies.",नेपालको लिम्बू समुदायको परम्परागत पोशाक मेखली र चौबन्दी हो। यो चासोक ताङनाम र सांस्कृतिक समारोहहरूमा लिम्बू महिलाहरूले लगाउने पोशाक हो।
nepali_dresses_augmented/limbu_dress_mekhli_and_chaubandi/126_aug2.jpg,"A group of people standing around each other people. This is the Mekhli and Chaubandi, the traditional attire of the Limbu community of Nepal. It is worn by Limbu women during festivals such as Chasok Tangnam and cultural ceremonies.",नेपालको लिम्बू समुदायको परम्परागत पोशाक मेखली र चौबन्दी हो। यो चासोक ताङनाम र सांस्कृतिक समारोहहरूमा लिम्बू महिलाहरूले लगाउने पोशाक हो।
nepali_dresses_augmented/limbu_dress_mekhli_and_chaubandi/127.jpg,"A group of young children playing drums in the park. This is the Mekhli and Chaubandi, the traditional attire of the Limbu community of Nepal. It is worn by Limbu women during festivals such as Chasok Tangnam and cultural ceremonies.","यो मेखली र चौबन्दी हो, नेपालको लिम्बू समुदायको परम्परागत पोशाक। यो चासोक टंगनाम जस्ता चाडहरूमा लिम्बू महिलाहरूले लगाउँछन् र सांस्कृतिक समारोहहरूमा लगाउँछन्।"
nepali_dresses_augmented/limbu_dress_mekhli_and_chaubandi/127_aug1.jpg,"A group of young children playing drums in the park. This is the Mekhli and Chaubandi, the traditional attire of the Limbu community of Nepal. It is worn by Limbu women during festivals such as Chasok Tangnam and cultural ceremonies.","यो मेखली र चौबन्दी हो, नेपालको लिम्बू समुदायको परम्परागत पोशाक। यो चासोक टंगनाम जस्ता चाडहरूमा लिम्बू महिलाहरूले लगाउँछन् र सांस्कृतिक समारोहहरूमा लगाउँछन्।"
nepali_dresses_augmented/limbu_dress_mekhli_and_chaubandi/127_aug2.jpg,"A group of young children playing drums in the park. This is the Mekhli and Chaubandi, the traditional attire of the Limbu community of Nepal. It is worn by Limbu women during festivals such as Chasok Tangnam and cultural ceremonies.","यो मेखली र चौबन्दी हो, नेपालको लिम्बू समुदायको परम्परागत पोशाक। यो चासोक टंगनाम जस्ता चाडहरूमा लिम्बू महिलाहरूले लगाउँछन् र सांस्कृतिक समारोहहरूमा लगाउँछन्।"
nepali_dresses_augmented/limbu_dress_mekhli_and_chaubandi/128.jpg,"A group of people dancing in a field. This is the Mekhli and Chaubandi, the traditional attire of the Limbu community of Nepal. It is worn by Limbu women during festivals such as Chasok Tangnam and cultural ceremonies.",नेपालको लिम्बू समुदायको परम्परागत पोशाक मेखली र चौबन्दी हो। यो चासोक ताङनाम र सांस्कृतिक समारोहहरूमा लिम्बू महिलाहरूले लगाउने गरिन्छ।
nepali_dresses_augmented/limbu_dress_mekhli_and_chaubandi/128_aug1.jpg,"A group of people dancing in a field. This is the Mekhli and Chaubandi, the traditional attire of the Limbu community of Nepal. It is worn by Limbu women during festivals such as Chasok Tangnam and cultural ceremonies.",नेपालको लिम्बू समुदायको परम्परागत पोशाक मेखली र चौबन्दी हो। यो चासोक ताङनाम र सांस्कृतिक समारोहहरूमा लिम्बू महिलाहरूले लगाउने गरिन्छ।
nepali_dresses_augmented/limbu_dress_mekhli_and_chaubandi/128_aug2.jpg,"A group of people dancing in a field. This is the Mekhli and Chaubandi, the traditional attire of the Limbu community of Nepal. It is worn by Limbu women during festivals such as Chasok Tangnam and cultural ceremonies.",नेपालको लिम्बू समुदायको परम्परागत पोशाक मेखली र चौबन्दी हो। यो चासोक ताङनाम र सांस्कृतिक समारोहहरूमा लिम्बू महिलाहरूले लगाउने गरिन्छ।
nepali_dresses_augmented/limbu_dress_mekhli_and_chaubandi/129.jpg,"A young girl wearing a traditional costume. This is the Mekhli and Chaubandi, the traditional attire of the Limbu community of Nepal. It is worn by Limbu women during festivals such as Chasok Tangnam and cultural ceremonies.","एक युवतीले परम्परागत पोशाक लगाउँछिन्। यो मेखली र चौबन्दी हो, नेपालको लिम्बू समुदायको परम्परागत पोशाक। यो लिम्बू महिलाहरूले चासोक ताङनाम जस्ता चाडहरूमा र सांस्कृतिक समारोहहरूमा लगाउँदछन्।"
nepali_dresses_augmented/limbu_dress_mekhli_and_chaubandi/129_aug1.jpg,"A young girl wearing a traditional costume. This is the Mekhli and Chaubandi, the traditional attire of the Limbu community of Nepal. It is worn by Limbu women during festivals such as Chasok Tangnam and cultural ceremonies.","एक युवतीले परम्परागत पोशाक लगाउँछिन्। यो मेखली र चौबन्दी हो, नेपालको लिम्बू समुदायको परम्परागत पोशाक। यो लिम्बू महिलाहरूले चासोक ताङनाम जस्ता चाडहरूमा र सांस्कृतिक समारोहहरूमा लगाउँदछन्।"
nepali_dresses_augmented/limbu_dress_mekhli_and_chaubandi/129_aug2.jpg,"A young girl wearing a traditional costume. This is the Mekhli and Chaubandi, the traditional attire of the Limbu community of Nepal. It is worn by Limbu women during festivals such as Chasok Tangnam and cultural ceremonies.","एक युवतीले परम्परागत पोशाक लगाउँछिन्। यो मेखली र चौबन्दी हो, नेपालको लिम्बू समुदायको परम्परागत पोशाक। यो लिम्बू महिलाहरूले चासोक ताङनाम जस्ता चाडहरूमा र सांस्कृतिक समारोहहरूमा लगाउँदछन्।"
nepali_dresses_augmented/limbu_dress_mekhli_and_chaubandi/12_aug1.jpg,"A beautiful young woman in traditional clothing - stock photo. This is the Mekhli and Chaubandi, the traditional attire of the Limbu community of Nepal. It is worn by Limbu women during festivals such as Chasok Tangnam and cultural ceremonies.","एक सुन्दर युवती परम्परागत कपडामा - स्टक फोटो। यो मेखली र चौबन्दी हो, नेपालको लिम्बू समुदायको परम्परागत पोशाक। यो लिम्बू महिलाहरूले चासोक ताङनाम जस्ता चाडहरूमा र सांस्कृतिक समारोहहरूमा लगाउँछन्।"
nepali_dresses_augmented/limbu_dress_mekhli_and_chaubandi/12_aug2.jpg,"A beautiful young woman in traditional clothing - stock photo. This is the Mekhli and Chaubandi, the traditional attire of the Limbu community of Nepal. It is worn by Limbu women during festivals such as Chasok Tangnam and cultural ceremonies.","एक सुन्दर युवती परम्परागत कपडामा - स्टक फोटो। यो मेखली र चौबन्दी हो, नेपालको लिम्बू समुदायको परम्परागत पोशाक। यो लिम्बू महिलाहरूले चासोक ताङनाम जस्ता चाडहरूमा र सांस्कृतिक समारोहहरूमा लगाउँछन्।"
nepali_dresses_augmented/limbu_dress_mekhli_and_chaubandi/13.jpg,"Three young women in traditional clothing posing for the camera - stock image. This is the Mekhli and Chaubandi, the traditional attire of the Limbu community of Nepal. It is worn by Limbu women during festivals such as Chasok Tangnam and cultural ceremonies.",नेपालको लिम्बू समुदायको परम्परागत पोशाक मेखली र चौबन्दी हो। यो चासोक ताङनाम र सांस्कृतिक समारोहहरूमा लिम्बू महिलाहरूले लगाउने पोशाक हो।
nepali_dresses_augmented/limbu_dress_mekhli_and_chaubandi/130.jpg,"A woman in a red and gold outfit. This is the Mekhli and Chaubandi, the traditional attire of the Limbu community of Nepal. It is worn by Limbu women during festivals such as Chasok Tangnam and cultural ceremonies.","एक महिला रातो र सुनको पोशाकमा। यो मेखली र चौबन्दी हो, नेपालको लिम्बू समुदायको परम्परागत पोशाक। यो लिम्बू महिलाहरूले चासोक टंगनाम जस्ता चाडहरूमा र सांस्कृतिक समारोहहरूमा लगाउँछन्।"
nepali_dresses_augmented/limbu_dress_mekhli_and_chaubandi/130_aug1.jpg,"A woman in a red and gold outfit. This is the Mekhli and Chaubandi, the traditional attire of the Limbu community of Nepal. It is worn by Limbu women during festivals such as Chasok Tangnam and cultural ceremonies.","एक महिला रातो र सुनको पोशाकमा। यो मेखली र चौबन्दी हो, नेपालको लिम्बू समुदायको परम्परागत पोशाक। यो लिम्बू महिलाहरूले चासोक टंगनाम जस्ता चाडहरूमा र सांस्कृतिक समारोहहरूमा लगाउँछन्।"
nepali_dresses_augmented/limbu_dress_mekhli_and_chaubandi/130_aug2.jpg,"A woman in a red and gold outfit. This is the Mekhli and Chaubandi, the traditional attire of the Limbu community of Nepal. It is worn by Limbu women during festivals such as Chasok Tangnam and cultural ceremonies.","एक महिला रातो र सुनको पोशाकमा। यो मेखली र चौबन्दी हो, नेपालको लिम्बू समुदायको परम्परागत पोशाक। यो लिम्बू महिलाहरूले चासोक टंगनाम जस्ता चाडहरूमा र सांस्कृतिक समारोहहरूमा लगाउँछन्।"
nepali_dresses_augmented/limbu_dress_mekhli_and_chaubandi/131.jpg,"An old woman with piercings on her nose. This is the Mekhli and Chaubandi, the traditional attire of the Limbu community of Nepal. It is worn by Limbu women during festivals such as Chasok Tangnam and cultural ceremonies.","यो मेखली र चौबन्दी हो, नेपालको लिम्बू समुदायको परम्परागत पोशाक हो। यो चासोक ताङनाम र सांस्कृतिक समारोहहरूमा लिम्बू महिलाहरूले लगाउँछन्।"
nepali_dresses_augmented/limbu_dress_mekhli_and_chaubandi/131_aug1.jpg,"An old woman with piercings on her nose. This is the Mekhli and Chaubandi, the traditional attire of the Limbu community of Nepal. It is worn by Limbu women during festivals such as Chasok Tangnam and cultural ceremonies.","यो मेखली र चौबन्दी हो, नेपालको लिम्बू समुदायको परम्परागत पोशाक हो। यो चासोक ताङनाम र सांस्कृतिक समारोहहरूमा लिम्बू महिलाहरूले लगाउँछन्।"
nepali_dresses_augmented/limbu_dress_mekhli_and_chaubandi/131_aug2.jpg,"An old woman with piercings on her nose. This is the Mekhli and Chaubandi, the traditional attire of the Limbu community of Nepal. It is worn by Limbu women during festivals such as Chasok Tangnam and cultural ceremonies.","यो मेखली र चौबन्दी हो, नेपालको लिम्बू समुदायको परम्परागत पोशाक हो। यो चासोक ताङनाम र सांस्कृतिक समारोहहरूमा लिम्बू महिलाहरूले लगाउँछन्।"
nepali_dresses_augmented/limbu_dress_mekhli_and_chaubandi/132.jpg,"A woman dressed in traditional costume. This is the Mekhli and Chaubandi, the traditional attire of the Limbu community of Nepal. It is worn by Limbu women during festivals such as Chasok Tangnam and cultural ceremonies.","एक महिला परम्परागत पोशाकमा लुगा लगाउँछिन्। यो मेखली र चौबन्दी हो, नेपालको लिम्बू समुदायको परम्परागत पोशाक। यो लिम्बू महिलाहरूले चासोक तांगनाम जस्ता चाडहरूमा र सांस्कृतिक समारोहहरूमा लगाउँदछन्।"
nepali_dresses_augmented/limbu_dress_mekhli_and_chaubandi/132_aug1.jpg,"A woman dressed in traditional costume. This is the Mekhli and Chaubandi, the traditional attire of the Limbu community of Nepal. It is worn by Limbu women during festivals such as Chasok Tangnam and cultural ceremonies.","एक महिला परम्परागत पोशाकमा लुगा लगाउँछिन्। यो मेखली र चौबन्दी हो, नेपालको लिम्बू समुदायको परम्परागत पोशाक। यो लिम्बू महिलाहरूले चासोक तांगनाम जस्ता चाडहरूमा र सांस्कृतिक समारोहहरूमा लगाउँदछन्।"
nepali_dresses_augmented/limbu_dress_mekhli_and_chaubandi/132_aug2.jpg,"A woman dressed in traditional costume. This is the Mekhli and Chaubandi, the traditional attire of the Limbu community of Nepal. It is worn by Limbu women during festivals such as Chasok Tangnam and cultural ceremonies.","एक महिला परम्परागत पोशाकमा लुगा लगाउँछिन्। यो मेखली र चौबन्दी हो, नेपालको लिम्बू समुदायको परम्परागत पोशाक। यो लिम्बू महिलाहरूले चासोक तांगनाम जस्ता चाडहरूमा र सांस्कृतिक समारोहहरूमा लगाउँदछन्।"
nepali_dresses_augmented/limbu_dress_mekhli_and_chaubandi/133.jpg,"A woman in a blue and green dress and headpiece. This is the Mekhli and Chaubandi, the traditional attire of the Limbu community of Nepal. It is worn by Limbu women during festivals such as Chasok Tangnam and cultural ceremonies.","नीलो र हरियो पोशाक र हेडपीसमा एक महिला। यो मेखली र चौबन्दी हो, नेपालको लिम्बू समुदायको परम्परागत पोशाक। यो चासोक टंगनाम र सांस्कृतिक समारोहहरूमा लिम्बू महिलाहरूले लगाउँछन्।"
nepali_dresses_augmented/limbu_dress_mekhli_and_chaubandi/133_aug1.jpg,"A woman in a blue and green dress and headpiece. This is the Mekhli and Chaubandi, the traditional attire of the Limbu community of Nepal. It is worn by Limbu women during festivals such as Chasok Tangnam and cultural ceremonies.","नीलो र हरियो पोशाक र हेडपीसमा एक महिला। यो मेखली र चौबन्दी हो, नेपालको लिम्बू समुदायको परम्परागत पोशाक। यो चासोक टंगनाम र सांस्कृतिक समारोहहरूमा लिम्बू महिलाहरूले लगाउँछन्।"
nepali_dresses_augmented/limbu_dress_mekhli_and_chaubandi/133_aug2.jpg,"A woman in a blue and green dress and headpiece. This is the Mekhli and Chaubandi, the traditional attire of the Limbu community of Nepal. It is worn by Limbu women during festivals such as Chasok Tangnam and cultural ceremonies.","नीलो र हरियो पोशाक र हेडपीसमा एक महिला। यो मेखली र चौबन्दी हो, नेपालको लिम्बू समुदायको परम्परागत पोशाक। यो चासोक टंगनाम र सांस्कृतिक समारोहहरूमा लिम्बू महिलाहरूले लगाउँछन्।"
nepali_dresses_augmented/limbu_dress_mekhli_and_chaubandi/134.jpg,"A woman with long hair wearing a colorful dress. This is the Mekhli and Chaubandi, the traditional attire of the Limbu community of Nepal. It is worn by Limbu women during festivals such as Chasok Tangnam and cultural ceremonies.","लामो कपालको एक महिलाले रंगीन पोशाक लगाउँछिन्। यो मेखली र चौबन्दी हो, नेपालको लिम्बू समुदायको परम्परागत पोशाक हो। यो चासोक तांगनाम र सांस्कृतिक समारोहहरूमा लिम्बू महिलाहरूले लगाउँदछन्।"
nepali_dresses_augmented/limbu_dress_mekhli_and_chaubandi/134_aug1.jpg,"A woman with long hair wearing a colorful dress. This is the Mekhli and Chaubandi, the traditional attire of the Limbu community of Nepal. It is worn by Limbu women during festivals such as Chasok Tangnam and cultural ceremonies.","लामो कपालको एक महिलाले रंगीन पोशाक लगाउँछिन्। यो मेखली र चौबन्दी हो, नेपालको लिम्बू समुदायको परम्परागत पोशाक हो। यो चासोक तांगनाम र सांस्कृतिक समारोहहरूमा लिम्बू महिलाहरूले लगाउँदछन्।"
nepali_dresses_augmented/limbu_dress_mekhli_and_chaubandi/134_aug2.jpg,"A woman with long hair wearing a colorful dress. This is the Mekhli and Chaubandi, the traditional attire of the Limbu community of Nepal. It is worn by Limbu women during festivals such as Chasok Tangnam and cultural ceremonies.","लामो कपालको एक महिलाले रंगीन पोशाक लगाउँछिन्। यो मेखली र चौबन्दी हो, नेपालको लिम्बू समुदायको परम्परागत पोशाक हो। यो चासोक तांगनाम र सांस्कृतिक समारोहहरूमा लिम्बू महिलाहरूले लगाउँदछन्।"
nepali_dresses_augmented/limbu_dress_mekhli_and_chaubandi/135.jpg,"A group of women in traditional dress at festival. This is the Mekhli and Chaubandi, the traditional attire of the Limbu community of Nepal. It is worn by Limbu women during festivals such as Chasok Tangnam and cultural ceremonies.","महोत्सवमा परम्परागत पोशाकमा महिलाहरूको समूह। यो मेखली र चौबन्दी हो, नेपालको लिम्बू समुदायको परम्परागत पोशाक। यो चासोक तांगनाम र सांस्कृतिक समारोहहरूमा लिम्बू महिलाहरूले लगाउँछन्।"
nepali_dresses_augmented/limbu_dress_mekhli_and_chaubandi/135_aug1.jpg,"A group of women in traditional dress at festival. This is the Mekhli and Chaubandi, the traditional attire of the Limbu community of Nepal. It is worn by Limbu women during festivals such as Chasok Tangnam and cultural ceremonies.","महोत्सवमा परम्परागत पोशाकमा महिलाहरूको समूह। यो मेखली र चौबन्दी हो, नेपालको लिम्बू समुदायको परम्परागत पोशाक। यो चासोक तांगनाम र सांस्कृतिक समारोहहरूमा लिम्बू महिलाहरूले लगाउँछन्।"
nepali_dresses_augmented/limbu_dress_mekhli_and_chaubandi/135_aug2.jpg,"A group of women in traditional dress at festival. This is the Mekhli and Chaubandi, the traditional attire of the Limbu community of Nepal. It is worn by Limbu women during festivals such as Chasok Tangnam and cultural ceremonies.","महोत्सवमा परम्परागत पोशाकमा महिलाहरूको समूह। यो मेखली र चौबन्दी हो, नेपालको लिम्बू समुदायको परम्परागत पोशाक। यो चासोक तांगनाम र सांस्कृतिक समारोहहरूमा लिम्बू महिलाहरूले लगाउँछन्।"
nepali_dresses_augmented/limbu_dress_mekhli_and_chaubandi/136.jpg,"A woman in a blue and green dress with a gold headpiece. This is the Mekhli and Chaubandi, the traditional attire of the Limbu community of Nepal. It is worn by Limbu women during festivals such as Chasok Tangnam and cultural ceremonies.","एक महिला नीलो र हरियो पोशाकमा र सुनको हेडपीसको साथ। यो मेखली र चौबन्दी हो, नेपालको लिम्बू समुदायको परम्परागत पोशाक। यो चासोक टंगनाम र सांस्कृतिक समारोहहरूमा लिम्बू महिलाहरूले लगाउँछन्।"
nepali_dresses_augmented/limbu_dress_mekhli_and_chaubandi/136_aug1.jpg,"A woman in a blue and green dress with a gold headpiece. This is the Mekhli and Chaubandi, the traditional attire of the Limbu community of Nepal. It is worn by Limbu women during festivals such as Chasok Tangnam and cultural ceremonies.","एक महिला नीलो र हरियो पोशाकमा र सुनको हेडपीसको साथ। यो मेखली र चौबन्दी हो, नेपालको लिम्बू समुदायको परम्परागत पोशाक। यो चासोक टंगनाम र सांस्कृतिक समारोहहरूमा लिम्बू महिलाहरूले लगाउँछन्।"
nepali_dresses_augmented/limbu_dress_mekhli_and_chaubandi/136_aug2.jpg,"A woman in a blue and green dress with a gold headpiece. This is the Mekhli and Chaubandi, the traditional attire of the Limbu community of Nepal. It is worn by Limbu women during festivals such as Chasok Tangnam and cultural ceremonies.","एक महिला नीलो र हरियो पोशाकमा र सुनको हेडपीसको साथ। यो मेखली र चौबन्दी हो, नेपालको लिम्बू समुदायको परम्परागत पोशाक। यो चासोक टंगनाम र सांस्कृतिक समारोहहरूमा लिम्बू महिलाहरूले लगाउँछन्।"
nepali_dresses_augmented/limbu_dress_mekhli_and_chaubandi/137.jpg,"People wearing face masks to protect against the spread of the new coronavirus. This is the Mekhli and Chaubandi, the traditional attire of the Limbu community of Nepal. It is worn by Limbu women during festivals such as Chasok Tangnam and cultural ceremonies.","नयाँ कोरोना भाइरसको संक्रमणबाट बच्नका लागि मानिसहरूले मास्क लगाउँछन्। यो मेखली र चौबन्दी हो, नेपालको लिम्बू समुदायको परम्परागत पोशाक हो। यो लिम्बू महिलाहरूले चासोक ताङनाम जस्ता चाडहरूमा र सांस्कृतिक समारोहहरूमा लगाउँछन्।"
nepali_dresses_augmented/limbu_dress_mekhli_and_chaubandi/137_aug1.jpg,"People wearing face masks to protect against the spread of the new coronavirus. This is the Mekhli and Chaubandi, the traditional attire of the Limbu community of Nepal. It is worn by Limbu women during festivals such as Chasok Tangnam and cultural ceremonies.","नयाँ कोरोना भाइरसको संक्रमणबाट बच्नका लागि मानिसहरूले मास्क लगाउँछन्। यो मेखली र चौबन्दी हो, नेपालको लिम्बू समुदायको परम्परागत पोशाक हो। यो लिम्बू महिलाहरूले चासोक ताङनाम जस्ता चाडहरूमा र सांस्कृतिक समारोहहरूमा लगाउँछन्।"
nepali_dresses_augmented/limbu_dress_mekhli_and_chaubandi/137_aug2.jpg,"People wearing face masks to protect against the spread of the new coronavirus. This is the Mekhli and Chaubandi, the traditional attire of the Limbu community of Nepal. It is worn by Limbu women during festivals such as Chasok Tangnam and cultural ceremonies.","नयाँ कोरोना भाइरसको संक्रमणबाट बच्नका लागि मानिसहरूले मास्क लगाउँछन्। यो मेखली र चौबन्दी हो, नेपालको लिम्बू समुदायको परम्परागत पोशाक हो। यो लिम्बू महिलाहरूले चासोक ताङनाम जस्ता चाडहरूमा र सांस्कृतिक समारोहहरूमा लगाउँछन्।"
nepali_dresses_augmented/limbu_dress_mekhli_and_chaubandi/138.jpg,"People wearing face masks to protect against the spread of the new coronavirus in china news photo. This is the Mekhli and Chaubandi, the traditional attire of the Limbu community of Nepal. It is worn by Limbu women during festivals such as Chasok Tangnam and cultural ceremonies.","नयाँ कोरोनाभाइरसको संक्रमणबाट बच्नका लागि मास्क लगाउने मानिसहरु चीनको समाचार फोटोमा। यो मेखली र चौबन्दी हो, नेपालको लिम्बू समुदायको परम्परागत पोशाक हो। यो लिम्बू महिलाहरूले चासोक ताङनाम जस्ता चाडहरूमा र सांस्कृतिक समारोहहरूमा लगाउँछन्।"
nepali_dresses_augmented/limbu_dress_mekhli_and_chaubandi/138_aug1.jpg,"People wearing face masks to protect against the spread of the new coronavirus in china news photo. This is the Mekhli and Chaubandi, the traditional attire of the Limbu community of Nepal. It is worn by Limbu women during festivals such as Chasok Tangnam and cultural ceremonies.","नयाँ कोरोनाभाइरसको संक्रमणबाट बच्नका लागि मास्क लगाउने मानिसहरु चीनको समाचार फोटोमा। यो मेखली र चौबन्दी हो, नेपालको लिम्बू समुदायको परम्परागत पोशाक हो। यो लिम्बू महिलाहरूले चासोक ताङनाम जस्ता चाडहरूमा र सांस्कृतिक समारोहहरूमा लगाउँछन्।"
nepali_dresses_augmented/limbu_dress_mekhli_and_chaubandi/138_aug2.jpg,"People wearing face masks to protect against the spread of the new coronavirus in china news photo. This is the Mekhli and Chaubandi, the traditional attire of the Limbu community of Nepal. It is worn by Limbu women during festivals such as Chasok Tangnam and cultural ceremonies.","नयाँ कोरोनाभाइरसको संक्रमणबाट बच्नका लागि मास्क लगाउने मानिसहरु चीनको समाचार फोटोमा। यो मेखली र चौबन्दी हो, नेपालको लिम्बू समुदायको परम्परागत पोशाक हो। यो लिम्बू महिलाहरूले चासोक ताङनाम जस्ता चाडहरूमा र सांस्कृतिक समारोहहरूमा लगाउँछन्।"
nepali_dresses_augmented/limbu_dress_mekhli_and_chaubandi/139.jpg,"A group of women wearing traditional costumes at the festival. This is the Mekhli and Chaubandi, the traditional attire of the Limbu community of Nepal. It is worn by Limbu women during festivals such as Chasok Tangnam and cultural ceremonies.","महोत्सवमा परम्परागत पोशाक लगाउने महिलाहरूको समूह। यो मेखली र चौबन्दी हो, नेपालको लिम्बू समुदायको परम्परागत पोशाक। यो चासोक तांगनाम र सांस्कृतिक समारोहहरूमा लिम्बू महिलाहरूले लगाउँछन्।"
nepali_dresses_augmented/limbu_dress_mekhli_and_chaubandi/139_aug1.jpg,"A group of women wearing traditional costumes at the festival. This is the Mekhli and Chaubandi, the traditional attire of the Limbu community of Nepal. It is worn by Limbu women during festivals such as Chasok Tangnam and cultural ceremonies.","महोत्सवमा परम्परागत पोशाक लगाउने महिलाहरूको समूह। यो मेखली र चौबन्दी हो, नेपालको लिम्बू समुदायको परम्परागत पोशाक। यो चासोक तांगनाम र सांस्कृतिक समारोहहरूमा लिम्बू महिलाहरूले लगाउँछन्।"
nepali_dresses_augmented/limbu_dress_mekhli_and_chaubandi/139_aug2.jpg,"A group of women wearing traditional costumes at the festival. This is the Mekhli and Chaubandi, the traditional attire of the Limbu community of Nepal. It is worn by Limbu women during festivals such as Chasok Tangnam and cultural ceremonies.","महोत्सवमा परम्परागत पोशाक लगाउने महिलाहरूको समूह। यो मेखली र चौबन्दी हो, नेपालको लिम्बू समुदायको परम्परागत पोशाक। यो चासोक तांगनाम र सांस्कृतिक समारोहहरूमा लिम्बू महिलाहरूले लगाउँछन्।"
nepali_dresses_augmented/limbu_dress_mekhli_and_chaubandi/13_aug1.jpg,"Three young women in traditional clothing posing for the camera - stock image. This is the Mekhli and Chaubandi, the traditional attire of the Limbu community of Nepal. It is worn by Limbu women during festivals such as Chasok Tangnam and cultural ceremonies.",नेपालको लिम्बू समुदायको परम्परागत पोशाक मेखली र चौबन्दी हो। यो चासोक ताङनाम र सांस्कृतिक समारोहहरूमा लिम्बू महिलाहरूले लगाउने पोशाक हो।
nepali_dresses_augmented/limbu_dress_mekhli_and_chaubandi/13_aug2.jpg,"Three young women in traditional clothing posing for the camera - stock image. This is the Mekhli and Chaubandi, the traditional attire of the Limbu community of Nepal. It is worn by Limbu women during festivals such as Chasok Tangnam and cultural ceremonies.",नेपालको लिम्बू समुदायको परम्परागत पोशाक मेखली र चौबन्दी हो। यो चासोक ताङनाम र सांस्कृतिक समारोहहरूमा लिम्बू महिलाहरूले लगाउने पोशाक हो।
nepali_dresses_augmented/limbu_dress_mekhli_and_chaubandi/14.jpg,"A group of young girls in traditional costumes at a festival in the philippines - stock image. This is the Mekhli and Chaubandi, the traditional attire of the Limbu community of Nepal. It is worn by Limbu women during festivals such as Chasok Tangnam and cultural ceremonies.",नेपालको लिम्बू समुदायको परम्परागत पोशाक मेखली र चौबन्दी हो। यो चासोक ताङनाम र सांस्कृतिक समारोहहरूमा लिम्बू महिलाहरूले लगाउने पोशाक हो।
nepali_dresses_augmented/limbu_dress_mekhli_and_chaubandi/140.jpg,"A man and woman sitting next to each other people. This is the Mekhli and Chaubandi, the traditional attire of the Limbu community of Nepal. It is worn by Limbu women during festivals such as Chasok Tangnam and cultural ceremonies.","एक पुरुष र एक महिला एक अर्काको छेउमा बसिरहेका छन्। यो मेखली र चौबन्दी हो, नेपालको लिम्बू समुदायको परम्परागत पोशाक। यो लिम्बू महिलाहरूले चासोक ताङनाम र सांस्कृतिक समारोहहरूमा लगाउँछन्।"
nepali_dresses_augmented/limbu_dress_mekhli_and_chaubandi/140_aug1.jpg,"A man and woman sitting next to each other people. This is the Mekhli and Chaubandi, the traditional attire of the Limbu community of Nepal. It is worn by Limbu women during festivals such as Chasok Tangnam and cultural ceremonies.","एक पुरुष र एक महिला एक अर्काको छेउमा बसिरहेका छन्। यो मेखली र चौबन्दी हो, नेपालको लिम्बू समुदायको परम्परागत पोशाक। यो लिम्बू महिलाहरूले चासोक ताङनाम र सांस्कृतिक समारोहहरूमा लगाउँछन्।"
nepali_dresses_augmented/limbu_dress_mekhli_and_chaubandi/140_aug2.jpg,"A man and woman sitting next to each other people. This is the Mekhli and Chaubandi, the traditional attire of the Limbu community of Nepal. It is worn by Limbu women during festivals such as Chasok Tangnam and cultural ceremonies.","एक पुरुष र एक महिला एक अर्काको छेउमा बसिरहेका छन्। यो मेखली र चौबन्दी हो, नेपालको लिम्बू समुदायको परम्परागत पोशाक। यो लिम्बू महिलाहरूले चासोक ताङनाम र सांस्कृतिक समारोहहरूमा लगाउँछन्।"
nepali_dresses_augmented/limbu_dress_mekhli_and_chaubandi/141.jpg,"A man and woman in traditional clothing posing for the camera. This is the Mekhli and Chaubandi, the traditional attire of the Limbu community of Nepal. It is worn by Limbu women during festivals such as Chasok Tangnam and cultural ceremonies.","एक पुरुष र महिलाले परम्परागत कपडा लगाएर क्यामेराको लागि पोज गर्दैछन्। यो मेखली र चौबन्दी हो, नेपालको लिम्बू समुदायको परम्परागत पोशाक। यो चासोक टंगनाम र सांस्कृतिक समारोहहरूमा लिम्बू महिलाहरूले लगाउँछन्।"
nepali_dresses_augmented/limbu_dress_mekhli_and_chaubandi/141_aug1.jpg,"A man and woman in traditional clothing posing for the camera. This is the Mekhli and Chaubandi, the traditional attire of the Limbu community of Nepal. It is worn by Limbu women during festivals such as Chasok Tangnam and cultural ceremonies.","एक पुरुष र महिलाले परम्परागत कपडा लगाएर क्यामेराको लागि पोज गर्दैछन्। यो मेखली र चौबन्दी हो, नेपालको लिम्बू समुदायको परम्परागत पोशाक। यो चासोक टंगनाम र सांस्कृतिक समारोहहरूमा लिम्बू महिलाहरूले लगाउँछन्।"
nepali_dresses_augmented/limbu_dress_mekhli_and_chaubandi/141_aug2.jpg,"A man and woman in traditional clothing posing for the camera. This is the Mekhli and Chaubandi, the traditional attire of the Limbu community of Nepal. It is worn by Limbu women during festivals such as Chasok Tangnam and cultural ceremonies.","एक पुरुष र महिलाले परम्परागत कपडा लगाएर क्यामेराको लागि पोज गर्दैछन्। यो मेखली र चौबन्दी हो, नेपालको लिम्बू समुदायको परम्परागत पोशाक। यो चासोक टंगनाम र सांस्कृतिक समारोहहरूमा लिम्बू महिलाहरूले लगाउँछन्।"
nepali_dresses_augmented/limbu_dress_mekhli_and_chaubandi/142.jpg,"A woman wearing a red and gold headpiece. This is the Mekhli and Chaubandi, the traditional attire of the Limbu community of Nepal. It is worn by Limbu women during festivals such as Chasok Tangnam and cultural ceremonies.","एक महिलाले रातो र सुनको हेडपिस लगाउँछिन्। यो मेखली र चौबन्दी हो, नेपालको लिम्बू समुदायको परम्परागत पोशाक हो। यो चासोक ताङनाम जस्ता चाडहरूमा र सांस्कृतिक समारोहहरूमा लिम्बू महिलाहरूले लगाउँदछन्।"
nepali_dresses_augmented/limbu_dress_mekhli_and_chaubandi/142_aug1.jpg,"A woman wearing a red and gold headpiece. This is the Mekhli and Chaubandi, the traditional attire of the Limbu community of Nepal. It is worn by Limbu women during festivals such as Chasok Tangnam and cultural ceremonies.","एक महिलाले रातो र सुनको हेडपिस लगाउँछिन्। यो मेखली र चौबन्दी हो, नेपालको लिम्बू समुदायको परम्परागत पोशाक हो। यो चासोक ताङनाम जस्ता चाडहरूमा र सांस्कृतिक समारोहहरूमा लिम्बू महिलाहरूले लगाउँदछन्।"
nepali_dresses_augmented/limbu_dress_mekhli_and_chaubandi/142_aug2.jpg,"A woman wearing a red and gold headpiece. This is the Mekhli and Chaubandi, the traditional attire of the Limbu community of Nepal. It is worn by Limbu women during festivals such as Chasok Tangnam and cultural ceremonies.","एक महिलाले रातो र सुनको हेडपिस लगाउँछिन्। यो मेखली र चौबन्दी हो, नेपालको लिम्बू समुदायको परम्परागत पोशाक हो। यो चासोक ताङनाम जस्ता चाडहरूमा र सांस्कृतिक समारोहहरूमा लिम्बू महिलाहरूले लगाउँदछन्।"
nepali_dresses_augmented/limbu_dress_mekhli_and_chaubandi/143.jpg,"A group of women dressed in traditional costumes. This is the Mekhli and Chaubandi, the traditional attire of the Limbu community of Nepal. It is worn by Limbu women during festivals such as Chasok Tangnam and cultural ceremonies.","परम्परागत पोशाक लगाउने महिलाहरूको समूह। यो मेखली र चौबन्दी हो, नेपालको लिम्बू समुदायको परम्परागत पोशाक। यो चासोक ताङनाम र सांस्कृतिक समारोहहरूमा लिम्बू महिलाहरूले लगाउँछन्।"
nepali_dresses_augmented/limbu_dress_mekhli_and_chaubandi/143_aug1.jpg,"A group of women dressed in traditional costumes. This is the Mekhli and Chaubandi, the traditional attire of the Limbu community of Nepal. It is worn by Limbu women during festivals such as Chasok Tangnam and cultural ceremonies.","परम्परागत पोशाक लगाउने महिलाहरूको समूह। यो मेखली र चौबन्दी हो, नेपालको लिम्बू समुदायको परम्परागत पोशाक। यो चासोक ताङनाम र सांस्कृतिक समारोहहरूमा लिम्बू महिलाहरूले लगाउँछन्।"
nepali_dresses_augmented/limbu_dress_mekhli_and_chaubandi/143_aug2.jpg,"A group of women dressed in traditional costumes. This is the Mekhli and Chaubandi, the traditional attire of the Limbu community of Nepal. It is worn by Limbu women during festivals such as Chasok Tangnam and cultural ceremonies.","परम्परागत पोशाक लगाउने महिलाहरूको समूह। यो मेखली र चौबन्दी हो, नेपालको लिम्बू समुदायको परम्परागत पोशाक। यो चासोक ताङनाम र सांस्कृतिक समारोहहरूमा लिम्बू महिलाहरूले लगाउँछन्।"
nepali_dresses_augmented/limbu_dress_mekhli_and_chaubandi/144.jpg,"Two young women in traditional costume, bali, indonesia - stock image. This is the Mekhli and Chaubandi, the traditional attire of the Limbu community of Nepal. It is worn by Limbu women during festivals such as Chasok Tangnam and cultural ceremonies.","दुई युवतीहरू परम्परागत पोशाकमा, बाली, इन्डोनेसिया - स्टक छवि। यो मेखली र चौबन्दी हो, नेपालको लिम्बू समुदायको परम्परागत पोशाक। यो चासोक टंगनाम र सांस्कृतिक समारोहहरूमा लिम्बू महिलाहरूले लगाउँछन्।"
nepali_dresses_augmented/limbu_dress_mekhli_and_chaubandi/144_aug1.jpg,"Two young women in traditional costume, bali, indonesia - stock image. This is the Mekhli and Chaubandi, the traditional attire of the Limbu community of Nepal. It is worn by Limbu women during festivals such as Chasok Tangnam and cultural ceremonies.","दुई युवतीहरू परम्परागत पोशाकमा, बाली, इन्डोनेसिया - स्टक छवि। यो मेखली र चौबन्दी हो, नेपालको लिम्बू समुदायको परम्परागत पोशाक। यो चासोक टंगनाम र सांस्कृतिक समारोहहरूमा लिम्बू महिलाहरूले लगाउँछन्।"
nepali_dresses_augmented/limbu_dress_mekhli_and_chaubandi/144_aug2.jpg,"Two young women in traditional costume, bali, indonesia - stock image. This is the Mekhli and Chaubandi, the traditional attire of the Limbu community of Nepal. It is worn by Limbu women during festivals such as Chasok Tangnam and cultural ceremonies.","दुई युवतीहरू परम्परागत पोशाकमा, बाली, इन्डोनेसिया - स्टक छवि। यो मेखली र चौबन्दी हो, नेपालको लिम्बू समुदायको परम्परागत पोशाक। यो चासोक टंगनाम र सांस्कृतिक समारोहहरूमा लिम्बू महिलाहरूले लगाउँछन्।"
nepali_dresses_augmented/limbu_dress_mekhli_and_chaubandi/145.jpg,"A group of women dancing at an event. This is the Mekhli and Chaubandi, the traditional attire of the Limbu community of Nepal. It is worn by Limbu women during festivals such as Chasok Tangnam and cultural ceremonies.","एक कार्यक्रममा नृत्य गर्ने महिलाहरूको समूह। यो मेखली र चौबन्दी हो, नेपालको लिम्बू समुदायको परम्परागत पोशाक। यो चासोक टंगनाम र सांस्कृतिक समारोहहरूमा लिम्बू महिलाहरूले लगाउँछन्।"
nepali_dresses_augmented/limbu_dress_mekhli_and_chaubandi/145_aug1.jpg,"A group of women dancing at an event. This is the Mekhli and Chaubandi, the traditional attire of the Limbu community of Nepal. It is worn by Limbu women during festivals such as Chasok Tangnam and cultural ceremonies.","एक कार्यक्रममा नृत्य गर्ने महिलाहरूको समूह। यो मेखली र चौबन्दी हो, नेपालको लिम्बू समुदायको परम्परागत पोशाक। यो चासोक टंगनाम र सांस्कृतिक समारोहहरूमा लिम्बू महिलाहरूले लगाउँछन्।"
nepali_dresses_augmented/limbu_dress_mekhli_and_chaubandi/145_aug2.jpg,"A group of women dancing at an event. This is the Mekhli and Chaubandi, the traditional attire of the Limbu community of Nepal. It is worn by Limbu women during festivals such as Chasok Tangnam and cultural ceremonies.","एक कार्यक्रममा नृत्य गर्ने महिलाहरूको समूह। यो मेखली र चौबन्दी हो, नेपालको लिम्बू समुदायको परम्परागत पोशाक। यो चासोक टंगनाम र सांस्कृतिक समारोहहरूमा लिम्बू महिलाहरूले लगाउँछन्।"
nepali_dresses_augmented/limbu_dress_mekhli_and_chaubandi/146.jpg,"Two young girls in traditional costume, thailand - stock image. This is the Mekhli and Chaubandi, the traditional attire of the Limbu community of Nepal. It is worn by Limbu women during festivals such as Chasok Tangnam and cultural ceremonies.","दुई युवतीहरू परम्परागत पोशाकमा, थाईल्याण्ड - स्टक छवि। यो मेखली र चौबन्दी हो, नेपालको लिम्बू समुदायको परम्परागत पोशाक। यो लिम्बू महिलाहरूले चासोक टंगनाम र सांस्कृतिक समारोहहरूमा लगाउँछन्।"
nepali_dresses_augmented/limbu_dress_mekhli_and_chaubandi/146_aug1.jpg,"Two young girls in traditional costume, thailand - stock image. This is the Mekhli and Chaubandi, the traditional attire of the Limbu community of Nepal. It is worn by Limbu women during festivals such as Chasok Tangnam and cultural ceremonies.","दुई युवतीहरू परम्परागत पोशाकमा, थाईल्याण्ड - स्टक छवि। यो मेखली र चौबन्दी हो, नेपालको लिम्बू समुदायको परम्परागत पोशाक। यो लिम्बू महिलाहरूले चासोक टंगनाम र सांस्कृतिक समारोहहरूमा लगाउँछन्।"
nepali_dresses_augmented/limbu_dress_mekhli_and_chaubandi/146_aug2.jpg,"Two young girls in traditional costume, thailand - stock image. This is the Mekhli and Chaubandi, the traditional attire of the Limbu community of Nepal. It is worn by Limbu women during festivals such as Chasok Tangnam and cultural ceremonies.","दुई युवतीहरू परम्परागत पोशाकमा, थाईल्याण्ड - स्टक छवि। यो मेखली र चौबन्दी हो, नेपालको लिम्बू समुदायको परम्परागत पोशाक। यो लिम्बू महिलाहरूले चासोक टंगनाम र सांस्कृतिक समारोहहरूमा लगाउँछन्।"
nepali_dresses_augmented/limbu_dress_mekhli_and_chaubandi/147.jpg,"A group of women in traditional clothing dancing. This is the Mekhli and Chaubandi, the traditional attire of the Limbu community of Nepal. It is worn by Limbu women during festivals such as Chasok Tangnam and cultural ceremonies.","परम्परागत कपडामा नाच्ने महिलाहरूको समूह। यो मेखली र चौबन्दी हो, नेपालको लिम्बू समुदायको परम्परागत पोशाक। यो चासोक तांगनाम र सांस्कृतिक समारोहहरूमा लिम्बू महिलाहरूले लगाउँछन्।"
nepali_dresses_augmented/limbu_dress_mekhli_and_chaubandi/147_aug1.jpg,"A group of women in traditional clothing dancing. This is the Mekhli and Chaubandi, the traditional attire of the Limbu community of Nepal. It is worn by Limbu women during festivals such as Chasok Tangnam and cultural ceremonies.","परम्परागत कपडामा नाच्ने महिलाहरूको समूह। यो मेखली र चौबन्दी हो, नेपालको लिम्बू समुदायको परम्परागत पोशाक। यो चासोक तांगनाम र सांस्कृतिक समारोहहरूमा लिम्बू महिलाहरूले लगाउँछन्।"
nepali_dresses_augmented/limbu_dress_mekhli_and_chaubandi/147_aug2.jpg,"A group of women in traditional clothing dancing. This is the Mekhli and Chaubandi, the traditional attire of the Limbu community of Nepal. It is worn by Limbu women during festivals such as Chasok Tangnam and cultural ceremonies.","परम्परागत कपडामा नाच्ने महिलाहरूको समूह। यो मेखली र चौबन्दी हो, नेपालको लिम्बू समुदायको परम्परागत पोशाक। यो चासोक तांगनाम र सांस्कृतिक समारोहहरूमा लिम्बू महिलाहरूले लगाउँछन्।"
nepali_dresses_augmented/limbu_dress_mekhli_and_chaubandi/148.jpg,"A woman in a green and yellow sari. This is the Mekhli and Chaubandi, the traditional attire of the Limbu community of Nepal. It is worn by Limbu women during festivals such as Chasok Tangnam and cultural ceremonies.","एक महिला हरियो र पहेंलो साड़ीमा। यो मेखली र चौबन्दी हो, नेपालको लिम्बू समुदायको परम्परागत पोशाक। यो चासोक टंगनाम र सांस्कृतिक समारोहहरूमा लिम्बू महिलाहरूले लगाउँछन्।"
nepali_dresses_augmented/limbu_dress_mekhli_and_chaubandi/148_aug1.jpg,"A woman in a green and yellow sari. This is the Mekhli and Chaubandi, the traditional attire of the Limbu community of Nepal. It is worn by Limbu women during festivals such as Chasok Tangnam and cultural ceremonies.","एक महिला हरियो र पहेंलो साड़ीमा। यो मेखली र चौबन्दी हो, नेपालको लिम्बू समुदायको परम्परागत पोशाक। यो चासोक टंगनाम र सांस्कृतिक समारोहहरूमा लिम्बू महिलाहरूले लगाउँछन्।"
nepali_dresses_augmented/limbu_dress_mekhli_and_chaubandi/148_aug2.jpg,"A woman in a green and yellow sari. This is the Mekhli and Chaubandi, the traditional attire of the Limbu community of Nepal. It is worn by Limbu women during festivals such as Chasok Tangnam and cultural ceremonies.","एक महिला हरियो र पहेंलो साड़ीमा। यो मेखली र चौबन्दी हो, नेपालको लिम्बू समुदायको परम्परागत पोशाक। यो चासोक टंगनाम र सांस्कृतिक समारोहहरूमा लिम्बू महिलाहरूले लगाउँछन्।"
nepali_dresses_augmented/limbu_dress_mekhli_and_chaubandi/149.jpg,"A woman wearing a traditional costume and headpiece. This is the Mekhli and Chaubandi, the traditional attire of the Limbu community of Nepal. It is worn by Limbu women during festivals such as Chasok Tangnam and cultural ceremonies.","एक महिलाले परम्परागत पोशाक र हेडपीस लगाउँछिन्। यो मेखली र चौबन्दी हो, नेपालको लिम्बू समुदायको परम्परागत पोशाक। यो चासोक तांगनाम र सांस्कृतिक समारोहहरूमा लिम्बू महिलाहरूले लगाउँदछन्।"
nepali_dresses_augmented/limbu_dress_mekhli_and_chaubandi/149_aug1.jpg,"A woman wearing a traditional costume and headpiece. This is the Mekhli and Chaubandi, the traditional attire of the Limbu community of Nepal. It is worn by Limbu women during festivals such as Chasok Tangnam and cultural ceremonies.","एक महिलाले परम्परागत पोशाक र हेडपीस लगाउँछिन्। यो मेखली र चौबन्दी हो, नेपालको लिम्बू समुदायको परम्परागत पोशाक। यो चासोक तांगनाम र सांस्कृतिक समारोहहरूमा लिम्बू महिलाहरूले लगाउँदछन्।"
nepali_dresses_augmented/limbu_dress_mekhli_and_chaubandi/149_aug2.jpg,"A woman wearing a traditional costume and headpiece. This is the Mekhli and Chaubandi, the traditional attire of the Limbu community of Nepal. It is worn by Limbu women during festivals such as Chasok Tangnam and cultural ceremonies.","एक महिलाले परम्परागत पोशाक र हेडपीस लगाउँछिन्। यो मेखली र चौबन्दी हो, नेपालको लिम्बू समुदायको परम्परागत पोशाक। यो चासोक तांगनाम र सांस्कृतिक समारोहहरूमा लिम्बू महिलाहरूले लगाउँदछन्।"
nepali_dresses_augmented/limbu_dress_mekhli_and_chaubandi/14_aug1.jpg,"A group of young girls in traditional costumes at a festival in the philippines - stock image. This is the Mekhli and Chaubandi, the traditional attire of the Limbu community of Nepal. It is worn by Limbu women during festivals such as Chasok Tangnam and cultural ceremonies.",नेपालको लिम्बू समुदायको परम्परागत पोशाक मेखली र चौबन्दी हो। यो चासोक ताङनाम र सांस्कृतिक समारोहहरूमा लिम्बू महिलाहरूले लगाउने पोशाक हो।
nepali_dresses_augmented/limbu_dress_mekhli_and_chaubandi/14_aug2.jpg,"A group of young girls in traditional costumes at a festival in the philippines - stock image. This is the Mekhli and Chaubandi, the traditional attire of the Limbu community of Nepal. It is worn by Limbu women during festivals such as Chasok Tangnam and cultural ceremonies.",नेपालको लिम्बू समुदायको परम्परागत पोशाक मेखली र चौबन्दी हो। यो चासोक ताङनाम र सांस्कृतिक समारोहहरूमा लिम्बू महिलाहरूले लगाउने पोशाक हो।
nepali_dresses_augmented/limbu_dress_mekhli_and_chaubandi/15.jpg,"A group of people in traditional clothing dancing and singing on the ground - stock image. This is the Mekhli and Chaubandi, the traditional attire of the Limbu community of Nepal. It is worn by Limbu women during festivals such as Chasok Tangnam and cultural ceremonies.",नेपालको लिम्बू समुदायको परम्परागत पोशाक मेखली र चौबन्दी हो। यो चासोक ताङनाम र सांस्कृतिक समारोहहरूमा लिम्बू महिलाहरूले लगाउने गरिन्छ।
nepali_dresses_augmented/limbu_dress_mekhli_and_chaubandi/150.jpg,"A woman in a red and yellow outfit. This is the Mekhli and Chaubandi, the traditional attire of the Limbu community of Nepal. It is worn by Limbu women during festivals such as Chasok Tangnam and cultural ceremonies.","एक महिला रातो र पहेंलो पोशाकमा। यो मेखली र चौबन्दी हो, नेपालको लिम्बू समुदायको परम्परागत पोशाक। यो लिम्बू महिलाहरूले चासोक तांगनाम र सांस्कृतिक समारोहहरूमा लगाउँछन्।"
nepali_dresses_augmented/limbu_dress_mekhli_and_chaubandi/150_aug1.jpg,"A woman in a red and yellow outfit. This is the Mekhli and Chaubandi, the traditional attire of the Limbu community of Nepal. It is worn by Limbu women during festivals such as Chasok Tangnam and cultural ceremonies.","एक महिला रातो र पहेंलो पोशाकमा। यो मेखली र चौबन्दी हो, नेपालको लिम्बू समुदायको परम्परागत पोशाक। यो लिम्बू महिलाहरूले चासोक तांगनाम र सांस्कृतिक समारोहहरूमा लगाउँछन्।"
nepali_dresses_augmented/limbu_dress_mekhli_and_chaubandi/150_aug2.jpg,"A woman in a red and yellow outfit. This is the Mekhli and Chaubandi, the traditional attire of the Limbu community of Nepal. It is worn by Limbu women during festivals such as Chasok Tangnam and cultural ceremonies.","एक महिला रातो र पहेंलो पोशाकमा। यो मेखली र चौबन्दी हो, नेपालको लिम्बू समुदायको परम्परागत पोशाक। यो लिम्बू महिलाहरूले चासोक तांगनाम र सांस्कृतिक समारोहहरूमा लगाउँछन्।"
nepali_dresses_augmented/limbu_dress_mekhli_and_chaubandi/151.jpg,"A woman wearing a green and red outfit. This is the Mekhli and Chaubandi, the traditional attire of the Limbu community of Nepal. It is worn by Limbu women during festivals such as Chasok Tangnam and cultural ceremonies.","एक महिलाले हरियो र रातो पोशाक लगाउँछिन्। यो मेखली र चौबन्दी हो, नेपालको लिम्बू समुदायको परम्परागत पोशाक हो। यो लिम्बू महिलाहरूले चासोक ताङनाम जस्ता चाडहरूमा र सांस्कृतिक समारोहहरूमा लगाउँदछन्।"
nepali_dresses_augmented/limbu_dress_mekhli_and_chaubandi/151_aug1.jpg,"A woman wearing a green and red outfit. This is the Mekhli and Chaubandi, the traditional attire of the Limbu community of Nepal. It is worn by Limbu women during festivals such as Chasok Tangnam and cultural ceremonies.","एक महिलाले हरियो र रातो पोशाक लगाउँछिन्। यो मेखली र चौबन्दी हो, नेपालको लिम्बू समुदायको परम्परागत पोशाक हो। यो लिम्बू महिलाहरूले चासोक ताङनाम जस्ता चाडहरूमा र सांस्कृतिक समारोहहरूमा लगाउँदछन्।"
nepali_dresses_augmented/limbu_dress_mekhli_and_chaubandi/151_aug2.jpg,"A woman wearing a green and red outfit. This is the Mekhli and Chaubandi, the traditional attire of the Limbu community of Nepal. It is worn by Limbu women during festivals such as Chasok Tangnam and cultural ceremonies.","एक महिलाले हरियो र रातो पोशाक लगाउँछिन्। यो मेखली र चौबन्दी हो, नेपालको लिम्बू समुदायको परम्परागत पोशाक हो। यो लिम्बू महिलाहरूले चासोक ताङनाम जस्ता चाडहरूमा र सांस्कृतिक समारोहहरूमा लगाउँदछन्।"
nepali_dresses_augmented/limbu_dress_mekhli_and_chaubandi/152.jpg,"A woman in a green and gold outfit. This is the Mekhli and Chaubandi, the traditional attire of the Limbu community of Nepal. It is worn by Limbu women during festivals such as Chasok Tangnam and cultural ceremonies.","एक महिला हरियो र सुनको पोशाकमा। यो मेखली र चौबन्दी हो, नेपालको लिम्बू समुदायको परम्परागत पोशाक। यो लिम्बू महिलाहरूले चासोक टंगनाम जस्ता चाडहरूमा र सांस्कृतिक समारोहहरूमा लगाउँछन्।"
nepali_dresses_augmented/limbu_dress_mekhli_and_chaubandi/152_aug1.jpg,"A woman in a green and gold outfit. This is the Mekhli and Chaubandi, the traditional attire of the Limbu community of Nepal. It is worn by Limbu women during festivals such as Chasok Tangnam and cultural ceremonies.","एक महिला हरियो र सुनको पोशाकमा। यो मेखली र चौबन्दी हो, नेपालको लिम्बू समुदायको परम्परागत पोशाक। यो लिम्बू महिलाहरूले चासोक टंगनाम जस्ता चाडहरूमा र सांस्कृतिक समारोहहरूमा लगाउँछन्।"
nepali_dresses_augmented/limbu_dress_mekhli_and_chaubandi/152_aug2.jpg,"A woman in a green and gold outfit. This is the Mekhli and Chaubandi, the traditional attire of the Limbu community of Nepal. It is worn by Limbu women during festivals such as Chasok Tangnam and cultural ceremonies.","एक महिला हरियो र सुनको पोशाकमा। यो मेखली र चौबन्दी हो, नेपालको लिम्बू समुदायको परम्परागत पोशाक। यो लिम्बू महिलाहरूले चासोक टंगनाम जस्ता चाडहरूमा र सांस्कृतिक समारोहहरूमा लगाउँछन्।"
nepali_dresses_augmented/limbu_dress_mekhli_and_chaubandi/153.jpg,"A group of women in traditional dress dancing at a festival. This is the Mekhli and Chaubandi, the traditional attire of the Limbu community of Nepal. It is worn by Limbu women during festivals such as Chasok Tangnam and cultural ceremonies.",नेपालको लिम्बू समुदायको परम्परागत पोशाक मेखली र चौबन्दी हो। यो चासोक ताङनाम र सांस्कृतिक समारोहहरूमा लिम्बू महिलाहरूले लगाउने पोशाक हो।
nepali_dresses_augmented/limbu_dress_mekhli_and_chaubandi/153_aug1.jpg,"A group of women in traditional dress dancing at a festival. This is the Mekhli and Chaubandi, the traditional attire of the Limbu community of Nepal. It is worn by Limbu women during festivals such as Chasok Tangnam and cultural ceremonies.",नेपालको लिम्बू समुदायको परम्परागत पोशाक मेखली र चौबन्दी हो। यो चासोक ताङनाम र सांस्कृतिक समारोहहरूमा लिम्बू महिलाहरूले लगाउने पोशाक हो।
nepali_dresses_augmented/limbu_dress_mekhli_and_chaubandi/153_aug2.jpg,"A group of women in traditional dress dancing at a festival. This is the Mekhli and Chaubandi, the traditional attire of the Limbu community of Nepal. It is worn by Limbu women during festivals such as Chasok Tangnam and cultural ceremonies.",नेपालको लिम्बू समुदायको परम्परागत पोशाक मेखली र चौबन्दी हो। यो चासोक ताङनाम र सांस्कृतिक समारोहहरूमा लिम्बू महिलाहरूले लगाउने पोशाक हो।
nepali_dresses_augmented/limbu_dress_mekhli_and_chaubandi/154.jpg,"An old woman with a nose ring and earrings. This is the Mekhli and Chaubandi, the traditional attire of the Limbu community of Nepal. It is worn by Limbu women during festivals such as Chasok Tangnam and cultural ceremonies.","एक वृद्ध महिलाको नाकमा औंठी र कंगन छ। यो मेखली र चौबन्दी हो, नेपालको लिम्बू समुदायको परम्परागत पोशाक हो। यो चासोक ताङनाम र सांस्कृतिक समारोहहरूमा लिम्बू महिलाहरूले लगाउँछन्।"
nepali_dresses_augmented/limbu_dress_mekhli_and_chaubandi/154_aug1.jpg,"An old woman with a nose ring and earrings. This is the Mekhli and Chaubandi, the traditional attire of the Limbu community of Nepal. It is worn by Limbu women during festivals such as Chasok Tangnam and cultural ceremonies.","एक वृद्ध महिलाको नाकमा औंठी र कंगन छ। यो मेखली र चौबन्दी हो, नेपालको लिम्बू समुदायको परम्परागत पोशाक हो। यो चासोक ताङनाम र सांस्कृतिक समारोहहरूमा लिम्बू महिलाहरूले लगाउँछन्।"
nepali_dresses_augmented/limbu_dress_mekhli_and_chaubandi/154_aug2.jpg,"An old woman with a nose ring and earrings. This is the Mekhli and Chaubandi, the traditional attire of the Limbu community of Nepal. It is worn by Limbu women during festivals such as Chasok Tangnam and cultural ceremonies.","एक वृद्ध महिलाको नाकमा औंठी र कंगन छ। यो मेखली र चौबन्दी हो, नेपालको लिम्बू समुदायको परम्परागत पोशाक हो। यो चासोक ताङनाम र सांस्कृतिक समारोहहरूमा लिम्बू महिलाहरूले लगाउँछन्।"
nepali_dresses_augmented/limbu_dress_mekhli_and_chaubandi/155.jpg,"A woman wearing a white and blue sari. This is the Mekhli and Chaubandi, the traditional attire of the Limbu community of Nepal. It is worn by Limbu women during festivals such as Chasok Tangnam and cultural ceremonies.","एक महिलाले सेतो र नीलो साड़ी लगाउँछिन्। यो मेखली र चौबन्दी हो, नेपालको लिम्बू समुदायको परम्परागत पोशाक। यो लिम्बू महिलाहरूले चासोक ताङनाम र सांस्कृतिक समारोहहरूमा लगाउँदछन्।"
nepali_dresses_augmented/limbu_dress_mekhli_and_chaubandi/155_aug1.jpg,"A woman wearing a white and blue sari. This is the Mekhli and Chaubandi, the traditional attire of the Limbu community of Nepal. It is worn by Limbu women during festivals such as Chasok Tangnam and cultural ceremonies.","एक महिलाले सेतो र नीलो साड़ी लगाउँछिन्। यो मेखली र चौबन्दी हो, नेपालको लिम्बू समुदायको परम्परागत पोशाक। यो लिम्बू महिलाहरूले चासोक ताङनाम र सांस्कृतिक समारोहहरूमा लगाउँदछन्।"
nepali_dresses_augmented/limbu_dress_mekhli_and_chaubandi/155_aug2.jpg,"A woman wearing a white and blue sari. This is the Mekhli and Chaubandi, the traditional attire of the Limbu community of Nepal. It is worn by Limbu women during festivals such as Chasok Tangnam and cultural ceremonies.","एक महिलाले सेतो र नीलो साड़ी लगाउँछिन्। यो मेखली र चौबन्दी हो, नेपालको लिम्बू समुदायको परम्परागत पोशाक। यो लिम्बू महिलाहरूले चासोक ताङनाम र सांस्कृतिक समारोहहरूमा लगाउँदछन्।"
nepali_dresses_augmented/limbu_dress_mekhli_and_chaubandi/156.jpg,"A group of people dressed in traditional costumes. This is the Mekhli and Chaubandi, the traditional attire of the Limbu community of Nepal. It is worn by Limbu women during festivals such as Chasok Tangnam and cultural ceremonies.",नेपालको लिम्बू समुदायको परम्परागत पोशाक मेखली र चौबन्दी हो। यो चासोक ताङनाम र सांस्कृतिक समारोहहरूमा लिम्बू महिलाहरूले लगाउने पोशाक हो।
nepali_dresses_augmented/limbu_dress_mekhli_and_chaubandi/156_aug1.jpg,"A group of people dressed in traditional costumes. This is the Mekhli and Chaubandi, the traditional attire of the Limbu community of Nepal. It is worn by Limbu women during festivals such as Chasok Tangnam and cultural ceremonies.",नेपालको लिम्बू समुदायको परम्परागत पोशाक मेखली र चौबन्दी हो। यो चासोक ताङनाम र सांस्कृतिक समारोहहरूमा लिम्बू महिलाहरूले लगाउने पोशाक हो।
nepali_dresses_augmented/limbu_dress_mekhli_and_chaubandi/156_aug2.jpg,"A group of people dressed in traditional costumes. This is the Mekhli and Chaubandi, the traditional attire of the Limbu community of Nepal. It is worn by Limbu women during festivals such as Chasok Tangnam and cultural ceremonies.",नेपालको लिम्बू समुदायको परम्परागत पोशाक मेखली र चौबन्दी हो। यो चासोक ताङनाम र सांस्कृतिक समारोहहरूमा लिम्बू महिलाहरूले लगाउने पोशाक हो।
nepali_dresses_augmented/limbu_dress_mekhli_and_chaubandi/157.jpg,"A group of young girls in traditional costumes posing for the camera - stock image. This is the Mekhli and Chaubandi, the traditional attire of the Limbu community of Nepal. It is worn by Limbu women during festivals such as Chasok Tangnam and cultural ceremonies.",नेपाली लिम्बू समुदायको परम्परागत पोशाक मेखली र चौबन्दी हो। यो चासोक ताङनाम र सांस्कृतिक समारोहहरूमा लिम्बू महिलाहरूले लगाउने पोशाक हो।
nepali_dresses_augmented/limbu_dress_mekhli_and_chaubandi/157_aug1.jpg,"A group of young girls in traditional costumes posing for the camera - stock image. This is the Mekhli and Chaubandi, the traditional attire of the Limbu community of Nepal. It is worn by Limbu women during festivals such as Chasok Tangnam and cultural ceremonies.",नेपाली लिम्बू समुदायको परम्परागत पोशाक मेखली र चौबन्दी हो। यो चासोक ताङनाम र सांस्कृतिक समारोहहरूमा लिम्बू महिलाहरूले लगाउने पोशाक हो।
nepali_dresses_augmented/limbu_dress_mekhli_and_chaubandi/157_aug2.jpg,"A group of young girls in traditional costumes posing for the camera - stock image. This is the Mekhli and Chaubandi, the traditional attire of the Limbu community of Nepal. It is worn by Limbu women during festivals such as Chasok Tangnam and cultural ceremonies.",नेपाली लिम्बू समुदायको परम्परागत पोशाक मेखली र चौबन्दी हो। यो चासोक ताङनाम र सांस्कृतिक समारोहहरूमा लिम्बू महिलाहरूले लगाउने पोशाक हो।
nepali_dresses_augmented/limbu_dress_mekhli_and_chaubandi/158.jpg,"A group of young girls in traditional costumes. This is the Mekhli and Chaubandi, the traditional attire of the Limbu community of Nepal. It is worn by Limbu women during festivals such as Chasok Tangnam and cultural ceremonies.","यो मेखली र चौबन्दी हो, नेपालको लिम्बू समुदायको परम्परागत पोशाक। यो चासोक ताङनाम र सांस्कृतिक समारोहहरूमा लिम्बू महिलाहरूले लगाउँछन्।"
nepali_dresses_augmented/limbu_dress_mekhli_and_chaubandi/158_aug1.jpg,"A group of young girls in traditional costumes. This is the Mekhli and Chaubandi, the traditional attire of the Limbu community of Nepal. It is worn by Limbu women during festivals such as Chasok Tangnam and cultural ceremonies.","यो मेखली र चौबन्दी हो, नेपालको लिम्बू समुदायको परम्परागत पोशाक। यो चासोक ताङनाम र सांस्कृतिक समारोहहरूमा लिम्बू महिलाहरूले लगाउँछन्।"
nepali_dresses_augmented/limbu_dress_mekhli_and_chaubandi/158_aug2.jpg,"A group of young girls in traditional costumes. This is the Mekhli and Chaubandi, the traditional attire of the Limbu community of Nepal. It is worn by Limbu women during festivals such as Chasok Tangnam and cultural ceremonies.","यो मेखली र चौबन्दी हो, नेपालको लिम्बू समुदायको परम्परागत पोशाक। यो चासोक ताङनाम र सांस्कृतिक समारोहहरूमा लिम्बू महिलाहरूले लगाउँछन्।"
nepali_dresses_augmented/limbu_dress_mekhli_and_chaubandi/159.jpg,"A woman in a red dress and gold headpieces. This is the Mekhli and Chaubandi, the traditional attire of the Limbu community of Nepal. It is worn by Limbu women during festivals such as Chasok Tangnam and cultural ceremonies.","एक महिला रातो पोशाक र सुनको हेडपीसमा। यो मेखली र चौबन्दी हो, नेपालको लिम्बू समुदायको परम्परागत पोशाक। यो चासोक टंगनाम र सांस्कृतिक समारोहहरूमा लिम्बू महिलाहरूले लगाउँछन्।"
nepali_dresses_augmented/limbu_dress_mekhli_and_chaubandi/159_aug1.jpg,"A woman in a red dress and gold headpieces. This is the Mekhli and Chaubandi, the traditional attire of the Limbu community of Nepal. It is worn by Limbu women during festivals such as Chasok Tangnam and cultural ceremonies.","एक महिला रातो पोशाक र सुनको हेडपीसमा। यो मेखली र चौबन्दी हो, नेपालको लिम्बू समुदायको परम्परागत पोशाक। यो चासोक टंगनाम र सांस्कृतिक समारोहहरूमा लिम्बू महिलाहरूले लगाउँछन्।"
nepali_dresses_augmented/limbu_dress_mekhli_and_chaubandi/159_aug2.jpg,"A woman in a red dress and gold headpieces. This is the Mekhli and Chaubandi, the traditional attire of the Limbu community of Nepal. It is worn by Limbu women during festivals such as Chasok Tangnam and cultural ceremonies.","एक महिला रातो पोशाक र सुनको हेडपीसमा। यो मेखली र चौबन्दी हो, नेपालको लिम्बू समुदायको परम्परागत पोशाक। यो चासोक टंगनाम र सांस्कृतिक समारोहहरूमा लिम्बू महिलाहरूले लगाउँछन्।"
nepali_dresses_augmented/limbu_dress_mekhli_and_chaubandi/15_aug1.jpg,"A group of people in traditional clothing dancing and singing on the ground - stock image. This is the Mekhli and Chaubandi, the traditional attire of the Limbu community of Nepal. It is worn by Limbu women during festivals such as Chasok Tangnam and cultural ceremonies.",नेपालको लिम्बू समुदायको परम्परागत पोशाक मेखली र चौबन्दी हो। यो चासोक ताङनाम र सांस्कृतिक समारोहहरूमा लिम्बू महिलाहरूले लगाउने गरिन्छ।
nepali_dresses_augmented/limbu_dress_mekhli_and_chaubandi/15_aug2.jpg,"A group of people in traditional clothing dancing and singing on the ground - stock image. This is the Mekhli and Chaubandi, the traditional attire of the Limbu community of Nepal. It is worn by Limbu women during festivals such as Chasok Tangnam and cultural ceremonies.",नेपालको लिम्बू समुदायको परम्परागत पोशाक मेखली र चौबन्दी हो। यो चासोक ताङनाम र सांस्कृतिक समारोहहरूमा लिम्बू महिलाहरूले लगाउने गरिन्छ।
nepali_dresses_augmented/limbu_dress_mekhli_and_chaubandi/16.jpg,"A beautiful young woman in traditional clothing - stock photo. This is the Mekhli and Chaubandi, the traditional attire of the Limbu community of Nepal. It is worn by Limbu women during festivals such as Chasok Tangnam and cultural ceremonies.","एक सुन्दर युवती परम्परागत कपडामा - स्टक फोटो। यो मेखली र चौबन्दी हो, नेपालको लिम्बू समुदायको परम्परागत पोशाक। यो लिम्बू महिलाहरूले चासोक ताङनाम जस्ता चाडहरूमा र सांस्कृतिक समारोहहरूमा लगाउँछन्।"
nepali_dresses_augmented/limbu_dress_mekhli_and_chaubandi/160.jpg,"A group of women in traditional dress dancing on stage. This is the Mekhli and Chaubandi, the traditional attire of the Limbu community of Nepal. It is worn by Limbu women during festivals such as Chasok Tangnam and cultural ceremonies.",नेपालको लिम्बू समुदायको परम्परागत पोशाक मेखली र चौबन्दी हो। यो चासोक ताङनाम जस्ता चाडपर्व र सांस्कृतिक समारोहहरूमा लिम्बू महिलाहरूले लगाउने पोशाक हो।
nepali_dresses_augmented/limbu_dress_mekhli_and_chaubandi/160_aug1.jpg,"A group of women in traditional dress dancing on stage. This is the Mekhli and Chaubandi, the traditional attire of the Limbu community of Nepal. It is worn by Limbu women during festivals such as Chasok Tangnam and cultural ceremonies.",नेपालको लिम्बू समुदायको परम्परागत पोशाक मेखली र चौबन्दी हो। यो चासोक ताङनाम जस्ता चाडपर्व र सांस्कृतिक समारोहहरूमा लिम्बू महिलाहरूले लगाउने पोशाक हो।
nepali_dresses_augmented/limbu_dress_mekhli_and_chaubandi/160_aug2.jpg,"A group of women in traditional dress dancing on stage. This is the Mekhli and Chaubandi, the traditional attire of the Limbu community of Nepal. It is worn by Limbu women during festivals such as Chasok Tangnam and cultural ceremonies.",नेपालको लिम्बू समुदायको परम्परागत पोशाक मेखली र चौबन्दी हो। यो चासोक ताङनाम जस्ता चाडपर्व र सांस्कृतिक समारोहहरूमा लिम्बू महिलाहरूले लगाउने पोशाक हो।
nepali_dresses_augmented/limbu_dress_mekhli_and_chaubandi/161.jpg,"A woman dressed in traditional costume. This is the Mekhli and Chaubandi, the traditional attire of the Limbu community of Nepal. It is worn by Limbu women during festivals such as Chasok Tangnam and cultural ceremonies.","एक महिला परम्परागत पोशाकमा लुगा लगाउँछिन्। यो मेखली र चौबन्दी हो, नेपालको लिम्बू समुदायको परम्परागत पोशाक। यो लिम्बू महिलाहरूले चासोक तांगनाम जस्ता चाडहरूमा र सांस्कृतिक समारोहहरूमा लगाउँदछन्।"
nepali_dresses_augmented/limbu_dress_mekhli_and_chaubandi/161_aug1.jpg,"A woman dressed in traditional costume. This is the Mekhli and Chaubandi, the traditional attire of the Limbu community of Nepal. It is worn by Limbu women during festivals such as Chasok Tangnam and cultural ceremonies.","एक महिला परम्परागत पोशाकमा लुगा लगाउँछिन्। यो मेखली र चौबन्दी हो, नेपालको लिम्बू समुदायको परम्परागत पोशाक। यो लिम्बू महिलाहरूले चासोक तांगनाम जस्ता चाडहरूमा र सांस्कृतिक समारोहहरूमा लगाउँदछन्।"
nepali_dresses_augmented/limbu_dress_mekhli_and_chaubandi/161_aug2.jpg,"A woman dressed in traditional costume. This is the Mekhli and Chaubandi, the traditional attire of the Limbu community of Nepal. It is worn by Limbu women during festivals such as Chasok Tangnam and cultural ceremonies.","एक महिला परम्परागत पोशाकमा लुगा लगाउँछिन्। यो मेखली र चौबन्दी हो, नेपालको लिम्बू समुदायको परम्परागत पोशाक। यो लिम्बू महिलाहरूले चासोक तांगनाम जस्ता चाडहरूमा र सांस्कृतिक समारोहहरूमा लगाउँदछन्।"
nepali_dresses_augmented/limbu_dress_mekhli_and_chaubandi/162.jpg,"Three young girls in traditional costumes posing for the camera - stock image. This is the Mekhli and Chaubandi, the traditional attire of the Limbu community of Nepal. It is worn by Limbu women during festivals such as Chasok Tangnam and cultural ceremonies.","तीन युवतीहरू परम्परागत पोशाकमा क्यामेराको लागि पोज गर्दै छन् - स्टक छवि। यो मेखली र चौबन्दी हो, नेपालको लिम्बू समुदायको परम्परागत पोशाक। यो लिम्बू महिलाहरूले चासोक टंगनाम र सांस्कृतिक समारोहहरूमा लगाउँछन्।"
nepali_dresses_augmented/limbu_dress_mekhli_and_chaubandi/162_aug1.jpg,"Three young girls in traditional costumes posing for the camera - stock image. This is the Mekhli and Chaubandi, the traditional attire of the Limbu community of Nepal. It is worn by Limbu women during festivals such as Chasok Tangnam and cultural ceremonies.","तीन युवतीहरू परम्परागत पोशाकमा क्यामेराको लागि पोज गर्दै छन् - स्टक छवि। यो मेखली र चौबन्दी हो, नेपालको लिम्बू समुदायको परम्परागत पोशाक। यो लिम्बू महिलाहरूले चासोक टंगनाम र सांस्कृतिक समारोहहरूमा लगाउँछन्।"
nepali_dresses_augmented/limbu_dress_mekhli_and_chaubandi/162_aug2.jpg,"Three young girls in traditional costumes posing for the camera - stock image. This is the Mekhli and Chaubandi, the traditional attire of the Limbu community of Nepal. It is worn by Limbu women during festivals such as Chasok Tangnam and cultural ceremonies.","तीन युवतीहरू परम्परागत पोशाकमा क्यामेराको लागि पोज गर्दै छन् - स्टक छवि। यो मेखली र चौबन्दी हो, नेपालको लिम्बू समुदायको परम्परागत पोशाक। यो लिम्बू महिलाहरूले चासोक टंगनाम र सांस्कृतिक समारोहहरूमा लगाउँछन्।"
nepali_dresses_augmented/limbu_dress_mekhli_and_chaubandi/163.jpg,"A woman in traditional dress holding a basket. This is the Mekhli and Chaubandi, the traditional attire of the Limbu community of Nepal. It is worn by Limbu women during festivals such as Chasok Tangnam and cultural ceremonies.","एक महिला परम्परागत पोशाकमा टोकरी पकडेर। यो मेखली र चौबन्दी हो, नेपालको लिम्बू समुदायको परम्परागत पोशाक। यो चासोक तांगनाम र सांस्कृतिक समारोहहरूमा लिम्बू महिलाहरूले लगाउँछन्।"
nepali_dresses_augmented/limbu_dress_mekhli_and_chaubandi/163_aug1.jpg,"A woman in traditional dress holding a basket. This is the Mekhli and Chaubandi, the traditional attire of the Limbu community of Nepal. It is worn by Limbu women during festivals such as Chasok Tangnam and cultural ceremonies.","एक महिला परम्परागत पोशाकमा टोकरी पकडेर। यो मेखली र चौबन्दी हो, नेपालको लिम्बू समुदायको परम्परागत पोशाक। यो चासोक तांगनाम र सांस्कृतिक समारोहहरूमा लिम्बू महिलाहरूले लगाउँछन्।"
nepali_dresses_augmented/limbu_dress_mekhli_and_chaubandi/163_aug2.jpg,"A woman in traditional dress holding a basket. This is the Mekhli and Chaubandi, the traditional attire of the Limbu community of Nepal. It is worn by Limbu women during festivals such as Chasok Tangnam and cultural ceremonies.","एक महिला परम्परागत पोशाकमा टोकरी पकडेर। यो मेखली र चौबन्दी हो, नेपालको लिम्बू समुदायको परम्परागत पोशाक। यो चासोक तांगनाम र सांस्कृतिक समारोहहरूमा लिम्बू महिलाहरूले लगाउँछन्।"
nepali_dresses_augmented/limbu_dress_mekhli_and_chaubandi/164.jpg,"A young girl dressed in traditional costume. This is the Mekhli and Chaubandi, the traditional attire of the Limbu community of Nepal. It is worn by Limbu women during festivals such as Chasok Tangnam and cultural ceremonies.","एक युवती परम्परागत पोशाकमा लुगा लगाउँछिन्। यो मेखली र चौबन्दी हो, नेपालको लिम्बू समुदायको परम्परागत पोशाक। यो लिम्बू महिलाहरूले चासोक ताङनाम जस्ता चाडहरूमा र सांस्कृतिक समारोहहरूमा लगाउँदछन्।"
nepali_dresses_augmented/limbu_dress_mekhli_and_chaubandi/164_aug1.jpg,"A young girl dressed in traditional costume. This is the Mekhli and Chaubandi, the traditional attire of the Limbu community of Nepal. It is worn by Limbu women during festivals such as Chasok Tangnam and cultural ceremonies.","एक युवती परम्परागत पोशाकमा लुगा लगाउँछिन्। यो मेखली र चौबन्दी हो, नेपालको लिम्बू समुदायको परम्परागत पोशाक। यो लिम्बू महिलाहरूले चासोक ताङनाम जस्ता चाडहरूमा र सांस्कृतिक समारोहहरूमा लगाउँदछन्।"
nepali_dresses_augmented/limbu_dress_mekhli_and_chaubandi/164_aug2.jpg,"A young girl dressed in traditional costume. This is the Mekhli and Chaubandi, the traditional attire of the Limbu community of Nepal. It is worn by Limbu women during festivals such as Chasok Tangnam and cultural ceremonies.","एक युवती परम्परागत पोशाकमा लुगा लगाउँछिन्। यो मेखली र चौबन्दी हो, नेपालको लिम्बू समुदायको परम्परागत पोशाक। यो लिम्बू महिलाहरूले चासोक ताङनाम जस्ता चाडहरूमा र सांस्कृतिक समारोहहरूमा लगाउँदछन्।"
nepali_dresses_augmented/limbu_dress_mekhli_and_chaubandi/165.jpg,"A group of women in traditional dress. This is the Mekhli and Chaubandi, the traditional attire of the Limbu community of Nepal. It is worn by Limbu women during festivals such as Chasok Tangnam and cultural ceremonies.","परम्परागत पोशाकमा महिलाहरूको समूह। यो मेखली र चौबन्दी हो, नेपालको लिम्बू समुदायको परम्परागत पोशाक। यो लिम्बू महिलाहरूले चासोक तांगनाम जस्ता चाडहरूमा र सांस्कृतिक समारोहहरूमा लगाउँछन्।"
nepali_dresses_augmented/limbu_dress_mekhli_and_chaubandi/165_aug1.jpg,"A group of women in traditional dress. This is the Mekhli and Chaubandi, the traditional attire of the Limbu community of Nepal. It is worn by Limbu women during festivals such as Chasok Tangnam and cultural ceremonies.","परम्परागत पोशाकमा महिलाहरूको समूह। यो मेखली र चौबन्दी हो, नेपालको लिम्बू समुदायको परम्परागत पोशाक। यो लिम्बू महिलाहरूले चासोक तांगनाम जस्ता चाडहरूमा र सांस्कृतिक समारोहहरूमा लगाउँछन्।"
nepali_dresses_augmented/limbu_dress_mekhli_and_chaubandi/166.jpg,"A woman in a red shirt and black pants holding a wooden pipe. This is the Mekhli and Chaubandi, the traditional attire of the Limbu community of Nepal. It is worn by Limbu women during festivals such as Chasok Tangnam and cultural ceremonies.","एक महिला रातो शर्ट र कालो प्यान्टमा काठको पाइप पकडेर। यो मेखली र चौबन्दी हो, नेपालको लिम्बू समुदायको परम्परागत पोशाक। यो चासोक टंगनाम र सांस्कृतिक समारोहहरूमा लिम्बू महिलाहरूले लगाउँछन्।"
nepali_dresses_augmented/limbu_dress_mekhli_and_chaubandi/166_aug1.jpg,"A woman in a red shirt and black pants holding a wooden pipe. This is the Mekhli and Chaubandi, the traditional attire of the Limbu community of Nepal. It is worn by Limbu women during festivals such as Chasok Tangnam and cultural ceremonies.","एक महिला रातो शर्ट र कालो प्यान्टमा काठको पाइप पकडेर। यो मेखली र चौबन्दी हो, नेपालको लिम्बू समुदायको परम्परागत पोशाक। यो चासोक टंगनाम र सांस्कृतिक समारोहहरूमा लिम्बू महिलाहरूले लगाउँछन्।"
nepali_dresses_augmented/limbu_dress_mekhli_and_chaubandi/167.jpg,"A woman wearing a gold headpiece and earrings. This is the Mekhli and Chaubandi, the traditional attire of the Limbu community of Nepal. It is worn by Limbu women during festivals such as Chasok Tangnam and cultural ceremonies.",नेपालको लिम्बू समुदायको परम्परागत पोशाक मेखली र चौबन्दी हो। यो चासोक ताङनाम जस्ता चाडपर्व र सांस्कृतिक समारोहहरूमा लिम्बू महिलाहरूले लगाउँछन्।
nepali_dresses_augmented/limbu_dress_mekhli_and_chaubandi/167_aug1.jpg,"A woman wearing a gold headpiece and earrings. This is the Mekhli and Chaubandi, the traditional attire of the Limbu community of Nepal. It is worn by Limbu women during festivals such as Chasok Tangnam and cultural ceremonies.",नेपालको लिम्बू समुदायको परम्परागत पोशाक मेखली र चौबन्दी हो। यो चासोक ताङनाम जस्ता चाडपर्व र सांस्कृतिक समारोहहरूमा लिम्बू महिलाहरूले लगाउँछन्।
nepali_dresses_augmented/limbu_dress_mekhli_and_chaubandi/168.jpg,"A woman wearing a traditional costume and jewelry. This is the Mekhli and Chaubandi, the traditional attire of the Limbu community of Nepal. It is worn by Limbu women during festivals such as Chasok Tangnam and cultural ceremonies.","एक महिलाले परम्परागत पोशाक र गहना लगाउँछिन्। यो मेखली र चौबन्दी हो, नेपालको लिम्बू समुदायको परम्परागत पोशाक। यो चासोक तांगनाम र सांस्कृतिक समारोहहरूमा लिम्बू महिलाहरूले लगाउँदछन्।"
nepali_dresses_augmented/limbu_dress_mekhli_and_chaubandi/168_aug1.jpg,"A woman wearing a traditional costume and jewelry. This is the Mekhli and Chaubandi, the traditional attire of the Limbu community of Nepal. It is worn by Limbu women during festivals such as Chasok Tangnam and cultural ceremonies.","एक महिलाले परम्परागत पोशाक र गहना लगाउँछिन्। यो मेखली र चौबन्दी हो, नेपालको लिम्बू समुदायको परम्परागत पोशाक। यो चासोक तांगनाम र सांस्कृतिक समारोहहरूमा लिम्बू महिलाहरूले लगाउँदछन्।"
nepali_dresses_augmented/limbu_dress_mekhli_and_chaubandi/16_aug1.jpg,"A beautiful young woman in traditional clothing - stock photo. This is the Mekhli and Chaubandi, the traditional attire of the Limbu community of Nepal. It is worn by Limbu women during festivals such as Chasok Tangnam and cultural ceremonies.","एक सुन्दर युवती परम्परागत कपडामा - स्टक फोटो। यो मेखली र चौबन्दी हो, नेपालको लिम्बू समुदायको परम्परागत पोशाक। यो लिम्बू महिलाहरूले चासोक ताङनाम जस्ता चाडहरूमा र सांस्कृतिक समारोहहरूमा लगाउँछन्।"
nepali_dresses_augmented/limbu_dress_mekhli_and_chaubandi/16_aug2.jpg,"A beautiful young woman in traditional clothing - stock photo. This is the Mekhli and Chaubandi, the traditional attire of the Limbu community of Nepal. It is worn by Limbu women during festivals such as Chasok Tangnam and cultural ceremonies.","एक सुन्दर युवती परम्परागत कपडामा - स्टक फोटो। यो मेखली र चौबन्दी हो, नेपालको लिम्बू समुदायको परम्परागत पोशाक। यो लिम्बू महिलाहरूले चासोक ताङनाम जस्ता चाडहरूमा र सांस्कृतिक समारोहहरूमा लगाउँछन्।"
nepali_dresses_augmented/limbu_dress_mekhli_and_chaubandi/17.jpg,"Three young girls dressed in traditional chinese costumes. This is the Mekhli and Chaubandi, the traditional attire of the Limbu community of Nepal. It is worn by Limbu women during festivals such as Chasok Tangnam and cultural ceremonies.","तीन युवतीहरू परम्परागत चिनियाँ पोशाकमा लुगा लगाउँछिन्। यो मेखली र चौबन्दी हो, नेपालको लिम्बू समुदायको परम्परागत पोशाक। यो चासोक तांगनाम र सांस्कृतिक समारोहहरूमा लिम्बू महिलाहरूले लगाउँदछन्।"
nepali_dresses_augmented/limbu_dress_mekhli_and_chaubandi/17_aug1.jpg,"Three young girls dressed in traditional chinese costumes. This is the Mekhli and Chaubandi, the traditional attire of the Limbu community of Nepal. It is worn by Limbu women during festivals such as Chasok Tangnam and cultural ceremonies.","तीन युवतीहरू परम्परागत चिनियाँ पोशाकमा लुगा लगाउँछिन्। यो मेखली र चौबन्दी हो, नेपालको लिम्बू समुदायको परम्परागत पोशाक। यो चासोक तांगनाम र सांस्कृतिक समारोहहरूमा लिम्बू महिलाहरूले लगाउँदछन्।"
nepali_dresses_augmented/limbu_dress_mekhli_and_chaubandi/17_aug2.jpg,"Three young girls dressed in traditional chinese costumes. This is the Mekhli and Chaubandi, the traditional attire of the Limbu community of Nepal. It is worn by Limbu women during festivals such as Chasok Tangnam and cultural ceremonies.","तीन युवतीहरू परम्परागत चिनियाँ पोशाकमा लुगा लगाउँछिन्। यो मेखली र चौबन्दी हो, नेपालको लिम्बू समुदायको परम्परागत पोशाक। यो चासोक तांगनाम र सांस्कृतिक समारोहहरूमा लिम्बू महिलाहरूले लगाउँदछन्।"
nepali_dresses_augmented/limbu_dress_mekhli_and_chaubandi/18.jpg,"A woman wearing a gold headpiece. This is the Mekhli and Chaubandi, the traditional attire of the Limbu community of Nepal. It is worn by Limbu women during festivals such as Chasok Tangnam and cultural ceremonies.",नेपालको लिम्बू समुदायको परम्परागत पोशाक मेखली र चौबन्दी हो। यो चासोक ताङनाम जस्ता चाडपर्व र सांस्कृतिक समारोहहरूमा लिम्बू महिलाहरूले लगाउँछन्।
nepali_dresses_augmented/limbu_dress_mekhli_and_chaubandi/18_aug1.jpg,"A woman wearing a gold headpiece. This is the Mekhli and Chaubandi, the traditional attire of the Limbu community of Nepal. It is worn by Limbu women during festivals such as Chasok Tangnam and cultural ceremonies.",नेपालको लिम्बू समुदायको परम्परागत पोशाक मेखली र चौबन्दी हो। यो चासोक ताङनाम जस्ता चाडपर्व र सांस्कृतिक समारोहहरूमा लिम्बू महिलाहरूले लगाउँछन्।
nepali_dresses_augmented/limbu_dress_mekhli_and_chaubandi/18_aug2.jpg,"A woman wearing a gold headpiece. This is the Mekhli and Chaubandi, the traditional attire of the Limbu community of Nepal. It is worn by Limbu women during festivals such as Chasok Tangnam and cultural ceremonies.",नेपालको लिम्बू समुदायको परम्परागत पोशाक मेखली र चौबन्दी हो। यो चासोक ताङनाम जस्ता चाडपर्व र सांस्कृतिक समारोहहरूमा लिम्बू महिलाहरूले लगाउँछन्।
nepali_dresses_augmented/limbu_dress_mekhli_and_chaubandi/19.jpg,"A woman wearing a traditional costume and headpiece. This is the Mekhli and Chaubandi, the traditional attire of the Limbu community of Nepal. It is worn by Limbu women during festivals such as Chasok Tangnam and cultural ceremonies.","एक महिलाले परम्परागत पोशाक र हेडपीस लगाउँछिन्। यो मेखली र चौबन्दी हो, नेपालको लिम्बू समुदायको परम्परागत पोशाक। यो चासोक तांगनाम र सांस्कृतिक समारोहहरूमा लिम्बू महिलाहरूले लगाउँदछन्।"
nepali_dresses_augmented/limbu_dress_mekhli_and_chaubandi/19_aug1.jpg,"A woman wearing a traditional costume and headpiece. This is the Mekhli and Chaubandi, the traditional attire of the Limbu community of Nepal. It is worn by Limbu women during festivals such as Chasok Tangnam and cultural ceremonies.","एक महिलाले परम्परागत पोशाक र हेडपीस लगाउँछिन्। यो मेखली र चौबन्दी हो, नेपालको लिम्बू समुदायको परम्परागत पोशाक। यो चासोक तांगनाम र सांस्कृतिक समारोहहरूमा लिम्बू महिलाहरूले लगाउँदछन्।"
nepali_dresses_augmented/limbu_dress_mekhli_and_chaubandi/19_aug2.jpg,"A woman wearing a traditional costume and headpiece. This is the Mekhli and Chaubandi, the traditional attire of the Limbu community of Nepal. It is worn by Limbu women during festivals such as Chasok Tangnam and cultural ceremonies.","एक महिलाले परम्परागत पोशाक र हेडपीस लगाउँछिन्। यो मेखली र चौबन्दी हो, नेपालको लिम्बू समुदायको परम्परागत पोशाक। यो चासोक तांगनाम र सांस्कृतिक समारोहहरूमा लिम्बू महिलाहरूले लगाउँदछन्।"
nepali_dresses_augmented/limbu_dress_mekhli_and_chaubandi/1_aug1.jpg,"A woman wearing a red and white sari. This is the Mekhli and Chaubandi, the traditional attire of the Limbu community of Nepal. It is worn by Limbu women during festivals such as Chasok Tangnam and cultural ceremonies.","एक महिलाले रातो र सेतो साड़ी लगाउँछिन्। यो मेखली र चौबन्दी हो, नेपालको लिम्बू समुदायको परम्परागत पोशाक हो। यो लिम्बू महिलाहरूले चासोक ताङनाम जस्ता चाडहरूमा र सांस्कृतिक समारोहहरूमा लगाउँदछन्।"
nepali_dresses_augmented/limbu_dress_mekhli_and_chaubandi/1_aug2.jpg,"A woman wearing a red and white sari. This is the Mekhli and Chaubandi, the traditional attire of the Limbu community of Nepal. It is worn by Limbu women during festivals such as Chasok Tangnam and cultural ceremonies.","एक महिलाले रातो र सेतो साड़ी लगाउँछिन्। यो मेखली र चौबन्दी हो, नेपालको लिम्बू समुदायको परम्परागत पोशाक हो। यो लिम्बू महिलाहरूले चासोक ताङनाम जस्ता चाडहरूमा र सांस्कृतिक समारोहहरूमा लगाउँदछन्।"
nepali_dresses_augmented/limbu_dress_mekhli_and_chaubandi/2.jpg,"An asian woman in traditional clothing smoking a cigarette - stock image. This is the Mekhli and Chaubandi, the traditional attire of the Limbu community of Nepal. It is worn by Limbu women during festivals such as Chasok Tangnam and cultural ceremonies.","एक एशियाली महिला परम्परागत कपडामा धुम्रपान गर्दै - स्टक छवि। यो मेखली र चौबन्दी हो, नेपालको लिम्बू समुदायको परम्परागत पोशाक। यो चासोक टंगनाम र सांस्कृतिक समारोहहरूमा लिम्बू महिलाहरूले लगाउँछन्।"
nepali_dresses_augmented/limbu_dress_mekhli_and_chaubandi/20.jpg,"A man and woman in traditional costume at a festival - stock image. This is the Mekhli and Chaubandi, the traditional attire of the Limbu community of Nepal. It is worn by Limbu women during festivals such as Chasok Tangnam and cultural ceremonies.","महोत्सवमा परम्परागत पोशाकमा एक पुरुष र एक महिला। यो मेखली र चौबन्दी हो, नेपालको लिम्बू समुदायको परम्परागत पोशाक। यो चासोक टंगनाम जस्ता महोत्सवहरू र सांस्कृतिक समारोहहरूमा लिम्बू महिलाहरूले लगाउँछन्।"
nepali_dresses_augmented/limbu_dress_mekhli_and_chaubandi/20_aug1.jpg,"A man and woman in traditional costume at a festival - stock image. This is the Mekhli and Chaubandi, the traditional attire of the Limbu community of Nepal. It is worn by Limbu women during festivals such as Chasok Tangnam and cultural ceremonies.","महोत्सवमा परम्परागत पोशाकमा एक पुरुष र एक महिला। यो मेखली र चौबन्दी हो, नेपालको लिम्बू समुदायको परम्परागत पोशाक। यो चासोक टंगनाम जस्ता महोत्सवहरू र सांस्कृतिक समारोहहरूमा लिम्बू महिलाहरूले लगाउँछन्।"
nepali_dresses_augmented/limbu_dress_mekhli_and_chaubandi/20_aug2.jpg,"A man and woman in traditional costume at a festival - stock image. This is the Mekhli and Chaubandi, the traditional attire of the Limbu community of Nepal. It is worn by Limbu women during festivals such as Chasok Tangnam and cultural ceremonies.","महोत्सवमा परम्परागत पोशाकमा एक पुरुष र एक महिला। यो मेखली र चौबन्दी हो, नेपालको लिम्बू समुदायको परम्परागत पोशाक। यो चासोक टंगनाम जस्ता महोत्सवहरू र सांस्कृतिक समारोहहरूमा लिम्बू महिलाहरूले लगाउँछन्।"
nepali_dresses_augmented/limbu_dress_mekhli_and_chaubandi/21.jpg,"A beautiful young woman in traditional costume - stock photo. This is the Mekhli and Chaubandi, the traditional attire of the Limbu community of Nepal. It is worn by Limbu women during festivals such as Chasok Tangnam and cultural ceremonies.","एक सुन्दर युवती परम्परागत पोशाकमा - स्टक फोटो। यो मेखली र चौबन्दी हो, नेपालको लिम्बू समुदायको परम्परागत पोशाक। यो लिम्बू महिलाहरूले चासोक ताङनाम जस्ता चाडहरूमा र सांस्कृतिक समारोहहरूमा लगाउँछन्।"
nepali_dresses_augmented/limbu_dress_mekhli_and_chaubandi/21_aug1.jpg,"A beautiful young woman in traditional costume - stock photo. This is the Mekhli and Chaubandi, the traditional attire of the Limbu community of Nepal. It is worn by Limbu women during festivals such as Chasok Tangnam and cultural ceremonies.","एक सुन्दर युवती परम्परागत पोशाकमा - स्टक फोटो। यो मेखली र चौबन्दी हो, नेपालको लिम्बू समुदायको परम्परागत पोशाक। यो लिम्बू महिलाहरूले चासोक ताङनाम जस्ता चाडहरूमा र सांस्कृतिक समारोहहरूमा लगाउँछन्।"
nepali_dresses_augmented/limbu_dress_mekhli_and_chaubandi/21_aug2.jpg,"A beautiful young woman in traditional costume - stock photo. This is the Mekhli and Chaubandi, the traditional attire of the Limbu community of Nepal. It is worn by Limbu women during festivals such as Chasok Tangnam and cultural ceremonies.","एक सुन्दर युवती परम्परागत पोशाकमा - स्टक फोटो। यो मेखली र चौबन्दी हो, नेपालको लिम्बू समुदायको परम्परागत पोशाक। यो लिम्बू महिलाहरूले चासोक ताङनाम जस्ता चाडहरूमा र सांस्कृतिक समारोहहरूमा लगाउँछन्।"
nepali_dresses_augmented/limbu_dress_mekhli_and_chaubandi/22.jpg,"A group of people playing drums in a field - stock image. This is the Mekhli and Chaubandi, the traditional attire of the Limbu community of Nepal. It is worn by Limbu women during festivals such as Chasok Tangnam and cultural ceremonies.",नेपालको लिम्बू समुदायको परम्परागत पोशाक मेखली र चौबन्दी हो। यो चासोक ताङनाम जस्ता चाडपर्व र सांस्कृतिक समारोहहरूमा लिम्बू महिलाहरूले लगाउने पोशाक हो।
nepali_dresses_augmented/limbu_dress_mekhli_and_chaubandi/22_aug1.jpg,"A group of people playing drums in a field - stock image. This is the Mekhli and Chaubandi, the traditional attire of the Limbu community of Nepal. It is worn by Limbu women during festivals such as Chasok Tangnam and cultural ceremonies.",नेपालको लिम्बू समुदायको परम्परागत पोशाक मेखली र चौबन्दी हो। यो चासोक ताङनाम जस्ता चाडपर्व र सांस्कृतिक समारोहहरूमा लिम्बू महिलाहरूले लगाउने पोशाक हो।
nepali_dresses_augmented/limbu_dress_mekhli_and_chaubandi/22_aug2.jpg,"A group of people playing drums in a field - stock image. This is the Mekhli and Chaubandi, the traditional attire of the Limbu community of Nepal. It is worn by Limbu women during festivals such as Chasok Tangnam and cultural ceremonies.",नेपालको लिम्बू समुदायको परम्परागत पोशाक मेखली र चौबन्दी हो। यो चासोक ताङनाम जस्ता चाडपर्व र सांस्कृतिक समारोहहरूमा लिम्बू महिलाहरूले लगाउने पोशाक हो।
nepali_dresses_augmented/limbu_dress_mekhli_and_chaubandi/23.jpg,"A woman holding a pumpkin in her hands. This is the Mekhli and Chaubandi, the traditional attire of the Limbu community of Nepal. It is worn by Limbu women during festivals such as Chasok Tangnam and cultural ceremonies.","एक महिला आफ्नो हातमा एक कम्पास पकडेर। यो Mekhli र Chaubandi हो, नेपालको लिम्बू समुदायको परम्परागत पोशाक। यो लिम्बू महिलाहरूले चासोक टंगनाम र सांस्कृतिक समारोहहरूमा लगाउँदछन्।"
nepali_dresses_augmented/limbu_dress_mekhli_and_chaubandi/23_aug1.jpg,"A woman holding a pumpkin in her hands. This is the Mekhli and Chaubandi, the traditional attire of the Limbu community of Nepal. It is worn by Limbu women during festivals such as Chasok Tangnam and cultural ceremonies.","एक महिला आफ्नो हातमा एक कम्पास पकडेर। यो Mekhli र Chaubandi हो, नेपालको लिम्बू समुदायको परम्परागत पोशाक। यो लिम्बू महिलाहरूले चासोक टंगनाम र सांस्कृतिक समारोहहरूमा लगाउँदछन्।"
nepali_dresses_augmented/limbu_dress_mekhli_and_chaubandi/23_aug2.jpg,"A woman holding a pumpkin in her hands. This is the Mekhli and Chaubandi, the traditional attire of the Limbu community of Nepal. It is worn by Limbu women during festivals such as Chasok Tangnam and cultural ceremonies.","एक महिला आफ्नो हातमा एक कम्पास पकडेर। यो Mekhli र Chaubandi हो, नेपालको लिम्बू समुदायको परम्परागत पोशाक। यो लिम्बू महिलाहरूले चासोक टंगनाम र सांस्कृतिक समारोहहरूमा लगाउँदछन्।"
nepali_dresses_augmented/limbu_dress_mekhli_and_chaubandi/24.jpg,"A woman in a red dress and headdre. This is the Mekhli and Chaubandi, the traditional attire of the Limbu community of Nepal. It is worn by Limbu women during festivals such as Chasok Tangnam and cultural ceremonies.","एक महिला रातो पोशाक र हेड्रेमा। यो मेखली र चौबन्दी हो, नेपालको लिम्बू समुदायको परम्परागत पोशाक। यो चासोक टंगनाम र सांस्कृतिक समारोहहरूमा लिम्बू महिलाहरूले लगाउँछन्।"
nepali_dresses_augmented/limbu_dress_mekhli_and_chaubandi/24_aug1.jpg,"A woman in a red dress and headdre. This is the Mekhli and Chaubandi, the traditional attire of the Limbu community of Nepal. It is worn by Limbu women during festivals such as Chasok Tangnam and cultural ceremonies.","एक महिला रातो पोशाक र हेड्रेमा। यो मेखली र चौबन्दी हो, नेपालको लिम्बू समुदायको परम्परागत पोशाक। यो चासोक टंगनाम र सांस्कृतिक समारोहहरूमा लिम्बू महिलाहरूले लगाउँछन्।"
nepali_dresses_augmented/limbu_dress_mekhli_and_chaubandi/24_aug2.jpg,"A woman in a red dress and headdre. This is the Mekhli and Chaubandi, the traditional attire of the Limbu community of Nepal. It is worn by Limbu women during festivals such as Chasok Tangnam and cultural ceremonies.","एक महिला रातो पोशाक र हेड्रेमा। यो मेखली र चौबन्दी हो, नेपालको लिम्बू समुदायको परम्परागत पोशाक। यो चासोक टंगनाम र सांस्कृतिक समारोहहरूमा लिम्बू महिलाहरूले लगाउँछन्।"
nepali_dresses_augmented/limbu_dress_mekhli_and_chaubandi/25.jpg,"A woman wearing a traditional costume and headpiece. This is the Mekhli and Chaubandi, the traditional attire of the Limbu community of Nepal. It is worn by Limbu women during festivals such as Chasok Tangnam and cultural ceremonies.","एक महिलाले परम्परागत पोशाक र हेडपीस लगाउँछिन्। यो मेखली र चौबन्दी हो, नेपालको लिम्बू समुदायको परम्परागत पोशाक। यो चासोक तांगनाम र सांस्कृतिक समारोहहरूमा लिम्बू महिलाहरूले लगाउँदछन्।"
nepali_dresses_augmented/limbu_dress_mekhli_and_chaubandi/25_aug1.jpg,"A woman wearing a traditional costume and headpiece. This is the Mekhli and Chaubandi, the traditional attire of the Limbu community of Nepal. It is worn by Limbu women during festivals such as Chasok Tangnam and cultural ceremonies.","एक महिलाले परम्परागत पोशाक र हेडपीस लगाउँछिन्। यो मेखली र चौबन्दी हो, नेपालको लिम्बू समुदायको परम्परागत पोशाक। यो चासोक तांगनाम र सांस्कृतिक समारोहहरूमा लिम्बू महिलाहरूले लगाउँदछन्।"
nepali_dresses_augmented/limbu_dress_mekhli_and_chaubandi/25_aug2.jpg,"A woman wearing a traditional costume and headpiece. This is the Mekhli and Chaubandi, the traditional attire of the Limbu community of Nepal. It is worn by Limbu women during festivals such as Chasok Tangnam and cultural ceremonies.","एक महिलाले परम्परागत पोशाक र हेडपीस लगाउँछिन्। यो मेखली र चौबन्दी हो, नेपालको लिम्बू समुदायको परम्परागत पोशाक। यो चासोक तांगनाम र सांस्कृतिक समारोहहरूमा लिम्बू महिलाहरूले लगाउँदछन्।"
nepali_dresses_augmented/limbu_dress_mekhli_and_chaubandi/26.jpg,"An asian woman in traditional clothing stock photo. This is the Mekhli and Chaubandi, the traditional attire of the Limbu community of Nepal. It is worn by Limbu women during festivals such as Chasok Tangnam and cultural ceremonies.","परम्परागत कपडा स्टक फोटोमा एक एशियाली महिला। यो मेखली र चौबन्दी हो, नेपालको लिम्बू समुदायको परम्परागत पोशाक। यो चासोक तांगनाम र सांस्कृतिक समारोहहरूमा लिम्बू महिलाहरूले लगाउँछन्।"
nepali_dresses_augmented/limbu_dress_mekhli_and_chaubandi/26_aug1.jpg,"An asian woman in traditional clothing stock photo. This is the Mekhli and Chaubandi, the traditional attire of the Limbu community of Nepal. It is worn by Limbu women during festivals such as Chasok Tangnam and cultural ceremonies.","परम्परागत कपडा स्टक फोटोमा एक एशियाली महिला। यो मेखली र चौबन्दी हो, नेपालको लिम्बू समुदायको परम्परागत पोशाक। यो चासोक तांगनाम र सांस्कृतिक समारोहहरूमा लिम्बू महिलाहरूले लगाउँछन्।"
nepali_dresses_augmented/limbu_dress_mekhli_and_chaubandi/26_aug2.jpg,"An asian woman in traditional clothing stock photo. This is the Mekhli and Chaubandi, the traditional attire of the Limbu community of Nepal. It is worn by Limbu women during festivals such as Chasok Tangnam and cultural ceremonies.","परम्परागत कपडा स्टक फोटोमा एक एशियाली महिला। यो मेखली र चौबन्दी हो, नेपालको लिम्बू समुदायको परम्परागत पोशाक। यो चासोक तांगनाम र सांस्कृतिक समारोहहरूमा लिम्बू महिलाहरूले लगाउँछन्।"
nepali_dresses_augmented/limbu_dress_mekhli_and_chaubandi/27.jpg,"Two women dressed in traditional clothing sitting on the grass - stock image. This is the Mekhli and Chaubandi, the traditional attire of the Limbu community of Nepal. It is worn by Limbu women during festivals such as Chasok Tangnam and cultural ceremonies.","घाँस - स्टक छविमा बसेर परम्परागत कपडा लगाएका दुई महिलाहरू। यो मेखली र चौबन्दी हो, नेपालको लिम्बू समुदायको परम्परागत पोशाक। यो चासोक टंगनाम जस्ता चाडहरूमा र सांस्कृतिक समारोहहरूमा लिम्बू महिलाहरूले लगाउँछन्।"
nepali_dresses_augmented/limbu_dress_mekhli_and_chaubandi/27_aug1.jpg,"Two women dressed in traditional clothing sitting on the grass - stock image. This is the Mekhli and Chaubandi, the traditional attire of the Limbu community of Nepal. It is worn by Limbu women during festivals such as Chasok Tangnam and cultural ceremonies.","घाँस - स्टक छविमा बसेर परम्परागत कपडा लगाएका दुई महिलाहरू। यो मेखली र चौबन्दी हो, नेपालको लिम्बू समुदायको परम्परागत पोशाक। यो चासोक टंगनाम जस्ता चाडहरूमा र सांस्कृतिक समारोहहरूमा लिम्बू महिलाहरूले लगाउँछन्।"
nepali_dresses_augmented/limbu_dress_mekhli_and_chaubandi/27_aug2.jpg,"Two women dressed in traditional clothing sitting on the grass - stock image. This is the Mekhli and Chaubandi, the traditional attire of the Limbu community of Nepal. It is worn by Limbu women during festivals such as Chasok Tangnam and cultural ceremonies.","घाँस - स्टक छविमा बसेर परम्परागत कपडा लगाएका दुई महिलाहरू। यो मेखली र चौबन्दी हो, नेपालको लिम्बू समुदायको परम्परागत पोशाक। यो चासोक टंगनाम जस्ता चाडहरूमा र सांस्कृतिक समारोहहरूमा लिम्बू महिलाहरूले लगाउँछन्।"
nepali_dresses_augmented/limbu_dress_mekhli_and_chaubandi/28.jpg,"A group of people posing for a picture. This is the Mekhli and Chaubandi, the traditional attire of the Limbu community of Nepal. It is worn by Limbu women during festivals such as Chasok Tangnam and cultural ceremonies.","यो मेखली र चौबन्दी, नेपालको लिम्बू समुदायको परम्परागत पोशाक हो। यो चासोक ताङनाम र सांस्कृतिक समारोहहरूमा लिम्बू महिलाहरूले लगाउँछन्।"
nepali_dresses_augmented/limbu_dress_mekhli_and_chaubandi/28_aug1.jpg,"A group of people posing for a picture. This is the Mekhli and Chaubandi, the traditional attire of the Limbu community of Nepal. It is worn by Limbu women during festivals such as Chasok Tangnam and cultural ceremonies.","यो मेखली र चौबन्दी, नेपालको लिम्बू समुदायको परम्परागत पोशाक हो। यो चासोक ताङनाम र सांस्कृतिक समारोहहरूमा लिम्बू महिलाहरूले लगाउँछन्।"
nepali_dresses_augmented/limbu_dress_mekhli_and_chaubandi/28_aug2.jpg,"A group of people posing for a picture. This is the Mekhli and Chaubandi, the traditional attire of the Limbu community of Nepal. It is worn by Limbu women during festivals such as Chasok Tangnam and cultural ceremonies.","यो मेखली र चौबन्दी, नेपालको लिम्बू समुदायको परम्परागत पोशाक हो। यो चासोक ताङनाम र सांस्कृतिक समारोहहरूमा लिम्बू महिलाहरूले लगाउँछन्।"
nepali_dresses_augmented/limbu_dress_mekhli_and_chaubandi/29.jpg,"A group of young girls in traditional costume at a festival in the philippines - stock image. This is the Mekhli and Chaubandi, the traditional attire of the Limbu community of Nepal. It is worn by Limbu women during festivals such as Chasok Tangnam and cultural ceremonies.","फिलिपिन्समा एक उत्सवमा परम्परागत पोशाकमा युवा केटीहरूको समूह - स्टक छवि। यो मेखली र चौबन्दी हो, नेपालको लिम्बू समुदायको परम्परागत पोशाक। यो चासोक तांगनाम र सांस्कृतिक समारोहहरूमा लिम्बू महिलाहरूले लगाउँछन्।"
nepali_dresses_augmented/limbu_dress_mekhli_and_chaubandi/29_aug1.jpg,"A group of young girls in traditional costume at a festival in the philippines - stock image. This is the Mekhli and Chaubandi, the traditional attire of the Limbu community of Nepal. It is worn by Limbu women during festivals such as Chasok Tangnam and cultural ceremonies.","फिलिपिन्समा एक उत्सवमा परम्परागत पोशाकमा युवा केटीहरूको समूह - स्टक छवि। यो मेखली र चौबन्दी हो, नेपालको लिम्बू समुदायको परम्परागत पोशाक। यो चासोक तांगनाम र सांस्कृतिक समारोहहरूमा लिम्बू महिलाहरूले लगाउँछन्।"
nepali_dresses_augmented/limbu_dress_mekhli_and_chaubandi/29_aug2.jpg,"A group of young girls in traditional costume at a festival in the philippines - stock image. This is the Mekhli and Chaubandi, the traditional attire of the Limbu community of Nepal. It is worn by Limbu women during festivals such as Chasok Tangnam and cultural ceremonies.","फिलिपिन्समा एक उत्सवमा परम्परागत पोशाकमा युवा केटीहरूको समूह - स्टक छवि। यो मेखली र चौबन्दी हो, नेपालको लिम्बू समुदायको परम्परागत पोशाक। यो चासोक तांगनाम र सांस्कृतिक समारोहहरूमा लिम्बू महिलाहरूले लगाउँछन्।"
nepali_dresses_augmented/limbu_dress_mekhli_and_chaubandi/2_aug1.jpg,"An asian woman in traditional clothing smoking a cigarette - stock image. This is the Mekhli and Chaubandi, the traditional attire of the Limbu community of Nepal. It is worn by Limbu women during festivals such as Chasok Tangnam and cultural ceremonies.","एक एशियाली महिला परम्परागत कपडामा धुम्रपान गर्दै - स्टक छवि। यो मेखली र चौबन्दी हो, नेपालको लिम्बू समुदायको परम्परागत पोशाक। यो चासोक टंगनाम र सांस्कृतिक समारोहहरूमा लिम्बू महिलाहरूले लगाउँछन्।"
nepali_dresses_augmented/limbu_dress_mekhli_and_chaubandi/2_aug2.jpg,"An asian woman in traditional clothing smoking a cigarette - stock image. This is the Mekhli and Chaubandi, the traditional attire of the Limbu community of Nepal. It is worn by Limbu women during festivals such as Chasok Tangnam and cultural ceremonies.","एक एशियाली महिला परम्परागत कपडामा धुम्रपान गर्दै - स्टक छवि। यो मेखली र चौबन्दी हो, नेपालको लिम्बू समुदायको परम्परागत पोशाक। यो चासोक टंगनाम र सांस्कृतिक समारोहहरूमा लिम्बू महिलाहरूले लगाउँछन्।"
nepali_dresses_augmented/limbu_dress_mekhli_and_chaubandi/3.jpg,"A woman in a green sari and gold headpiece. This is the Mekhli and Chaubandi, the traditional attire of the Limbu community of Nepal. It is worn by Limbu women during festivals such as Chasok Tangnam and cultural ceremonies.","एक महिला हरियो साड़ी र सुनको हेडपीसमा। यो मेखली र चौबन्दी हो, नेपालको लिम्बू समुदायको परम्परागत पोशाक। यो चासोक टंगनाम र सांस्कृतिक समारोहहरूमा लिम्बू महिलाहरूले लगाउँछन्।"
nepali_dresses_augmented/limbu_dress_mekhli_and_chaubandi/30.jpg,"A woman in a blue and red sari dress. This is the Mekhli and Chaubandi, the traditional attire of the Limbu community of Nepal. It is worn by Limbu women during festivals such as Chasok Tangnam and cultural ceremonies.","नीलो र रातो साड़ीको पोशाकमा एक महिला। यो मेखली र चौबन्दी हो, नेपालको लिम्बू समुदायको परम्परागत पोशाक। यो चासोक ताङनाम र सांस्कृतिक समारोहहरूमा लिम्बू महिलाहरूले लगाउँछन्।"
nepali_dresses_augmented/limbu_dress_mekhli_and_chaubandi/30_aug1.jpg,"A woman in a blue and red sari dress. This is the Mekhli and Chaubandi, the traditional attire of the Limbu community of Nepal. It is worn by Limbu women during festivals such as Chasok Tangnam and cultural ceremonies.","नीलो र रातो साड़ीको पोशाकमा एक महिला। यो मेखली र चौबन्दी हो, नेपालको लिम्बू समुदायको परम्परागत पोशाक। यो चासोक ताङनाम र सांस्कृतिक समारोहहरूमा लिम्बू महिलाहरूले लगाउँछन्।"
nepali_dresses_augmented/limbu_dress_mekhli_and_chaubandi/30_aug2.jpg,"A woman in a blue and red sari dress. This is the Mekhli and Chaubandi, the traditional attire of the Limbu community of Nepal. It is worn by Limbu women during festivals such as Chasok Tangnam and cultural ceremonies.","नीलो र रातो साड़ीको पोशाकमा एक महिला। यो मेखली र चौबन्दी हो, नेपालको लिम्बू समुदायको परम्परागत पोशाक। यो चासोक ताङनाम र सांस्कृतिक समारोहहरूमा लिम्बू महिलाहरूले लगाउँछन्।"
nepali_dresses_augmented/limbu_dress_mekhli_and_chaubandi/31.jpg,"A man and woman dressed in traditional indian clothing. This is the Mekhli and Chaubandi, the traditional attire of the Limbu community of Nepal. It is worn by Limbu women during festivals such as Chasok Tangnam and cultural ceremonies.","एक पुरुष र महिलाले परम्परागत भारतीय कपडा लगाएका छन्। यो मेखली र चौबन्दी हो, नेपालको लिम्बू समुदायको परम्परागत पोशाक। यो लिम्बू महिलाहरूले चासोक ताङनाम र सांस्कृतिक समारोहहरूमा लगाउँछन्।"
nepali_dresses_augmented/limbu_dress_mekhli_and_chaubandi/31_aug1.jpg,"A man and woman dressed in traditional indian clothing. This is the Mekhli and Chaubandi, the traditional attire of the Limbu community of Nepal. It is worn by Limbu women during festivals such as Chasok Tangnam and cultural ceremonies.","एक पुरुष र महिलाले परम्परागत भारतीय कपडा लगाएका छन्। यो मेखली र चौबन्दी हो, नेपालको लिम्बू समुदायको परम्परागत पोशाक। यो लिम्बू महिलाहरूले चासोक ताङनाम र सांस्कृतिक समारोहहरूमा लगाउँछन्।"
nepali_dresses_augmented/limbu_dress_mekhli_and_chaubandi/31_aug2.jpg,"A man and woman dressed in traditional indian clothing. This is the Mekhli and Chaubandi, the traditional attire of the Limbu community of Nepal. It is worn by Limbu women during festivals such as Chasok Tangnam and cultural ceremonies.","एक पुरुष र महिलाले परम्परागत भारतीय कपडा लगाएका छन्। यो मेखली र चौबन्दी हो, नेपालको लिम्बू समुदायको परम्परागत पोशाक। यो लिम्बू महिलाहरूले चासोक ताङनाम र सांस्कृतिक समारोहहरूमा लगाउँछन्।"
nepali_dresses_augmented/limbu_dress_mekhli_and_chaubandi/32.jpg,"A woman in a dress holding a bowl of food. This is the Mekhli and Chaubandi, the traditional attire of the Limbu community of Nepal. It is worn by Limbu women during festivals such as Chasok Tangnam and cultural ceremonies.","खानाको कचौरा समात्ने पोशाकमा एक महिला । यो मेखली र चौबन्दी हो, नेपालको लिम्बू समुदायको परम्परागत पोशाक । यो चासोक ताङनाम जस्ता चाडहरूमा र सांस्कृतिक समारोहहरूमा लिम्बू महिलाहरूले लगाउने गर्दछन् ।"
nepali_dresses_augmented/limbu_dress_mekhli_and_chaubandi/32_aug1.jpg,"A woman in a dress holding a bowl of food. This is the Mekhli and Chaubandi, the traditional attire of the Limbu community of Nepal. It is worn by Limbu women during festivals such as Chasok Tangnam and cultural ceremonies.","खानाको कचौरा समात्ने पोशाकमा एक महिला । यो मेखली र चौबन्दी हो, नेपालको लिम्बू समुदायको परम्परागत पोशाक । यो चासोक ताङनाम जस्ता चाडहरूमा र सांस्कृतिक समारोहहरूमा लिम्बू महिलाहरूले लगाउने गर्दछन् ।"
nepali_dresses_augmented/limbu_dress_mekhli_and_chaubandi/32_aug2.jpg,"A woman in a dress holding a bowl of food. This is the Mekhli and Chaubandi, the traditional attire of the Limbu community of Nepal. It is worn by Limbu women during festivals such as Chasok Tangnam and cultural ceremonies.","खानाको कचौरा समात्ने पोशाकमा एक महिला । यो मेखली र चौबन्दी हो, नेपालको लिम्बू समुदायको परम्परागत पोशाक । यो चासोक ताङनाम जस्ता चाडहरूमा र सांस्कृतिक समारोहहरूमा लिम्बू महिलाहरूले लगाउने गर्दछन् ।"
nepali_dresses_augmented/limbu_dress_mekhli_and_chaubandi/33.jpg,"A woman with long hair wearing a red and blue dress. This is the Mekhli and Chaubandi, the traditional attire of the Limbu community of Nepal. It is worn by Limbu women during festivals such as Chasok Tangnam and cultural ceremonies.","लामो कपालको महिलाले रातो र निलो पोशाक लगाउँछिन्। यो मेखली र चौबन्दी हो, नेपालको लिम्बू समुदायको परम्परागत पोशाक हो। यो चासोक टंगनाम र सांस्कृतिक समारोहहरूमा लिम्बू महिलाहरूले लगाउँदछन्।"
nepali_dresses_augmented/limbu_dress_mekhli_and_chaubandi/33_aug1.jpg,"A woman with long hair wearing a red and blue dress. This is the Mekhli and Chaubandi, the traditional attire of the Limbu community of Nepal. It is worn by Limbu women during festivals such as Chasok Tangnam and cultural ceremonies.","लामो कपालको महिलाले रातो र निलो पोशाक लगाउँछिन्। यो मेखली र चौबन्दी हो, नेपालको लिम्बू समुदायको परम्परागत पोशाक हो। यो चासोक टंगनाम र सांस्कृतिक समारोहहरूमा लिम्बू महिलाहरूले लगाउँदछन्।"
nepali_dresses_augmented/limbu_dress_mekhli_and_chaubandi/33_aug2.jpg,"A woman with long hair wearing a red and blue dress. This is the Mekhli and Chaubandi, the traditional attire of the Limbu community of Nepal. It is worn by Limbu women during festivals such as Chasok Tangnam and cultural ceremonies.","लामो कपालको महिलाले रातो र निलो पोशाक लगाउँछिन्। यो मेखली र चौबन्दी हो, नेपालको लिम्बू समुदायको परम्परागत पोशाक हो। यो चासोक टंगनाम र सांस्कृतिक समारोहहरूमा लिम्बू महिलाहरूले लगाउँदछन्।"
nepali_dresses_augmented/limbu_dress_mekhli_and_chaubandi/34.jpg,"A woman dressed in traditional indian costume. This is the Mekhli and Chaubandi, the traditional attire of the Limbu community of Nepal. It is worn by Limbu women during festivals such as Chasok Tangnam and cultural ceremonies.","एक महिलाले परम्परागत भारतीय पोशाकमा लुगा लगाउँछिन्। यो मेखली र चौबन्दी हो, नेपालको लिम्बू समुदायको परम्परागत पोशाक। यो लिम्बू महिलाहरूले चासोक ताङनाम र सांस्कृतिक समारोहहरूमा लगाउँदछन्।"
nepali_dresses_augmented/limbu_dress_mekhli_and_chaubandi/34_aug1.jpg,"A woman dressed in traditional indian costume. This is the Mekhli and Chaubandi, the traditional attire of the Limbu community of Nepal. It is worn by Limbu women during festivals such as Chasok Tangnam and cultural ceremonies.","एक महिलाले परम्परागत भारतीय पोशाकमा लुगा लगाउँछिन्। यो मेखली र चौबन्दी हो, नेपालको लिम्बू समुदायको परम्परागत पोशाक। यो लिम्बू महिलाहरूले चासोक ताङनाम र सांस्कृतिक समारोहहरूमा लगाउँदछन्।"
nepali_dresses_augmented/limbu_dress_mekhli_and_chaubandi/34_aug2.jpg,"A woman dressed in traditional indian costume. This is the Mekhli and Chaubandi, the traditional attire of the Limbu community of Nepal. It is worn by Limbu women during festivals such as Chasok Tangnam and cultural ceremonies.","एक महिलाले परम्परागत भारतीय पोशाकमा लुगा लगाउँछिन्। यो मेखली र चौबन्दी हो, नेपालको लिम्बू समुदायको परम्परागत पोशाक। यो लिम्बू महिलाहरूले चासोक ताङनाम र सांस्कृतिक समारोहहरूमा लगाउँदछन्।"
nepali_dresses_augmented/limbu_dress_mekhli_and_chaubandi/35.jpg,"A beautiful young woman in traditional clothing. This is the Mekhli and Chaubandi, the traditional attire of the Limbu community of Nepal. It is worn by Limbu women during festivals such as Chasok Tangnam and cultural ceremonies.","परम्परागत कपडामा सुन्दर युवती। यो मेखली र चौबन्दी हो, नेपालको लिम्बू समुदायको परम्परागत पोशाक। यो लिम्बू महिलाहरूले चासोक ताङनाम जस्ता चाडहरूमा र सांस्कृतिक समारोहहरूमा लगाउँछन्।"
nepali_dresses_augmented/limbu_dress_mekhli_and_chaubandi/35_aug1.jpg,"A beautiful young woman in traditional clothing. This is the Mekhli and Chaubandi, the traditional attire of the Limbu community of Nepal. It is worn by Limbu women during festivals such as Chasok Tangnam and cultural ceremonies.","परम्परागत कपडामा सुन्दर युवती। यो मेखली र चौबन्दी हो, नेपालको लिम्बू समुदायको परम्परागत पोशाक। यो लिम्बू महिलाहरूले चासोक ताङनाम जस्ता चाडहरूमा र सांस्कृतिक समारोहहरूमा लगाउँछन्।"
nepali_dresses_augmented/limbu_dress_mekhli_and_chaubandi/35_aug2.jpg,"A beautiful young woman in traditional clothing. This is the Mekhli and Chaubandi, the traditional attire of the Limbu community of Nepal. It is worn by Limbu women during festivals such as Chasok Tangnam and cultural ceremonies.","परम्परागत कपडामा सुन्दर युवती। यो मेखली र चौबन्दी हो, नेपालको लिम्बू समुदायको परम्परागत पोशाक। यो लिम्बू महिलाहरूले चासोक ताङनाम जस्ता चाडहरूमा र सांस्कृतिक समारोहहरूमा लगाउँछन्।"
nepali_dresses_augmented/limbu_dress_mekhli_and_chaubandi/36.jpg,"A young girl in traditional costume. This is the Mekhli and Chaubandi, the traditional attire of the Limbu community of Nepal. It is worn by Limbu women during festivals such as Chasok Tangnam and cultural ceremonies.","परम्परागत पोशाकमा एक युवती। यो मेखली र चौबन्दी हो, नेपालको लिम्बू समुदायको परम्परागत पोशाक। यो लिम्बू महिलाहरूले चासोक ताङनाम जस्ता चाडहरूमा र सांस्कृतिक समारोहहरूमा लगाउँछन्।"
nepali_dresses_augmented/limbu_dress_mekhli_and_chaubandi/36_aug1.jpg,"A young girl in traditional costume. This is the Mekhli and Chaubandi, the traditional attire of the Limbu community of Nepal. It is worn by Limbu women during festivals such as Chasok Tangnam and cultural ceremonies.","परम्परागत पोशाकमा एक युवती। यो मेखली र चौबन्दी हो, नेपालको लिम्बू समुदायको परम्परागत पोशाक। यो लिम्बू महिलाहरूले चासोक ताङनाम जस्ता चाडहरूमा र सांस्कृतिक समारोहहरूमा लगाउँछन्।"
nepali_dresses_augmented/limbu_dress_mekhli_and_chaubandi/36_aug2.jpg,"A young girl in traditional costume. This is the Mekhli and Chaubandi, the traditional attire of the Limbu community of Nepal. It is worn by Limbu women during festivals such as Chasok Tangnam and cultural ceremonies.","परम्परागत पोशाकमा एक युवती। यो मेखली र चौबन्दी हो, नेपालको लिम्बू समुदायको परम्परागत पोशाक। यो लिम्बू महिलाहरूले चासोक ताङनाम जस्ता चाडहरूमा र सांस्कृतिक समारोहहरूमा लगाउँछन्।"
nepali_dresses_augmented/limbu_dress_mekhli_and_chaubandi/37.jpg,"A young girl dressed in traditional clothing. This is the Mekhli and Chaubandi, the traditional attire of the Limbu community of Nepal. It is worn by Limbu women during festivals such as Chasok Tangnam and cultural ceremonies.","परम्परागत कपडा लगाउने एक युवती. यो मेखली र चौबन्दी हो, नेपालको लिम्बू समुदायको परम्परागत पोशाक। यो चासोक ताङनाम जस्ता चाडहरूमा र सांस्कृतिक समारोहहरूमा लिम्बू महिलाहरूले लगाउँछन्।"
nepali_dresses_augmented/limbu_dress_mekhli_and_chaubandi/37_aug1.jpg,"A young girl dressed in traditional clothing. This is the Mekhli and Chaubandi, the traditional attire of the Limbu community of Nepal. It is worn by Limbu women during festivals such as Chasok Tangnam and cultural ceremonies.","परम्परागत कपडा लगाउने एक युवती. यो मेखली र चौबन्दी हो, नेपालको लिम्बू समुदायको परम्परागत पोशाक। यो चासोक ताङनाम जस्ता चाडहरूमा र सांस्कृतिक समारोहहरूमा लिम्बू महिलाहरूले लगाउँछन्।"
nepali_dresses_augmented/limbu_dress_mekhli_and_chaubandi/37_aug2.jpg,"A young girl dressed in traditional clothing. This is the Mekhli and Chaubandi, the traditional attire of the Limbu community of Nepal. It is worn by Limbu women during festivals such as Chasok Tangnam and cultural ceremonies.","परम्परागत कपडा लगाउने एक युवती. यो मेखली र चौबन्दी हो, नेपालको लिम्बू समुदायको परम्परागत पोशाक। यो चासोक ताङनाम जस्ता चाडहरूमा र सांस्कृतिक समारोहहरूमा लिम्बू महिलाहरूले लगाउँछन्।"
nepali_dresses_augmented/limbu_dress_mekhli_and_chaubandi/38.jpg,"A young girl sitting on top of a rock. This is the Mekhli and Chaubandi, the traditional attire of the Limbu community of Nepal. It is worn by Limbu women during festivals such as Chasok Tangnam and cultural ceremonies.","यो मेखली र चौबन्दी हो, नेपालको लिम्बू समुदायको परम्परागत पोशाक। यो चासोक ताङनाम जस्ता चाडपर्व र सांस्कृतिक समारोहहरूमा लिम्बू महिलाहरूले लगाउँछन्।"
nepali_dresses_augmented/limbu_dress_mekhli_and_chaubandi/38_aug1.jpg,"A young girl sitting on top of a rock. This is the Mekhli and Chaubandi, the traditional attire of the Limbu community of Nepal. It is worn by Limbu women during festivals such as Chasok Tangnam and cultural ceremonies.","यो मेखली र चौबन्दी हो, नेपालको लिम्बू समुदायको परम्परागत पोशाक। यो चासोक ताङनाम जस्ता चाडपर्व र सांस्कृतिक समारोहहरूमा लिम्बू महिलाहरूले लगाउँछन्।"
nepali_dresses_augmented/limbu_dress_mekhli_and_chaubandi/38_aug2.jpg,"A young girl sitting on top of a rock. This is the Mekhli and Chaubandi, the traditional attire of the Limbu community of Nepal. It is worn by Limbu women during festivals such as Chasok Tangnam and cultural ceremonies.","यो मेखली र चौबन्दी हो, नेपालको लिम्बू समुदायको परम्परागत पोशाक। यो चासोक ताङनाम जस्ता चाडपर्व र सांस्कृतिक समारोहहरूमा लिम्बू महिलाहरूले लगाउँछन्।"
nepali_dresses_augmented/limbu_dress_mekhli_and_chaubandi/39.jpg,"A little boy in a white shirt and red tie. This is the Mekhli and Chaubandi, the traditional attire of the Limbu community of Nepal. It is worn by Limbu women during festivals such as Chasok Tangnam and cultural ceremonies.","एक सानो केटा सेतो शर्ट र रातो टाईमा। यो Mekhli र Chaubandi हो, नेपालको लिम्बू समुदायको परम्परागत पोशाक। यो चासोक टंगनाम र सांस्कृतिक समारोहहरूमा लिम्बू महिलाहरूले लगाउँछन्।"
nepali_dresses_augmented/limbu_dress_mekhli_and_chaubandi/39_aug1.jpg,"A little boy in a white shirt and red tie. This is the Mekhli and Chaubandi, the traditional attire of the Limbu community of Nepal. It is worn by Limbu women during festivals such as Chasok Tangnam and cultural ceremonies.","एक सानो केटा सेतो शर्ट र रातो टाईमा। यो Mekhli र Chaubandi हो, नेपालको लिम्बू समुदायको परम्परागत पोशाक। यो चासोक टंगनाम र सांस्कृतिक समारोहहरूमा लिम्बू महिलाहरूले लगाउँछन्।"
nepali_dresses_augmented/limbu_dress_mekhli_and_chaubandi/39_aug2.jpg,"A little boy in a white shirt and red tie. This is the Mekhli and Chaubandi, the traditional attire of the Limbu community of Nepal. It is worn by Limbu women during festivals such as Chasok Tangnam and cultural ceremonies.","एक सानो केटा सेतो शर्ट र रातो टाईमा। यो Mekhli र Chaubandi हो, नेपालको लिम्बू समुदायको परम्परागत पोशाक। यो चासोक टंगनाम र सांस्कृतिक समारोहहरूमा लिम्बू महिलाहरूले लगाउँछन्।"
nepali_dresses_augmented/limbu_dress_mekhli_and_chaubandi/3_aug1.jpg,"A woman in a green sari and gold headpiece. This is the Mekhli and Chaubandi, the traditional attire of the Limbu community of Nepal. It is worn by Limbu women during festivals such as Chasok Tangnam and cultural ceremonies.","एक महिला हरियो साड़ी र सुनको हेडपीसमा। यो मेखली र चौबन्दी हो, नेपालको लिम्बू समुदायको परम्परागत पोशाक। यो चासोक टंगनाम र सांस्कृतिक समारोहहरूमा लिम्बू महिलाहरूले लगाउँछन्।"
nepali_dresses_augmented/limbu_dress_mekhli_and_chaubandi/3_aug2.jpg,"A woman in a green sari and gold headpiece. This is the Mekhli and Chaubandi, the traditional attire of the Limbu community of Nepal. It is worn by Limbu women during festivals such as Chasok Tangnam and cultural ceremonies.","एक महिला हरियो साड़ी र सुनको हेडपीसमा। यो मेखली र चौबन्दी हो, नेपालको लिम्बू समुदायको परम्परागत पोशाक। यो चासोक टंगनाम र सांस्कृतिक समारोहहरूमा लिम्बू महिलाहरूले लगाउँछन्।"
nepali_dresses_augmented/limbu_dress_mekhli_and_chaubandi/4.jpg,"A beautiful young woman in traditional costume stock photo. This is the Mekhli and Chaubandi, the traditional attire of the Limbu community of Nepal. It is worn by Limbu women during festivals such as Chasok Tangnam and cultural ceremonies.","परम्परागत पोशाक स्टक फोटोमा एक सुन्दर युवती। यो मेखली र चौबन्दी हो, नेपालको लिम्बू समुदायको परम्परागत पोशाक। यो चासोक ताङनाम र सांस्कृतिक समारोहहरूमा लिम्बू महिलाहरूले लगाउँछन्।"
nepali_dresses_augmented/limbu_dress_mekhli_and_chaubandi/40.jpg,"A woman standing in front of a castle. This is the Mekhli and Chaubandi, the traditional attire of the Limbu community of Nepal. It is worn by Limbu women during festivals such as Chasok Tangnam and cultural ceremonies.","एक महिला एक महलको अगाडि उभिएकी छिन्। यो मेखली र चौबन्दी हो, नेपालको लिम्बू समुदायको परम्परागत पोशाक। यो चासोक तांगनाम र सांस्कृतिक समारोहहरूमा लिम्बू महिलाहरूले लगाउँछन्।"
nepali_dresses_augmented/limbu_dress_mekhli_and_chaubandi/40_aug1.jpg,"A woman standing in front of a castle. This is the Mekhli and Chaubandi, the traditional attire of the Limbu community of Nepal. It is worn by Limbu women during festivals such as Chasok Tangnam and cultural ceremonies.","एक महिला एक महलको अगाडि उभिएकी छिन्। यो मेखली र चौबन्दी हो, नेपालको लिम्बू समुदायको परम्परागत पोशाक। यो चासोक तांगनाम र सांस्कृतिक समारोहहरूमा लिम्बू महिलाहरूले लगाउँछन्।"
nepali_dresses_augmented/limbu_dress_mekhli_and_chaubandi/40_aug2.jpg,"A woman standing in front of a castle. This is the Mekhli and Chaubandi, the traditional attire of the Limbu community of Nepal. It is worn by Limbu women during festivals such as Chasok Tangnam and cultural ceremonies.","एक महिला एक महलको अगाडि उभिएकी छिन्। यो मेखली र चौबन्दी हो, नेपालको लिम्बू समुदायको परम्परागत पोशाक। यो चासोक तांगनाम र सांस्कृतिक समारोहहरूमा लिम्बू महिलाहरूले लगाउँछन्।"
nepali_dresses_augmented/limbu_dress_mekhli_and_chaubandi/41.jpg,"A woman in a red and gold sari. This is the Mekhli and Chaubandi, the traditional attire of the Limbu community of Nepal. It is worn by Limbu women during festivals such as Chasok Tangnam and cultural ceremonies.","एक महिला रातो र सुनको साड़ीमा। यो मेखली र चौबन्दी हो, नेपालको लिम्बू समुदायको परम्परागत पोशाक। यो लिम्बू महिलाहरूले चासोक ताङनाम जस्ता चाडहरूमा र सांस्कृतिक समारोहहरूमा लगाउँछन्।"
nepali_dresses_augmented/limbu_dress_mekhli_and_chaubandi/41_aug1.jpg,"A woman in a red and gold sari. This is the Mekhli and Chaubandi, the traditional attire of the Limbu community of Nepal. It is worn by Limbu women during festivals such as Chasok Tangnam and cultural ceremonies.","एक महिला रातो र सुनको साड़ीमा। यो मेखली र चौबन्दी हो, नेपालको लिम्बू समुदायको परम्परागत पोशाक। यो लिम्बू महिलाहरूले चासोक ताङनाम जस्ता चाडहरूमा र सांस्कृतिक समारोहहरूमा लगाउँछन्।"
nepali_dresses_augmented/limbu_dress_mekhli_and_chaubandi/41_aug2.jpg,"A woman in a red and gold sari. This is the Mekhli and Chaubandi, the traditional attire of the Limbu community of Nepal. It is worn by Limbu women during festivals such as Chasok Tangnam and cultural ceremonies.","एक महिला रातो र सुनको साड़ीमा। यो मेखली र चौबन्दी हो, नेपालको लिम्बू समुदायको परम्परागत पोशाक। यो लिम्बू महिलाहरूले चासोक ताङनाम जस्ता चाडहरूमा र सांस्कृतिक समारोहहरूमा लगाउँछन्।"
nepali_dresses_augmented/limbu_dress_mekhli_and_chaubandi/42.jpg,"A beautiful young woman in traditional costume stock photo. This is the Mekhli and Chaubandi, the traditional attire of the Limbu community of Nepal. It is worn by Limbu women during festivals such as Chasok Tangnam and cultural ceremonies.","परम्परागत पोशाक स्टक फोटोमा एक सुन्दर युवती। यो मेखली र चौबन्दी हो, नेपालको लिम्बू समुदायको परम्परागत पोशाक। यो चासोक ताङनाम र सांस्कृतिक समारोहहरूमा लिम्बू महिलाहरूले लगाउँछन्।"
nepali_dresses_augmented/limbu_dress_mekhli_and_chaubandi/42_aug1.jpg,"A beautiful young woman in traditional costume stock photo. This is the Mekhli and Chaubandi, the traditional attire of the Limbu community of Nepal. It is worn by Limbu women during festivals such as Chasok Tangnam and cultural ceremonies.","परम्परागत पोशाक स्टक फोटोमा एक सुन्दर युवती। यो मेखली र चौबन्दी हो, नेपालको लिम्बू समुदायको परम्परागत पोशाक। यो चासोक ताङनाम र सांस्कृतिक समारोहहरूमा लिम्बू महिलाहरूले लगाउँछन्।"
nepali_dresses_augmented/limbu_dress_mekhli_and_chaubandi/42_aug2.jpg,"A beautiful young woman in traditional costume stock photo. This is the Mekhli and Chaubandi, the traditional attire of the Limbu community of Nepal. It is worn by Limbu women during festivals such as Chasok Tangnam and cultural ceremonies.","परम्परागत पोशाक स्टक फोटोमा एक सुन्दर युवती। यो मेखली र चौबन्दी हो, नेपालको लिम्बू समुदायको परम्परागत पोशाक। यो चासोक ताङनाम र सांस्कृतिक समारोहहरूमा लिम्बू महिलाहरूले लगाउँछन्।"
nepali_dresses_augmented/limbu_dress_mekhli_and_chaubandi/43.jpg,"A man and woman dressed in traditional costumes at a festival - stock image. This is the Mekhli and Chaubandi, the traditional attire of the Limbu community of Nepal. It is worn by Limbu women during festivals such as Chasok Tangnam and cultural ceremonies.","महोत्सवमा परम्परागत पोशाक लगाएका पुरुष र महिला - स्टक छवि। यो मेखली र चौबन्दी हो, नेपालको लिम्बू समुदायको परम्परागत पोशाक। यो चासोक टंगनाम र सांस्कृतिक समारोहहरूमा लिम्बू महिलाहरूले लगाउँछन्।"
nepali_dresses_augmented/limbu_dress_mekhli_and_chaubandi/43_aug1.jpg,"A man and woman dressed in traditional costumes at a festival - stock image. This is the Mekhli and Chaubandi, the traditional attire of the Limbu community of Nepal. It is worn by Limbu women during festivals such as Chasok Tangnam and cultural ceremonies.","महोत्सवमा परम्परागत पोशाक लगाएका पुरुष र महिला - स्टक छवि। यो मेखली र चौबन्दी हो, नेपालको लिम्बू समुदायको परम्परागत पोशाक। यो चासोक टंगनाम र सांस्कृतिक समारोहहरूमा लिम्बू महिलाहरूले लगाउँछन्।"
nepali_dresses_augmented/limbu_dress_mekhli_and_chaubandi/43_aug2.jpg,"A man and woman dressed in traditional costumes at a festival - stock image. This is the Mekhli and Chaubandi, the traditional attire of the Limbu community of Nepal. It is worn by Limbu women during festivals such as Chasok Tangnam and cultural ceremonies.","महोत्सवमा परम्परागत पोशाक लगाएका पुरुष र महिला - स्टक छवि। यो मेखली र चौबन्दी हो, नेपालको लिम्बू समुदायको परम्परागत पोशाक। यो चासोक टंगनाम र सांस्कृतिक समारोहहरूमा लिम्बू महिलाहरूले लगाउँछन्।"
nepali_dresses_augmented/limbu_dress_mekhli_and_chaubandi/44.jpg,"A woman in a red and gold sari. This is the Mekhli and Chaubandi, the traditional attire of the Limbu community of Nepal. It is worn by Limbu women during festivals such as Chasok Tangnam and cultural ceremonies.","एक महिला रातो र सुनको साड़ीमा। यो मेखली र चौबन्दी हो, नेपालको लिम्बू समुदायको परम्परागत पोशाक। यो लिम्बू महिलाहरूले चासोक ताङनाम जस्ता चाडहरूमा र सांस्कृतिक समारोहहरूमा लगाउँछन्।"
nepali_dresses_augmented/limbu_dress_mekhli_and_chaubandi/44_aug1.jpg,"A woman in a red and gold sari. This is the Mekhli and Chaubandi, the traditional attire of the Limbu community of Nepal. It is worn by Limbu women during festivals such as Chasok Tangnam and cultural ceremonies.","एक महिला रातो र सुनको साड़ीमा। यो मेखली र चौबन्दी हो, नेपालको लिम्बू समुदायको परम्परागत पोशाक। यो लिम्बू महिलाहरूले चासोक ताङनाम जस्ता चाडहरूमा र सांस्कृतिक समारोहहरूमा लगाउँछन्।"
nepali_dresses_augmented/limbu_dress_mekhli_and_chaubandi/44_aug2.jpg,"A woman in a red and gold sari. This is the Mekhli and Chaubandi, the traditional attire of the Limbu community of Nepal. It is worn by Limbu women during festivals such as Chasok Tangnam and cultural ceremonies.","एक महिला रातो र सुनको साड़ीमा। यो मेखली र चौबन्दी हो, नेपालको लिम्बू समुदायको परम्परागत पोशाक। यो लिम्बू महिलाहरूले चासोक ताङनाम जस्ता चाडहरूमा र सांस्कृतिक समारोहहरूमा लगाउँछन्।"
nepali_dresses_augmented/limbu_dress_mekhli_and_chaubandi/45.jpg,"A woman wearing a red and gold costume. This is the Mekhli and Chaubandi, the traditional attire of the Limbu community of Nepal. It is worn by Limbu women during festivals such as Chasok Tangnam and cultural ceremonies.","एक महिलाले रातो र सुनको पोशाक लगाउँछिन्। यो मेखली र चौबन्दी हो, नेपालको लिम्बू समुदायको परम्परागत पोशाक। यो लिम्बू महिलाहरूले चासोक ताङनाम जस्ता चाडहरूमा र सांस्कृतिक समारोहहरूमा लगाउँदछन्।"
nepali_dresses_augmented/limbu_dress_mekhli_and_chaubandi/45_aug1.jpg,"A woman wearing a red and gold costume. This is the Mekhli and Chaubandi, the traditional attire of the Limbu community of Nepal. It is worn by Limbu women during festivals such as Chasok Tangnam and cultural ceremonies.","एक महिलाले रातो र सुनको पोशाक लगाउँछिन्। यो मेखली र चौबन्दी हो, नेपालको लिम्बू समुदायको परम्परागत पोशाक। यो लिम्बू महिलाहरूले चासोक ताङनाम जस्ता चाडहरूमा र सांस्कृतिक समारोहहरूमा लगाउँदछन्।"
nepali_dresses_augmented/limbu_dress_mekhli_and_chaubandi/45_aug2.jpg,"A woman wearing a red and gold costume. This is the Mekhli and Chaubandi, the traditional attire of the Limbu community of Nepal. It is worn by Limbu women during festivals such as Chasok Tangnam and cultural ceremonies.","एक महिलाले रातो र सुनको पोशाक लगाउँछिन्। यो मेखली र चौबन्दी हो, नेपालको लिम्बू समुदायको परम्परागत पोशाक। यो लिम्बू महिलाहरूले चासोक ताङनाम जस्ता चाडहरूमा र सांस्कृतिक समारोहहरूमा लगाउँदछन्।"
nepali_dresses_augmented/limbu_dress_mekhli_and_chaubandi/46.jpg,"A woman wearing a red and green outfit. This is the Mekhli and Chaubandi, the traditional attire of the Limbu community of Nepal. It is worn by Limbu women during festivals such as Chasok Tangnam and cultural ceremonies.","एक महिलाले रातो र हरियो पोशाक लगाउँछिन्। यो मेखली र चौबन्दी हो, नेपालको लिम्बू समुदायको परम्परागत पोशाक हो। यो लिम्बू महिलाहरूले चासोक ताङनाम जस्ता चाडहरूमा र सांस्कृतिक समारोहहरूमा लगाउँदछन्।"
nepali_dresses_augmented/limbu_dress_mekhli_and_chaubandi/46_aug1.jpg,"A woman wearing a red and green outfit. This is the Mekhli and Chaubandi, the traditional attire of the Limbu community of Nepal. It is worn by Limbu women during festivals such as Chasok Tangnam and cultural ceremonies.","एक महिलाले रातो र हरियो पोशाक लगाउँछिन्। यो मेखली र चौबन्दी हो, नेपालको लिम्बू समुदायको परम्परागत पोशाक हो। यो लिम्बू महिलाहरूले चासोक ताङनाम जस्ता चाडहरूमा र सांस्कृतिक समारोहहरूमा लगाउँदछन्।"
nepali_dresses_augmented/limbu_dress_mekhli_and_chaubandi/46_aug2.jpg,"A woman wearing a red and green outfit. This is the Mekhli and Chaubandi, the traditional attire of the Limbu community of Nepal. It is worn by Limbu women during festivals such as Chasok Tangnam and cultural ceremonies.","एक महिलाले रातो र हरियो पोशाक लगाउँछिन्। यो मेखली र चौबन्दी हो, नेपालको लिम्बू समुदायको परम्परागत पोशाक हो। यो लिम्बू महिलाहरूले चासोक ताङनाम जस्ता चाडहरूमा र सांस्कृतिक समारोहहरूमा लगाउँदछन्।"
nepali_dresses_augmented/limbu_dress_mekhli_and_chaubandi/47.jpg,"A woman in traditional clothing. This is the Mekhli and Chaubandi, the traditional attire of the Limbu community of Nepal. It is worn by Limbu women during festivals such as Chasok Tangnam and cultural ceremonies.","परम्परागत कपडा लगाउने महिला. यो मेखली र चौबन्दी हो, नेपालको लिम्बू समुदायको परम्परागत पोशाक। यो लिम्बू महिलाहरूले चासोक ताङनाम जस्ता चाडहरूमा र सांस्कृतिक समारोहहरूमा लगाउँछन्।"
nepali_dresses_augmented/limbu_dress_mekhli_and_chaubandi/47_aug1.jpg,"A woman in traditional clothing. This is the Mekhli and Chaubandi, the traditional attire of the Limbu community of Nepal. It is worn by Limbu women during festivals such as Chasok Tangnam and cultural ceremonies.","परम्परागत कपडा लगाउने महिला. यो मेखली र चौबन्दी हो, नेपालको लिम्बू समुदायको परम्परागत पोशाक। यो लिम्बू महिलाहरूले चासोक ताङनाम जस्ता चाडहरूमा र सांस्कृतिक समारोहहरूमा लगाउँछन्।"
nepali_dresses_augmented/limbu_dress_mekhli_and_chaubandi/47_aug2.jpg,"A woman in traditional clothing. This is the Mekhli and Chaubandi, the traditional attire of the Limbu community of Nepal. It is worn by Limbu women during festivals such as Chasok Tangnam and cultural ceremonies.","परम्परागत कपडा लगाउने महिला. यो मेखली र चौबन्दी हो, नेपालको लिम्बू समुदायको परम्परागत पोशाक। यो लिम्बू महिलाहरूले चासोक ताङनाम जस्ता चाडहरूमा र सांस्कृतिक समारोहहरूमा लगाउँछन्।"
nepali_dresses_augmented/limbu_dress_mekhli_and_chaubandi/48.jpg,"A group of women in traditional clothing posing for the camera. This is the Mekhli and Chaubandi, the traditional attire of the Limbu community of Nepal. It is worn by Limbu women during festivals such as Chasok Tangnam and cultural ceremonies.",नेपालको लिम्बू समुदायको परम्परागत पोशाक मेखली र चौबन्दी हो। यो चासोक ताङनाम जस्ता चाडपर्व र सांस्कृतिक समारोहहरूमा लिम्बू महिलाहरूले लगाउने पोशाक हो।
nepali_dresses_augmented/limbu_dress_mekhli_and_chaubandi/48_aug1.jpg,"A group of women in traditional clothing posing for the camera. This is the Mekhli and Chaubandi, the traditional attire of the Limbu community of Nepal. It is worn by Limbu women during festivals such as Chasok Tangnam and cultural ceremonies.",नेपालको लिम्बू समुदायको परम्परागत पोशाक मेखली र चौबन्दी हो। यो चासोक ताङनाम जस्ता चाडपर्व र सांस्कृतिक समारोहहरूमा लिम्बू महिलाहरूले लगाउने पोशाक हो।
nepali_dresses_augmented/limbu_dress_mekhli_and_chaubandi/48_aug2.jpg,"A group of women in traditional clothing posing for the camera. This is the Mekhli and Chaubandi, the traditional attire of the Limbu community of Nepal. It is worn by Limbu women during festivals such as Chasok Tangnam and cultural ceremonies.",नेपालको लिम्बू समुदायको परम्परागत पोशाक मेखली र चौबन्दी हो। यो चासोक ताङनाम जस्ता चाडपर्व र सांस्कृतिक समारोहहरूमा लिम्बू महिलाहरूले लगाउने पोशाक हो।
nepali_dresses_augmented/limbu_dress_mekhli_and_chaubandi/49.jpg,"A young girl in traditional dress poses for the camera. This is the Mekhli and Chaubandi, the traditional attire of the Limbu community of Nepal. It is worn by Limbu women during festivals such as Chasok Tangnam and cultural ceremonies.","एक युवती परम्परागत पोशाकमा क्यामेराको लागि पोज गर्दछ। यो मेखली र चौबन्दी हो, नेपालको लिम्बू समुदायको परम्परागत पोशाक। यो चासोक तांगनाम र सांस्कृतिक समारोहहरूमा लिम्बू महिलाहरूले लगाउँछन्।"
nepali_dresses_augmented/limbu_dress_mekhli_and_chaubandi/49_aug1.jpg,"A young girl in traditional dress poses for the camera. This is the Mekhli and Chaubandi, the traditional attire of the Limbu community of Nepal. It is worn by Limbu women during festivals such as Chasok Tangnam and cultural ceremonies.","एक युवती परम्परागत पोशाकमा क्यामेराको लागि पोज गर्दछ। यो मेखली र चौबन्दी हो, नेपालको लिम्बू समुदायको परम्परागत पोशाक। यो चासोक तांगनाम र सांस्कृतिक समारोहहरूमा लिम्बू महिलाहरूले लगाउँछन्।"
nepali_dresses_augmented/limbu_dress_mekhli_and_chaubandi/49_aug2.jpg,"A young girl in traditional dress poses for the camera. This is the Mekhli and Chaubandi, the traditional attire of the Limbu community of Nepal. It is worn by Limbu women during festivals such as Chasok Tangnam and cultural ceremonies.","एक युवती परम्परागत पोशाकमा क्यामेराको लागि पोज गर्दछ। यो मेखली र चौबन्दी हो, नेपालको लिम्बू समुदायको परम्परागत पोशाक। यो चासोक तांगनाम र सांस्कृतिक समारोहहरूमा लिम्बू महिलाहरूले लगाउँछन्।"
nepali_dresses_augmented/limbu_dress_mekhli_and_chaubandi/4_aug1.jpg,"A beautiful young woman in traditional costume stock photo. This is the Mekhli and Chaubandi, the traditional attire of the Limbu community of Nepal. It is worn by Limbu women during festivals such as Chasok Tangnam and cultural ceremonies.","परम्परागत पोशाक स्टक फोटोमा एक सुन्दर युवती। यो मेखली र चौबन्दी हो, नेपालको लिम्बू समुदायको परम्परागत पोशाक। यो चासोक ताङनाम र सांस्कृतिक समारोहहरूमा लिम्बू महिलाहरूले लगाउँछन्।"
nepali_dresses_augmented/limbu_dress_mekhli_and_chaubandi/4_aug2.jpg,"A beautiful young woman in traditional costume stock photo. This is the Mekhli and Chaubandi, the traditional attire of the Limbu community of Nepal. It is worn by Limbu women during festivals such as Chasok Tangnam and cultural ceremonies.","परम्परागत पोशाक स्टक फोटोमा एक सुन्दर युवती। यो मेखली र चौबन्दी हो, नेपालको लिम्बू समुदायको परम्परागत पोशाक। यो चासोक ताङनाम र सांस्कृतिक समारोहहरूमा लिम्बू महिलाहरूले लगाउँछन्।"
nepali_dresses_augmented/limbu_dress_mekhli_and_chaubandi/5.jpg,"A group of people dressed in traditional clothing. This is the Mekhli and Chaubandi, the traditional attire of the Limbu community of Nepal. It is worn by Limbu women during festivals such as Chasok Tangnam and cultural ceremonies.",नेपालको लिम्बू समुदायको परम्परागत पोशाक मेखली र चौबन्दी हो। यो चासोक ताङनाम जस्ता चाडपर्व र सांस्कृतिक समारोहहरूमा लिम्बू महिलाहरूले लगाउँछन्।
nepali_dresses_augmented/limbu_dress_mekhli_and_chaubandi/50.jpg,"A woman standing in front of a door. This is the Mekhli and Chaubandi, the traditional attire of the Limbu community of Nepal. It is worn by Limbu women during festivals such as Chasok Tangnam and cultural ceremonies.","एक महिला एक ढोका अगाडि खडा। यो Mekhli र Chaubandi हो, नेपालको लिम्बू समुदायको परम्परागत पोशाक। यो लिम्बू महिलाहरूले चासोक टंगनाम जस्ता चाडहरूमा र सांस्कृतिक समारोहहरूमा लगाउँछन्।"
nepali_dresses_augmented/limbu_dress_mekhli_and_chaubandi/50_aug1.jpg,"A woman standing in front of a door. This is the Mekhli and Chaubandi, the traditional attire of the Limbu community of Nepal. It is worn by Limbu women during festivals such as Chasok Tangnam and cultural ceremonies.","एक महिला एक ढोका अगाडि खडा। यो Mekhli र Chaubandi हो, नेपालको लिम्बू समुदायको परम्परागत पोशाक। यो लिम्बू महिलाहरूले चासोक टंगनाम जस्ता चाडहरूमा र सांस्कृतिक समारोहहरूमा लगाउँछन्।"
nepali_dresses_augmented/limbu_dress_mekhli_and_chaubandi/50_aug2.jpg,"A woman standing in front of a door. This is the Mekhli and Chaubandi, the traditional attire of the Limbu community of Nepal. It is worn by Limbu women during festivals such as Chasok Tangnam and cultural ceremonies.","एक महिला एक ढोका अगाडि खडा। यो Mekhli र Chaubandi हो, नेपालको लिम्बू समुदायको परम्परागत पोशाक। यो लिम्बू महिलाहरूले चासोक टंगनाम जस्ता चाडहरूमा र सांस्कृतिक समारोहहरूमा लगाउँछन्।"
nepali_dresses_augmented/limbu_dress_mekhli_and_chaubandi/51.jpg,"A woman in a pink and yellow dress holding a camera. This is the Mekhli and Chaubandi, the traditional attire of the Limbu community of Nepal. It is worn by Limbu women during festivals such as Chasok Tangnam and cultural ceremonies.","एक महिला गुलाबी र पहेंलो पोशाकमा क्यामेरा समात्दै। यो मेखली र चौबन्दी हो, नेपालको लिम्बू समुदायको परम्परागत पोशाक। यो चासोक तांगनाम र सांस्कृतिक समारोहहरूमा लिम्बू महिलाहरूले लगाउँछन्।"
nepali_dresses_augmented/limbu_dress_mekhli_and_chaubandi/51_aug1.jpg,"A woman in a pink and yellow dress holding a camera. This is the Mekhli and Chaubandi, the traditional attire of the Limbu community of Nepal. It is worn by Limbu women during festivals such as Chasok Tangnam and cultural ceremonies.","एक महिला गुलाबी र पहेंलो पोशाकमा क्यामेरा समात्दै। यो मेखली र चौबन्दी हो, नेपालको लिम्बू समुदायको परम्परागत पोशाक। यो चासोक तांगनाम र सांस्कृतिक समारोहहरूमा लिम्बू महिलाहरूले लगाउँछन्।"
nepali_dresses_augmented/limbu_dress_mekhli_and_chaubandi/51_aug2.jpg,"A woman in a pink and yellow dress holding a camera. This is the Mekhli and Chaubandi, the traditional attire of the Limbu community of Nepal. It is worn by Limbu women during festivals such as Chasok Tangnam and cultural ceremonies.","एक महिला गुलाबी र पहेंलो पोशाकमा क्यामेरा समात्दै। यो मेखली र चौबन्दी हो, नेपालको लिम्बू समुदायको परम्परागत पोशाक। यो चासोक तांगनाम र सांस्कृतिक समारोहहरूमा लिम्बू महिलाहरूले लगाउँछन्।"
nepali_dresses_augmented/limbu_dress_mekhli_and_chaubandi/52.jpg,"A woman in a white and red sari. This is the Mekhli and Chaubandi, the traditional attire of the Limbu community of Nepal. It is worn by Limbu women during festivals such as Chasok Tangnam and cultural ceremonies.","यो मेखली र चौबन्दी हो, नेपालको लिम्बू समुदायको परम्परागत पोशाक हो। यो चासोक ताङनाम र सांस्कृतिक समारोहहरूमा लिम्बू महिलाहरूले लगाउँछन्।"
nepali_dresses_augmented/limbu_dress_mekhli_and_chaubandi/52_aug1.jpg,"A woman in a white and red sari. This is the Mekhli and Chaubandi, the traditional attire of the Limbu community of Nepal. It is worn by Limbu women during festivals such as Chasok Tangnam and cultural ceremonies.","यो मेखली र चौबन्दी हो, नेपालको लिम्बू समुदायको परम्परागत पोशाक हो। यो चासोक ताङनाम र सांस्कृतिक समारोहहरूमा लिम्बू महिलाहरूले लगाउँछन्।"
nepali_dresses_augmented/limbu_dress_mekhli_and_chaubandi/52_aug2.jpg,"A woman in a white and red sari. This is the Mekhli and Chaubandi, the traditional attire of the Limbu community of Nepal. It is worn by Limbu women during festivals such as Chasok Tangnam and cultural ceremonies.","यो मेखली र चौबन्दी हो, नेपालको लिम्बू समुदायको परम्परागत पोशाक हो। यो चासोक ताङनाम र सांस्कृतिक समारोहहरूमा लिम्बू महिलाहरूले लगाउँछन्।"
nepali_dresses_augmented/limbu_dress_mekhli_and_chaubandi/53.jpg,"A young girl in a red dress posing for the camera. This is the Mekhli and Chaubandi, the traditional attire of the Limbu community of Nepal. It is worn by Limbu women during festivals such as Chasok Tangnam and cultural ceremonies.","एक रातो पोशाकमा एक युवती क्यामेराको लागि पोज गर्दै। यो मेखली र चौबन्दी हो, नेपालको लिम्बू समुदायको परम्परागत पोशाक। यो लिम्बू महिलाहरूले चासोक ताङनाम जस्ता चाडहरूमा र सांस्कृतिक समारोहहरूमा लगाउँदछन्।"
nepali_dresses_augmented/limbu_dress_mekhli_and_chaubandi/53_aug1.jpg,"A young girl in a red dress posing for the camera. This is the Mekhli and Chaubandi, the traditional attire of the Limbu community of Nepal. It is worn by Limbu women during festivals such as Chasok Tangnam and cultural ceremonies.","एक रातो पोशाकमा एक युवती क्यामेराको लागि पोज गर्दै। यो मेखली र चौबन्दी हो, नेपालको लिम्बू समुदायको परम्परागत पोशाक। यो लिम्बू महिलाहरूले चासोक ताङनाम जस्ता चाडहरूमा र सांस्कृतिक समारोहहरूमा लगाउँदछन्।"
nepali_dresses_augmented/limbu_dress_mekhli_and_chaubandi/53_aug2.jpg,"A young girl in a red dress posing for the camera. This is the Mekhli and Chaubandi, the traditional attire of the Limbu community of Nepal. It is worn by Limbu women during festivals such as Chasok Tangnam and cultural ceremonies.","एक रातो पोशाकमा एक युवती क्यामेराको लागि पोज गर्दै। यो मेखली र चौबन्दी हो, नेपालको लिम्बू समुदायको परम्परागत पोशाक। यो लिम्बू महिलाहरूले चासोक ताङनाम जस्ता चाडहरूमा र सांस्कृतिक समारोहहरूमा लगाउँदछन्।"
nepali_dresses_augmented/limbu_dress_mekhli_and_chaubandi/54.jpg,"A group of women standing on a stage. This is the Mekhli and Chaubandi, the traditional attire of the Limbu community of Nepal. It is worn by Limbu women during festivals such as Chasok Tangnam and cultural ceremonies.","यो मेखली र चौबन्दी, नेपालको लिम्बू समुदायको परम्परागत पोशाक हो। यो चासोक टंगनाम र सांस्कृतिक समारोहहरूमा लिम्बू महिलाहरूले लगाउँछन्।"
nepali_dresses_augmented/limbu_dress_mekhli_and_chaubandi/54_aug1.jpg,"A group of women standing on a stage. This is the Mekhli and Chaubandi, the traditional attire of the Limbu community of Nepal. It is worn by Limbu women during festivals such as Chasok Tangnam and cultural ceremonies.","यो मेखली र चौबन्दी, नेपालको लिम्बू समुदायको परम्परागत पोशाक हो। यो चासोक टंगनाम र सांस्कृतिक समारोहहरूमा लिम्बू महिलाहरूले लगाउँछन्।"
nepali_dresses_augmented/limbu_dress_mekhli_and_chaubandi/54_aug2.jpg,"A group of women standing on a stage. This is the Mekhli and Chaubandi, the traditional attire of the Limbu community of Nepal. It is worn by Limbu women during festivals such as Chasok Tangnam and cultural ceremonies.","यो मेखली र चौबन्दी, नेपालको लिम्बू समुदायको परम्परागत पोशाक हो। यो चासोक टंगनाम र सांस्कृतिक समारोहहरूमा लिम्बू महिलाहरूले लगाउँछन्।"
nepali_dresses_augmented/limbu_dress_mekhli_and_chaubandi/55.jpg,"A woman wearing a traditional costume and jewelry. This is the Mekhli and Chaubandi, the traditional attire of the Limbu community of Nepal. It is worn by Limbu women during festivals such as Chasok Tangnam and cultural ceremonies.","एक महिलाले परम्परागत पोशाक र गहना लगाउँछिन्। यो मेखली र चौबन्दी हो, नेपालको लिम्बू समुदायको परम्परागत पोशाक। यो चासोक तांगनाम र सांस्कृतिक समारोहहरूमा लिम्बू महिलाहरूले लगाउँदछन्।"
nepali_dresses_augmented/limbu_dress_mekhli_and_chaubandi/55_aug1.jpg,"A woman wearing a traditional costume and jewelry. This is the Mekhli and Chaubandi, the traditional attire of the Limbu community of Nepal. It is worn by Limbu women during festivals such as Chasok Tangnam and cultural ceremonies.","एक महिलाले परम्परागत पोशाक र गहना लगाउँछिन्। यो मेखली र चौबन्दी हो, नेपालको लिम्बू समुदायको परम्परागत पोशाक। यो चासोक तांगनाम र सांस्कृतिक समारोहहरूमा लिम्बू महिलाहरूले लगाउँदछन्।"
nepali_dresses_augmented/limbu_dress_mekhli_and_chaubandi/55_aug2.jpg,"A woman wearing a traditional costume and jewelry. This is the Mekhli and Chaubandi, the traditional attire of the Limbu community of Nepal. It is worn by Limbu women during festivals such as Chasok Tangnam and cultural ceremonies.","एक महिलाले परम्परागत पोशाक र गहना लगाउँछिन्। यो मेखली र चौबन्दी हो, नेपालको लिम्बू समुदायको परम्परागत पोशाक। यो चासोक तांगनाम र सांस्कृतिक समारोहहरूमा लिम्बू महिलाहरूले लगाउँदछन्।"
nepali_dresses_augmented/limbu_dress_mekhli_and_chaubandi/56.jpg,"A man and woman dressed in traditional chinese clothing. This is the Mekhli and Chaubandi, the traditional attire of the Limbu community of Nepal. It is worn by Limbu women during festivals such as Chasok Tangnam and cultural ceremonies.","एक पुरुष र महिला परम्परागत चिनियाँ कपडामा लुगा लगाउँछन्। यो मेखली र चौबन्दी हो, नेपालको लिम्बू समुदायको परम्परागत पोशाक। यो चासोक टंगनाम र सांस्कृतिक समारोहहरूमा लिम्बू महिलाहरूले लगाउँछन्।"
nepali_dresses_augmented/limbu_dress_mekhli_and_chaubandi/56_aug1.jpg,"A man and woman dressed in traditional chinese clothing. This is the Mekhli and Chaubandi, the traditional attire of the Limbu community of Nepal. It is worn by Limbu women during festivals such as Chasok Tangnam and cultural ceremonies.","एक पुरुष र महिला परम्परागत चिनियाँ कपडामा लुगा लगाउँछन्। यो मेखली र चौबन्दी हो, नेपालको लिम्बू समुदायको परम्परागत पोशाक। यो चासोक टंगनाम र सांस्कृतिक समारोहहरूमा लिम्बू महिलाहरूले लगाउँछन्।"
nepali_dresses_augmented/limbu_dress_mekhli_and_chaubandi/56_aug2.jpg,"A man and woman dressed in traditional chinese clothing. This is the Mekhli and Chaubandi, the traditional attire of the Limbu community of Nepal. It is worn by Limbu women during festivals such as Chasok Tangnam and cultural ceremonies.","एक पुरुष र महिला परम्परागत चिनियाँ कपडामा लुगा लगाउँछन्। यो मेखली र चौबन्दी हो, नेपालको लिम्बू समुदायको परम्परागत पोशाक। यो चासोक टंगनाम र सांस्कृतिक समारोहहरूमा लिम्बू महिलाहरूले लगाउँछन्।"
nepali_dresses_augmented/limbu_dress_mekhli_and_chaubandi/57.jpg,"An indian woman in traditional costume. This is the Mekhli and Chaubandi, the traditional attire of the Limbu community of Nepal. It is worn by Limbu women during festivals such as Chasok Tangnam and cultural ceremonies.","परम्परागत पोशाकमा एक भारतीय महिला। यो मेखली र चौबन्दी हो, नेपालको लिम्बू समुदायको परम्परागत पोशाक। यो चासोक टंगनाम र सांस्कृतिक समारोहहरूमा लिम्बू महिलाहरूले लगाउँछन्।"
nepali_dresses_augmented/limbu_dress_mekhli_and_chaubandi/57_aug1.jpg,"An indian woman in traditional costume. This is the Mekhli and Chaubandi, the traditional attire of the Limbu community of Nepal. It is worn by Limbu women during festivals such as Chasok Tangnam and cultural ceremonies.","परम्परागत पोशाकमा एक भारतीय महिला। यो मेखली र चौबन्दी हो, नेपालको लिम्बू समुदायको परम्परागत पोशाक। यो चासोक टंगनाम र सांस्कृतिक समारोहहरूमा लिम्बू महिलाहरूले लगाउँछन्।"
nepali_dresses_augmented/limbu_dress_mekhli_and_chaubandi/57_aug2.jpg,"An indian woman in traditional costume. This is the Mekhli and Chaubandi, the traditional attire of the Limbu community of Nepal. It is worn by Limbu women during festivals such as Chasok Tangnam and cultural ceremonies.","परम्परागत पोशाकमा एक भारतीय महिला। यो मेखली र चौबन्दी हो, नेपालको लिम्बू समुदायको परम्परागत पोशाक। यो चासोक टंगनाम र सांस्कृतिक समारोहहरूमा लिम्बू महिलाहरूले लगाउँछन्।"
nepali_dresses_augmented/limbu_dress_mekhli_and_chaubandi/58.jpg,"A woman wearing a traditional costume. This is the Mekhli and Chaubandi, the traditional attire of the Limbu community of Nepal. It is worn by Limbu women during festivals such as Chasok Tangnam and cultural ceremonies.","एक महिलाले परम्परागत पोशाक लगाउँछिन्। यो मेखली र चौबन्दी हो, नेपालको लिम्बू समुदायको परम्परागत पोशाक। यो लिम्बू महिलाहरूले चासोक तांगनाम र सांस्कृतिक समारोहहरूमा लगाउँदछन्।"
nepali_dresses_augmented/limbu_dress_mekhli_and_chaubandi/58_aug1.jpg,"A woman wearing a traditional costume. This is the Mekhli and Chaubandi, the traditional attire of the Limbu community of Nepal. It is worn by Limbu women during festivals such as Chasok Tangnam and cultural ceremonies.","एक महिलाले परम्परागत पोशाक लगाउँछिन्। यो मेखली र चौबन्दी हो, नेपालको लिम्बू समुदायको परम्परागत पोशाक। यो लिम्बू महिलाहरूले चासोक तांगनाम र सांस्कृतिक समारोहहरूमा लगाउँदछन्।"
nepali_dresses_augmented/limbu_dress_mekhli_and_chaubandi/58_aug2.jpg,"A woman wearing a traditional costume. This is the Mekhli and Chaubandi, the traditional attire of the Limbu community of Nepal. It is worn by Limbu women during festivals such as Chasok Tangnam and cultural ceremonies.","एक महिलाले परम्परागत पोशाक लगाउँछिन्। यो मेखली र चौबन्दी हो, नेपालको लिम्बू समुदायको परम्परागत पोशाक। यो लिम्बू महिलाहरूले चासोक तांगनाम र सांस्कृतिक समारोहहरूमा लगाउँदछन्।"
nepali_dresses_augmented/limbu_dress_mekhli_and_chaubandi/59.jpg,"A woman in traditional dress holding a pot. This is the Mekhli and Chaubandi, the traditional attire of the Limbu community of Nepal. It is worn by Limbu women during festivals such as Chasok Tangnam and cultural ceremonies.","एक महिला परम्परागत पोशाकमा भाँडा पकडेर। यो मेखली र चौबन्दी हो, नेपालको लिम्बू समुदायको परम्परागत पोशाक। यो चासोक टंगनाम र सांस्कृतिक समारोहहरूमा लिम्बू महिलाहरूले लगाउँछन्।"
nepali_dresses_augmented/limbu_dress_mekhli_and_chaubandi/59_aug1.jpg,"A woman in traditional dress holding a pot. This is the Mekhli and Chaubandi, the traditional attire of the Limbu community of Nepal. It is worn by Limbu women during festivals such as Chasok Tangnam and cultural ceremonies.","एक महिला परम्परागत पोशाकमा भाँडा पकडेर। यो मेखली र चौबन्दी हो, नेपालको लिम्बू समुदायको परम्परागत पोशाक। यो चासोक टंगनाम र सांस्कृतिक समारोहहरूमा लिम्बू महिलाहरूले लगाउँछन्।"
nepali_dresses_augmented/limbu_dress_mekhli_and_chaubandi/59_aug2.jpg,"A woman in traditional dress holding a pot. This is the Mekhli and Chaubandi, the traditional attire of the Limbu community of Nepal. It is worn by Limbu women during festivals such as Chasok Tangnam and cultural ceremonies.","एक महिला परम्परागत पोशाकमा भाँडा पकडेर। यो मेखली र चौबन्दी हो, नेपालको लिम्बू समुदायको परम्परागत पोशाक। यो चासोक टंगनाम र सांस्कृतिक समारोहहरूमा लिम्बू महिलाहरूले लगाउँछन्।"
nepali_dresses_augmented/limbu_dress_mekhli_and_chaubandi/5_aug1.jpg,"A group of people dressed in traditional clothing. This is the Mekhli and Chaubandi, the traditional attire of the Limbu community of Nepal. It is worn by Limbu women during festivals such as Chasok Tangnam and cultural ceremonies.",नेपालको लिम्बू समुदायको परम्परागत पोशाक मेखली र चौबन्दी हो। यो चासोक ताङनाम जस्ता चाडपर्व र सांस्कृतिक समारोहहरूमा लिम्बू महिलाहरूले लगाउँछन्।
nepali_dresses_augmented/limbu_dress_mekhli_and_chaubandi/5_aug2.jpg,"A group of people dressed in traditional clothing. This is the Mekhli and Chaubandi, the traditional attire of the Limbu community of Nepal. It is worn by Limbu women during festivals such as Chasok Tangnam and cultural ceremonies.",नेपालको लिम्बू समुदायको परम्परागत पोशाक मेखली र चौबन्दी हो। यो चासोक ताङनाम जस्ता चाडपर्व र सांस्कृतिक समारोहहरूमा लिम्बू महिलाहरूले लगाउँछन्।
nepali_dresses_augmented/limbu_dress_mekhli_and_chaubandi/6.jpg,"A young woman dressed in traditional chinese clothing - stock image. This is the Mekhli and Chaubandi, the traditional attire of the Limbu community of Nepal. It is worn by Limbu women during festivals such as Chasok Tangnam and cultural ceremonies.","परम्परागत चिनियाँ लुगा लगाउने एक युवती - स्टक छवि। यो मेखली र चौबन्दी हो, नेपालको लिम्बू समुदायको परम्परागत पोशाक। यो चासोक ताङनाम जस्ता चाडहरूमा र सांस्कृतिक समारोहहरूमा लिम्बू महिलाहरूले लगाउँछन्।"
nepali_dresses_augmented/limbu_dress_mekhli_and_chaubandi/60.jpg,"A group of women in traditional dress. This is the Mekhli and Chaubandi, the traditional attire of the Limbu community of Nepal. It is worn by Limbu women during festivals such as Chasok Tangnam and cultural ceremonies.","परम्परागत पोशाकमा महिलाहरूको समूह। यो मेखली र चौबन्दी हो, नेपालको लिम्बू समुदायको परम्परागत पोशाक। यो लिम्बू महिलाहरूले चासोक तांगनाम जस्ता चाडहरूमा र सांस्कृतिक समारोहहरूमा लगाउँछन्।"
nepali_dresses_augmented/limbu_dress_mekhli_and_chaubandi/60_aug1.jpg,"A group of women in traditional dress. This is the Mekhli and Chaubandi, the traditional attire of the Limbu community of Nepal. It is worn by Limbu women during festivals such as Chasok Tangnam and cultural ceremonies.","परम्परागत पोशाकमा महिलाहरूको समूह। यो मेखली र चौबन्दी हो, नेपालको लिम्बू समुदायको परम्परागत पोशाक। यो लिम्बू महिलाहरूले चासोक तांगनाम जस्ता चाडहरूमा र सांस्कृतिक समारोहहरूमा लगाउँछन्।"
nepali_dresses_augmented/limbu_dress_mekhli_and_chaubandi/60_aug2.jpg,"A group of women in traditional dress. This is the Mekhli and Chaubandi, the traditional attire of the Limbu community of Nepal. It is worn by Limbu women during festivals such as Chasok Tangnam and cultural ceremonies.","परम्परागत पोशाकमा महिलाहरूको समूह। यो मेखली र चौबन्दी हो, नेपालको लिम्बू समुदायको परम्परागत पोशाक। यो लिम्बू महिलाहरूले चासोक तांगनाम जस्ता चाडहरूमा र सांस्कृतिक समारोहहरूमा लगाउँछन्।"
nepali_dresses_augmented/limbu_dress_mekhli_and_chaubandi/61.jpg,"A woman in a red and black dress. This is the Mekhli and Chaubandi, the traditional attire of the Limbu community of Nepal. It is worn by Limbu women during festivals such as Chasok Tangnam and cultural ceremonies.","रातो र कालो पोशाकमा महिला। यो मेखली र चौबन्दी हो, नेपालको लिम्बू समुदायको परम्परागत पोशाक। यो लिम्बू महिलाहरूले चासोक ताङनाम जस्ता चाडहरूमा र सांस्कृतिक समारोहहरूमा लगाउँछन्।"
nepali_dresses_augmented/limbu_dress_mekhli_and_chaubandi/61_aug1.jpg,"A woman in a red and black dress. This is the Mekhli and Chaubandi, the traditional attire of the Limbu community of Nepal. It is worn by Limbu women during festivals such as Chasok Tangnam and cultural ceremonies.","रातो र कालो पोशाकमा महिला। यो मेखली र चौबन्दी हो, नेपालको लिम्बू समुदायको परम्परागत पोशाक। यो लिम्बू महिलाहरूले चासोक ताङनाम जस्ता चाडहरूमा र सांस्कृतिक समारोहहरूमा लगाउँछन्।"
nepali_dresses_augmented/limbu_dress_mekhli_and_chaubandi/61_aug2.jpg,"A woman in a red and black dress. This is the Mekhli and Chaubandi, the traditional attire of the Limbu community of Nepal. It is worn by Limbu women during festivals such as Chasok Tangnam and cultural ceremonies.","रातो र कालो पोशाकमा महिला। यो मेखली र चौबन्दी हो, नेपालको लिम्बू समुदायको परम्परागत पोशाक। यो लिम्बू महिलाहरूले चासोक ताङनाम जस्ता चाडहरूमा र सांस्कृतिक समारोहहरूमा लगाउँछन्।"
nepali_dresses_augmented/limbu_dress_mekhli_and_chaubandi/62.jpg,"A woman wearing a gold and red headpiece. This is the Mekhli and Chaubandi, the traditional attire of the Limbu community of Nepal. It is worn by Limbu women during festivals such as Chasok Tangnam and cultural ceremonies.","एक महिलाले सुन र रातो हेडपीस लगाउँछिन्। यो मेखली र चौबन्दी हो, नेपालको लिम्बू समुदायको परम्परागत पोशाक हो। यो चासोक टंगनाम र सांस्कृतिक समारोहहरूमा लिम्बू महिलाहरूले लगाउँदछन्।"
nepali_dresses_augmented/limbu_dress_mekhli_and_chaubandi/62_aug1.jpg,"A woman wearing a gold and red headpiece. This is the Mekhli and Chaubandi, the traditional attire of the Limbu community of Nepal. It is worn by Limbu women during festivals such as Chasok Tangnam and cultural ceremonies.","एक महिलाले सुन र रातो हेडपीस लगाउँछिन्। यो मेखली र चौबन्दी हो, नेपालको लिम्बू समुदायको परम्परागत पोशाक हो। यो चासोक टंगनाम र सांस्कृतिक समारोहहरूमा लिम्बू महिलाहरूले लगाउँदछन्।"
nepali_dresses_augmented/limbu_dress_mekhli_and_chaubandi/62_aug2.jpg,"A woman wearing a gold and red headpiece. This is the Mekhli and Chaubandi, the traditional attire of the Limbu community of Nepal. It is worn by Limbu women during festivals such as Chasok Tangnam and cultural ceremonies.","एक महिलाले सुन र रातो हेडपीस लगाउँछिन्। यो मेखली र चौबन्दी हो, नेपालको लिम्बू समुदायको परम्परागत पोशाक हो। यो चासोक टंगनाम र सांस्कृतिक समारोहहरूमा लिम्बू महिलाहरूले लगाउँदछन्।"
nepali_dresses_augmented/limbu_dress_mekhli_and_chaubandi/63.jpg,"A woman in a blue dress taking a selfie. This is the Mekhli and Chaubandi, the traditional attire of the Limbu community of Nepal. It is worn by Limbu women during festivals such as Chasok Tangnam and cultural ceremonies.","नीलो पोशाकमा सेल्फी लिने महिला. यो मेखली र चौबन्दी हो, नेपालको लिम्बू समुदायको परम्परागत पोशाक। यो लिम्बू महिलाहरूले चासोक ताङनाम र सांस्कृतिक समारोहहरूमा लगाउँछन्।"
nepali_dresses_augmented/limbu_dress_mekhli_and_chaubandi/63_aug1.jpg,"A woman in a blue dress taking a selfie. This is the Mekhli and Chaubandi, the traditional attire of the Limbu community of Nepal. It is worn by Limbu women during festivals such as Chasok Tangnam and cultural ceremonies.","नीलो पोशाकमा सेल्फी लिने महिला. यो मेखली र चौबन्दी हो, नेपालको लिम्बू समुदायको परम्परागत पोशाक। यो लिम्बू महिलाहरूले चासोक ताङनाम र सांस्कृतिक समारोहहरूमा लगाउँछन्।"
nepali_dresses_augmented/limbu_dress_mekhli_and_chaubandi/63_aug2.jpg,"A woman in a blue dress taking a selfie. This is the Mekhli and Chaubandi, the traditional attire of the Limbu community of Nepal. It is worn by Limbu women during festivals such as Chasok Tangnam and cultural ceremonies.","नीलो पोशाकमा सेल्फी लिने महिला. यो मेखली र चौबन्दी हो, नेपालको लिम्बू समुदायको परम्परागत पोशाक। यो लिम्बू महिलाहरूले चासोक ताङनाम र सांस्कृतिक समारोहहरूमा लगाउँछन्।"
nepali_dresses_augmented/limbu_dress_mekhli_and_chaubandi/64.jpg,"A woman in a green and purple sari. This is the Mekhli and Chaubandi, the traditional attire of the Limbu community of Nepal. It is worn by Limbu women during festivals such as Chasok Tangnam and cultural ceremonies.","एक महिला हरियो र बैंगनी साड़ीमा। यो मेखली र चौबन्दी हो, नेपालको लिम्बू समुदायको परम्परागत पोशाक। यो चासोक टंगनाम र सांस्कृतिक समारोहहरूमा लिम्बू महिलाहरूले लगाउँछन्।"
nepali_dresses_augmented/limbu_dress_mekhli_and_chaubandi/64_aug1.jpg,"A woman in a green and purple sari. This is the Mekhli and Chaubandi, the traditional attire of the Limbu community of Nepal. It is worn by Limbu women during festivals such as Chasok Tangnam and cultural ceremonies.","एक महिला हरियो र बैंगनी साड़ीमा। यो मेखली र चौबन्दी हो, नेपालको लिम्बू समुदायको परम्परागत पोशाक। यो चासोक टंगनाम र सांस्कृतिक समारोहहरूमा लिम्बू महिलाहरूले लगाउँछन्।"
nepali_dresses_augmented/limbu_dress_mekhli_and_chaubandi/64_aug2.jpg,"A woman in a green and purple sari. This is the Mekhli and Chaubandi, the traditional attire of the Limbu community of Nepal. It is worn by Limbu women during festivals such as Chasok Tangnam and cultural ceremonies.","एक महिला हरियो र बैंगनी साड़ीमा। यो मेखली र चौबन्दी हो, नेपालको लिम्बू समुदायको परम्परागत पोशाक। यो चासोक टंगनाम र सांस्कृतिक समारोहहरूमा लिम्बू महिलाहरूले लगाउँछन्।"
nepali_dresses_augmented/limbu_dress_mekhli_and_chaubandi/65.jpg,"A woman in an indian sari dress. This is the Mekhli and Chaubandi, the traditional attire of the Limbu community of Nepal. It is worn by Limbu women during festivals such as Chasok Tangnam and cultural ceremonies.","एक भारतीय साड़ी पोशाकमा महिला। यो मेखली र चौबन्दी हो, नेपालको लिम्बू समुदायको परम्परागत पोशाक। यो लिम्बू महिलाहरूले चासोक टंगनाम र सांस्कृतिक समारोहहरूमा लगाउँछन्।"
nepali_dresses_augmented/limbu_dress_mekhli_and_chaubandi/65_aug1.jpg,"A woman in an indian sari dress. This is the Mekhli and Chaubandi, the traditional attire of the Limbu community of Nepal. It is worn by Limbu women during festivals such as Chasok Tangnam and cultural ceremonies.","एक भारतीय साड़ी पोशाकमा महिला। यो मेखली र चौबन्दी हो, नेपालको लिम्बू समुदायको परम्परागत पोशाक। यो लिम्बू महिलाहरूले चासोक टंगनाम र सांस्कृतिक समारोहहरूमा लगाउँछन्।"
nepali_dresses_augmented/limbu_dress_mekhli_and_chaubandi/65_aug2.jpg,"A woman in an indian sari dress. This is the Mekhli and Chaubandi, the traditional attire of the Limbu community of Nepal. It is worn by Limbu women during festivals such as Chasok Tangnam and cultural ceremonies.","एक भारतीय साड़ी पोशाकमा महिला। यो मेखली र चौबन्दी हो, नेपालको लिम्बू समुदायको परम्परागत पोशाक। यो लिम्बू महिलाहरूले चासोक टंगनाम र सांस्कृतिक समारोहहरूमा लगाउँछन्।"
nepali_dresses_augmented/limbu_dress_mekhli_and_chaubandi/66.jpg,"The back view of a woman wearing a green sari. This is the Mekhli and Chaubandi, the traditional attire of the Limbu community of Nepal. It is worn by Limbu women during festivals such as Chasok Tangnam and cultural ceremonies.","हरियो साड़ी लगाउने एक महिलाको पछाडि दृश्य। यो मेखली र चौबन्दी हो, नेपालको लिम्बू समुदायको परम्परागत पोशाक। यो चासोक तांगनाम र सांस्कृतिक समारोहहरूमा लिम्बू महिलाहरूले लगाउँछन्।"
nepali_dresses_augmented/limbu_dress_mekhli_and_chaubandi/66_aug1.jpg,"The back view of a woman wearing a green sari. This is the Mekhli and Chaubandi, the traditional attire of the Limbu community of Nepal. It is worn by Limbu women during festivals such as Chasok Tangnam and cultural ceremonies.","हरियो साड़ी लगाउने एक महिलाको पछाडि दृश्य। यो मेखली र चौबन्दी हो, नेपालको लिम्बू समुदायको परम्परागत पोशाक। यो चासोक तांगनाम र सांस्कृतिक समारोहहरूमा लिम्बू महिलाहरूले लगाउँछन्।"
nepali_dresses_augmented/limbu_dress_mekhli_and_chaubandi/66_aug2.jpg,"The back view of a woman wearing a green sari. This is the Mekhli and Chaubandi, the traditional attire of the Limbu community of Nepal. It is worn by Limbu women during festivals such as Chasok Tangnam and cultural ceremonies.","हरियो साड़ी लगाउने एक महिलाको पछाडि दृश्य। यो मेखली र चौबन्दी हो, नेपालको लिम्बू समुदायको परम्परागत पोशाक। यो चासोक तांगनाम र सांस्कृतिक समारोहहरूमा लिम्बू महिलाहरूले लगाउँछन्।"
nepali_dresses_augmented/limbu_dress_mekhli_and_chaubandi/67.jpg,"A young girl in traditional dress at the festival. This is the Mekhli and Chaubandi, the traditional attire of the Limbu community of Nepal. It is worn by Limbu women during festivals such as Chasok Tangnam and cultural ceremonies.","महोत्सवमा परम्परागत पोशाकमा एक युवती। यो मेखली र चौबन्दी हो, नेपालको लिम्बू समुदायको परम्परागत पोशाक। यो चासोक टंगनाम जस्ता महोत्सवहरू र सांस्कृतिक समारोहहरूमा लिम्बू महिलाहरूले लगाउँछन्।"
nepali_dresses_augmented/limbu_dress_mekhli_and_chaubandi/67_aug1.jpg,"A young girl in traditional dress at the festival. This is the Mekhli and Chaubandi, the traditional attire of the Limbu community of Nepal. It is worn by Limbu women during festivals such as Chasok Tangnam and cultural ceremonies.","महोत्सवमा परम्परागत पोशाकमा एक युवती। यो मेखली र चौबन्दी हो, नेपालको लिम्बू समुदायको परम्परागत पोशाक। यो चासोक टंगनाम जस्ता महोत्सवहरू र सांस्कृतिक समारोहहरूमा लिम्बू महिलाहरूले लगाउँछन्।"
nepali_dresses_augmented/limbu_dress_mekhli_and_chaubandi/67_aug2.jpg,"A young girl in traditional dress at the festival. This is the Mekhli and Chaubandi, the traditional attire of the Limbu community of Nepal. It is worn by Limbu women during festivals such as Chasok Tangnam and cultural ceremonies.","महोत्सवमा परम्परागत पोशाकमा एक युवती। यो मेखली र चौबन्दी हो, नेपालको लिम्बू समुदायको परम्परागत पोशाक। यो चासोक टंगनाम जस्ता महोत्सवहरू र सांस्कृतिक समारोहहरूमा लिम्बू महिलाहरूले लगाउँछन्।"
nepali_dresses_augmented/limbu_dress_mekhli_and_chaubandi/68.jpg,"A young girl in traditional costume. This is the Mekhli and Chaubandi, the traditional attire of the Limbu community of Nepal. It is worn by Limbu women during festivals such as Chasok Tangnam and cultural ceremonies.","परम्परागत पोशाकमा एक युवती। यो मेखली र चौबन्दी हो, नेपालको लिम्बू समुदायको परम्परागत पोशाक। यो लिम्बू महिलाहरूले चासोक ताङनाम जस्ता चाडहरूमा र सांस्कृतिक समारोहहरूमा लगाउँछन्।"
nepali_dresses_augmented/limbu_dress_mekhli_and_chaubandi/68_aug1.jpg,"A young girl in traditional costume. This is the Mekhli and Chaubandi, the traditional attire of the Limbu community of Nepal. It is worn by Limbu women during festivals such as Chasok Tangnam and cultural ceremonies.","परम्परागत पोशाकमा एक युवती। यो मेखली र चौबन्दी हो, नेपालको लिम्बू समुदायको परम्परागत पोशाक। यो लिम्बू महिलाहरूले चासोक ताङनाम जस्ता चाडहरूमा र सांस्कृतिक समारोहहरूमा लगाउँछन्।"
nepali_dresses_augmented/limbu_dress_mekhli_and_chaubandi/68_aug2.jpg,"A young girl in traditional costume. This is the Mekhli and Chaubandi, the traditional attire of the Limbu community of Nepal. It is worn by Limbu women during festivals such as Chasok Tangnam and cultural ceremonies.","परम्परागत पोशाकमा एक युवती। यो मेखली र चौबन्दी हो, नेपालको लिम्बू समुदायको परम्परागत पोशाक। यो लिम्बू महिलाहरूले चासोक ताङनाम जस्ता चाडहरूमा र सांस्कृतिक समारोहहरूमा लगाउँछन्।"
nepali_dresses_augmented/limbu_dress_mekhli_and_chaubandi/69.jpg,"A young girl in traditional costume. This is the Mekhli and Chaubandi, the traditional attire of the Limbu community of Nepal. It is worn by Limbu women during festivals such as Chasok Tangnam and cultural ceremonies.","परम्परागत पोशाकमा एक युवती। यो मेखली र चौबन्दी हो, नेपालको लिम्बू समुदायको परम्परागत पोशाक। यो लिम्बू महिलाहरूले चासोक ताङनाम जस्ता चाडहरूमा र सांस्कृतिक समारोहहरूमा लगाउँछन्।"
nepali_dresses_augmented/limbu_dress_mekhli_and_chaubandi/69_aug1.jpg,"A young girl in traditional costume. This is the Mekhli and Chaubandi, the traditional attire of the Limbu community of Nepal. It is worn by Limbu women during festivals such as Chasok Tangnam and cultural ceremonies.","परम्परागत पोशाकमा एक युवती। यो मेखली र चौबन्दी हो, नेपालको लिम्बू समुदायको परम्परागत पोशाक। यो लिम्बू महिलाहरूले चासोक ताङनाम जस्ता चाडहरूमा र सांस्कृतिक समारोहहरूमा लगाउँछन्।"
nepali_dresses_augmented/limbu_dress_mekhli_and_chaubandi/69_aug2.jpg,"A young girl in traditional costume. This is the Mekhli and Chaubandi, the traditional attire of the Limbu community of Nepal. It is worn by Limbu women during festivals such as Chasok Tangnam and cultural ceremonies.","परम्परागत पोशाकमा एक युवती। यो मेखली र चौबन्दी हो, नेपालको लिम्बू समुदायको परम्परागत पोशाक। यो लिम्बू महिलाहरूले चासोक ताङनाम जस्ता चाडहरूमा र सांस्कृतिक समारोहहरूमा लगाउँछन्।"
nepali_dresses_augmented/limbu_dress_mekhli_and_chaubandi/6_aug1.jpg,"A young woman dressed in traditional chinese clothing - stock image. This is the Mekhli and Chaubandi, the traditional attire of the Limbu community of Nepal. It is worn by Limbu women during festivals such as Chasok Tangnam and cultural ceremonies.","परम्परागत चिनियाँ लुगा लगाउने एक युवती - स्टक छवि। यो मेखली र चौबन्दी हो, नेपालको लिम्बू समुदायको परम्परागत पोशाक। यो चासोक ताङनाम जस्ता चाडहरूमा र सांस्कृतिक समारोहहरूमा लिम्बू महिलाहरूले लगाउँछन्।"
nepali_dresses_augmented/limbu_dress_mekhli_and_chaubandi/6_aug2.jpg,"A young woman dressed in traditional chinese clothing - stock image. This is the Mekhli and Chaubandi, the traditional attire of the Limbu community of Nepal. It is worn by Limbu women during festivals such as Chasok Tangnam and cultural ceremonies.","परम्परागत चिनियाँ लुगा लगाउने एक युवती - स्टक छवि। यो मेखली र चौबन्दी हो, नेपालको लिम्बू समुदायको परम्परागत पोशाक। यो चासोक ताङनाम जस्ता चाडहरूमा र सांस्कृतिक समारोहहरूमा लिम्बू महिलाहरूले लगाउँछन्।"
nepali_dresses_augmented/limbu_dress_mekhli_and_chaubandi/7.jpg,"A group of women dressed in traditional attire. This is the Mekhli and Chaubandi, the traditional attire of the Limbu community of Nepal. It is worn by Limbu women during festivals such as Chasok Tangnam and cultural ceremonies.","परम्परागत पोशाक लगाउने महिलाहरूको समूह। यो मेखली र चौबन्दी हो, नेपालको लिम्बू समुदायको परम्परागत पोशाक। यो चासोक ताङनाम र सांस्कृतिक समारोहहरूमा लिम्बू महिलाहरूले लगाउँछन्।"
nepali_dresses_augmented/limbu_dress_mekhli_and_chaubandi/70.jpg,"Two women dressed in traditional clothing. This is the Mekhli and Chaubandi, the traditional attire of the Limbu community of Nepal. It is worn by Limbu women during festivals such as Chasok Tangnam and cultural ceremonies.","दुई महिलाले परम्परागत कपडा लगाएका छन्। यो मेखली र चौबन्दी हो, नेपालको लिम्बू समुदायको परम्परागत पोशाक। यो लिम्बू महिलाहरूले चासोक ताङनाम जस्ता चाडहरूमा र सांस्कृतिक समारोहहरूमा लगाउँछन्।"
nepali_dresses_augmented/limbu_dress_mekhli_and_chaubandi/70_aug1.jpg,"Two women dressed in traditional clothing. This is the Mekhli and Chaubandi, the traditional attire of the Limbu community of Nepal. It is worn by Limbu women during festivals such as Chasok Tangnam and cultural ceremonies.","दुई महिलाले परम्परागत कपडा लगाएका छन्। यो मेखली र चौबन्दी हो, नेपालको लिम्बू समुदायको परम्परागत पोशाक। यो लिम्बू महिलाहरूले चासोक ताङनाम जस्ता चाडहरूमा र सांस्कृतिक समारोहहरूमा लगाउँछन्।"
nepali_dresses_augmented/limbu_dress_mekhli_and_chaubandi/70_aug2.jpg,"Two women dressed in traditional clothing. This is the Mekhli and Chaubandi, the traditional attire of the Limbu community of Nepal. It is worn by Limbu women during festivals such as Chasok Tangnam and cultural ceremonies.","दुई महिलाले परम्परागत कपडा लगाएका छन्। यो मेखली र चौबन्दी हो, नेपालको लिम्बू समुदायको परम्परागत पोशाक। यो लिम्बू महिलाहरूले चासोक ताङनाम जस्ता चाडहरूमा र सांस्कृतिक समारोहहरूमा लगाउँछन्।"
nepali_dresses_augmented/limbu_dress_mekhli_and_chaubandi/71.jpg,"A young girl in traditional costume. This is the Mekhli and Chaubandi, the traditional attire of the Limbu community of Nepal. It is worn by Limbu women during festivals such as Chasok Tangnam and cultural ceremonies.","परम्परागत पोशाकमा एक युवती। यो मेखली र चौबन्दी हो, नेपालको लिम्बू समुदायको परम्परागत पोशाक। यो लिम्बू महिलाहरूले चासोक ताङनाम जस्ता चाडहरूमा र सांस्कृतिक समारोहहरूमा लगाउँछन्।"
nepali_dresses_augmented/limbu_dress_mekhli_and_chaubandi/71_aug1.jpg,"A young girl in traditional costume. This is the Mekhli and Chaubandi, the traditional attire of the Limbu community of Nepal. It is worn by Limbu women during festivals such as Chasok Tangnam and cultural ceremonies.","परम्परागत पोशाकमा एक युवती। यो मेखली र चौबन्दी हो, नेपालको लिम्बू समुदायको परम्परागत पोशाक। यो लिम्बू महिलाहरूले चासोक ताङनाम जस्ता चाडहरूमा र सांस्कृतिक समारोहहरूमा लगाउँछन्।"
nepali_dresses_augmented/limbu_dress_mekhli_and_chaubandi/71_aug2.jpg,"A young girl in traditional costume. This is the Mekhli and Chaubandi, the traditional attire of the Limbu community of Nepal. It is worn by Limbu women during festivals such as Chasok Tangnam and cultural ceremonies.","परम्परागत पोशाकमा एक युवती। यो मेखली र चौबन्दी हो, नेपालको लिम्बू समुदायको परम्परागत पोशाक। यो लिम्बू महिलाहरूले चासोक ताङनाम जस्ता चाडहरूमा र सांस्कृतिक समारोहहरूमा लगाउँछन्।"
nepali_dresses_augmented/limbu_dress_mekhli_and_chaubandi/72.jpg,"A woman in a pink sari sitting on a chair. This is the Mekhli and Chaubandi, the traditional attire of the Limbu community of Nepal. It is worn by Limbu women during festivals such as Chasok Tangnam and cultural ceremonies.","एक महिला गुलाबी साड़ीमा कुर्सीमा बसिरहेको छ। यो मेखली र चौबन्दी हो, नेपालको लिम्बू समुदायको परम्परागत पोशाक। यो चासोक टंगनाम र सांस्कृतिक समारोहहरूमा लिम्बू महिलाहरूले लगाउँछन्।"
nepali_dresses_augmented/limbu_dress_mekhli_and_chaubandi/72_aug1.jpg,"A woman in a pink sari sitting on a chair. This is the Mekhli and Chaubandi, the traditional attire of the Limbu community of Nepal. It is worn by Limbu women during festivals such as Chasok Tangnam and cultural ceremonies.","एक महिला गुलाबी साड़ीमा कुर्सीमा बसिरहेको छ। यो मेखली र चौबन्दी हो, नेपालको लिम्बू समुदायको परम्परागत पोशाक। यो चासोक टंगनाम र सांस्कृतिक समारोहहरूमा लिम्बू महिलाहरूले लगाउँछन्।"
nepali_dresses_augmented/limbu_dress_mekhli_and_chaubandi/72_aug2.jpg,"A woman in a pink sari sitting on a chair. This is the Mekhli and Chaubandi, the traditional attire of the Limbu community of Nepal. It is worn by Limbu women during festivals such as Chasok Tangnam and cultural ceremonies.","एक महिला गुलाबी साड़ीमा कुर्सीमा बसिरहेको छ। यो मेखली र चौबन्दी हो, नेपालको लिम्बू समुदायको परम्परागत पोशाक। यो चासोक टंगनाम र सांस्कृतिक समारोहहरूमा लिम्बू महिलाहरूले लगाउँछन्।"
nepali_dresses_augmented/limbu_dress_mekhli_and_chaubandi/73.jpg,"A group of women in traditional costumes. This is the Mekhli and Chaubandi, the traditional attire of the Limbu community of Nepal. It is worn by Limbu women during festivals such as Chasok Tangnam and cultural ceremonies.","परम्परागत पोशाकमा महिलाहरूको समूह। यो मेखली र चौबन्दी हो, नेपालको लिम्बू समुदायको परम्परागत पोशाक। यो चासोक तांगनाम र सांस्कृतिक समारोहहरूमा लिम्बू महिलाहरूले लगाउँछन्।"
nepali_dresses_augmented/limbu_dress_mekhli_and_chaubandi/73_aug1.jpg,"A group of women in traditional costumes. This is the Mekhli and Chaubandi, the traditional attire of the Limbu community of Nepal. It is worn by Limbu women during festivals such as Chasok Tangnam and cultural ceremonies.","परम्परागत पोशाकमा महिलाहरूको समूह। यो मेखली र चौबन्दी हो, नेपालको लिम्बू समुदायको परम्परागत पोशाक। यो चासोक तांगनाम र सांस्कृतिक समारोहहरूमा लिम्बू महिलाहरूले लगाउँछन्।"
nepali_dresses_augmented/limbu_dress_mekhli_and_chaubandi/73_aug2.jpg,"A group of women in traditional costumes. This is the Mekhli and Chaubandi, the traditional attire of the Limbu community of Nepal. It is worn by Limbu women during festivals such as Chasok Tangnam and cultural ceremonies.","परम्परागत पोशाकमा महिलाहरूको समूह। यो मेखली र चौबन्दी हो, नेपालको लिम्बू समुदायको परम्परागत पोशाक। यो चासोक तांगनाम र सांस्कृतिक समारोहहरूमा लिम्बू महिलाहरूले लगाउँछन्।"
nepali_dresses_augmented/limbu_dress_mekhli_and_chaubandi/74.jpg,"A woman in a red and yellow sari. This is the Mekhli and Chaubandi, the traditional attire of the Limbu community of Nepal. It is worn by Limbu women during festivals such as Chasok Tangnam and cultural ceremonies.","रातो र पहेंलो साड़ीमा एक महिला। यो मेखली र चौबन्दी हो, नेपालको लिम्बू समुदायको परम्परागत पोशाक। यो चासोक तांगनाम र सांस्कृतिक समारोहहरूमा लिम्बू महिलाहरूले लगाउँछन्।"
nepali_dresses_augmented/limbu_dress_mekhli_and_chaubandi/74_aug1.jpg,"A woman in a red and yellow sari. This is the Mekhli and Chaubandi, the traditional attire of the Limbu community of Nepal. It is worn by Limbu women during festivals such as Chasok Tangnam and cultural ceremonies.","रातो र पहेंलो साड़ीमा एक महिला। यो मेखली र चौबन्दी हो, नेपालको लिम्बू समुदायको परम्परागत पोशाक। यो चासोक तांगनाम र सांस्कृतिक समारोहहरूमा लिम्बू महिलाहरूले लगाउँछन्।"
nepali_dresses_augmented/limbu_dress_mekhli_and_chaubandi/74_aug2.jpg,"A woman in a red and yellow sari. This is the Mekhli and Chaubandi, the traditional attire of the Limbu community of Nepal. It is worn by Limbu women during festivals such as Chasok Tangnam and cultural ceremonies.","रातो र पहेंलो साड़ीमा एक महिला। यो मेखली र चौबन्दी हो, नेपालको लिम्बू समुदायको परम्परागत पोशाक। यो चासोक तांगनाम र सांस्कृतिक समारोहहरूमा लिम्बू महिलाहरूले लगाउँछन्।"
nepali_dresses_augmented/limbu_dress_mekhli_and_chaubandi/75.jpg,"A group of young girls dressed in traditional costumes and headdres posing for the camera - stock image. This is the Mekhli and Chaubandi, the traditional attire of the Limbu community of Nepal. It is worn by Limbu women during festivals such as Chasok Tangnam and cultural ceremonies.",नेपालको लिम्बू समुदायको परम्परागत पोशाक मेखली र चौबन्दी हो। यो चासोक ताङनाम र सांस्कृतिक समारोहहरूमा लिम्बू महिलाहरूले लगाउने पोशाक हो।
nepali_dresses_augmented/limbu_dress_mekhli_and_chaubandi/75_aug1.jpg,"A group of young girls dressed in traditional costumes and headdres posing for the camera - stock image. This is the Mekhli and Chaubandi, the traditional attire of the Limbu community of Nepal. It is worn by Limbu women during festivals such as Chasok Tangnam and cultural ceremonies.",नेपालको लिम्बू समुदायको परम्परागत पोशाक मेखली र चौबन्दी हो। यो चासोक ताङनाम र सांस्कृतिक समारोहहरूमा लिम्बू महिलाहरूले लगाउने पोशाक हो।
nepali_dresses_augmented/limbu_dress_mekhli_and_chaubandi/75_aug2.jpg,"A group of young girls dressed in traditional costumes and headdres posing for the camera - stock image. This is the Mekhli and Chaubandi, the traditional attire of the Limbu community of Nepal. It is worn by Limbu women during festivals such as Chasok Tangnam and cultural ceremonies.",नेपालको लिम्बू समुदायको परम्परागत पोशाक मेखली र चौबन्दी हो। यो चासोक ताङनाम र सांस्कृतिक समारोहहरूमा लिम्बू महिलाहरूले लगाउने पोशाक हो।
nepali_dresses_augmented/limbu_dress_mekhli_and_chaubandi/76.jpg,"A woman in traditional costume at the festival. This is the Mekhli and Chaubandi, the traditional attire of the Limbu community of Nepal. It is worn by Limbu women during festivals such as Chasok Tangnam and cultural ceremonies.","महोत्सवमा परम्परागत पोशाकमा एक महिला। यो मेखली र चौबन्दी हो, नेपालको लिम्बू समुदायको परम्परागत पोशाक। यो चासोक तांगनाम र सांस्कृतिक समारोहहरूमा लिम्बू महिलाहरूले लगाउँछन्।"
nepali_dresses_augmented/limbu_dress_mekhli_and_chaubandi/76_aug1.jpg,"A woman in traditional costume at the festival. This is the Mekhli and Chaubandi, the traditional attire of the Limbu community of Nepal. It is worn by Limbu women during festivals such as Chasok Tangnam and cultural ceremonies.","महोत्सवमा परम्परागत पोशाकमा एक महिला। यो मेखली र चौबन्दी हो, नेपालको लिम्बू समुदायको परम्परागत पोशाक। यो चासोक तांगनाम र सांस्कृतिक समारोहहरूमा लिम्बू महिलाहरूले लगाउँछन्।"
nepali_dresses_augmented/limbu_dress_mekhli_and_chaubandi/76_aug2.jpg,"A woman in traditional costume at the festival. This is the Mekhli and Chaubandi, the traditional attire of the Limbu community of Nepal. It is worn by Limbu women during festivals such as Chasok Tangnam and cultural ceremonies.","महोत्सवमा परम्परागत पोशाकमा एक महिला। यो मेखली र चौबन्दी हो, नेपालको लिम्बू समुदायको परम्परागत पोशाक। यो चासोक तांगनाम र सांस्कृतिक समारोहहरूमा लिम्बू महिलाहरूले लगाउँछन्।"
nepali_dresses_augmented/limbu_dress_mekhli_and_chaubandi/77.jpg,"A woman in a red and gold outfit. This is the Mekhli and Chaubandi, the traditional attire of the Limbu community of Nepal. It is worn by Limbu women during festivals such as Chasok Tangnam and cultural ceremonies.","एक महिला रातो र सुनको पोशाकमा। यो मेखली र चौबन्दी हो, नेपालको लिम्बू समुदायको परम्परागत पोशाक। यो लिम्बू महिलाहरूले चासोक टंगनाम जस्ता चाडहरूमा र सांस्कृतिक समारोहहरूमा लगाउँछन्।"
nepali_dresses_augmented/limbu_dress_mekhli_and_chaubandi/77_aug1.jpg,"A woman in a red and gold outfit. This is the Mekhli and Chaubandi, the traditional attire of the Limbu community of Nepal. It is worn by Limbu women during festivals such as Chasok Tangnam and cultural ceremonies.","एक महिला रातो र सुनको पोशाकमा। यो मेखली र चौबन्दी हो, नेपालको लिम्बू समुदायको परम्परागत पोशाक। यो लिम्बू महिलाहरूले चासोक टंगनाम जस्ता चाडहरूमा र सांस्कृतिक समारोहहरूमा लगाउँछन्।"
nepali_dresses_augmented/limbu_dress_mekhli_and_chaubandi/77_aug2.jpg,"A woman in a red and gold outfit. This is the Mekhli and Chaubandi, the traditional attire of the Limbu community of Nepal. It is worn by Limbu women during festivals such as Chasok Tangnam and cultural ceremonies.","एक महिला रातो र सुनको पोशाकमा। यो मेखली र चौबन्दी हो, नेपालको लिम्बू समुदायको परम्परागत पोशाक। यो लिम्बू महिलाहरूले चासोक टंगनाम जस्ता चाडहरूमा र सांस्कृतिक समारोहहरूमा लगाउँछन्।"
nepali_dresses_augmented/limbu_dress_mekhli_and_chaubandi/78.jpg,"A man and woman dressed in traditional attire. This is the Mekhli and Chaubandi, the traditional attire of the Limbu community of Nepal. It is worn by Limbu women during festivals such as Chasok Tangnam and cultural ceremonies.","एक पुरुष र महिलाले परम्परागत पोशाक लगाएका छन्। यो मेखली र चौबन्दी हो, नेपालको लिम्बू समुदायको परम्परागत पोशाक। यो लिम्बू महिलाहरूले चासोक ताङनाम र सांस्कृतिक समारोहहरूमा लगाउँछन्।"
nepali_dresses_augmented/limbu_dress_mekhli_and_chaubandi/78_aug1.jpg,"A man and woman dressed in traditional attire. This is the Mekhli and Chaubandi, the traditional attire of the Limbu community of Nepal. It is worn by Limbu women during festivals such as Chasok Tangnam and cultural ceremonies.","एक पुरुष र महिलाले परम्परागत पोशाक लगाएका छन्। यो मेखली र चौबन्दी हो, नेपालको लिम्बू समुदायको परम्परागत पोशाक। यो लिम्बू महिलाहरूले चासोक ताङनाम र सांस्कृतिक समारोहहरूमा लगाउँछन्।"
nepali_dresses_augmented/limbu_dress_mekhli_and_chaubandi/78_aug2.jpg,"A man and woman dressed in traditional attire. This is the Mekhli and Chaubandi, the traditional attire of the Limbu community of Nepal. It is worn by Limbu women during festivals such as Chasok Tangnam and cultural ceremonies.","एक पुरुष र महिलाले परम्परागत पोशाक लगाएका छन्। यो मेखली र चौबन्दी हो, नेपालको लिम्बू समुदायको परम्परागत पोशाक। यो लिम्बू महिलाहरूले चासोक ताङनाम र सांस्कृतिक समारोहहरूमा लगाउँछन्।"
nepali_dresses_augmented/limbu_dress_mekhli_and_chaubandi/79.jpg,"A woman in a red and gold outfit holding a flower. This is the Mekhli and Chaubandi, the traditional attire of the Limbu community of Nepal. It is worn by Limbu women during festivals such as Chasok Tangnam and cultural ceremonies.","एक महिला रातो र सुनको पोशाकमा एक फूल पकडेर। यो मेखली र चौबन्दी हो, नेपालको लिम्बू समुदायको परम्परागत पोशाक। यो लिम्बू महिलाहरूले चासोक टंगनाम जस्ता चाडहरूमा र सांस्कृतिक समारोहहरूमा लगाउँछन्।"
nepali_dresses_augmented/limbu_dress_mekhli_and_chaubandi/79_aug1.jpg,"A woman in a red and gold outfit holding a flower. This is the Mekhli and Chaubandi, the traditional attire of the Limbu community of Nepal. It is worn by Limbu women during festivals such as Chasok Tangnam and cultural ceremonies.","एक महिला रातो र सुनको पोशाकमा एक फूल पकडेर। यो मेखली र चौबन्दी हो, नेपालको लिम्बू समुदायको परम्परागत पोशाक। यो लिम्बू महिलाहरूले चासोक टंगनाम जस्ता चाडहरूमा र सांस्कृतिक समारोहहरूमा लगाउँछन्।"
nepali_dresses_augmented/limbu_dress_mekhli_and_chaubandi/79_aug2.jpg,"A woman in a red and gold outfit holding a flower. This is the Mekhli and Chaubandi, the traditional attire of the Limbu community of Nepal. It is worn by Limbu women during festivals such as Chasok Tangnam and cultural ceremonies.","एक महिला रातो र सुनको पोशाकमा एक फूल पकडेर। यो मेखली र चौबन्दी हो, नेपालको लिम्बू समुदायको परम्परागत पोशाक। यो लिम्बू महिलाहरूले चासोक टंगनाम जस्ता चाडहरूमा र सांस्कृतिक समारोहहरूमा लगाउँछन्।"
nepali_dresses_augmented/limbu_dress_mekhli_and_chaubandi/7_aug1.jpg,"A group of women dressed in traditional attire. This is the Mekhli and Chaubandi, the traditional attire of the Limbu community of Nepal. It is worn by Limbu women during festivals such as Chasok Tangnam and cultural ceremonies.","परम्परागत पोशाक लगाउने महिलाहरूको समूह। यो मेखली र चौबन्दी हो, नेपालको लिम्बू समुदायको परम्परागत पोशाक। यो चासोक ताङनाम र सांस्कृतिक समारोहहरूमा लिम्बू महिलाहरूले लगाउँछन्।"
nepali_dresses_augmented/limbu_dress_mekhli_and_chaubandi/7_aug2.jpg,"A group of women dressed in traditional attire. This is the Mekhli and Chaubandi, the traditional attire of the Limbu community of Nepal. It is worn by Limbu women during festivals such as Chasok Tangnam and cultural ceremonies.","परम्परागत पोशाक लगाउने महिलाहरूको समूह। यो मेखली र चौबन्दी हो, नेपालको लिम्बू समुदायको परम्परागत पोशाक। यो चासोक ताङनाम र सांस्कृतिक समारोहहरूमा लिम्बू महिलाहरूले लगाउँछन्।"
nepali_dresses_augmented/limbu_dress_mekhli_and_chaubandi/8.jpg,"A woman in a red and gold outfit. This is the Mekhli and Chaubandi, the traditional attire of the Limbu community of Nepal. It is worn by Limbu women during festivals such as Chasok Tangnam and cultural ceremonies.","एक महिला रातो र सुनको पोशाकमा। यो मेखली र चौबन्दी हो, नेपालको लिम्बू समुदायको परम्परागत पोशाक। यो लिम्बू महिलाहरूले चासोक टंगनाम जस्ता चाडहरूमा र सांस्कृतिक समारोहहरूमा लगाउँछन्।"
nepali_dresses_augmented/limbu_dress_mekhli_and_chaubandi/80.jpg,"A woman dressed in traditional costume. This is the Mekhli and Chaubandi, the traditional attire of the Limbu community of Nepal. It is worn by Limbu women during festivals such as Chasok Tangnam and cultural ceremonies.","एक महिला परम्परागत पोशाकमा लुगा लगाउँछिन्। यो मेखली र चौबन्दी हो, नेपालको लिम्बू समुदायको परम्परागत पोशाक। यो लिम्बू महिलाहरूले चासोक तांगनाम जस्ता चाडहरूमा र सांस्कृतिक समारोहहरूमा लगाउँदछन्।"
nepali_dresses_augmented/limbu_dress_mekhli_and_chaubandi/80_aug1.jpg,"A woman dressed in traditional costume. This is the Mekhli and Chaubandi, the traditional attire of the Limbu community of Nepal. It is worn by Limbu women during festivals such as Chasok Tangnam and cultural ceremonies.","एक महिला परम्परागत पोशाकमा लुगा लगाउँछिन्। यो मेखली र चौबन्दी हो, नेपालको लिम्बू समुदायको परम्परागत पोशाक। यो लिम्बू महिलाहरूले चासोक तांगनाम जस्ता चाडहरूमा र सांस्कृतिक समारोहहरूमा लगाउँदछन्।"
nepali_dresses_augmented/limbu_dress_mekhli_and_chaubandi/80_aug2.jpg,"A woman dressed in traditional costume. This is the Mekhli and Chaubandi, the traditional attire of the Limbu community of Nepal. It is worn by Limbu women during festivals such as Chasok Tangnam and cultural ceremonies.","एक महिला परम्परागत पोशाकमा लुगा लगाउँछिन्। यो मेखली र चौबन्दी हो, नेपालको लिम्बू समुदायको परम्परागत पोशाक। यो लिम्बू महिलाहरूले चासोक तांगनाम जस्ता चाडहरूमा र सांस्कृतिक समारोहहरूमा लगाउँदछन्।"
nepali_dresses_augmented/limbu_dress_mekhli_and_chaubandi/81.jpg,"An image of a woman wearing a headdre. This is the Mekhli and Chaubandi, the traditional attire of the Limbu community of Nepal. It is worn by Limbu women during festivals such as Chasok Tangnam and cultural ceremonies.","यो मेखली र चौबन्दी हो, नेपालको लिम्बू समुदायको परम्परागत पोशाक हो। यो चासोक ताङनाम जस्ता चाडहरूमा लिम्बू महिलाहरूले लगाउँछन् र सांस्कृतिक समारोहहरूमा लगाउँछन्।"
nepali_dresses_augmented/limbu_dress_mekhli_and_chaubandi/81_aug1.jpg,"An image of a woman wearing a headdre. This is the Mekhli and Chaubandi, the traditional attire of the Limbu community of Nepal. It is worn by Limbu women during festivals such as Chasok Tangnam and cultural ceremonies.","यो मेखली र चौबन्दी हो, नेपालको लिम्बू समुदायको परम्परागत पोशाक हो। यो चासोक ताङनाम जस्ता चाडहरूमा लिम्बू महिलाहरूले लगाउँछन् र सांस्कृतिक समारोहहरूमा लगाउँछन्।"
nepali_dresses_augmented/limbu_dress_mekhli_and_chaubandi/81_aug2.jpg,"An image of a woman wearing a headdre. This is the Mekhli and Chaubandi, the traditional attire of the Limbu community of Nepal. It is worn by Limbu women during festivals such as Chasok Tangnam and cultural ceremonies.","यो मेखली र चौबन्दी हो, नेपालको लिम्बू समुदायको परम्परागत पोशाक हो। यो चासोक ताङनाम जस्ता चाडहरूमा लिम्बू महिलाहरूले लगाउँछन् र सांस्कृतिक समारोहहरूमा लगाउँछन्।"
nepali_dresses_augmented/limbu_dress_mekhli_and_chaubandi/82.jpg,"A woman in a traditional indian sari outfit. This is the Mekhli and Chaubandi, the traditional attire of the Limbu community of Nepal. It is worn by Limbu women during festivals such as Chasok Tangnam and cultural ceremonies.","एक महिला परम्परागत भारतीय साड़ी पोशाकमा। यो मेखली र चौबन्दी हो, नेपालको लिम्बू समुदायको परम्परागत पोशाक। यो लिम्बू महिलाहरूले चासोक टंगनाम जस्ता चाडहरूमा र सांस्कृतिक समारोहहरूमा लगाउँछन्।"
nepali_dresses_augmented/limbu_dress_mekhli_and_chaubandi/82_aug1.jpg,"A woman in a traditional indian sari outfit. This is the Mekhli and Chaubandi, the traditional attire of the Limbu community of Nepal. It is worn by Limbu women during festivals such as Chasok Tangnam and cultural ceremonies.","एक महिला परम्परागत भारतीय साड़ी पोशाकमा। यो मेखली र चौबन्दी हो, नेपालको लिम्बू समुदायको परम्परागत पोशाक। यो लिम्बू महिलाहरूले चासोक टंगनाम जस्ता चाडहरूमा र सांस्कृतिक समारोहहरूमा लगाउँछन्।"
nepali_dresses_augmented/limbu_dress_mekhli_and_chaubandi/82_aug2.jpg,"A woman in a traditional indian sari outfit. This is the Mekhli and Chaubandi, the traditional attire of the Limbu community of Nepal. It is worn by Limbu women during festivals such as Chasok Tangnam and cultural ceremonies.","एक महिला परम्परागत भारतीय साड़ी पोशाकमा। यो मेखली र चौबन्दी हो, नेपालको लिम्बू समुदायको परम्परागत पोशाक। यो लिम्बू महिलाहरूले चासोक टंगनाम जस्ता चाडहरूमा र सांस्कृतिक समारोहहरूमा लगाउँछन्।"
nepali_dresses_augmented/limbu_dress_mekhli_and_chaubandi/83.jpg,"A group of people dressed in colorful costumes. This is the Mekhli and Chaubandi, the traditional attire of the Limbu community of Nepal. It is worn by Limbu women during festivals such as Chasok Tangnam and cultural ceremonies.",नेपालको लिम्बू समुदायको परम्परागत पोशाक मेखली र चौबन्दी हो। यो चासोक ताङनाम जस्ता चाडपर्व र सांस्कृतिक समारोहहरूमा लिम्बू महिलाहरूले लगाउने पोशाक हो।
nepali_dresses_augmented/limbu_dress_mekhli_and_chaubandi/83_aug1.jpg,"A group of people dressed in colorful costumes. This is the Mekhli and Chaubandi, the traditional attire of the Limbu community of Nepal. It is worn by Limbu women during festivals such as Chasok Tangnam and cultural ceremonies.",नेपालको लिम्बू समुदायको परम्परागत पोशाक मेखली र चौबन्दी हो। यो चासोक ताङनाम जस्ता चाडपर्व र सांस्कृतिक समारोहहरूमा लिम्बू महिलाहरूले लगाउने पोशाक हो।
nepali_dresses_augmented/limbu_dress_mekhli_and_chaubandi/83_aug2.jpg,"A group of people dressed in colorful costumes. This is the Mekhli and Chaubandi, the traditional attire of the Limbu community of Nepal. It is worn by Limbu women during festivals such as Chasok Tangnam and cultural ceremonies.",नेपालको लिम्बू समुदायको परम्परागत पोशाक मेखली र चौबन्दी हो। यो चासोक ताङनाम जस्ता चाडपर्व र सांस्कृतिक समारोहहरूमा लिम्बू महिलाहरूले लगाउने पोशाक हो।
nepali_dresses_augmented/limbu_dress_mekhli_and_chaubandi/84.jpg,"A woman wearing a red and white outfit. This is the Mekhli and Chaubandi, the traditional attire of the Limbu community of Nepal. It is worn by Limbu women during festivals such as Chasok Tangnam and cultural ceremonies.","एक महिलाले रातो र सेतो पोशाक लगाउँछिन्। यो मेखली र चौबन्दी हो, नेपालको लिम्बू समुदायको परम्परागत पोशाक हो। यो लिम्बू महिलाहरूले चासोक ताङनाम जस्ता चाडहरूमा र सांस्कृतिक समारोहहरूमा लगाउँदछन्।"
nepali_dresses_augmented/limbu_dress_mekhli_and_chaubandi/84_aug1.jpg,"A woman wearing a red and white outfit. This is the Mekhli and Chaubandi, the traditional attire of the Limbu community of Nepal. It is worn by Limbu women during festivals such as Chasok Tangnam and cultural ceremonies.","एक महिलाले रातो र सेतो पोशाक लगाउँछिन्। यो मेखली र चौबन्दी हो, नेपालको लिम्बू समुदायको परम्परागत पोशाक हो। यो लिम्बू महिलाहरूले चासोक ताङनाम जस्ता चाडहरूमा र सांस्कृतिक समारोहहरूमा लगाउँदछन्।"
nepali_dresses_augmented/limbu_dress_mekhli_and_chaubandi/84_aug2.jpg,"A woman wearing a red and white outfit. This is the Mekhli and Chaubandi, the traditional attire of the Limbu community of Nepal. It is worn by Limbu women during festivals such as Chasok Tangnam and cultural ceremonies.","एक महिलाले रातो र सेतो पोशाक लगाउँछिन्। यो मेखली र चौबन्दी हो, नेपालको लिम्बू समुदायको परम्परागत पोशाक हो। यो लिम्बू महिलाहरूले चासोक ताङनाम जस्ता चाडहरूमा र सांस्कृतिक समारोहहरूमा लगाउँदछन्।"
nepali_dresses_augmented/limbu_dress_mekhli_and_chaubandi/85.jpg,"A beautiful young woman in traditional clothing stock photo. This is the Mekhli and Chaubandi, the traditional attire of the Limbu community of Nepal. It is worn by Limbu women during festivals such as Chasok Tangnam and cultural ceremonies.","परम्परागत कपडा स्टक फोटोमा एक सुन्दर युवती। यो मेखली र चौबन्दी हो, नेपालको लिम्बू समुदायको परम्परागत पोशाक हो। यो चासोक ताङनाम जस्ता चाडहरूमा र सांस्कृतिक समारोहहरूमा लिम्बू महिलाहरूले लगाउँछन्।"
nepali_dresses_augmented/limbu_dress_mekhli_and_chaubandi/85_aug1.jpg,"A beautiful young woman in traditional clothing stock photo. This is the Mekhli and Chaubandi, the traditional attire of the Limbu community of Nepal. It is worn by Limbu women during festivals such as Chasok Tangnam and cultural ceremonies.","परम्परागत कपडा स्टक फोटोमा एक सुन्दर युवती। यो मेखली र चौबन्दी हो, नेपालको लिम्बू समुदायको परम्परागत पोशाक हो। यो चासोक ताङनाम जस्ता चाडहरूमा र सांस्कृतिक समारोहहरूमा लिम्बू महिलाहरूले लगाउँछन्।"
nepali_dresses_augmented/limbu_dress_mekhli_and_chaubandi/85_aug2.jpg,"A beautiful young woman in traditional clothing stock photo. This is the Mekhli and Chaubandi, the traditional attire of the Limbu community of Nepal. It is worn by Limbu women during festivals such as Chasok Tangnam and cultural ceremonies.","परम्परागत कपडा स्टक फोटोमा एक सुन्दर युवती। यो मेखली र चौबन्दी हो, नेपालको लिम्बू समुदायको परम्परागत पोशाक हो। यो चासोक ताङनाम जस्ता चाडहरूमा र सांस्कृतिक समारोहहरूमा लिम्बू महिलाहरूले लगाउँछन्।"
nepali_dresses_augmented/limbu_dress_mekhli_and_chaubandi/86.jpg,"Two young girls dressed in traditional costumes. This is the Mekhli and Chaubandi, the traditional attire of the Limbu community of Nepal. It is worn by Limbu women during festivals such as Chasok Tangnam and cultural ceremonies.","दुई युवतीले परम्परागत पोशाक लगाएका छन्। यो मेखली र चौबन्दी हो, नेपालको लिम्बू समुदायको परम्परागत पोशाक हो। यो चासोक ताङनाम र सांस्कृतिक समारोहहरूमा लिम्बू महिलाहरूले लगाउँछन्।"
nepali_dresses_augmented/limbu_dress_mekhli_and_chaubandi/86_aug1.jpg,"Two young girls dressed in traditional costumes. This is the Mekhli and Chaubandi, the traditional attire of the Limbu community of Nepal. It is worn by Limbu women during festivals such as Chasok Tangnam and cultural ceremonies.","दुई युवतीले परम्परागत पोशाक लगाएका छन्। यो मेखली र चौबन्दी हो, नेपालको लिम्बू समुदायको परम्परागत पोशाक हो। यो चासोक ताङनाम र सांस्कृतिक समारोहहरूमा लिम्बू महिलाहरूले लगाउँछन्।"
nepali_dresses_augmented/limbu_dress_mekhli_and_chaubandi/86_aug2.jpg,"Two young girls dressed in traditional costumes. This is the Mekhli and Chaubandi, the traditional attire of the Limbu community of Nepal. It is worn by Limbu women during festivals such as Chasok Tangnam and cultural ceremonies.","दुई युवतीले परम्परागत पोशाक लगाएका छन्। यो मेखली र चौबन्दी हो, नेपालको लिम्बू समुदायको परम्परागत पोशाक हो। यो चासोक ताङनाम र सांस्कृतिक समारोहहरूमा लिम्बू महिलाहरूले लगाउँछन्।"
nepali_dresses_augmented/limbu_dress_mekhli_and_chaubandi/87.jpg,"A woman in a traditional costume smoking a cigarette. This is the Mekhli and Chaubandi, the traditional attire of the Limbu community of Nepal. It is worn by Limbu women during festivals such as Chasok Tangnam and cultural ceremonies.","एक महिला परम्परागत पोशाकमा धुम्रपान गर्दै। यो मेखली र चौबन्दी हो, नेपालको लिम्बू समुदायको परम्परागत पोशाक। यो चासोक तांगनाम र सांस्कृतिक समारोहहरूमा लिम्बू महिलाहरूले लगाउँछन्।"
nepali_dresses_augmented/limbu_dress_mekhli_and_chaubandi/87_aug1.jpg,"A woman in a traditional costume smoking a cigarette. This is the Mekhli and Chaubandi, the traditional attire of the Limbu community of Nepal. It is worn by Limbu women during festivals such as Chasok Tangnam and cultural ceremonies.","एक महिला परम्परागत पोशाकमा धुम्रपान गर्दै। यो मेखली र चौबन्दी हो, नेपालको लिम्बू समुदायको परम्परागत पोशाक। यो चासोक तांगनाम र सांस्कृतिक समारोहहरूमा लिम्बू महिलाहरूले लगाउँछन्।"
nepali_dresses_augmented/limbu_dress_mekhli_and_chaubandi/87_aug2.jpg,"A woman in a traditional costume smoking a cigarette. This is the Mekhli and Chaubandi, the traditional attire of the Limbu community of Nepal. It is worn by Limbu women during festivals such as Chasok Tangnam and cultural ceremonies.","एक महिला परम्परागत पोशाकमा धुम्रपान गर्दै। यो मेखली र चौबन्दी हो, नेपालको लिम्बू समुदायको परम्परागत पोशाक। यो चासोक तांगनाम र सांस्कृतिक समारोहहरूमा लिम्बू महिलाहरूले लगाउँछन्।"
nepali_dresses_augmented/limbu_dress_mekhli_and_chaubandi/88.jpg,"A group of men in traditional clothing posing for the camera - stock image. This is the Mekhli and Chaubandi, the traditional attire of the Limbu community of Nepal. It is worn by Limbu women during festivals such as Chasok Tangnam and cultural ceremonies.","यो मेखली र चौबन्दी हो, नेपालको लिम्बू समुदायको परम्परागत पोशाक हो। यो चासोक टंगनाम जस्ता चाडपर्व र सांस्कृतिक समारोहहरूमा लिम्बू महिलाहरूले लगाउँछन्।"
nepali_dresses_augmented/limbu_dress_mekhli_and_chaubandi/88_aug1.jpg,"A group of men in traditional clothing posing for the camera - stock image. This is the Mekhli and Chaubandi, the traditional attire of the Limbu community of Nepal. It is worn by Limbu women during festivals such as Chasok Tangnam and cultural ceremonies.","यो मेखली र चौबन्दी हो, नेपालको लिम्बू समुदायको परम्परागत पोशाक हो। यो चासोक टंगनाम जस्ता चाडपर्व र सांस्कृतिक समारोहहरूमा लिम्बू महिलाहरूले लगाउँछन्।"
nepali_dresses_augmented/limbu_dress_mekhli_and_chaubandi/88_aug2.jpg,"A group of men in traditional clothing posing for the camera - stock image. This is the Mekhli and Chaubandi, the traditional attire of the Limbu community of Nepal. It is worn by Limbu women during festivals such as Chasok Tangnam and cultural ceremonies.","यो मेखली र चौबन्दी हो, नेपालको लिम्बू समुदायको परम्परागत पोशाक हो। यो चासोक टंगनाम जस्ता चाडपर्व र सांस्कृतिक समारोहहरूमा लिम्बू महिलाहरूले लगाउँछन्।"
nepali_dresses_augmented/limbu_dress_mekhli_and_chaubandi/89.jpg,"A woman wearing a blue dress and headpiece. This is the Mekhli and Chaubandi, the traditional attire of the Limbu community of Nepal. It is worn by Limbu women during festivals such as Chasok Tangnam and cultural ceremonies.","नीलो पोशाक र हेडपीस लगाउने एक महिला। यो मेखली र चौबन्दी हो, नेपालको लिम्बू समुदायको परम्परागत पोशाक। यो चासोक तांगनाम र सांस्कृतिक समारोहहरूमा लिम्बू महिलाहरूले लगाउँछन्।"
nepali_dresses_augmented/limbu_dress_mekhli_and_chaubandi/89_aug1.jpg,"A woman wearing a blue dress and headpiece. This is the Mekhli and Chaubandi, the traditional attire of the Limbu community of Nepal. It is worn by Limbu women during festivals such as Chasok Tangnam and cultural ceremonies.","नीलो पोशाक र हेडपीस लगाउने एक महिला। यो मेखली र चौबन्दी हो, नेपालको लिम्बू समुदायको परम्परागत पोशाक। यो चासोक तांगनाम र सांस्कृतिक समारोहहरूमा लिम्बू महिलाहरूले लगाउँछन्।"
nepali_dresses_augmented/limbu_dress_mekhli_and_chaubandi/89_aug2.jpg,"A woman wearing a blue dress and headpiece. This is the Mekhli and Chaubandi, the traditional attire of the Limbu community of Nepal. It is worn by Limbu women during festivals such as Chasok Tangnam and cultural ceremonies.","नीलो पोशाक र हेडपीस लगाउने एक महिला। यो मेखली र चौबन्दी हो, नेपालको लिम्बू समुदायको परम्परागत पोशाक। यो चासोक तांगनाम र सांस्कृतिक समारोहहरूमा लिम्बू महिलाहरूले लगाउँछन्।"
nepali_dresses_augmented/limbu_dress_mekhli_and_chaubandi/8_aug1.jpg,"A woman in a red and gold outfit. This is the Mekhli and Chaubandi, the traditional attire of the Limbu community of Nepal. It is worn by Limbu women during festivals such as Chasok Tangnam and cultural ceremonies.","एक महिला रातो र सुनको पोशाकमा। यो मेखली र चौबन्दी हो, नेपालको लिम्बू समुदायको परम्परागत पोशाक। यो लिम्बू महिलाहरूले चासोक टंगनाम जस्ता चाडहरूमा र सांस्कृतिक समारोहहरूमा लगाउँछन्।"
nepali_dresses_augmented/limbu_dress_mekhli_and_chaubandi/8_aug2.jpg,"A woman in a red and gold outfit. This is the Mekhli and Chaubandi, the traditional attire of the Limbu community of Nepal. It is worn by Limbu women during festivals such as Chasok Tangnam and cultural ceremonies.","एक महिला रातो र सुनको पोशाकमा। यो मेखली र चौबन्दी हो, नेपालको लिम्बू समुदायको परम्परागत पोशाक। यो लिम्बू महिलाहरूले चासोक टंगनाम जस्ता चाडहरूमा र सांस्कृतिक समारोहहरूमा लगाउँछन्।"
nepali_dresses_augmented/limbu_dress_mekhli_and_chaubandi/9.jpg,"A woman dressed in traditional costume. This is the Mekhli and Chaubandi, the traditional attire of the Limbu community of Nepal. It is worn by Limbu women during festivals such as Chasok Tangnam and cultural ceremonies.","एक महिला परम्परागत पोशाकमा लुगा लगाउँछिन्। यो मेखली र चौबन्दी हो, नेपालको लिम्बू समुदायको परम्परागत पोशाक। यो लिम्बू महिलाहरूले चासोक तांगनाम जस्ता चाडहरूमा र सांस्कृतिक समारोहहरूमा लगाउँदछन्।"
nepali_dresses_augmented/limbu_dress_mekhli_and_chaubandi/90.jpg,"A woman dressed in traditional indian attire. This is the Mekhli and Chaubandi, the traditional attire of the Limbu community of Nepal. It is worn by Limbu women during festivals such as Chasok Tangnam and cultural ceremonies.","एक महिला परम्परागत भारतीय पोशाकमा लुगा लगाउँछिन्। यो मेखली र चौबन्दी हो, नेपालको लिम्बू समुदायको परम्परागत पोशाक। यो लिम्बू महिलाहरूले चासोक टंगनाम र सांस्कृतिक समारोहहरूमा लगाउँदछन्।"
nepali_dresses_augmented/limbu_dress_mekhli_and_chaubandi/90_aug1.jpg,"A woman dressed in traditional indian attire. This is the Mekhli and Chaubandi, the traditional attire of the Limbu community of Nepal. It is worn by Limbu women during festivals such as Chasok Tangnam and cultural ceremonies.","एक महिला परम्परागत भारतीय पोशाकमा लुगा लगाउँछिन्। यो मेखली र चौबन्दी हो, नेपालको लिम्बू समुदायको परम्परागत पोशाक। यो लिम्बू महिलाहरूले चासोक टंगनाम र सांस्कृतिक समारोहहरूमा लगाउँदछन्।"
nepali_dresses_augmented/limbu_dress_mekhli_and_chaubandi/90_aug2.jpg,"A woman dressed in traditional indian attire. This is the Mekhli and Chaubandi, the traditional attire of the Limbu community of Nepal. It is worn by Limbu women during festivals such as Chasok Tangnam and cultural ceremonies.","एक महिला परम्परागत भारतीय पोशाकमा लुगा लगाउँछिन्। यो मेखली र चौबन्दी हो, नेपालको लिम्बू समुदायको परम्परागत पोशाक। यो लिम्बू महिलाहरूले चासोक टंगनाम र सांस्कृतिक समारोहहरूमा लगाउँदछन्।"
nepali_dresses_augmented/limbu_dress_mekhli_and_chaubandi/91.jpg,"A beautiful young woman in traditional costume. This is the Mekhli and Chaubandi, the traditional attire of the Limbu community of Nepal. It is worn by Limbu women during festivals such as Chasok Tangnam and cultural ceremonies.","एक सुन्दर युवती परम्परागत पोशाकमा। यो मेखली र चौबन्दी हो, नेपालको लिम्बू समुदायको परम्परागत पोशाक। यो लिम्बू महिलाहरूले चासोक ताङनाम जस्ता चाडहरूमा र सांस्कृतिक समारोहहरूमा लगाउँछन्।"
nepali_dresses_augmented/limbu_dress_mekhli_and_chaubandi/91_aug1.jpg,"A beautiful young woman in traditional costume. This is the Mekhli and Chaubandi, the traditional attire of the Limbu community of Nepal. It is worn by Limbu women during festivals such as Chasok Tangnam and cultural ceremonies.","एक सुन्दर युवती परम्परागत पोशाकमा। यो मेखली र चौबन्दी हो, नेपालको लिम्बू समुदायको परम्परागत पोशाक। यो लिम्बू महिलाहरूले चासोक ताङनाम जस्ता चाडहरूमा र सांस्कृतिक समारोहहरूमा लगाउँछन्।"
nepali_dresses_augmented/limbu_dress_mekhli_and_chaubandi/91_aug2.jpg,"A beautiful young woman in traditional costume. This is the Mekhli and Chaubandi, the traditional attire of the Limbu community of Nepal. It is worn by Limbu women during festivals such as Chasok Tangnam and cultural ceremonies.","एक सुन्दर युवती परम्परागत पोशाकमा। यो मेखली र चौबन्दी हो, नेपालको लिम्बू समुदायको परम्परागत पोशाक। यो लिम्बू महिलाहरूले चासोक ताङनाम जस्ता चाडहरूमा र सांस्कृतिक समारोहहरूमा लगाउँछन्।"
nepali_dresses_augmented/limbu_dress_mekhli_and_chaubandi/92.jpg,"An asian woman in traditional clothing stock photo. This is the Mekhli and Chaubandi, the traditional attire of the Limbu community of Nepal. It is worn by Limbu women during festivals such as Chasok Tangnam and cultural ceremonies.","परम्परागत कपडा स्टक फोटोमा एक एशियाली महिला। यो मेखली र चौबन्दी हो, नेपालको लिम्बू समुदायको परम्परागत पोशाक। यो चासोक तांगनाम र सांस्कृतिक समारोहहरूमा लिम्बू महिलाहरूले लगाउँछन्।"
nepali_dresses_augmented/limbu_dress_mekhli_and_chaubandi/92_aug1.jpg,"An asian woman in traditional clothing stock photo. This is the Mekhli and Chaubandi, the traditional attire of the Limbu community of Nepal. It is worn by Limbu women during festivals such as Chasok Tangnam and cultural ceremonies.","परम्परागत कपडा स्टक फोटोमा एक एशियाली महिला। यो मेखली र चौबन्दी हो, नेपालको लिम्बू समुदायको परम्परागत पोशाक। यो चासोक तांगनाम र सांस्कृतिक समारोहहरूमा लिम्बू महिलाहरूले लगाउँछन्।"
nepali_dresses_augmented/limbu_dress_mekhli_and_chaubandi/92_aug2.jpg,"An asian woman in traditional clothing stock photo. This is the Mekhli and Chaubandi, the traditional attire of the Limbu community of Nepal. It is worn by Limbu women during festivals such as Chasok Tangnam and cultural ceremonies.","परम्परागत कपडा स्टक फोटोमा एक एशियाली महिला। यो मेखली र चौबन्दी हो, नेपालको लिम्बू समुदायको परम्परागत पोशाक। यो चासोक तांगनाम र सांस्कृतिक समारोहहरूमा लिम्बू महिलाहरूले लगाउँछन्।"
nepali_dresses_augmented/limbu_dress_mekhli_and_chaubandi/93.jpg,"A woman in traditional costume. This is the Mekhli and Chaubandi, the traditional attire of the Limbu community of Nepal. It is worn by Limbu women during festivals such as Chasok Tangnam and cultural ceremonies.","एक महिला परम्परागत पोशाकमा। यो मेखली र चौबन्दी हो, नेपालको लिम्बू समुदायको परम्परागत पोशाक। यो लिम्बू महिलाहरूले चासोक तांगनाम र सांस्कृतिक समारोहहरूमा लगाउँछन्।"
nepali_dresses_augmented/limbu_dress_mekhli_and_chaubandi/93_aug1.jpg,"A woman in traditional costume. This is the Mekhli and Chaubandi, the traditional attire of the Limbu community of Nepal. It is worn by Limbu women during festivals such as Chasok Tangnam and cultural ceremonies.","एक महिला परम्परागत पोशाकमा। यो मेखली र चौबन्दी हो, नेपालको लिम्बू समुदायको परम्परागत पोशाक। यो लिम्बू महिलाहरूले चासोक तांगनाम र सांस्कृतिक समारोहहरूमा लगाउँछन्।"
nepali_dresses_augmented/limbu_dress_mekhli_and_chaubandi/93_aug2.jpg,"A woman in traditional costume. This is the Mekhli and Chaubandi, the traditional attire of the Limbu community of Nepal. It is worn by Limbu women during festivals such as Chasok Tangnam and cultural ceremonies.","एक महिला परम्परागत पोशाकमा। यो मेखली र चौबन्दी हो, नेपालको लिम्बू समुदायको परम्परागत पोशाक। यो लिम्बू महिलाहरूले चासोक तांगनाम र सांस्कृतिक समारोहहरूमा लगाउँछन्।"
nepali_dresses_augmented/limbu_dress_mekhli_and_chaubandi/94.jpg,"A woman in a colorful dress and headpiece. This is the Mekhli and Chaubandi, the traditional attire of the Limbu community of Nepal. It is worn by Limbu women during festivals such as Chasok Tangnam and cultural ceremonies.","एक रंगीन पोशाक र हेडपीसमा एक महिला। यो मेखली र चौबन्दी हो, नेपालको लिम्बू समुदायको परम्परागत पोशाक। यो चासोक तांगनाम र सांस्कृतिक समारोहहरूमा लिम्बू महिलाहरूले लगाउँछन्।"
nepali_dresses_augmented/limbu_dress_mekhli_and_chaubandi/94_aug1.jpg,"A woman in a colorful dress and headpiece. This is the Mekhli and Chaubandi, the traditional attire of the Limbu community of Nepal. It is worn by Limbu women during festivals such as Chasok Tangnam and cultural ceremonies.","एक रंगीन पोशाक र हेडपीसमा एक महिला। यो मेखली र चौबन्दी हो, नेपालको लिम्बू समुदायको परम्परागत पोशाक। यो चासोक तांगनाम र सांस्कृतिक समारोहहरूमा लिम्बू महिलाहरूले लगाउँछन्।"
nepali_dresses_augmented/limbu_dress_mekhli_and_chaubandi/94_aug2.jpg,"A woman in a colorful dress and headpiece. This is the Mekhli and Chaubandi, the traditional attire of the Limbu community of Nepal. It is worn by Limbu women during festivals such as Chasok Tangnam and cultural ceremonies.","एक रंगीन पोशाक र हेडपीसमा एक महिला। यो मेखली र चौबन्दी हो, नेपालको लिम्बू समुदायको परम्परागत पोशाक। यो चासोक तांगनाम र सांस्कृतिक समारोहहरूमा लिम्बू महिलाहरूले लगाउँछन्।"
nepali_dresses_augmented/limbu_dress_mekhli_and_chaubandi/95.jpg,"A man in a white shirt and red patterned vest. This is the Mekhli and Chaubandi, the traditional attire of the Limbu community of Nepal. It is worn by Limbu women during festivals such as Chasok Tangnam and cultural ceremonies.","एक सेतो शर्ट र रातो ढाँचाको ज्याकेटमा एक पुरुष। यो मेखली र चौबन्दी हो, नेपालको लिम्बू समुदायको परम्परागत पोशाक। यो चासोक तांगनाम र सांस्कृतिक समारोहहरूमा लिम्बू महिलाहरूले लगाउँछन्।"
nepali_dresses_augmented/limbu_dress_mekhli_and_chaubandi/95_aug1.jpg,"A man in a white shirt and red patterned vest. This is the Mekhli and Chaubandi, the traditional attire of the Limbu community of Nepal. It is worn by Limbu women during festivals such as Chasok Tangnam and cultural ceremonies.","एक सेतो शर्ट र रातो ढाँचाको ज्याकेटमा एक पुरुष। यो मेखली र चौबन्दी हो, नेपालको लिम्बू समुदायको परम्परागत पोशाक। यो चासोक तांगनाम र सांस्कृतिक समारोहहरूमा लिम्बू महिलाहरूले लगाउँछन्।"
nepali_dresses_augmented/limbu_dress_mekhli_and_chaubandi/95_aug2.jpg,"A man in a white shirt and red patterned vest. This is the Mekhli and Chaubandi, the traditional attire of the Limbu community of Nepal. It is worn by Limbu women during festivals such as Chasok Tangnam and cultural ceremonies.","एक सेतो शर्ट र रातो ढाँचाको ज्याकेटमा एक पुरुष। यो मेखली र चौबन्दी हो, नेपालको लिम्बू समुदायको परम्परागत पोशाक। यो चासोक तांगनाम र सांस्कृतिक समारोहहरूमा लिम्बू महिलाहरूले लगाउँछन्।"
nepali_dresses_augmented/limbu_dress_mekhli_and_chaubandi/96.jpg,"A group of people dressed in traditional clothing posing for the camera - stock image. This is the Mekhli and Chaubandi, the traditional attire of the Limbu community of Nepal. It is worn by Limbu women during festivals such as Chasok Tangnam and cultural ceremonies.","यो मेखली र चौबन्दी, नेपालको लिम्बू समुदायको परम्परागत पोशाक हो। यो चासोक टंगनाम र सांस्कृतिक समारोहहरूमा लिम्बू महिलाहरूले लगाउँछन्।"
nepali_dresses_augmented/limbu_dress_mekhli_and_chaubandi/96_aug1.jpg,"A group of people dressed in traditional clothing posing for the camera - stock image. This is the Mekhli and Chaubandi, the traditional attire of the Limbu community of Nepal. It is worn by Limbu women during festivals such as Chasok Tangnam and cultural ceremonies.","यो मेखली र चौबन्दी, नेपालको लिम्बू समुदायको परम्परागत पोशाक हो। यो चासोक टंगनाम र सांस्कृतिक समारोहहरूमा लिम्बू महिलाहरूले लगाउँछन्।"
nepali_dresses_augmented/limbu_dress_mekhli_and_chaubandi/96_aug2.jpg,"A group of people dressed in traditional clothing posing for the camera - stock image. This is the Mekhli and Chaubandi, the traditional attire of the Limbu community of Nepal. It is worn by Limbu women during festivals such as Chasok Tangnam and cultural ceremonies.","यो मेखली र चौबन्दी, नेपालको लिम्बू समुदायको परम्परागत पोशाक हो। यो चासोक टंगनाम र सांस्कृतिक समारोहहरूमा लिम्बू महिलाहरूले लगाउँछन्।"
nepali_dresses_augmented/limbu_dress_mekhli_and_chaubandi/97.jpg,"A woman carrying a child in her arms. This is the Mekhli and Chaubandi, the traditional attire of the Limbu community of Nepal. It is worn by Limbu women during festivals such as Chasok Tangnam and cultural ceremonies.",नेपालको लिम्बू समुदायको परम्परागत पोशाक मेखली र चौबन्दी हो। यो चासोक ताङनाम जस्ता चाडपर्व र सांस्कृतिक समारोहहरूमा लिम्बू महिलाहरूले लगाउने पोशाक हो।
nepali_dresses_augmented/limbu_dress_mekhli_and_chaubandi/97_aug1.jpg,"A woman carrying a child in her arms. This is the Mekhli and Chaubandi, the traditional attire of the Limbu community of Nepal. It is worn by Limbu women during festivals such as Chasok Tangnam and cultural ceremonies.",नेपालको लिम्बू समुदायको परम्परागत पोशाक मेखली र चौबन्दी हो। यो चासोक ताङनाम जस्ता चाडपर्व र सांस्कृतिक समारोहहरूमा लिम्बू महिलाहरूले लगाउने पोशाक हो।
nepali_dresses_augmented/limbu_dress_mekhli_and_chaubandi/97_aug2.jpg,"A woman carrying a child in her arms. This is the Mekhli and Chaubandi, the traditional attire of the Limbu community of Nepal. It is worn by Limbu women during festivals such as Chasok Tangnam and cultural ceremonies.",नेपालको लिम्बू समुदायको परम्परागत पोशाक मेखली र चौबन्दी हो। यो चासोक ताङनाम जस्ता चाडपर्व र सांस्कृतिक समारोहहरूमा लिम्बू महिलाहरूले लगाउने पोशाक हो।
nepali_dresses_augmented/limbu_dress_mekhli_and_chaubandi/98.jpg,"A young girl in traditional costume at the festival. This is the Mekhli and Chaubandi, the traditional attire of the Limbu community of Nepal. It is worn by Limbu women during festivals such as Chasok Tangnam and cultural ceremonies.","महोत्सवमा परम्परागत पोशाकमा एक युवती। यो मेखली र चौबन्दी हो, नेपालको लिम्बू समुदायको परम्परागत पोशाक। यो चासोक ताङनाम र सांस्कृतिक समारोहहरूमा लिम्बू महिलाहरूले लगाउँछन्।"
nepali_dresses_augmented/limbu_dress_mekhli_and_chaubandi/98_aug1.jpg,"A young girl in traditional costume at the festival. This is the Mekhli and Chaubandi, the traditional attire of the Limbu community of Nepal. It is worn by Limbu women during festivals such as Chasok Tangnam and cultural ceremonies.","महोत्सवमा परम्परागत पोशाकमा एक युवती। यो मेखली र चौबन्दी हो, नेपालको लिम्बू समुदायको परम्परागत पोशाक। यो चासोक ताङनाम र सांस्कृतिक समारोहहरूमा लिम्बू महिलाहरूले लगाउँछन्।"
nepali_dresses_augmented/limbu_dress_mekhli_and_chaubandi/98_aug2.jpg,"A young girl in traditional costume at the festival. This is the Mekhli and Chaubandi, the traditional attire of the Limbu community of Nepal. It is worn by Limbu women during festivals such as Chasok Tangnam and cultural ceremonies.","महोत्सवमा परम्परागत पोशाकमा एक युवती। यो मेखली र चौबन्दी हो, नेपालको लिम्बू समुदायको परम्परागत पोशाक। यो चासोक ताङनाम र सांस्कृतिक समारोहहरूमा लिम्बू महिलाहरूले लगाउँछन्।"
nepali_dresses_augmented/limbu_dress_mekhli_and_chaubandi/99.jpg,"A group of young girls in traditional costumes. This is the Mekhli and Chaubandi, the traditional attire of the Limbu community of Nepal. It is worn by Limbu women during festivals such as Chasok Tangnam and cultural ceremonies.","यो मेखली र चौबन्दी हो, नेपालको लिम्बू समुदायको परम्परागत पोशाक। यो चासोक ताङनाम र सांस्कृतिक समारोहहरूमा लिम्बू महिलाहरूले लगाउँछन्।"
nepali_dresses_augmented/limbu_dress_mekhli_and_chaubandi/99_aug1.jpg,"A group of young girls in traditional costumes. This is the Mekhli and Chaubandi, the traditional attire of the Limbu community of Nepal. It is worn by Limbu women during festivals such as Chasok Tangnam and cultural ceremonies.","यो मेखली र चौबन्दी हो, नेपालको लिम्बू समुदायको परम्परागत पोशाक। यो चासोक ताङनाम र सांस्कृतिक समारोहहरूमा लिम्बू महिलाहरूले लगाउँछन्।"
nepali_dresses_augmented/limbu_dress_mekhli_and_chaubandi/99_aug2.jpg,"A group of young girls in traditional costumes. This is the Mekhli and Chaubandi, the traditional attire of the Limbu community of Nepal. It is worn by Limbu women during festivals such as Chasok Tangnam and cultural ceremonies.","यो मेखली र चौबन्दी हो, नेपालको लिम्बू समुदायको परम्परागत पोशाक। यो चासोक ताङनाम र सांस्कृतिक समारोहहरूमा लिम्बू महिलाहरूले लगाउँछन्।"
nepali_dresses_augmented/limbu_dress_mekhli_and_chaubandi/9_aug1.jpg,"A woman dressed in traditional costume. This is the Mekhli and Chaubandi, the traditional attire of the Limbu community of Nepal. It is worn by Limbu women during festivals such as Chasok Tangnam and cultural ceremonies.","एक महिला परम्परागत पोशाकमा लुगा लगाउँछिन्। यो मेखली र चौबन्दी हो, नेपालको लिम्बू समुदायको परम्परागत पोशाक। यो लिम्बू महिलाहरूले चासोक तांगनाम जस्ता चाडहरूमा र सांस्कृतिक समारोहहरूमा लगाउँदछन्।"
nepali_dresses_augmented/limbu_dress_mekhli_and_chaubandi/9_aug2.jpg,"A woman dressed in traditional costume. This is the Mekhli and Chaubandi, the traditional attire of the Limbu community of Nepal. It is worn by Limbu women during festivals such as Chasok Tangnam and cultural ceremonies.","एक महिला परम्परागत पोशाकमा लुगा लगाउँछिन्। यो मेखली र चौबन्दी हो, नेपालको लिम्बू समुदायको परम्परागत पोशाक। यो लिम्बू महिलाहरूले चासोक तांगनाम जस्ता चाडहरूमा र सांस्कृतिक समारोहहरूमा लगाउँदछन्।"
