image_path,caption_en,caption_ne
nepali_dresses_augmented/magar_dress/1.jpg,"A woman in a red and blue dress standing with her arms crossed. This is the Magar dress, the traditional attire of the Magar community of Nepal. It is worn during festivals, dances, and community celebrations.","रातो र नीलो पोशाकमा उभिएकी एक महिलाले आफ्नो हातहरू क्रस गरे। यो मगर पोशाक हो, नेपालको मगर समुदायको परम्परागत पोशाक। यो उत्सव, नृत्य र सामुदायिक उत्सवहरूमा लगाइन्छ।"
nepali_dresses_augmented/magar_dress/10.jpg,"A woman wearing a red and blue sari. This is the Magar dress, the traditional attire of the Magar community of Nepal. It is worn during festivals, dances, and community celebrations.","एक महिलाले रातो र नीलो साड़ी लगाउँछिन्। यो नेपालको मगर समुदायको परम्परागत पोशाक हो। यो उत्सव, नृत्य र सामुदायिक उत्सवहरूमा लगाइन्छ।"
nepali_dresses_augmented/magar_dress/100.jpg,"A group of women marching down the street. This is the Magar dress, the traditional attire of the Magar community of Nepal. It is worn during festivals, dances, and community celebrations.","सडकमा मार्च गर्दै महिलाहरूको समूह। यो मगर पोशाक हो, नेपालको मगर समुदायको परम्परागत पोशाक। यो उत्सव, नृत्य र सामुदायिक उत्सवहरूमा लगाइन्छ।"
nepali_dresses_augmented/magar_dress/100_aug1.jpg,"A group of women marching down the street. This is the Magar dress, the traditional attire of the Magar community of Nepal. It is worn during festivals, dances, and community celebrations.","सडकमा मार्च गर्दै महिलाहरूको समूह। यो मगर पोशाक हो, नेपालको मगर समुदायको परम्परागत पोशाक। यो उत्सव, नृत्य र सामुदायिक उत्सवहरूमा लगाइन्छ।"
nepali_dresses_augmented/magar_dress/100_aug2.jpg,"A group of women marching down the street. This is the Magar dress, the traditional attire of the Magar community of Nepal. It is worn during festivals, dances, and community celebrations.","सडकमा मार्च गर्दै महिलाहरूको समूह। यो मगर पोशाक हो, नेपालको मगर समुदायको परम्परागत पोशाक। यो उत्सव, नृत्य र सामुदायिक उत्सवहरूमा लगाइन्छ।"
nepali_dresses_augmented/magar_dress/101.jpg,"A group of women wearing traditional costumes during the parade. This is the Magar dress, the traditional attire of the Magar community of Nepal. It is worn during festivals, dances, and community celebrations.","परेडको क्रममा परम्परागत पोशाक लगाउने महिलाहरूको समूह। यो मगर पोशाक हो, नेपालको मगर समुदायको परम्परागत पोशाक। यो उत्सव, नृत्य र सामुदायिक उत्सवहरूमा लगाइन्छ।"
nepali_dresses_augmented/magar_dress/101_aug1.jpg,"A group of women wearing traditional costumes during the parade. This is the Magar dress, the traditional attire of the Magar community of Nepal. It is worn during festivals, dances, and community celebrations.","परेडको क्रममा परम्परागत पोशाक लगाउने महिलाहरूको समूह। यो मगर पोशाक हो, नेपालको मगर समुदायको परम्परागत पोशाक। यो उत्सव, नृत्य र सामुदायिक उत्सवहरूमा लगाइन्छ।"
nepali_dresses_augmented/magar_dress/101_aug2.jpg,"A group of women wearing traditional costumes during the parade. This is the Magar dress, the traditional attire of the Magar community of Nepal. It is worn during festivals, dances, and community celebrations.","परेडको क्रममा परम्परागत पोशाक लगाउने महिलाहरूको समूह। यो मगर पोशाक हो, नेपालको मगर समुदायको परम्परागत पोशाक। यो उत्सव, नृत्य र सामुदायिक उत्सवहरूमा लगाइन्छ।"
nepali_dresses_augmented/magar_dress/102.jpg,"Women dressed in traditional costumes take part of the procession during holiday. This is the Magar dress, the traditional attire of the Magar community of Nepal. It is worn during festivals, dances, and community celebrations.","परम्परागत पोशाकमा लुगा लगाएका महिलाहरूले छुट्टीको समयमा जुलूसमा भाग लिन्छन्। यो नेपालको मगर समुदायको परम्परागत पोशाक हो। यो उत्सव, नृत्य र सामुदायिक उत्सवहरूमा लगाइन्छ।"
nepali_dresses_augmented/magar_dress/102_aug1.jpg,"Women dressed in traditional costumes take part of the procession during holiday. This is the Magar dress, the traditional attire of the Magar community of Nepal. It is worn during festivals, dances, and community celebrations.","परम्परागत पोशाकमा लुगा लगाएका महिलाहरूले छुट्टीको समयमा जुलूसमा भाग लिन्छन्। यो नेपालको मगर समुदायको परम्परागत पोशाक हो। यो उत्सव, नृत्य र सामुदायिक उत्सवहरूमा लगाइन्छ।"
nepali_dresses_augmented/magar_dress/102_aug2.jpg,"Women dressed in traditional costumes take part of the procession during holiday. This is the Magar dress, the traditional attire of the Magar community of Nepal. It is worn during festivals, dances, and community celebrations.","परम्परागत पोशाकमा लुगा लगाएका महिलाहरूले छुट्टीको समयमा जुलूसमा भाग लिन्छन्। यो नेपालको मगर समुदायको परम्परागत पोशाक हो। यो उत्सव, नृत्य र सामुदायिक उत्सवहरूमा लगाइन्छ।"
nepali_dresses_augmented/magar_dress/103.jpg,"A group of women in traditional costumes march during the parade. This is the Magar dress, the traditional attire of the Magar community of Nepal. It is worn during festivals, dances, and community celebrations.","परम्परागत पोशाकमा महिलाहरूको समूह परेडको क्रममा मार्च गर्दछ। यो Magar पोशाक हो, नेपालको Magar समुदायको परम्परागत पोशाक। यो उत्सव, नृत्य, र सामुदायिक उत्सवहरूमा लगाइन्छ।"
nepali_dresses_augmented/magar_dress/103_aug1.jpg,"A group of women in traditional costumes march during the parade. This is the Magar dress, the traditional attire of the Magar community of Nepal. It is worn during festivals, dances, and community celebrations.","परम्परागत पोशाकमा महिलाहरूको समूह परेडको क्रममा मार्च गर्दछ। यो Magar पोशाक हो, नेपालको Magar समुदायको परम्परागत पोशाक। यो उत्सव, नृत्य, र सामुदायिक उत्सवहरूमा लगाइन्छ।"
nepali_dresses_augmented/magar_dress/103_aug2.jpg,"A group of women in traditional costumes march during the parade. This is the Magar dress, the traditional attire of the Magar community of Nepal. It is worn during festivals, dances, and community celebrations.","परम्परागत पोशाकमा महिलाहरूको समूह परेडको क्रममा मार्च गर्दछ। यो Magar पोशाक हो, नेपालको Magar समुदायको परम्परागत पोशाक। यो उत्सव, नृत्य, र सामुदायिक उत्सवहरूमा लगाइन्छ।"
nepali_dresses_augmented/magar_dress/104.jpg,"Dancers perform during the parade. This is the Magar dress, the traditional attire of the Magar community of Nepal. It is worn during festivals, dances, and community celebrations.","नेपालको मगर समुदायको परम्परागत पोशाक मगरको पोशाक हो । यो पर्व, नृत्य र सामुदायिक उत्सवको समयमा लगाइन्छ ।"
nepali_dresses_augmented/magar_dress/104_aug1.jpg,"Dancers perform during the parade. This is the Magar dress, the traditional attire of the Magar community of Nepal. It is worn during festivals, dances, and community celebrations.","नेपालको मगर समुदायको परम्परागत पोशाक मगरको पोशाक हो । यो पर्व, नृत्य र सामुदायिक उत्सवको समयमा लगाइन्छ ।"
nepali_dresses_augmented/magar_dress/104_aug2.jpg,"Dancers perform during the parade. This is the Magar dress, the traditional attire of the Magar community of Nepal. It is worn during festivals, dances, and community celebrations.","नेपालको मगर समुदायको परम्परागत पोशाक मगरको पोशाक हो । यो पर्व, नृत्य र सामुदायिक उत्सवको समयमा लगाइन्छ ।"
nepali_dresses_augmented/magar_dress/105.jpg,"A man in traditional costume plays the drums during a parade. This is the Magar dress, the traditional attire of the Magar community of Nepal. It is worn during festivals, dances, and community celebrations.","परम्परागत पोशाकमा एक पुरुषले परेडको क्रममा ड्रम बजाउँछ। यो Magar पोशाक हो, नेपालको Magar समुदायको परम्परागत पोशाक। यो उत्सव, नृत्य, र सामुदायिक उत्सवहरूमा लगाइन्छ।"
nepali_dresses_augmented/magar_dress/105_aug1.jpg,"A man in traditional costume plays the drums during a parade. This is the Magar dress, the traditional attire of the Magar community of Nepal. It is worn during festivals, dances, and community celebrations.","परम्परागत पोशाकमा एक पुरुषले परेडको क्रममा ड्रम बजाउँछ। यो Magar पोशाक हो, नेपालको Magar समुदायको परम्परागत पोशाक। यो उत्सव, नृत्य, र सामुदायिक उत्सवहरूमा लगाइन्छ।"
nepali_dresses_augmented/magar_dress/105_aug2.jpg,"A man in traditional costume plays the drums during a parade. This is the Magar dress, the traditional attire of the Magar community of Nepal. It is worn during festivals, dances, and community celebrations.","परम्परागत पोशाकमा एक पुरुषले परेडको क्रममा ड्रम बजाउँछ। यो Magar पोशाक हो, नेपालको Magar समुदायको परम्परागत पोशाक। यो उत्सव, नृत्य, र सामुदायिक उत्सवहरूमा लगाइन्छ।"
nepali_dresses_augmented/magar_dress/106.jpg,"A woman in traditional costume and headdres at the festival. This is the Magar dress, the traditional attire of the Magar community of Nepal. It is worn during festivals, dances, and community celebrations.","महोत्सवमा परम्परागत पोशाक र हेड्रेसमा एक महिला। यो मगर पोशाक हो, नेपालको मगर समुदायको परम्परागत पोशाक। यो महोत्सव, नृत्य, र सामुदायिक उत्सवहरूमा लगाइन्छ।"
nepali_dresses_augmented/magar_dress/106_aug1.jpg,"A woman in traditional costume and headdres at the festival. This is the Magar dress, the traditional attire of the Magar community of Nepal. It is worn during festivals, dances, and community celebrations.","महोत्सवमा परम्परागत पोशाक र हेड्रेसमा एक महिला। यो मगर पोशाक हो, नेपालको मगर समुदायको परम्परागत पोशाक। यो महोत्सव, नृत्य, र सामुदायिक उत्सवहरूमा लगाइन्छ।"
nepali_dresses_augmented/magar_dress/106_aug2.jpg,"A woman in traditional costume and headdres at the festival. This is the Magar dress, the traditional attire of the Magar community of Nepal. It is worn during festivals, dances, and community celebrations.","महोत्सवमा परम्परागत पोशाक र हेड्रेसमा एक महिला। यो मगर पोशाक हो, नेपालको मगर समुदायको परम्परागत पोशाक। यो महोत्सव, नृत्य, र सामुदायिक उत्सवहरूमा लगाइन्छ।"
nepali_dresses_augmented/magar_dress/107.jpg,"Three women sitting in front of a blue door. This is the Magar dress, the traditional attire of the Magar community of Nepal. It is worn during festivals, dances, and community celebrations.","तीन महिलाहरू नीलो ढोकाको अगाडि बसिरहेका छन्। यो मगर पोशाक हो, नेपालको मगर समुदायको परम्परागत पोशाक। यो उत्सव, नृत्य र सामुदायिक उत्सवहरूमा लगाइन्छ।"
nepali_dresses_augmented/magar_dress/107_aug1.jpg,"Three women sitting in front of a blue door. This is the Magar dress, the traditional attire of the Magar community of Nepal. It is worn during festivals, dances, and community celebrations.","तीन महिलाहरू नीलो ढोकाको अगाडि बसिरहेका छन्। यो मगर पोशाक हो, नेपालको मगर समुदायको परम्परागत पोशाक। यो उत्सव, नृत्य र सामुदायिक उत्सवहरूमा लगाइन्छ।"
nepali_dresses_augmented/magar_dress/107_aug2.jpg,"Three women sitting in front of a blue door. This is the Magar dress, the traditional attire of the Magar community of Nepal. It is worn during festivals, dances, and community celebrations.","तीन महिलाहरू नीलो ढोकाको अगाडि बसिरहेका छन्। यो मगर पोशाक हो, नेपालको मगर समुदायको परम्परागत पोशाक। यो उत्सव, नृत्य र सामुदायिक उत्सवहरूमा लगाइन्छ।"
nepali_dresses_augmented/magar_dress/108.jpg,"A young girl dressed in traditional indian costume. This is the Magar dress, the traditional attire of the Magar community of Nepal. It is worn during festivals, dances, and community celebrations.","एक युवती परम्परागत भारतीय पोशाकमा लुगा लगाउँछिन्। यो नेपालको मगर समुदायको परम्परागत पोशाक हो। यो उत्सव, नृत्य र सामुदायिक उत्सवहरूमा लगाइन्छ।"
nepali_dresses_augmented/magar_dress/108_aug1.jpg,"A young girl dressed in traditional indian costume. This is the Magar dress, the traditional attire of the Magar community of Nepal. It is worn during festivals, dances, and community celebrations.","एक युवती परम्परागत भारतीय पोशाकमा लुगा लगाउँछिन्। यो नेपालको मगर समुदायको परम्परागत पोशाक हो। यो उत्सव, नृत्य र सामुदायिक उत्सवहरूमा लगाइन्छ।"
nepali_dresses_augmented/magar_dress/108_aug2.jpg,"A young girl dressed in traditional indian costume. This is the Magar dress, the traditional attire of the Magar community of Nepal. It is worn during festivals, dances, and community celebrations.","एक युवती परम्परागत भारतीय पोशाकमा लुगा लगाउँछिन्। यो नेपालको मगर समुदायको परम्परागत पोशाक हो। यो उत्सव, नृत्य र सामुदायिक उत्सवहरूमा लगाइन्छ।"
nepali_dresses_augmented/magar_dress/109.jpg,"A woman wearing a traditional costume and jewelry. This is the Magar dress, the traditional attire of the Magar community of Nepal. It is worn during festivals, dances, and community celebrations.","एक महिलाले परम्परागत पोशाक र गहना लगाउँछिन्। यो Magar पोशाक हो, नेपालको Magar समुदायको परम्परागत पोशाक। यो उत्सव, नृत्य, र सामुदायिक उत्सवहरूमा लगाइन्छ।"
nepali_dresses_augmented/magar_dress/109_aug1.jpg,"A woman wearing a traditional costume and jewelry. This is the Magar dress, the traditional attire of the Magar community of Nepal. It is worn during festivals, dances, and community celebrations.","एक महिलाले परम्परागत पोशाक र गहना लगाउँछिन्। यो Magar पोशाक हो, नेपालको Magar समुदायको परम्परागत पोशाक। यो उत्सव, नृत्य, र सामुदायिक उत्सवहरूमा लगाइन्छ।"
nepali_dresses_augmented/magar_dress/109_aug2.jpg,"A woman wearing a traditional costume and jewelry. This is the Magar dress, the traditional attire of the Magar community of Nepal. It is worn during festivals, dances, and community celebrations.","एक महिलाले परम्परागत पोशाक र गहना लगाउँछिन्। यो Magar पोशाक हो, नेपालको Magar समुदायको परम्परागत पोशाक। यो उत्सव, नृत्य, र सामुदायिक उत्सवहरूमा लगाइन्छ।"
nepali_dresses_augmented/magar_dress/10_aug1.jpg,"A woman wearing a red and blue sari. This is the Magar dress, the traditional attire of the Magar community of Nepal. It is worn during festivals, dances, and community celebrations.","एक महिलाले रातो र नीलो साड़ी लगाउँछिन्। यो नेपालको मगर समुदायको परम्परागत पोशाक हो। यो उत्सव, नृत्य र सामुदायिक उत्सवहरूमा लगाइन्छ।"
nepali_dresses_augmented/magar_dress/10_aug2.jpg,"A woman wearing a red and blue sari. This is the Magar dress, the traditional attire of the Magar community of Nepal. It is worn during festivals, dances, and community celebrations.","एक महिलाले रातो र नीलो साड़ी लगाउँछिन्। यो नेपालको मगर समुदायको परम्परागत पोशाक हो। यो उत्सव, नृत्य र सामुदायिक उत्सवहरूमा लगाइन्छ।"
nepali_dresses_augmented/magar_dress/10_aug3.jpg,"A woman wearing a red and blue sari. This is the Magar dress, the traditional attire of the Magar community of Nepal. It is worn during festivals, dances, and community celebrations.","एक महिलाले रातो र नीलो साड़ी लगाउँछिन्। यो नेपालको मगर समुदायको परम्परागत पोशाक हो। यो उत्सव, नृत्य र सामुदायिक उत्सवहरूमा लगाइन्छ।"
nepali_dresses_augmented/magar_dress/11.jpg,"A woman standing in front of a rack of clothes. This is the Magar dress, the traditional attire of the Magar community of Nepal. It is worn during festivals, dances, and community celebrations.","एक महिला कपडाको र्याकको अगाडि उभिएकी। यो Magar पोशाक हो, नेपालको Magar समुदायको परम्परागत पोशाक। यो उत्सव, नृत्य, र सामुदायिक उत्सवहरूमा लगाइन्छ।"
nepali_dresses_augmented/magar_dress/110.jpg,"A woman in traditional costume is seen during festival. This is the Magar dress, the traditional attire of the Magar community of Nepal. It is worn during festivals, dances, and community celebrations.","महोत्सवको समयमा परम्परागत पोशाकमा एक महिला देख्न सकिन्छ। यो Magar पोशाक हो, नेपालको Magar समुदायको परम्परागत पोशाक। यो महोत्सव, नृत्य, र सामुदायिक उत्सवहरूमा लगाइन्छ।"
nepali_dresses_augmented/magar_dress/110_aug1.jpg,"A woman in traditional costume is seen during festival. This is the Magar dress, the traditional attire of the Magar community of Nepal. It is worn during festivals, dances, and community celebrations.","महोत्सवको समयमा परम्परागत पोशाकमा एक महिला देख्न सकिन्छ। यो Magar पोशाक हो, नेपालको Magar समुदायको परम्परागत पोशाक। यो महोत्सव, नृत्य, र सामुदायिक उत्सवहरूमा लगाइन्छ।"
nepali_dresses_augmented/magar_dress/110_aug2.jpg,"A woman in traditional costume is seen during festival. This is the Magar dress, the traditional attire of the Magar community of Nepal. It is worn during festivals, dances, and community celebrations.","महोत्सवको समयमा परम्परागत पोशाकमा एक महिला देख्न सकिन्छ। यो Magar पोशाक हो, नेपालको Magar समुदायको परम्परागत पोशाक। यो महोत्सव, नृत्य, र सामुदायिक उत्सवहरूमा लगाइन्छ।"
nepali_dresses_augmented/magar_dress/111.jpg,"A woman wearing an elaborate headpiece. This is the Magar dress, the traditional attire of the Magar community of Nepal. It is worn during festivals, dances, and community celebrations.","एक महिलाले एक परिष्कृत हेडपीस लगाउँछिन्। यो Magar ड्रेस हो, नेपालको Magar समुदायको परम्परागत पोशाक। यो उत्सव, नृत्य, र सामुदायिक उत्सवहरूमा लगाइन्छ।"
nepali_dresses_augmented/magar_dress/111_aug1.jpg,"A woman wearing an elaborate headpiece. This is the Magar dress, the traditional attire of the Magar community of Nepal. It is worn during festivals, dances, and community celebrations.","एक महिलाले एक परिष्कृत हेडपीस लगाउँछिन्। यो Magar ड्रेस हो, नेपालको Magar समुदायको परम्परागत पोशाक। यो उत्सव, नृत्य, र सामुदायिक उत्सवहरूमा लगाइन्छ।"
nepali_dresses_augmented/magar_dress/111_aug2.jpg,"A woman wearing an elaborate headpiece. This is the Magar dress, the traditional attire of the Magar community of Nepal. It is worn during festivals, dances, and community celebrations.","एक महिलाले एक परिष्कृत हेडपीस लगाउँछिन्। यो Magar ड्रेस हो, नेपालको Magar समुदायको परम्परागत पोशाक। यो उत्सव, नृत्य, र सामुदायिक उत्सवहरूमा लगाइन्छ।"
nepali_dresses_augmented/magar_dress/112.jpg,"A group of people playing drums in a field. This is the Magar dress, the traditional attire of the Magar community of Nepal. It is worn during festivals, dances, and community celebrations.","नेपालको मगर समुदायको परम्परागत पोशाक मगरको पोशाक हो। यो पर्व, नृत्य र सामुदायिक उत्सवहरूमा लगाइन्छ।"
nepali_dresses_augmented/magar_dress/112_aug1.jpg,"A group of people playing drums in a field. This is the Magar dress, the traditional attire of the Magar community of Nepal. It is worn during festivals, dances, and community celebrations.","नेपालको मगर समुदायको परम्परागत पोशाक मगरको पोशाक हो। यो पर्व, नृत्य र सामुदायिक उत्सवहरूमा लगाइन्छ।"
nepali_dresses_augmented/magar_dress/112_aug2.jpg,"A group of people playing drums in a field. This is the Magar dress, the traditional attire of the Magar community of Nepal. It is worn during festivals, dances, and community celebrations.","नेपालको मगर समुदायको परम्परागत पोशाक मगरको पोशाक हो। यो पर्व, नृत्य र सामुदायिक उत्सवहरूमा लगाइन्छ।"
nepali_dresses_augmented/magar_dress/113.jpg,"Two young girls dressed in traditional indian costumes. This is the Magar dress, the traditional attire of the Magar community of Nepal. It is worn during festivals, dances, and community celebrations.","दुई युवतीहरू परम्परागत भारतीय पोशाकमा लुगा लगाउँछिन्। यो नेपालको मगर समुदायको परम्परागत पोशाक हो। यो उत्सव, नृत्य र सामुदायिक उत्सवहरूमा लगाइन्छ।"
nepali_dresses_augmented/magar_dress/113_aug1.jpg,"Two young girls dressed in traditional indian costumes. This is the Magar dress, the traditional attire of the Magar community of Nepal. It is worn during festivals, dances, and community celebrations.","दुई युवतीहरू परम्परागत भारतीय पोशाकमा लुगा लगाउँछिन्। यो नेपालको मगर समुदायको परम्परागत पोशाक हो। यो उत्सव, नृत्य र सामुदायिक उत्सवहरूमा लगाइन्छ।"
nepali_dresses_augmented/magar_dress/113_aug2.jpg,"Two young girls dressed in traditional indian costumes. This is the Magar dress, the traditional attire of the Magar community of Nepal. It is worn during festivals, dances, and community celebrations.","दुई युवतीहरू परम्परागत भारतीय पोशाकमा लुगा लगाउँछिन्। यो नेपालको मगर समुदायको परम्परागत पोशाक हो। यो उत्सव, नृत्य र सामुदायिक उत्सवहरूमा लगाइन्छ।"
nepali_dresses_augmented/magar_dress/114.jpg,"Two young girls dressed in traditional indian clothing at a festival. This is the Magar dress, the traditional attire of the Magar community of Nepal. It is worn during festivals, dances, and community celebrations.","नेपालको मगर समुदायको परम्परागत पोशाक हो। यो पर्व, नृत्य र सामुदायिक उत्सवहरूमा लगाइन्छ।"
nepali_dresses_augmented/magar_dress/114_aug1.jpg,"Two young girls dressed in traditional indian clothing at a festival. This is the Magar dress, the traditional attire of the Magar community of Nepal. It is worn during festivals, dances, and community celebrations.","नेपालको मगर समुदायको परम्परागत पोशाक हो। यो पर्व, नृत्य र सामुदायिक उत्सवहरूमा लगाइन्छ।"
nepali_dresses_augmented/magar_dress/114_aug2.jpg,"Two young girls dressed in traditional indian clothing at a festival. This is the Magar dress, the traditional attire of the Magar community of Nepal. It is worn during festivals, dances, and community celebrations.","नेपालको मगर समुदायको परम्परागत पोशाक हो। यो पर्व, नृत्य र सामुदायिक उत्सवहरूमा लगाइन्छ।"
nepali_dresses_augmented/magar_dress/115.jpg,"A group of women walking down the street. This is the Magar dress, the traditional attire of the Magar community of Nepal. It is worn during festivals, dances, and community celebrations.","सडकमा हिड्ने महिलाहरूको समूह। यो Magar पोशाक हो, नेपालको Magar समुदायको परम्परागत पोशाक। यो उत्सव, नृत्य, र सामुदायिक उत्सवहरूमा लगाइन्छ।"
nepali_dresses_augmented/magar_dress/115_aug1.jpg,"A group of women walking down the street. This is the Magar dress, the traditional attire of the Magar community of Nepal. It is worn during festivals, dances, and community celebrations.","सडकमा हिड्ने महिलाहरूको समूह। यो Magar पोशाक हो, नेपालको Magar समुदायको परम्परागत पोशाक। यो उत्सव, नृत्य, र सामुदायिक उत्सवहरूमा लगाइन्छ।"
nepali_dresses_augmented/magar_dress/115_aug2.jpg,"A group of women walking down the street. This is the Magar dress, the traditional attire of the Magar community of Nepal. It is worn during festivals, dances, and community celebrations.","सडकमा हिड्ने महिलाहरूको समूह। यो Magar पोशाक हो, नेपालको Magar समुदायको परम्परागत पोशाक। यो उत्सव, नृत्य, र सामुदायिक उत्सवहरूमा लगाइन्छ।"
nepali_dresses_augmented/magar_dress/116.jpg,"A group of young girls wearing traditional costumes and headdres in the streets of hanoi, vietnam - stock. This is the Magar dress, the traditional attire of the Magar community of Nepal. It is worn during festivals, dances, and community celebrations.","हनोई, भियतनाम - स्टकको सडकमा परम्परागत पोशाक र हेड्रेस लगाउने युवतीहरूको समूह। यो नेपालको मगर समुदायको परम्परागत पोशाक हो। यो उत्सव, नृत्य र सामुदायिक उत्सवहरूमा लगाइन्छ।"
nepali_dresses_augmented/magar_dress/116_aug1.jpg,"A group of young girls wearing traditional costumes and headdres in the streets of hanoi, vietnam - stock. This is the Magar dress, the traditional attire of the Magar community of Nepal. It is worn during festivals, dances, and community celebrations.","हनोई, भियतनाम - स्टकको सडकमा परम्परागत पोशाक र हेड्रेस लगाउने युवतीहरूको समूह। यो नेपालको मगर समुदायको परम्परागत पोशाक हो। यो उत्सव, नृत्य र सामुदायिक उत्सवहरूमा लगाइन्छ।"
nepali_dresses_augmented/magar_dress/116_aug2.jpg,"A group of young girls wearing traditional costumes and headdres in the streets of hanoi, vietnam - stock. This is the Magar dress, the traditional attire of the Magar community of Nepal. It is worn during festivals, dances, and community celebrations.","हनोई, भियतनाम - स्टकको सडकमा परम्परागत पोशाक र हेड्रेस लगाउने युवतीहरूको समूह। यो नेपालको मगर समुदायको परम्परागत पोशाक हो। यो उत्सव, नृत्य र सामुदायिक उत्सवहरूमा लगाइन्छ।"
nepali_dresses_augmented/magar_dress/117.jpg,"A group of women in traditional clothing. This is the Magar dress, the traditional attire of the Magar community of Nepal. It is worn during festivals, dances, and community celebrations.","परम्परागत कपडा लगाउने महिलाहरूको समूह। यो मगर पोशाक हो, नेपालको मगर समुदायको परम्परागत पोशाक। यो उत्सव, नृत्य, र सामुदायिक उत्सवहरूमा लगाइन्छ।"
nepali_dresses_augmented/magar_dress/117_aug1.jpg,"A group of women in traditional clothing. This is the Magar dress, the traditional attire of the Magar community of Nepal. It is worn during festivals, dances, and community celebrations.","परम्परागत कपडा लगाउने महिलाहरूको समूह। यो मगर पोशाक हो, नेपालको मगर समुदायको परम्परागत पोशाक। यो उत्सव, नृत्य, र सामुदायिक उत्सवहरूमा लगाइन्छ।"
nepali_dresses_augmented/magar_dress/117_aug2.jpg,"A group of women in traditional clothing. This is the Magar dress, the traditional attire of the Magar community of Nepal. It is worn during festivals, dances, and community celebrations.","परम्परागत कपडा लगाउने महिलाहरूको समूह। यो मगर पोशाक हो, नेपालको मगर समुदायको परम्परागत पोशाक। यो उत्सव, नृत्य, र सामुदायिक उत्सवहरूमा लगाइन्छ।"
nepali_dresses_augmented/magar_dress/118.jpg,"A group of people dressed in traditional costumes. This is the Magar dress, the traditional attire of the Magar community of Nepal. It is worn during festivals, dances, and community celebrations.","परम्परागत पोशाक लगाएका मानिसहरूको समूह। यो नेपालको मगर समुदायको परम्परागत पोशाक हो। यो महोत्सव, नृत्य र सामुदायिक उत्सवहरूमा लगाइन्छ।"
nepali_dresses_augmented/magar_dress/118_aug1.jpg,"A group of people dressed in traditional costumes. This is the Magar dress, the traditional attire of the Magar community of Nepal. It is worn during festivals, dances, and community celebrations.","परम्परागत पोशाक लगाएका मानिसहरूको समूह। यो नेपालको मगर समुदायको परम्परागत पोशाक हो। यो महोत्सव, नृत्य र सामुदायिक उत्सवहरूमा लगाइन्छ।"
nepali_dresses_augmented/magar_dress/118_aug2.jpg,"A group of people dressed in traditional costumes. This is the Magar dress, the traditional attire of the Magar community of Nepal. It is worn during festivals, dances, and community celebrations.","परम्परागत पोशाक लगाएका मानिसहरूको समूह। यो नेपालको मगर समुदायको परम्परागत पोशाक हो। यो महोत्सव, नृत्य र सामुदायिक उत्सवहरूमा लगाइन्छ।"
nepali_dresses_augmented/magar_dress/119.jpg,"A group of women in traditional dress dance during the festival. This is the Magar dress, the traditional attire of the Magar community of Nepal. It is worn during festivals, dances, and community celebrations.","महोत्सवको समयमा परम्परागत पोशाकमा नृत्य गर्ने महिलाहरूको समूह। यो नेपालको मगर समुदायको परम्परागत पोशाक हो। यो महोत्सव, नृत्य र सामुदायिक उत्सवहरूमा लगाइन्छ।"
nepali_dresses_augmented/magar_dress/119_aug1.jpg,"A group of women in traditional dress dance during the festival. This is the Magar dress, the traditional attire of the Magar community of Nepal. It is worn during festivals, dances, and community celebrations.","महोत्सवको समयमा परम्परागत पोशाकमा नृत्य गर्ने महिलाहरूको समूह। यो नेपालको मगर समुदायको परम्परागत पोशाक हो। यो महोत्सव, नृत्य र सामुदायिक उत्सवहरूमा लगाइन्छ।"
nepali_dresses_augmented/magar_dress/119_aug2.jpg,"A group of women in traditional dress dance during the festival. This is the Magar dress, the traditional attire of the Magar community of Nepal. It is worn during festivals, dances, and community celebrations.","महोत्सवको समयमा परम्परागत पोशाकमा नृत्य गर्ने महिलाहरूको समूह। यो नेपालको मगर समुदायको परम्परागत पोशाक हो। यो महोत्सव, नृत्य र सामुदायिक उत्सवहरूमा लगाइन्छ।"
nepali_dresses_augmented/magar_dress/11_aug1.jpg,"A woman standing in front of a rack of clothes. This is the Magar dress, the traditional attire of the Magar community of Nepal. It is worn during festivals, dances, and community celebrations.","एक महिला कपडाको र्याकको अगाडि उभिएकी। यो Magar पोशाक हो, नेपालको Magar समुदायको परम्परागत पोशाक। यो उत्सव, नृत्य, र सामुदायिक उत्सवहरूमा लगाइन्छ।"
nepali_dresses_augmented/magar_dress/11_aug2.jpg,"A woman standing in front of a rack of clothes. This is the Magar dress, the traditional attire of the Magar community of Nepal. It is worn during festivals, dances, and community celebrations.","एक महिला कपडाको र्याकको अगाडि उभिएकी। यो Magar पोशाक हो, नेपालको Magar समुदायको परम्परागत पोशाक। यो उत्सव, नृत्य, र सामुदायिक उत्सवहरूमा लगाइन्छ।"
nepali_dresses_augmented/magar_dress/11_aug3.jpg,"A woman standing in front of a rack of clothes. This is the Magar dress, the traditional attire of the Magar community of Nepal. It is worn during festivals, dances, and community celebrations.","एक महिला कपडाको र्याकको अगाडि उभिएकी। यो Magar पोशाक हो, नेपालको Magar समुदायको परम्परागत पोशाक। यो उत्सव, नृत्य, र सामुदायिक उत्सवहरूमा लगाइन्छ।"
nepali_dresses_augmented/magar_dress/12.jpg,"A woman in traditional dress standing on a hill. This is the Magar dress, the traditional attire of the Magar community of Nepal. It is worn during festivals, dances, and community celebrations.","एउटा पहाडमा उभिएर परम्परागत पोशाकमा देखिने महिला. यो नेपालको मगर समुदायको परम्परागत पोशाक हो। यो पर्व, नृत्य र सामुदायिक उत्सवहरूमा लगाइन्छ।"
nepali_dresses_augmented/magar_dress/120.jpg,"A group of young girls dressed in traditional chinese clothing. This is the Magar dress, the traditional attire of the Magar community of Nepal. It is worn during festivals, dances, and community celebrations.","नेपालको मगर समुदायको परम्परागत पोशाक हो। यो पर्व, नृत्य र सामुदायिक उत्सवहरूमा लगाइन्छ।"
nepali_dresses_augmented/magar_dress/120_aug1.jpg,"A group of young girls dressed in traditional chinese clothing. This is the Magar dress, the traditional attire of the Magar community of Nepal. It is worn during festivals, dances, and community celebrations.","नेपालको मगर समुदायको परम्परागत पोशाक हो। यो पर्व, नृत्य र सामुदायिक उत्सवहरूमा लगाइन्छ।"
nepali_dresses_augmented/magar_dress/120_aug2.jpg,"A group of young girls dressed in traditional chinese clothing. This is the Magar dress, the traditional attire of the Magar community of Nepal. It is worn during festivals, dances, and community celebrations.","नेपालको मगर समुदायको परम्परागत पोशाक हो। यो पर्व, नृत्य र सामुदायिक उत्सवहरूमा लगाइन्छ।"
nepali_dresses_augmented/magar_dress/121.jpg,"A group of women in traditional dress dancing on the street. This is the Magar dress, the traditional attire of the Magar community of Nepal. It is worn during festivals, dances, and community celebrations.","परम्परागत पोशाकमा सडकमा नाच्ने महिलाहरूको समूह। यो मगर पोशाक हो, नेपालको मगर समुदायको परम्परागत पोशाक। यो उत्सव, नृत्य र सामुदायिक उत्सवहरूमा लगाइन्छ।"
nepali_dresses_augmented/magar_dress/121_aug1.jpg,"A group of women in traditional dress dancing on the street. This is the Magar dress, the traditional attire of the Magar community of Nepal. It is worn during festivals, dances, and community celebrations.","परम्परागत पोशाकमा सडकमा नाच्ने महिलाहरूको समूह। यो मगर पोशाक हो, नेपालको मगर समुदायको परम्परागत पोशाक। यो उत्सव, नृत्य र सामुदायिक उत्सवहरूमा लगाइन्छ।"
nepali_dresses_augmented/magar_dress/121_aug2.jpg,"A group of women in traditional dress dancing on the street. This is the Magar dress, the traditional attire of the Magar community of Nepal. It is worn during festivals, dances, and community celebrations.","परम्परागत पोशाकमा सडकमा नाच्ने महिलाहरूको समूह। यो मगर पोशाक हो, नेपालको मगर समुदायको परम्परागत पोशाक। यो उत्सव, नृत्य र सामुदायिक उत्सवहरूमा लगाइन्छ।"
nepali_dresses_augmented/magar_dress/122.jpg,"The girl is wearing a scarf. This is the Magar dress, the traditional attire of the Magar community of Nepal. It is worn during festivals, dances, and community celebrations.","युवतीले स्कार्फ लगाइरहेकी छिन्। यो मगर ड्रेस हो, नेपालको मगर समुदायको परम्परागत पोशाक हो। यो उत्सव, नृत्य र सामुदायिक उत्सवहरूमा लगाइन्छ।"
nepali_dresses_augmented/magar_dress/122_aug1.jpg,"The girl is wearing a scarf. This is the Magar dress, the traditional attire of the Magar community of Nepal. It is worn during festivals, dances, and community celebrations.","युवतीले स्कार्फ लगाइरहेकी छिन्। यो मगर ड्रेस हो, नेपालको मगर समुदायको परम्परागत पोशाक हो। यो उत्सव, नृत्य र सामुदायिक उत्सवहरूमा लगाइन्छ।"
nepali_dresses_augmented/magar_dress/122_aug2.jpg,"The girl is wearing a scarf. This is the Magar dress, the traditional attire of the Magar community of Nepal. It is worn during festivals, dances, and community celebrations.","युवतीले स्कार्फ लगाइरहेकी छिन्। यो मगर ड्रेस हो, नेपालको मगर समुदायको परम्परागत पोशाक हो। यो उत्सव, नृत्य र सामुदायिक उत्सवहरूमा लगाइन्छ।"
nepali_dresses_augmented/magar_dress/123.jpg,"A group of people walking down the street. This is the Magar dress, the traditional attire of the Magar community of Nepal. It is worn during festivals, dances, and community celebrations.","नेपालको मगर समुदायको परम्परागत पोशाक मगरको पोशाक हो । यो पर्व, नृत्य र सामुदायिक उत्सवमा लगाइन्छ ।"
nepali_dresses_augmented/magar_dress/123_aug1.jpg,"A group of people walking down the street. This is the Magar dress, the traditional attire of the Magar community of Nepal. It is worn during festivals, dances, and community celebrations.","नेपालको मगर समुदायको परम्परागत पोशाक मगरको पोशाक हो । यो पर्व, नृत्य र सामुदायिक उत्सवमा लगाइन्छ ।"
nepali_dresses_augmented/magar_dress/123_aug2.jpg,"A group of people walking down the street. This is the Magar dress, the traditional attire of the Magar community of Nepal. It is worn during festivals, dances, and community celebrations.","नेपालको मगर समुदायको परम्परागत पोशाक मगरको पोशाक हो । यो पर्व, नृत्य र सामुदायिक उत्सवमा लगाइन्छ ।"
nepali_dresses_augmented/magar_dress/124.jpg,"A group of people walking down the street. This is the Magar dress, the traditional attire of the Magar community of Nepal. It is worn during festivals, dances, and community celebrations.","नेपालको मगर समुदायको परम्परागत पोशाक मगरको पोशाक हो । यो पर्व, नृत्य र सामुदायिक उत्सवमा लगाइन्छ ।"
nepali_dresses_augmented/magar_dress/124_aug1.jpg,"A group of people walking down the street. This is the Magar dress, the traditional attire of the Magar community of Nepal. It is worn during festivals, dances, and community celebrations.","नेपालको मगर समुदायको परम्परागत पोशाक मगरको पोशाक हो । यो पर्व, नृत्य र सामुदायिक उत्सवमा लगाइन्छ ।"
nepali_dresses_augmented/magar_dress/124_aug2.jpg,"A group of people walking down the street. This is the Magar dress, the traditional attire of the Magar community of Nepal. It is worn during festivals, dances, and community celebrations.","नेपालको मगर समुदायको परम्परागत पोशाक मगरको पोशाक हो । यो पर्व, नृत्य र सामुदायिक उत्सवमा लगाइन्छ ।"
nepali_dresses_augmented/magar_dress/125.jpg,"A group of people holding flags. This is the Magar dress, the traditional attire of the Magar community of Nepal. It is worn during festivals, dances, and community celebrations.","नेपालको मगर समुदायको परम्परागत पोशाक मगरको पोशाक हो। यो पर्व, नृत्य र सामुदायिक उत्सवहरूमा लगाइन्छ।"
nepali_dresses_augmented/magar_dress/125_aug1.jpg,"A group of people holding flags. This is the Magar dress, the traditional attire of the Magar community of Nepal. It is worn during festivals, dances, and community celebrations.","नेपालको मगर समुदायको परम्परागत पोशाक मगरको पोशाक हो। यो पर्व, नृत्य र सामुदायिक उत्सवहरूमा लगाइन्छ।"
nepali_dresses_augmented/magar_dress/125_aug2.jpg,"A group of people holding flags. This is the Magar dress, the traditional attire of the Magar community of Nepal. It is worn during festivals, dances, and community celebrations.","नेपालको मगर समुदायको परम्परागत पोशाक मगरको पोशाक हो। यो पर्व, नृत्य र सामुदायिक उत्सवहरूमा लगाइन्छ।"
nepali_dresses_augmented/magar_dress/126.jpg,"Two pictures of an old woman in a market. This is the Magar dress, the traditional attire of the Magar community of Nepal. It is worn during festivals, dances, and community celebrations.","एक बजारमा एक वृद्ध महिलाको दुई तस्वीरहरू। यो मगर पोशाक हो, नेपालको मगर समुदायको परम्परागत पोशाक। यो उत्सव, नृत्य, र सामुदायिक उत्सवहरूमा लगाइन्छ।"
nepali_dresses_augmented/magar_dress/126_aug1.jpg,"Two pictures of an old woman in a market. This is the Magar dress, the traditional attire of the Magar community of Nepal. It is worn during festivals, dances, and community celebrations.","एक बजारमा एक वृद्ध महिलाको दुई तस्वीरहरू। यो मगर पोशाक हो, नेपालको मगर समुदायको परम्परागत पोशाक। यो उत्सव, नृत्य, र सामुदायिक उत्सवहरूमा लगाइन्छ।"
nepali_dresses_augmented/magar_dress/126_aug2.jpg,"Two pictures of an old woman in a market. This is the Magar dress, the traditional attire of the Magar community of Nepal. It is worn during festivals, dances, and community celebrations.","एक बजारमा एक वृद्ध महिलाको दुई तस्वीरहरू। यो मगर पोशाक हो, नेपालको मगर समुदायको परम्परागत पोशाक। यो उत्सव, नृत्य, र सामुदायिक उत्सवहरूमा लगाइन्छ।"
nepali_dresses_augmented/magar_dress/127.jpg,"Three young girls in traditional dress posing for the camera. This is the Magar dress, the traditional attire of the Magar community of Nepal. It is worn during festivals, dances, and community celebrations.","तीन युवतीहरू परम्परागत पोशाकमा क्यामेराको लागि पोज गर्दैछन्। यो नेपालको मगर समुदायको परम्परागत पोशाक हो। यो उत्सव, नृत्य र सामुदायिक उत्सवहरूमा लगाइन्छ।"
nepali_dresses_augmented/magar_dress/127_aug1.jpg,"Three young girls in traditional dress posing for the camera. This is the Magar dress, the traditional attire of the Magar community of Nepal. It is worn during festivals, dances, and community celebrations.","तीन युवतीहरू परम्परागत पोशाकमा क्यामेराको लागि पोज गर्दैछन्। यो नेपालको मगर समुदायको परम्परागत पोशाक हो। यो उत्सव, नृत्य र सामुदायिक उत्सवहरूमा लगाइन्छ।"
nepali_dresses_augmented/magar_dress/127_aug2.jpg,"Three young girls in traditional dress posing for the camera. This is the Magar dress, the traditional attire of the Magar community of Nepal. It is worn during festivals, dances, and community celebrations.","तीन युवतीहरू परम्परागत पोशाकमा क्यामेराको लागि पोज गर्दैछन्। यो नेपालको मगर समुदायको परम्परागत पोशाक हो। यो उत्सव, नृत्य र सामुदायिक उत्सवहरूमा लगाइन्छ।"
nepali_dresses_augmented/magar_dress/128.jpg,"Two young girls in traditional clothing posing for the camera. This is the Magar dress, the traditional attire of the Magar community of Nepal. It is worn during festivals, dances, and community celebrations.","दुई युवतीहरू परम्परागत कपडामा क्यामेराको लागि पोज गर्दैछन्। यो Magar पोशाक हो, नेपालको Magar समुदायको परम्परागत पोशाक। यो उत्सव, नृत्य, र सामुदायिक उत्सवहरूमा लगाइन्छ।"
nepali_dresses_augmented/magar_dress/128_aug1.jpg,"Two young girls in traditional clothing posing for the camera. This is the Magar dress, the traditional attire of the Magar community of Nepal. It is worn during festivals, dances, and community celebrations.","दुई युवतीहरू परम्परागत कपडामा क्यामेराको लागि पोज गर्दैछन्। यो Magar पोशाक हो, नेपालको Magar समुदायको परम्परागत पोशाक। यो उत्सव, नृत्य, र सामुदायिक उत्सवहरूमा लगाइन्छ।"
nepali_dresses_augmented/magar_dress/128_aug2.jpg,"Two young girls in traditional clothing posing for the camera. This is the Magar dress, the traditional attire of the Magar community of Nepal. It is worn during festivals, dances, and community celebrations.","दुई युवतीहरू परम्परागत कपडामा क्यामेराको लागि पोज गर्दैछन्। यो Magar पोशाक हो, नेपालको Magar समुदायको परम्परागत पोशाक। यो उत्सव, नृत्य, र सामुदायिक उत्सवहरूमा लगाइन्छ।"
nepali_dresses_augmented/magar_dress/129.jpg,"A group of people holding flags in the street. This is the Magar dress, the traditional attire of the Magar community of Nepal. It is worn during festivals, dances, and community celebrations.","सडकमा झण्डा बोक्ने मानिसहरूको समूह। यो Magar पोशाक हो, नेपालको Magar समुदायको परम्परागत पोशाक। यो उत्सव, नृत्य, र सामुदायिक उत्सवहरूमा लगाइन्छ।"
nepali_dresses_augmented/magar_dress/129_aug1.jpg,"A group of people holding flags in the street. This is the Magar dress, the traditional attire of the Magar community of Nepal. It is worn during festivals, dances, and community celebrations.","सडकमा झण्डा बोक्ने मानिसहरूको समूह। यो Magar पोशाक हो, नेपालको Magar समुदायको परम्परागत पोशाक। यो उत्सव, नृत्य, र सामुदायिक उत्सवहरूमा लगाइन्छ।"
nepali_dresses_augmented/magar_dress/129_aug2.jpg,"A group of people holding flags in the street. This is the Magar dress, the traditional attire of the Magar community of Nepal. It is worn during festivals, dances, and community celebrations.","सडकमा झण्डा बोक्ने मानिसहरूको समूह। यो Magar पोशाक हो, नेपालको Magar समुदायको परम्परागत पोशाक। यो उत्सव, नृत्य, र सामुदायिक उत्सवहरूमा लगाइन्छ।"
nepali_dresses_augmented/magar_dress/12_aug1.jpg,"A woman in traditional dress standing on a hill. This is the Magar dress, the traditional attire of the Magar community of Nepal. It is worn during festivals, dances, and community celebrations.","एउटा पहाडमा उभिएर परम्परागत पोशाकमा देखिने महिला. यो नेपालको मगर समुदायको परम्परागत पोशाक हो। यो पर्व, नृत्य र सामुदायिक उत्सवहरूमा लगाइन्छ।"
nepali_dresses_augmented/magar_dress/12_aug2.jpg,"A woman in traditional dress standing on a hill. This is the Magar dress, the traditional attire of the Magar community of Nepal. It is worn during festivals, dances, and community celebrations.","एउटा पहाडमा उभिएर परम्परागत पोशाकमा देखिने महिला. यो नेपालको मगर समुदायको परम्परागत पोशाक हो। यो पर्व, नृत्य र सामुदायिक उत्सवहरूमा लगाइन्छ।"
nepali_dresses_augmented/magar_dress/12_aug3.jpg,"A woman in traditional dress standing on a hill. This is the Magar dress, the traditional attire of the Magar community of Nepal. It is worn during festivals, dances, and community celebrations.","एउटा पहाडमा उभिएर परम्परागत पोशाकमा देखिने महिला. यो नेपालको मगर समुदायको परम्परागत पोशाक हो। यो पर्व, नृत्य र सामुदायिक उत्सवहरूमा लगाइन्छ।"
nepali_dresses_augmented/magar_dress/13.jpg,"A group of young boys in traditional clothing playing drums. This is the Magar dress, the traditional attire of the Magar community of Nepal. It is worn during festivals, dances, and community celebrations.","नेपालको मगर समुदायको परम्परागत पोशाक मगरको पोशाक हो। यो पर्व, नृत्य र सामुदायिक उत्सवहरूमा लगाइन्छ।"
nepali_dresses_augmented/magar_dress/130.jpg,"A woman in a red and blue sari. This is the Magar dress, the traditional attire of the Magar community of Nepal. It is worn during festivals, dances, and community celebrations.","रातो र नीलो साड़ीमा एक महिला। यो मगर पोशाक हो, नेपालको मगर समुदायको परम्परागत पोशाक। यो उत्सव, नृत्य र सामुदायिक उत्सवहरूमा लगाइन्छ।"
nepali_dresses_augmented/magar_dress/130_aug1.jpg,"A woman in a red and blue sari. This is the Magar dress, the traditional attire of the Magar community of Nepal. It is worn during festivals, dances, and community celebrations.","रातो र नीलो साड़ीमा एक महिला। यो मगर पोशाक हो, नेपालको मगर समुदायको परम्परागत पोशाक। यो उत्सव, नृत्य र सामुदायिक उत्सवहरूमा लगाइन्छ।"
nepali_dresses_augmented/magar_dress/130_aug2.jpg,"A woman in a red and blue sari. This is the Magar dress, the traditional attire of the Magar community of Nepal. It is worn during festivals, dances, and community celebrations.","रातो र नीलो साड़ीमा एक महिला। यो मगर पोशाक हो, नेपालको मगर समुदायको परम्परागत पोशाक। यो उत्सव, नृत्य र सामुदायिक उत्सवहरूमा लगाइन्छ।"
nepali_dresses_augmented/magar_dress/131.jpg,"A group of people are standing in a field. This is the Magar dress, the traditional attire of the Magar community of Nepal. It is worn during festivals, dances, and community celebrations.","नेपालको मगर समुदायको परम्परागत पोशाक मगरको पोशाक हो । यो पर्व, नृत्य र समुदायको उत्सवमा लगाइन्छ ।"
nepali_dresses_augmented/magar_dress/131_aug1.jpg,"A group of people are standing in a field. This is the Magar dress, the traditional attire of the Magar community of Nepal. It is worn during festivals, dances, and community celebrations.","नेपालको मगर समुदायको परम्परागत पोशाक मगरको पोशाक हो । यो पर्व, नृत्य र समुदायको उत्सवमा लगाइन्छ ।"
nepali_dresses_augmented/magar_dress/131_aug2.jpg,"A group of people are standing in a field. This is the Magar dress, the traditional attire of the Magar community of Nepal. It is worn during festivals, dances, and community celebrations.","नेपालको मगर समुदायको परम्परागत पोशाक मगरको पोशाक हो । यो पर्व, नृत्य र समुदायको उत्सवमा लगाइन्छ ।"
nepali_dresses_augmented/magar_dress/132.jpg,"A group of people playing drums on the street. This is the Magar dress, the traditional attire of the Magar community of Nepal. It is worn during festivals, dances, and community celebrations.","सडकमा ड्रम बजाउने मानिसहरूको समूह। यो Magar पोशाक हो, नेपालको Magar समुदायको परम्परागत पोशाक। यो उत्सव, नृत्य, र सामुदायिक उत्सवहरूमा लगाइन्छ।"
nepali_dresses_augmented/magar_dress/132_aug1.jpg,"A group of people playing drums on the street. This is the Magar dress, the traditional attire of the Magar community of Nepal. It is worn during festivals, dances, and community celebrations.","सडकमा ड्रम बजाउने मानिसहरूको समूह। यो Magar पोशाक हो, नेपालको Magar समुदायको परम्परागत पोशाक। यो उत्सव, नृत्य, र सामुदायिक उत्सवहरूमा लगाइन्छ।"
nepali_dresses_augmented/magar_dress/132_aug2.jpg,"A group of people playing drums on the street. This is the Magar dress, the traditional attire of the Magar community of Nepal. It is worn during festivals, dances, and community celebrations.","सडकमा ड्रम बजाउने मानिसहरूको समूह। यो Magar पोशाक हो, नेपालको Magar समुदायको परम्परागत पोशाक। यो उत्सव, नृत्य, र सामुदायिक उत्सवहरूमा लगाइन्छ।"
nepali_dresses_augmented/magar_dress/133.jpg,"A woman in traditional dress holding a large drum during a parade in the city of kathmandu, nepal - stock. This is the Magar dress, the traditional attire of the Magar community of Nepal. It is worn during festivals, dances, and community celebrations.","नेपालको काठमाण्डौ शहरमा परेडको क्रममा ठूलो ड्रम पकडेर परम्परागत पोशाकमा एक महिला। यो नेपालको मगर समुदायको परम्परागत पोशाक हो। यो पर्व, नृत्य र सामुदायिक उत्सवहरूमा लगाइन्छ।"
nepali_dresses_augmented/magar_dress/133_aug1.jpg,"A woman in traditional dress holding a large drum during a parade in the city of kathmandu, nepal - stock. This is the Magar dress, the traditional attire of the Magar community of Nepal. It is worn during festivals, dances, and community celebrations.","नेपालको काठमाण्डौ शहरमा परेडको क्रममा ठूलो ड्रम पकडेर परम्परागत पोशाकमा एक महिला। यो नेपालको मगर समुदायको परम्परागत पोशाक हो। यो पर्व, नृत्य र सामुदायिक उत्सवहरूमा लगाइन्छ।"
nepali_dresses_augmented/magar_dress/133_aug2.jpg,"A woman in traditional dress holding a large drum during a parade in the city of kathmandu, nepal - stock. This is the Magar dress, the traditional attire of the Magar community of Nepal. It is worn during festivals, dances, and community celebrations.","नेपालको काठमाण्डौ शहरमा परेडको क्रममा ठूलो ड्रम पकडेर परम्परागत पोशाकमा एक महिला। यो नेपालको मगर समुदायको परम्परागत पोशाक हो। यो पर्व, नृत्य र सामुदायिक उत्सवहरूमा लगाइन्छ।"
nepali_dresses_augmented/magar_dress/134.jpg,"Dancers perform during the opening ceremony. This is the Magar dress, the traditional attire of the Magar community of Nepal. It is worn during festivals, dances, and community celebrations.","उद्घाटन समारोहको क्रममा नर्तकहरू प्रदर्शन गर्छन्। यो मगर पोशाक हो, नेपालको मगर समुदायको परम्परागत पोशाक। यो उत्सव, नृत्य, र सामुदायिक उत्सवहरूमा लगाइन्छ।"
nepali_dresses_augmented/magar_dress/134_aug1.jpg,"Dancers perform during the opening ceremony. This is the Magar dress, the traditional attire of the Magar community of Nepal. It is worn during festivals, dances, and community celebrations.","उद्घाटन समारोहको क्रममा नर्तकहरू प्रदर्शन गर्छन्। यो मगर पोशाक हो, नेपालको मगर समुदायको परम्परागत पोशाक। यो उत्सव, नृत्य, र सामुदायिक उत्सवहरूमा लगाइन्छ।"
nepali_dresses_augmented/magar_dress/134_aug2.jpg,"Dancers perform during the opening ceremony. This is the Magar dress, the traditional attire of the Magar community of Nepal. It is worn during festivals, dances, and community celebrations.","उद्घाटन समारोहको क्रममा नर्तकहरू प्रदर्शन गर्छन्। यो मगर पोशाक हो, नेपालको मगर समुदायको परम्परागत पोशाक। यो उत्सव, नृत्य, र सामुदायिक उत्सवहरूमा लगाइन्छ।"
nepali_dresses_augmented/magar_dress/135.jpg,"A young girl in traditional dress playing an instrument. This is the Magar dress, the traditional attire of the Magar community of Nepal. It is worn during festivals, dances, and community celebrations.","परम्परागत पोशाकमा एक युवतीले एउटा वाद्ययन्त्र बजाउँछिन्। यो मगर पोशाक हो, नेपालको मगर समुदायको परम्परागत पोशाक। यो उत्सव, नृत्य र सामुदायिक उत्सवहरूमा लगाइन्छ।"
nepali_dresses_augmented/magar_dress/135_aug1.jpg,"A young girl in traditional dress playing an instrument. This is the Magar dress, the traditional attire of the Magar community of Nepal. It is worn during festivals, dances, and community celebrations.","परम्परागत पोशाकमा एक युवतीले एउटा वाद्ययन्त्र बजाउँछिन्। यो मगर पोशाक हो, नेपालको मगर समुदायको परम्परागत पोशाक। यो उत्सव, नृत्य र सामुदायिक उत्सवहरूमा लगाइन्छ।"
nepali_dresses_augmented/magar_dress/135_aug2.jpg,"A young girl in traditional dress playing an instrument. This is the Magar dress, the traditional attire of the Magar community of Nepal. It is worn during festivals, dances, and community celebrations.","परम्परागत पोशाकमा एक युवतीले एउटा वाद्ययन्त्र बजाउँछिन्। यो मगर पोशाक हो, नेपालको मगर समुदायको परम्परागत पोशाक। यो उत्सव, नृत्य र सामुदायिक उत्सवहरूमा लगाइन्छ।"
nepali_dresses_augmented/magar_dress/136.jpg,"A group of women singing in a room. This is the Magar dress, the traditional attire of the Magar community of Nepal. It is worn during festivals, dances, and community celebrations.","नेपालको मगर समुदायको परम्परागत पोशाक हो। यो पर्व, नृत्य र सामुदायिक उत्सवहरूमा लगाइन्छ।"
nepali_dresses_augmented/magar_dress/136_aug1.jpg,"A group of women singing in a room. This is the Magar dress, the traditional attire of the Magar community of Nepal. It is worn during festivals, dances, and community celebrations.","नेपालको मगर समुदायको परम्परागत पोशाक हो। यो पर्व, नृत्य र सामुदायिक उत्सवहरूमा लगाइन्छ।"
nepali_dresses_augmented/magar_dress/136_aug2.jpg,"A group of women singing in a room. This is the Magar dress, the traditional attire of the Magar community of Nepal. It is worn during festivals, dances, and community celebrations.","नेपालको मगर समुदायको परम्परागत पोशाक हो। यो पर्व, नृत्य र सामुदायिक उत्सवहरूमा लगाइन्छ।"
nepali_dresses_augmented/magar_dress/137.jpg,"A group of people in traditional costumes dancing at a festival - stock image. This is the Magar dress, the traditional attire of the Magar community of Nepal. It is worn during festivals, dances, and community celebrations.","नेपालको मगर समुदायको परम्परागत पोशाक मगरको पोशाक हो । यो पर्व, नृत्य र सामुदायिक उत्सवको समयमा लगाइन्छ ।"
nepali_dresses_augmented/magar_dress/137_aug1.jpg,"A group of people in traditional costumes dancing at a festival - stock image. This is the Magar dress, the traditional attire of the Magar community of Nepal. It is worn during festivals, dances, and community celebrations.","नेपालको मगर समुदायको परम्परागत पोशाक मगरको पोशाक हो । यो पर्व, नृत्य र सामुदायिक उत्सवको समयमा लगाइन्छ ।"
nepali_dresses_augmented/magar_dress/137_aug2.jpg,"A group of people in traditional costumes dancing at a festival - stock image. This is the Magar dress, the traditional attire of the Magar community of Nepal. It is worn during festivals, dances, and community celebrations.","नेपालको मगर समुदायको परम्परागत पोशाक मगरको पोशाक हो । यो पर्व, नृत्य र सामुदायिक उत्सवको समयमा लगाइन्छ ।"
nepali_dresses_augmented/magar_dress/138.jpg,"A group of men and women in traditional costumes. This is the Magar dress, the traditional attire of the Magar community of Nepal. It is worn during festivals, dances, and community celebrations.","परम्परागत पोशाकमा पुरुष र महिलाहरूको समूह। यो नेपालको मगर समुदायको परम्परागत पोशाक हो। यो उत्सव, नृत्य र सामुदायिक उत्सवहरूमा लगाइन्छ।"
nepali_dresses_augmented/magar_dress/138_aug1.jpg,"A group of men and women in traditional costumes. This is the Magar dress, the traditional attire of the Magar community of Nepal. It is worn during festivals, dances, and community celebrations.","परम्परागत पोशाकमा पुरुष र महिलाहरूको समूह। यो नेपालको मगर समुदायको परम्परागत पोशाक हो। यो उत्सव, नृत्य र सामुदायिक उत्सवहरूमा लगाइन्छ।"
nepali_dresses_augmented/magar_dress/138_aug2.jpg,"A group of men and women in traditional costumes. This is the Magar dress, the traditional attire of the Magar community of Nepal. It is worn during festivals, dances, and community celebrations.","परम्परागत पोशाकमा पुरुष र महिलाहरूको समूह। यो नेपालको मगर समुदायको परम्परागत पोशाक हो। यो उत्सव, नृत्य र सामुदायिक उत्सवहरूमा लगाइन्छ।"
nepali_dresses_augmented/magar_dress/139.jpg,"A group of women dancing in front of a crowd. This is the Magar dress, the traditional attire of the Magar community of Nepal. It is worn during festivals, dances, and community celebrations.","एक समूह महिलाहरू भीडको अगाडि नाच्दैछन्। यो Magar पोशाक हो, नेपालको Magar समुदायको परम्परागत पोशाक। यो उत्सव, नृत्य, र सामुदायिक उत्सवहरूमा लगाइन्छ।"
nepali_dresses_augmented/magar_dress/139_aug1.jpg,"A group of women dancing in front of a crowd. This is the Magar dress, the traditional attire of the Magar community of Nepal. It is worn during festivals, dances, and community celebrations.","एक समूह महिलाहरू भीडको अगाडि नाच्दैछन्। यो Magar पोशाक हो, नेपालको Magar समुदायको परम्परागत पोशाक। यो उत्सव, नृत्य, र सामुदायिक उत्सवहरूमा लगाइन्छ।"
nepali_dresses_augmented/magar_dress/139_aug2.jpg,"A group of women dancing in front of a crowd. This is the Magar dress, the traditional attire of the Magar community of Nepal. It is worn during festivals, dances, and community celebrations.","एक समूह महिलाहरू भीडको अगाडि नाच्दैछन्। यो Magar पोशाक हो, नेपालको Magar समुदायको परम्परागत पोशाक। यो उत्सव, नृत्य, र सामुदायिक उत्सवहरूमा लगाइन्छ।"
nepali_dresses_augmented/magar_dress/13_aug1.jpg,"A group of young boys in traditional clothing playing drums. This is the Magar dress, the traditional attire of the Magar community of Nepal. It is worn during festivals, dances, and community celebrations.","नेपालको मगर समुदायको परम्परागत पोशाक मगरको पोशाक हो। यो पर्व, नृत्य र सामुदायिक उत्सवहरूमा लगाइन्छ।"
nepali_dresses_augmented/magar_dress/13_aug2.jpg,"A group of young boys in traditional clothing playing drums. This is the Magar dress, the traditional attire of the Magar community of Nepal. It is worn during festivals, dances, and community celebrations.","नेपालको मगर समुदायको परम्परागत पोशाक मगरको पोशाक हो। यो पर्व, नृत्य र सामुदायिक उत्सवहरूमा लगाइन्छ।"
nepali_dresses_augmented/magar_dress/13_aug3.jpg,"A group of young boys in traditional clothing playing drums. This is the Magar dress, the traditional attire of the Magar community of Nepal. It is worn during festivals, dances, and community celebrations.","नेपालको मगर समुदायको परम्परागत पोशाक मगरको पोशाक हो। यो पर्व, नृत्य र सामुदायिक उत्सवहरूमा लगाइन्छ।"
nepali_dresses_augmented/magar_dress/14.jpg,"A group of people sitting in the grass. This is the Magar dress, the traditional attire of the Magar community of Nepal. It is worn during festivals, dances, and community celebrations.","घाँसमा बस्ने मानिसहरूको समूह। यो Magar पोशाक हो, नेपालको Magar समुदायको परम्परागत पोशाक। यो उत्सव, नृत्य, र सामुदायिक उत्सवहरूमा लगाइन्छ।"
nepali_dresses_augmented/magar_dress/140.jpg,"A group of people standing in a field. This is the Magar dress, the traditional attire of the Magar community of Nepal. It is worn during festivals, dances, and community celebrations.","नेपालको मगर समुदायको परम्परागत पोशाक मगरको पोशाक हो । यो पर्व, नृत्य र सामुदायिक उत्सवको समयमा लगाइन्छ ।"
nepali_dresses_augmented/magar_dress/140_aug1.jpg,"A group of people standing in a field. This is the Magar dress, the traditional attire of the Magar community of Nepal. It is worn during festivals, dances, and community celebrations.","नेपालको मगर समुदायको परम्परागत पोशाक मगरको पोशाक हो । यो पर्व, नृत्य र सामुदायिक उत्सवको समयमा लगाइन्छ ।"
nepali_dresses_augmented/magar_dress/140_aug2.jpg,"A group of people standing in a field. This is the Magar dress, the traditional attire of the Magar community of Nepal. It is worn during festivals, dances, and community celebrations.","नेपालको मगर समुदायको परम्परागत पोशाक मगरको पोशाक हो । यो पर्व, नृत्य र सामुदायिक उत्सवको समयमा लगाइन्छ ।"
nepali_dresses_augmented/magar_dress/141.jpg,"A man in a white shirt and black hat holding a stick. This is the Magar dress, the traditional attire of the Magar community of Nepal. It is worn during festivals, dances, and community celebrations.","एक सेतो शर्ट र कालो टोपीमा एक लाठी पकडेर एक मानिस। यो Magar ड्रेस हो, नेपालको Magar समुदायको परम्परागत पोशाक। यो उत्सव, नृत्य, र सामुदायिक उत्सवहरूमा लगाइन्छ।"
nepali_dresses_augmented/magar_dress/141_aug1.jpg,"A man in a white shirt and black hat holding a stick. This is the Magar dress, the traditional attire of the Magar community of Nepal. It is worn during festivals, dances, and community celebrations.","एक सेतो शर्ट र कालो टोपीमा एक लाठी पकडेर एक मानिस। यो Magar ड्रेस हो, नेपालको Magar समुदायको परम्परागत पोशाक। यो उत्सव, नृत्य, र सामुदायिक उत्सवहरूमा लगाइन्छ।"
nepali_dresses_augmented/magar_dress/141_aug2.jpg,"A man in a white shirt and black hat holding a stick. This is the Magar dress, the traditional attire of the Magar community of Nepal. It is worn during festivals, dances, and community celebrations.","एक सेतो शर्ट र कालो टोपीमा एक लाठी पकडेर एक मानिस। यो Magar ड्रेस हो, नेपालको Magar समुदायको परम्परागत पोशाक। यो उत्सव, नृत्य, र सामुदायिक उत्सवहरूमा लगाइन्छ।"
nepali_dresses_augmented/magar_dress/142.jpg,"A group of people walking down a street. This is the Magar dress, the traditional attire of the Magar community of Nepal. It is worn during festivals, dances, and community celebrations.","नेपालको मगर समुदायको परम्परागत पोशाक हो। यो पर्व, नृत्य र सामुदायिक उत्सवहरूमा लगाइन्छ।"
nepali_dresses_augmented/magar_dress/142_aug1.jpg,"A group of people walking down a street. This is the Magar dress, the traditional attire of the Magar community of Nepal. It is worn during festivals, dances, and community celebrations.","नेपालको मगर समुदायको परम्परागत पोशाक हो। यो पर्व, नृत्य र सामुदायिक उत्सवहरूमा लगाइन्छ।"
nepali_dresses_augmented/magar_dress/142_aug2.jpg,"A group of people walking down a street. This is the Magar dress, the traditional attire of the Magar community of Nepal. It is worn during festivals, dances, and community celebrations.","नेपालको मगर समुदायको परम्परागत पोशाक हो। यो पर्व, नृत्य र सामुदायिक उत्सवहरूमा लगाइन्छ।"
nepali_dresses_augmented/magar_dress/143.jpg,"A group of people walking through a field. This is the Magar dress, the traditional attire of the Magar community of Nepal. It is worn during festivals, dances, and community celebrations.","नेपालको मगर समुदायको परम्परागत पोशाक मगरको पोशाक हो । यो पर्व, नृत्य र सामुदायिक उत्सवको समयमा लगाइन्छ ।"
nepali_dresses_augmented/magar_dress/143_aug1.jpg,"A group of people walking through a field. This is the Magar dress, the traditional attire of the Magar community of Nepal. It is worn during festivals, dances, and community celebrations.","नेपालको मगर समुदायको परम्परागत पोशाक मगरको पोशाक हो । यो पर्व, नृत्य र सामुदायिक उत्सवको समयमा लगाइन्छ ।"
nepali_dresses_augmented/magar_dress/143_aug2.jpg,"A group of people walking through a field. This is the Magar dress, the traditional attire of the Magar community of Nepal. It is worn during festivals, dances, and community celebrations.","नेपालको मगर समुदायको परम्परागत पोशाक मगरको पोशाक हो । यो पर्व, नृत्य र सामुदायिक उत्सवको समयमा लगाइन्छ ।"
nepali_dresses_augmented/magar_dress/144.jpg,"A group of young girls dressed in traditional costumes. This is the Magar dress, the traditional attire of the Magar community of Nepal. It is worn during festivals, dances, and community celebrations.","परम्परागत पोशाक लगाएका युवतीहरूको समूह। यो नेपालको मगर समुदायको परम्परागत पोशाक हो। यो महोत्सव, नृत्य र सामुदायिक उत्सवहरूमा लगाइन्छ।"
nepali_dresses_augmented/magar_dress/144_aug1.jpg,"A group of young girls dressed in traditional costumes. This is the Magar dress, the traditional attire of the Magar community of Nepal. It is worn during festivals, dances, and community celebrations.","परम्परागत पोशाक लगाएका युवतीहरूको समूह। यो नेपालको मगर समुदायको परम्परागत पोशाक हो। यो महोत्सव, नृत्य र सामुदायिक उत्सवहरूमा लगाइन्छ।"
nepali_dresses_augmented/magar_dress/144_aug2.jpg,"A group of young girls dressed in traditional costumes. This is the Magar dress, the traditional attire of the Magar community of Nepal. It is worn during festivals, dances, and community celebrations.","परम्परागत पोशाक लगाएका युवतीहरूको समूह। यो नेपालको मगर समुदायको परम्परागत पोशाक हो। यो महोत्सव, नृत्य र सामुदायिक उत्सवहरूमा लगाइन्छ।"
nepali_dresses_augmented/magar_dress/145.jpg,"A group of children posing for a photo. This is the Magar dress, the traditional attire of the Magar community of Nepal. It is worn during festivals, dances, and community celebrations.","नेपालको मगर समुदायको परम्परागत पोशाक मगरको पोशाक हो। यो पर्व, नृत्य र सामुदायिक उत्सवहरूमा लगाइन्छ।"
nepali_dresses_augmented/magar_dress/145_aug1.jpg,"A group of children posing for a photo. This is the Magar dress, the traditional attire of the Magar community of Nepal. It is worn during festivals, dances, and community celebrations.","नेपालको मगर समुदायको परम्परागत पोशाक मगरको पोशाक हो। यो पर्व, नृत्य र सामुदायिक उत्सवहरूमा लगाइन्छ।"
nepali_dresses_augmented/magar_dress/145_aug2.jpg,"A group of children posing for a photo. This is the Magar dress, the traditional attire of the Magar community of Nepal. It is worn during festivals, dances, and community celebrations.","नेपालको मगर समुदायको परम्परागत पोशाक मगरको पोशाक हो। यो पर्व, नृत्य र सामुदायिक उत्सवहरूमा लगाइन्छ।"
nepali_dresses_augmented/magar_dress/14_aug1.jpg,"A group of people sitting in the grass. This is the Magar dress, the traditional attire of the Magar community of Nepal. It is worn during festivals, dances, and community celebrations.","घाँसमा बस्ने मानिसहरूको समूह। यो Magar पोशाक हो, नेपालको Magar समुदायको परम्परागत पोशाक। यो उत्सव, नृत्य, र सामुदायिक उत्सवहरूमा लगाइन्छ।"
nepali_dresses_augmented/magar_dress/14_aug2.jpg,"A group of people sitting in the grass. This is the Magar dress, the traditional attire of the Magar community of Nepal. It is worn during festivals, dances, and community celebrations.","घाँसमा बस्ने मानिसहरूको समूह। यो Magar पोशाक हो, नेपालको Magar समुदायको परम्परागत पोशाक। यो उत्सव, नृत्य, र सामुदायिक उत्सवहरूमा लगाइन्छ।"
nepali_dresses_augmented/magar_dress/14_aug3.jpg,"A group of people sitting in the grass. This is the Magar dress, the traditional attire of the Magar community of Nepal. It is worn during festivals, dances, and community celebrations.","घाँसमा बस्ने मानिसहरूको समूह। यो Magar पोशाक हो, नेपालको Magar समुदायको परम्परागत पोशाक। यो उत्सव, नृत्य, र सामुदायिक उत्सवहरूमा लगाइन्छ।"
nepali_dresses_augmented/magar_dress/15.jpg,"A woman in a red and gold outfit. This is the Magar dress, the traditional attire of the Magar community of Nepal. It is worn during festivals, dances, and community celebrations.","रातो र सुनको पोशाकमा एक महिला। यो मगर पोशाक हो, नेपालको मगर समुदायको परम्परागत पोशाक। यो उत्सव, नृत्य, र सामुदायिक उत्सवहरूमा लगाइन्छ।"
nepali_dresses_augmented/magar_dress/15_aug1.jpg,"A woman in a red and gold outfit. This is the Magar dress, the traditional attire of the Magar community of Nepal. It is worn during festivals, dances, and community celebrations.","रातो र सुनको पोशाकमा एक महिला। यो मगर पोशाक हो, नेपालको मगर समुदायको परम्परागत पोशाक। यो उत्सव, नृत्य, र सामुदायिक उत्सवहरूमा लगाइन्छ।"
nepali_dresses_augmented/magar_dress/15_aug2.jpg,"A woman in a red and gold outfit. This is the Magar dress, the traditional attire of the Magar community of Nepal. It is worn during festivals, dances, and community celebrations.","रातो र सुनको पोशाकमा एक महिला। यो मगर पोशाक हो, नेपालको मगर समुदायको परम्परागत पोशाक। यो उत्सव, नृत्य, र सामुदायिक उत्सवहरूमा लगाइन्छ।"
nepali_dresses_augmented/magar_dress/15_aug3.jpg,"A woman in a red and gold outfit. This is the Magar dress, the traditional attire of the Magar community of Nepal. It is worn during festivals, dances, and community celebrations.","रातो र सुनको पोशाकमा एक महिला। यो मगर पोशाक हो, नेपालको मगर समुदायको परम्परागत पोशाक। यो उत्सव, नृत्य, र सामुदायिक उत्सवहरूमा लगाइन्छ।"
nepali_dresses_augmented/magar_dress/16.jpg,"A woman standing in front of a rack of clothes. This is the Magar dress, the traditional attire of the Magar community of Nepal. It is worn during festivals, dances, and community celebrations.","एक महिला कपडाको र्याकको अगाडि उभिएकी। यो Magar पोशाक हो, नेपालको Magar समुदायको परम्परागत पोशाक। यो उत्सव, नृत्य, र सामुदायिक उत्सवहरूमा लगाइन्छ।"
nepali_dresses_augmented/magar_dress/16_aug1.jpg,"A woman standing in front of a rack of clothes. This is the Magar dress, the traditional attire of the Magar community of Nepal. It is worn during festivals, dances, and community celebrations.","एक महिला कपडाको र्याकको अगाडि उभिएकी। यो Magar पोशाक हो, नेपालको Magar समुदायको परम्परागत पोशाक। यो उत्सव, नृत्य, र सामुदायिक उत्सवहरूमा लगाइन्छ।"
nepali_dresses_augmented/magar_dress/16_aug2.jpg,"A woman standing in front of a rack of clothes. This is the Magar dress, the traditional attire of the Magar community of Nepal. It is worn during festivals, dances, and community celebrations.","एक महिला कपडाको र्याकको अगाडि उभिएकी। यो Magar पोशाक हो, नेपालको Magar समुदायको परम्परागत पोशाक। यो उत्सव, नृत्य, र सामुदायिक उत्सवहरूमा लगाइन्छ।"
nepali_dresses_augmented/magar_dress/16_aug3.jpg,"A woman standing in front of a rack of clothes. This is the Magar dress, the traditional attire of the Magar community of Nepal. It is worn during festivals, dances, and community celebrations.","एक महिला कपडाको र्याकको अगाडि उभिएकी। यो Magar पोशाक हो, नेपालको Magar समुदायको परम्परागत पोशाक। यो उत्सव, नृत्य, र सामुदायिक उत्सवहरूमा लगाइन्छ।"
nepali_dresses_augmented/magar_dress/17.jpg,"Two women in traditional clothing standing next to each other women. This is the Magar dress, the traditional attire of the Magar community of Nepal. It is worn during festivals, dances, and community celebrations.","दुई महिला परम्परागत कपडामा एक अर्काको छेउमा उभिएका महिलाहरू। यो Magar पोशाक हो, नेपालको Magar समुदायको परम्परागत पोशाक। यो उत्सव, नृत्य, र सामुदायिक उत्सवहरूमा लगाइन्छ।"
nepali_dresses_augmented/magar_dress/17_aug1.jpg,"Two women in traditional clothing standing next to each other women. This is the Magar dress, the traditional attire of the Magar community of Nepal. It is worn during festivals, dances, and community celebrations.","दुई महिला परम्परागत कपडामा एक अर्काको छेउमा उभिएका महिलाहरू। यो Magar पोशाक हो, नेपालको Magar समुदायको परम्परागत पोशाक। यो उत्सव, नृत्य, र सामुदायिक उत्सवहरूमा लगाइन्छ।"
nepali_dresses_augmented/magar_dress/17_aug2.jpg,"Two women in traditional clothing standing next to each other women. This is the Magar dress, the traditional attire of the Magar community of Nepal. It is worn during festivals, dances, and community celebrations.","दुई महिला परम्परागत कपडामा एक अर्काको छेउमा उभिएका महिलाहरू। यो Magar पोशाक हो, नेपालको Magar समुदायको परम्परागत पोशाक। यो उत्सव, नृत्य, र सामुदायिक उत्सवहरूमा लगाइन्छ।"
nepali_dresses_augmented/magar_dress/17_aug3.jpg,"Two women in traditional clothing standing next to each other women. This is the Magar dress, the traditional attire of the Magar community of Nepal. It is worn during festivals, dances, and community celebrations.","दुई महिला परम्परागत कपडामा एक अर्काको छेउमा उभिएका महिलाहरू। यो Magar पोशाक हो, नेपालको Magar समुदायको परम्परागत पोशाक। यो उत्सव, नृत्य, र सामुदायिक उत्सवहरूमा लगाइन्छ।"
nepali_dresses_augmented/magar_dress/18.jpg,"A woman wearing a red and black sari. This is the Magar dress, the traditional attire of the Magar community of Nepal. It is worn during festivals, dances, and community celebrations.","एक महिलाले रातो र कालो साड़ी लगाउँछिन्। यो मगर पोशाक हो, नेपालको मगर समुदायको परम्परागत पोशाक हो। यो उत्सव, नृत्य र सामुदायिक उत्सवहरूमा लगाइन्छ।"
nepali_dresses_augmented/magar_dress/18_aug1.jpg,"A woman wearing a red and black sari. This is the Magar dress, the traditional attire of the Magar community of Nepal. It is worn during festivals, dances, and community celebrations.","एक महिलाले रातो र कालो साड़ी लगाउँछिन्। यो मगर पोशाक हो, नेपालको मगर समुदायको परम्परागत पोशाक हो। यो उत्सव, नृत्य र सामुदायिक उत्सवहरूमा लगाइन्छ।"
nepali_dresses_augmented/magar_dress/18_aug2.jpg,"A woman wearing a red and black sari. This is the Magar dress, the traditional attire of the Magar community of Nepal. It is worn during festivals, dances, and community celebrations.","एक महिलाले रातो र कालो साड़ी लगाउँछिन्। यो मगर पोशाक हो, नेपालको मगर समुदायको परम्परागत पोशाक हो। यो उत्सव, नृत्य र सामुदायिक उत्सवहरूमा लगाइन्छ।"
nepali_dresses_augmented/magar_dress/18_aug3.jpg,"A woman wearing a red and black sari. This is the Magar dress, the traditional attire of the Magar community of Nepal. It is worn during festivals, dances, and community celebrations.","एक महिलाले रातो र कालो साड़ी लगाउँछिन्। यो मगर पोशाक हो, नेपालको मगर समुदायको परम्परागत पोशाक हो। यो उत्सव, नृत्य र सामुदायिक उत्सवहरूमा लगाइन्छ।"
nepali_dresses_augmented/magar_dress/19.jpg,"A woman in a red and black sari. This is the Magar dress, the traditional attire of the Magar community of Nepal. It is worn during festivals, dances, and community celebrations.","रातो र कालो साड़ीमा एक महिला। यो मगर पोशाक हो, नेपालको मगर समुदायको परम्परागत पोशाक। यो उत्सव, नृत्य र सामुदायिक उत्सवहरूमा लगाइन्छ।"
nepali_dresses_augmented/magar_dress/19_aug1.jpg,"A woman in a red and black sari. This is the Magar dress, the traditional attire of the Magar community of Nepal. It is worn during festivals, dances, and community celebrations.","रातो र कालो साड़ीमा एक महिला। यो मगर पोशाक हो, नेपालको मगर समुदायको परम्परागत पोशाक। यो उत्सव, नृत्य र सामुदायिक उत्सवहरूमा लगाइन्छ।"
nepali_dresses_augmented/magar_dress/19_aug2.jpg,"A woman in a red and black sari. This is the Magar dress, the traditional attire of the Magar community of Nepal. It is worn during festivals, dances, and community celebrations.","रातो र कालो साड़ीमा एक महिला। यो मगर पोशाक हो, नेपालको मगर समुदायको परम्परागत पोशाक। यो उत्सव, नृत्य र सामुदायिक उत्सवहरूमा लगाइन्छ।"
nepali_dresses_augmented/magar_dress/19_aug3.jpg,"A woman in a red and black sari. This is the Magar dress, the traditional attire of the Magar community of Nepal. It is worn during festivals, dances, and community celebrations.","रातो र कालो साड़ीमा एक महिला। यो मगर पोशाक हो, नेपालको मगर समुदायको परम्परागत पोशाक। यो उत्सव, नृत्य र सामुदायिक उत्सवहरूमा लगाइन्छ।"
nepali_dresses_augmented/magar_dress/1_aug1.jpg,"A woman in a red and blue dress standing with her arms crossed. This is the Magar dress, the traditional attire of the Magar community of Nepal. It is worn during festivals, dances, and community celebrations.","रातो र नीलो पोशाकमा उभिएकी एक महिलाले आफ्नो हातहरू क्रस गरे। यो मगर पोशाक हो, नेपालको मगर समुदायको परम्परागत पोशाक। यो उत्सव, नृत्य र सामुदायिक उत्सवहरूमा लगाइन्छ।"
nepali_dresses_augmented/magar_dress/1_aug2.jpg,"A woman in a red and blue dress standing with her arms crossed. This is the Magar dress, the traditional attire of the Magar community of Nepal. It is worn during festivals, dances, and community celebrations.","रातो र नीलो पोशाकमा उभिएकी एक महिलाले आफ्नो हातहरू क्रस गरे। यो मगर पोशाक हो, नेपालको मगर समुदायको परम्परागत पोशाक। यो उत्सव, नृत्य र सामुदायिक उत्सवहरूमा लगाइन्छ।"
nepali_dresses_augmented/magar_dress/1_aug3.jpg,"A woman in a red and blue dress standing with her arms crossed. This is the Magar dress, the traditional attire of the Magar community of Nepal. It is worn during festivals, dances, and community celebrations.","रातो र नीलो पोशाकमा उभिएकी एक महिलाले आफ्नो हातहरू क्रस गरे। यो मगर पोशाक हो, नेपालको मगर समुदायको परम्परागत पोशाक। यो उत्सव, नृत्य र सामुदायिक उत्सवहरूमा लगाइन्छ।"
nepali_dresses_augmented/magar_dress/2.jpg,"A woman in a red and black lepa. This is the Magar dress, the traditional attire of the Magar community of Nepal. It is worn during festivals, dances, and community celebrations.","रातो र कालो लेपामा एक महिला। यो मगर पोशाक हो, नेपालको मगर समुदायको परम्परागत पोशाक। यो उत्सव, नृत्य, र सामुदायिक उत्सवहरूमा लगाइन्छ।"
nepali_dresses_augmented/magar_dress/20.jpg,"A woman in a red and blue sari. This is the Magar dress, the traditional attire of the Magar community of Nepal. It is worn during festivals, dances, and community celebrations.","रातो र नीलो साड़ीमा एक महिला। यो मगर पोशाक हो, नेपालको मगर समुदायको परम्परागत पोशाक। यो उत्सव, नृत्य र सामुदायिक उत्सवहरूमा लगाइन्छ।"
nepali_dresses_augmented/magar_dress/20_aug1.jpg,"A woman in a red and blue sari. This is the Magar dress, the traditional attire of the Magar community of Nepal. It is worn during festivals, dances, and community celebrations.","रातो र नीलो साड़ीमा एक महिला। यो मगर पोशाक हो, नेपालको मगर समुदायको परम्परागत पोशाक। यो उत्सव, नृत्य र सामुदायिक उत्सवहरूमा लगाइन्छ।"
nepali_dresses_augmented/magar_dress/20_aug2.jpg,"A woman in a red and blue sari. This is the Magar dress, the traditional attire of the Magar community of Nepal. It is worn during festivals, dances, and community celebrations.","रातो र नीलो साड़ीमा एक महिला। यो मगर पोशाक हो, नेपालको मगर समुदायको परम्परागत पोशाक। यो उत्सव, नृत्य र सामुदायिक उत्सवहरूमा लगाइन्छ।"
nepali_dresses_augmented/magar_dress/20_aug3.jpg,"A woman in a red and blue sari. This is the Magar dress, the traditional attire of the Magar community of Nepal. It is worn during festivals, dances, and community celebrations.","रातो र नीलो साड़ीमा एक महिला। यो मगर पोशाक हो, नेपालको मगर समुदायको परम्परागत पोशाक। यो उत्सव, नृत्य र सामुदायिक उत्सवहरूमा लगाइन्छ।"
nepali_dresses_augmented/magar_dress/21.jpg,"A group of people posing for a picture. This is the Magar dress, the traditional attire of the Magar community of Nepal. It is worn during festivals, dances, and community celebrations.","नेपालको मगर समुदायको परम्परागत पोशाक हो। यो पर्व, नृत्य र सामुदायिक उत्सवहरूमा लगाइन्छ।"
nepali_dresses_augmented/magar_dress/21_aug1.jpg,"A group of people posing for a picture. This is the Magar dress, the traditional attire of the Magar community of Nepal. It is worn during festivals, dances, and community celebrations.","नेपालको मगर समुदायको परम्परागत पोशाक हो। यो पर्व, नृत्य र सामुदायिक उत्सवहरूमा लगाइन्छ।"
nepali_dresses_augmented/magar_dress/21_aug2.jpg,"A group of people posing for a picture. This is the Magar dress, the traditional attire of the Magar community of Nepal. It is worn during festivals, dances, and community celebrations.","नेपालको मगर समुदायको परम्परागत पोशाक हो। यो पर्व, नृत्य र सामुदायिक उत्सवहरूमा लगाइन्छ।"
nepali_dresses_augmented/magar_dress/21_aug3.jpg,"A group of people posing for a picture. This is the Magar dress, the traditional attire of the Magar community of Nepal. It is worn during festivals, dances, and community celebrations.","नेपालको मगर समुदायको परम्परागत पोशाक हो। यो पर्व, नृत्य र सामुदायिक उत्सवहरूमा लगाइन्छ।"
nepali_dresses_augmented/magar_dress/22.jpg,"A woman in a red and blue sari. This is the Magar dress, the traditional attire of the Magar community of Nepal. It is worn during festivals, dances, and community celebrations.","रातो र नीलो साड़ीमा एक महिला। यो मगर पोशाक हो, नेपालको मगर समुदायको परम्परागत पोशाक। यो उत्सव, नृत्य र सामुदायिक उत्सवहरूमा लगाइन्छ।"
nepali_dresses_augmented/magar_dress/22_aug1.jpg,"A woman in a red and blue sari. This is the Magar dress, the traditional attire of the Magar community of Nepal. It is worn during festivals, dances, and community celebrations.","रातो र नीलो साड़ीमा एक महिला। यो मगर पोशाक हो, नेपालको मगर समुदायको परम्परागत पोशाक। यो उत्सव, नृत्य र सामुदायिक उत्सवहरूमा लगाइन्छ।"
nepali_dresses_augmented/magar_dress/22_aug2.jpg,"A woman in a red and blue sari. This is the Magar dress, the traditional attire of the Magar community of Nepal. It is worn during festivals, dances, and community celebrations.","रातो र नीलो साड़ीमा एक महिला। यो मगर पोशाक हो, नेपालको मगर समुदायको परम्परागत पोशाक। यो उत्सव, नृत्य र सामुदायिक उत्सवहरूमा लगाइन्छ।"
nepali_dresses_augmented/magar_dress/22_aug3.jpg,"A woman in a red and blue sari. This is the Magar dress, the traditional attire of the Magar community of Nepal. It is worn during festivals, dances, and community celebrations.","रातो र नीलो साड़ीमा एक महिला। यो मगर पोशाक हो, नेपालको मगर समुदायको परम्परागत पोशाक। यो उत्सव, नृत्य र सामुदायिक उत्सवहरूमा लगाइन्छ।"
nepali_dresses_augmented/magar_dress/23.jpg,"A woman holding a plate of food in her hands. This is the Magar dress, the traditional attire of the Magar community of Nepal. It is worn during festivals, dances, and community celebrations.","एक महिलाले आफ्नो हातमा खानाको प्लेट राख्छिन्। यो Magar पोशाक हो, नेपालको Magar समुदायको परम्परागत पोशाक। यो उत्सव, नृत्य, र सामुदायिक उत्सवहरूमा लगाइन्छ।"
nepali_dresses_augmented/magar_dress/23_aug1.jpg,"A woman holding a plate of food in her hands. This is the Magar dress, the traditional attire of the Magar community of Nepal. It is worn during festivals, dances, and community celebrations.","एक महिलाले आफ्नो हातमा खानाको प्लेट राख्छिन्। यो Magar पोशाक हो, नेपालको Magar समुदायको परम्परागत पोशाक। यो उत्सव, नृत्य, र सामुदायिक उत्सवहरूमा लगाइन्छ।"
nepali_dresses_augmented/magar_dress/23_aug2.jpg,"A woman holding a plate of food in her hands. This is the Magar dress, the traditional attire of the Magar community of Nepal. It is worn during festivals, dances, and community celebrations.","एक महिलाले आफ्नो हातमा खानाको प्लेट राख्छिन्। यो Magar पोशाक हो, नेपालको Magar समुदायको परम्परागत पोशाक। यो उत्सव, नृत्य, र सामुदायिक उत्सवहरूमा लगाइन्छ।"
nepali_dresses_augmented/magar_dress/23_aug3.jpg,"A woman holding a plate of food in her hands. This is the Magar dress, the traditional attire of the Magar community of Nepal. It is worn during festivals, dances, and community celebrations.","एक महिलाले आफ्नो हातमा खानाको प्लेट राख्छिन्। यो Magar पोशाक हो, नेपालको Magar समुदायको परम्परागत पोशाक। यो उत्सव, नृत्य, र सामुदायिक उत्सवहरूमा लगाइन्छ।"
nepali_dresses_augmented/magar_dress/24.jpg,"A young girl dressed in traditional indian clothing. This is the Magar dress, the traditional attire of the Magar community of Nepal. It is worn during festivals, dances, and community celebrations.","एक युवती परम्परागत भारतीय कपडामा लुगा लगाउँछिन्। यो नेपालको मगर समुदायको परम्परागत पोशाक हो। यो पर्व, नृत्य र सामुदायिक उत्सवहरूमा लगाइन्छ।"
nepali_dresses_augmented/magar_dress/24_aug1.jpg,"A young girl dressed in traditional indian clothing. This is the Magar dress, the traditional attire of the Magar community of Nepal. It is worn during festivals, dances, and community celebrations.","एक युवती परम्परागत भारतीय कपडामा लुगा लगाउँछिन्। यो नेपालको मगर समुदायको परम्परागत पोशाक हो। यो पर्व, नृत्य र सामुदायिक उत्सवहरूमा लगाइन्छ।"
nepali_dresses_augmented/magar_dress/24_aug2.jpg,"A young girl dressed in traditional indian clothing. This is the Magar dress, the traditional attire of the Magar community of Nepal. It is worn during festivals, dances, and community celebrations.","एक युवती परम्परागत भारतीय कपडामा लुगा लगाउँछिन्। यो नेपालको मगर समुदायको परम्परागत पोशाक हो। यो पर्व, नृत्य र सामुदायिक उत्सवहरूमा लगाइन्छ।"
nepali_dresses_augmented/magar_dress/24_aug3.jpg,"A young girl dressed in traditional indian clothing. This is the Magar dress, the traditional attire of the Magar community of Nepal. It is worn during festivals, dances, and community celebrations.","एक युवती परम्परागत भारतीय कपडामा लुगा लगाउँछिन्। यो नेपालको मगर समुदायको परम्परागत पोशाक हो। यो पर्व, नृत्य र सामुदायिक उत्सवहरूमा लगाइन्छ।"
nepali_dresses_augmented/magar_dress/25.jpg,"A woman in a red and blue sari. This is the Magar dress, the traditional attire of the Magar community of Nepal. It is worn during festivals, dances, and community celebrations.","रातो र नीलो साड़ीमा एक महिला। यो मगर पोशाक हो, नेपालको मगर समुदायको परम्परागत पोशाक। यो उत्सव, नृत्य र सामुदायिक उत्सवहरूमा लगाइन्छ।"
nepali_dresses_augmented/magar_dress/25_aug1.jpg,"A woman in a red and blue sari. This is the Magar dress, the traditional attire of the Magar community of Nepal. It is worn during festivals, dances, and community celebrations.","रातो र नीलो साड़ीमा एक महिला। यो मगर पोशाक हो, नेपालको मगर समुदायको परम्परागत पोशाक। यो उत्सव, नृत्य र सामुदायिक उत्सवहरूमा लगाइन्छ।"
nepali_dresses_augmented/magar_dress/25_aug2.jpg,"A woman in a red and blue sari. This is the Magar dress, the traditional attire of the Magar community of Nepal. It is worn during festivals, dances, and community celebrations.","रातो र नीलो साड़ीमा एक महिला। यो मगर पोशाक हो, नेपालको मगर समुदायको परम्परागत पोशाक। यो उत्सव, नृत्य र सामुदायिक उत्सवहरूमा लगाइन्छ।"
nepali_dresses_augmented/magar_dress/25_aug3.jpg,"A woman in a red and blue sari. This is the Magar dress, the traditional attire of the Magar community of Nepal. It is worn during festivals, dances, and community celebrations.","रातो र नीलो साड़ीमा एक महिला। यो मगर पोशाक हो, नेपालको मगर समुदायको परम्परागत पोशाक। यो उत्सव, नृत्य र सामुदायिक उत्सवहरूमा लगाइन्छ।"
nepali_dresses_augmented/magar_dress/26.jpg,"A girl in a red and black dress standing against a brick wall. This is the Magar dress, the traditional attire of the Magar community of Nepal. It is worn during festivals, dances, and community celebrations.","नेपालको मगर समुदायको परम्परागत पोशाक, मगर पोशाक हो । यो पर्व, नृत्य र सामुदायिक उत्सवमा लगाइन्छ ।"
nepali_dresses_augmented/magar_dress/26_aug1.jpg,"A girl in a red and black dress standing against a brick wall. This is the Magar dress, the traditional attire of the Magar community of Nepal. It is worn during festivals, dances, and community celebrations.","नेपालको मगर समुदायको परम्परागत पोशाक, मगर पोशाक हो । यो पर्व, नृत्य र सामुदायिक उत्सवमा लगाइन्छ ।"
nepali_dresses_augmented/magar_dress/26_aug2.jpg,"A girl in a red and black dress standing against a brick wall. This is the Magar dress, the traditional attire of the Magar community of Nepal. It is worn during festivals, dances, and community celebrations.","नेपालको मगर समुदायको परम्परागत पोशाक, मगर पोशाक हो । यो पर्व, नृत्य र सामुदायिक उत्सवमा लगाइन्छ ।"
nepali_dresses_augmented/magar_dress/26_aug3.jpg,"A girl in a red and black dress standing against a brick wall. This is the Magar dress, the traditional attire of the Magar community of Nepal. It is worn during festivals, dances, and community celebrations.","नेपालको मगर समुदायको परम्परागत पोशाक, मगर पोशाक हो । यो पर्व, नृत्य र सामुदायिक उत्सवमा लगाइन्छ ।"
nepali_dresses_augmented/magar_dress/27.jpg,"A man in a white shirt and black vest. This is the Magar dress, the traditional attire of the Magar community of Nepal. It is worn during festivals, dances, and community celebrations.","एउटा सेतो शर्ट र कालो वेस्टमा एक पुरुष। यो मगर पोशाक हो, नेपालको मगर समुदायको परम्परागत पोशाक। यो उत्सव, नृत्य र सामुदायिक उत्सवहरूमा लगाइन्छ।"
nepali_dresses_augmented/magar_dress/27_aug1.jpg,"A man in a white shirt and black vest. This is the Magar dress, the traditional attire of the Magar community of Nepal. It is worn during festivals, dances, and community celebrations.","एउटा सेतो शर्ट र कालो वेस्टमा एक पुरुष। यो मगर पोशाक हो, नेपालको मगर समुदायको परम्परागत पोशाक। यो उत्सव, नृत्य र सामुदायिक उत्सवहरूमा लगाइन्छ।"
nepali_dresses_augmented/magar_dress/27_aug2.jpg,"A man in a white shirt and black vest. This is the Magar dress, the traditional attire of the Magar community of Nepal. It is worn during festivals, dances, and community celebrations.","एउटा सेतो शर्ट र कालो वेस्टमा एक पुरुष। यो मगर पोशाक हो, नेपालको मगर समुदायको परम्परागत पोशाक। यो उत्सव, नृत्य र सामुदायिक उत्सवहरूमा लगाइन्छ।"
nepali_dresses_augmented/magar_dress/27_aug3.jpg,"A man in a white shirt and black vest. This is the Magar dress, the traditional attire of the Magar community of Nepal. It is worn during festivals, dances, and community celebrations.","एउटा सेतो शर्ट र कालो वेस्टमा एक पुरुष। यो मगर पोशाक हो, नेपालको मगर समुदायको परम्परागत पोशाक। यो उत्सव, नृत्य र सामुदायिक उत्सवहरूमा लगाइन्छ।"
nepali_dresses_augmented/magar_dress/28.jpg,"A group of young women posing in front of a store. This is the Magar dress, the traditional attire of the Magar community of Nepal. It is worn during festivals, dances, and community celebrations.","नेपालको मगर समुदायको परम्परागत पोशाक मगरको पोशाक हो । यो पर्व, नृत्य र समुदायको उत्सवमा लगाइन्छ ।"
nepali_dresses_augmented/magar_dress/28_aug1.jpg,"A group of young women posing in front of a store. This is the Magar dress, the traditional attire of the Magar community of Nepal. It is worn during festivals, dances, and community celebrations.","नेपालको मगर समुदायको परम्परागत पोशाक मगरको पोशाक हो । यो पर्व, नृत्य र समुदायको उत्सवमा लगाइन्छ ।"
nepali_dresses_augmented/magar_dress/28_aug2.jpg,"A group of young women posing in front of a store. This is the Magar dress, the traditional attire of the Magar community of Nepal. It is worn during festivals, dances, and community celebrations.","नेपालको मगर समुदायको परम्परागत पोशाक मगरको पोशाक हो । यो पर्व, नृत्य र समुदायको उत्सवमा लगाइन्छ ।"
nepali_dresses_augmented/magar_dress/28_aug3.jpg,"A group of young women posing in front of a store. This is the Magar dress, the traditional attire of the Magar community of Nepal. It is worn during festivals, dances, and community celebrations.","नेपालको मगर समुदायको परम्परागत पोशाक मगरको पोशाक हो । यो पर्व, नृत्य र समुदायको उत्सवमा लगाइन्छ ।"
nepali_dresses_augmented/magar_dress/29.jpg,"A woman in a red and black lera. This is the Magar dress, the traditional attire of the Magar community of Nepal. It is worn during festivals, dances, and community celebrations.","रातो र कालो रंगको लुगा लगाउने महिला. यो मगर पोशाक हो, नेपालको मगर समुदायको परम्परागत पोशाक। यो पर्व, नृत्य र सामुदायिक उत्सवहरूमा लगाइन्छ।"
nepali_dresses_augmented/magar_dress/29_aug1.jpg,"A woman in a red and black lera. This is the Magar dress, the traditional attire of the Magar community of Nepal. It is worn during festivals, dances, and community celebrations.","रातो र कालो रंगको लुगा लगाउने महिला. यो मगर पोशाक हो, नेपालको मगर समुदायको परम्परागत पोशाक। यो पर्व, नृत्य र सामुदायिक उत्सवहरूमा लगाइन्छ।"
nepali_dresses_augmented/magar_dress/29_aug2.jpg,"A woman in a red and black lera. This is the Magar dress, the traditional attire of the Magar community of Nepal. It is worn during festivals, dances, and community celebrations.","रातो र कालो रंगको लुगा लगाउने महिला. यो मगर पोशाक हो, नेपालको मगर समुदायको परम्परागत पोशाक। यो पर्व, नृत्य र सामुदायिक उत्सवहरूमा लगाइन्छ।"
nepali_dresses_augmented/magar_dress/29_aug3.jpg,"A woman in a red and black lera. This is the Magar dress, the traditional attire of the Magar community of Nepal. It is worn during festivals, dances, and community celebrations.","रातो र कालो रंगको लुगा लगाउने महिला. यो मगर पोशाक हो, नेपालको मगर समुदायको परम्परागत पोशाक। यो पर्व, नृत्य र सामुदायिक उत्सवहरूमा लगाइन्छ।"
nepali_dresses_augmented/magar_dress/2_aug1.jpg,"A woman in a red and black lepa. This is the Magar dress, the traditional attire of the Magar community of Nepal. It is worn during festivals, dances, and community celebrations.","रातो र कालो लेपामा एक महिला। यो मगर पोशाक हो, नेपालको मगर समुदायको परम्परागत पोशाक। यो उत्सव, नृत्य, र सामुदायिक उत्सवहरूमा लगाइन्छ।"
nepali_dresses_augmented/magar_dress/2_aug2.jpg,"A woman in a red and black lepa. This is the Magar dress, the traditional attire of the Magar community of Nepal. It is worn during festivals, dances, and community celebrations.","रातो र कालो लेपामा एक महिला। यो मगर पोशाक हो, नेपालको मगर समुदायको परम्परागत पोशाक। यो उत्सव, नृत्य, र सामुदायिक उत्सवहरूमा लगाइन्छ।"
nepali_dresses_augmented/magar_dress/2_aug3.jpg,"A woman in a red and black lepa. This is the Magar dress, the traditional attire of the Magar community of Nepal. It is worn during festivals, dances, and community celebrations.","रातो र कालो लेपामा एक महिला। यो मगर पोशाक हो, नेपालको मगर समुदायको परम्परागत पोशाक। यो उत्सव, नृत्य, र सामुदायिक उत्सवहरूमा लगाइन्छ।"
nepali_dresses_augmented/magar_dress/3.jpg,"A woman in a red and black dress standing next to a brick wall. This is the Magar dress, the traditional attire of the Magar community of Nepal. It is worn during festivals, dances, and community celebrations.","इँटाको पर्खालको छेउमा खडा रातो र कालो पोशाकमा महिला। यो मगर पोशाक हो, नेपालको मगर समुदायको परम्परागत पोशाक। यो उत्सव, नृत्य र सामुदायिक उत्सवहरूमा लगाइन्छ।"
nepali_dresses_augmented/magar_dress/30.jpg,"A woman wearing a blue and yellow dress. This is the Magar dress, the traditional attire of the Magar community of Nepal. It is worn during festivals, dances, and community celebrations.","नीलो र पहेंलो पोशाक लगाउने महिला. यो Magar पोशाक हो, नेपालको Magar समुदायको परम्परागत पोशाक। यो उत्सव, नृत्य, र सामुदायिक उत्सवहरूमा लगाइन्छ।"
nepali_dresses_augmented/magar_dress/30_aug1.jpg,"A woman wearing a blue and yellow dress. This is the Magar dress, the traditional attire of the Magar community of Nepal. It is worn during festivals, dances, and community celebrations.","नीलो र पहेंलो पोशाक लगाउने महिला. यो Magar पोशाक हो, नेपालको Magar समुदायको परम्परागत पोशाक। यो उत्सव, नृत्य, र सामुदायिक उत्सवहरूमा लगाइन्छ।"
nepali_dresses_augmented/magar_dress/30_aug2.jpg,"A woman wearing a blue and yellow dress. This is the Magar dress, the traditional attire of the Magar community of Nepal. It is worn during festivals, dances, and community celebrations.","नीलो र पहेंलो पोशाक लगाउने महिला. यो Magar पोशाक हो, नेपालको Magar समुदायको परम्परागत पोशाक। यो उत्सव, नृत्य, र सामुदायिक उत्सवहरूमा लगाइन्छ।"
nepali_dresses_augmented/magar_dress/30_aug3.jpg,"A woman wearing a blue and yellow dress. This is the Magar dress, the traditional attire of the Magar community of Nepal. It is worn during festivals, dances, and community celebrations.","नीलो र पहेंलो पोशाक लगाउने महिला. यो Magar पोशाक हो, नेपालको Magar समुदायको परम्परागत पोशाक। यो उत्सव, नृत्य, र सामुदायिक उत्सवहरूमा लगाइन्छ।"
nepali_dresses_augmented/magar_dress/31.jpg,"A group of people standing in a field. This is the Magar dress, the traditional attire of the Magar community of Nepal. It is worn during festivals, dances, and community celebrations.","नेपालको मगर समुदायको परम्परागत पोशाक मगरको पोशाक हो । यो पर्व, नृत्य र सामुदायिक उत्सवको समयमा लगाइन्छ ।"
nepali_dresses_augmented/magar_dress/31_aug1.jpg,"A group of people standing in a field. This is the Magar dress, the traditional attire of the Magar community of Nepal. It is worn during festivals, dances, and community celebrations.","नेपालको मगर समुदायको परम्परागत पोशाक मगरको पोशाक हो । यो पर्व, नृत्य र सामुदायिक उत्सवको समयमा लगाइन्छ ।"
nepali_dresses_augmented/magar_dress/31_aug2.jpg,"A group of people standing in a field. This is the Magar dress, the traditional attire of the Magar community of Nepal. It is worn during festivals, dances, and community celebrations.","नेपालको मगर समुदायको परम्परागत पोशाक मगरको पोशाक हो । यो पर्व, नृत्य र सामुदायिक उत्सवको समयमा लगाइन्छ ।"
nepali_dresses_augmented/magar_dress/31_aug3.jpg,"A group of people standing in a field. This is the Magar dress, the traditional attire of the Magar community of Nepal. It is worn during festivals, dances, and community celebrations.","नेपालको मगर समुदायको परम्परागत पोशाक मगरको पोशाक हो । यो पर्व, नृत्य र सामुदायिक उत्सवको समयमा लगाइन्छ ।"
nepali_dresses_augmented/magar_dress/32.jpg,"A group of women dressed in traditional costumes. This is the Magar dress, the traditional attire of the Magar community of Nepal. It is worn during festivals, dances, and community celebrations.","परम्परागत पोशाक लगाउने महिलाहरूको समूह। यो नेपालको मगर समुदायको परम्परागत पोशाक हो। यो उत्सव, नृत्य र सामुदायिक उत्सवहरूमा लगाइन्छ।"
nepali_dresses_augmented/magar_dress/32_aug1.jpg,"A group of women dressed in traditional costumes. This is the Magar dress, the traditional attire of the Magar community of Nepal. It is worn during festivals, dances, and community celebrations.","परम्परागत पोशाक लगाउने महिलाहरूको समूह। यो नेपालको मगर समुदायको परम्परागत पोशाक हो। यो उत्सव, नृत्य र सामुदायिक उत्सवहरूमा लगाइन्छ।"
nepali_dresses_augmented/magar_dress/32_aug2.jpg,"A group of women dressed in traditional costumes. This is the Magar dress, the traditional attire of the Magar community of Nepal. It is worn during festivals, dances, and community celebrations.","परम्परागत पोशाक लगाउने महिलाहरूको समूह। यो नेपालको मगर समुदायको परम्परागत पोशाक हो। यो उत्सव, नृत्य र सामुदायिक उत्सवहरूमा लगाइन्छ।"
nepali_dresses_augmented/magar_dress/32_aug3.jpg,"A group of women dressed in traditional costumes. This is the Magar dress, the traditional attire of the Magar community of Nepal. It is worn during festivals, dances, and community celebrations.","परम्परागत पोशाक लगाउने महिलाहरूको समूह। यो नेपालको मगर समुदायको परम्परागत पोशाक हो। यो उत्सव, नृत्य र सामुदायिक उत्सवहरूमा लगाइन्छ।"
nepali_dresses_augmented/magar_dress/33.jpg,"A woman in a red and green dress. This is the Magar dress, the traditional attire of the Magar community of Nepal. It is worn during festivals, dances, and community celebrations.","रातो र हरियो पोशाकमा एक महिला। यो मगर पोशाक हो, नेपालको मगर समुदायको परम्परागत पोशाक। यो उत्सव, नृत्य, र सामुदायिक उत्सवहरूमा लगाइन्छ।"
nepali_dresses_augmented/magar_dress/33_aug1.jpg,"A woman in a red and green dress. This is the Magar dress, the traditional attire of the Magar community of Nepal. It is worn during festivals, dances, and community celebrations.","रातो र हरियो पोशाकमा एक महिला। यो मगर पोशाक हो, नेपालको मगर समुदायको परम्परागत पोशाक। यो उत्सव, नृत्य, र सामुदायिक उत्सवहरूमा लगाइन्छ।"
nepali_dresses_augmented/magar_dress/33_aug2.jpg,"A woman in a red and green dress. This is the Magar dress, the traditional attire of the Magar community of Nepal. It is worn during festivals, dances, and community celebrations.","रातो र हरियो पोशाकमा एक महिला। यो मगर पोशाक हो, नेपालको मगर समुदायको परम्परागत पोशाक। यो उत्सव, नृत्य, र सामुदायिक उत्सवहरूमा लगाइन्छ।"
nepali_dresses_augmented/magar_dress/33_aug3.jpg,"A woman in a red and green dress. This is the Magar dress, the traditional attire of the Magar community of Nepal. It is worn during festivals, dances, and community celebrations.","रातो र हरियो पोशाकमा एक महिला। यो मगर पोशाक हो, नेपालको मगर समुदायको परम्परागत पोशाक। यो उत्सव, नृत्य, र सामुदायिक उत्सवहरूमा लगाइन्छ।"
nepali_dresses_augmented/magar_dress/34.jpg,"A young girl in traditional dress. This is the Magar dress, the traditional attire of the Magar community of Nepal. It is worn during festivals, dances, and community celebrations.","परम्परागत पोशाकमा एक युवती। यो मगर पोशाक हो, नेपालको मगर समुदायको परम्परागत पोशाक। यो उत्सव, नृत्य र सामुदायिक उत्सवहरूमा लगाइन्छ।"
nepali_dresses_augmented/magar_dress/34_aug1.jpg,"A young girl in traditional dress. This is the Magar dress, the traditional attire of the Magar community of Nepal. It is worn during festivals, dances, and community celebrations.","परम्परागत पोशाकमा एक युवती। यो मगर पोशाक हो, नेपालको मगर समुदायको परम्परागत पोशाक। यो उत्सव, नृत्य र सामुदायिक उत्सवहरूमा लगाइन्छ।"
nepali_dresses_augmented/magar_dress/34_aug2.jpg,"A young girl in traditional dress. This is the Magar dress, the traditional attire of the Magar community of Nepal. It is worn during festivals, dances, and community celebrations.","परम्परागत पोशाकमा एक युवती। यो मगर पोशाक हो, नेपालको मगर समुदायको परम्परागत पोशाक। यो उत्सव, नृत्य र सामुदायिक उत्सवहरूमा लगाइन्छ।"
nepali_dresses_augmented/magar_dress/34_aug3.jpg,"A young girl in traditional dress. This is the Magar dress, the traditional attire of the Magar community of Nepal. It is worn during festivals, dances, and community celebrations.","परम्परागत पोशाकमा एक युवती। यो मगर पोशाक हो, नेपालको मगर समुदायको परम्परागत पोशाक। यो उत्सव, नृत्य र सामुदायिक उत्सवहरूमा लगाइन्छ।"
nepali_dresses_augmented/magar_dress/35.jpg,"A woman in a red dress walking down the street. This is the Magar dress, the traditional attire of the Magar community of Nepal. It is worn during festivals, dances, and community celebrations.","रातो पोशाकमा सडकमा हिड्ने महिला. यो Magar पोशाक हो, नेपालको Magar समुदायको परम्परागत पोशाक। यो उत्सव, नृत्य, र सामुदायिक उत्सवहरूमा लगाइन्छ।"
nepali_dresses_augmented/magar_dress/35_aug1.jpg,"A woman in a red dress walking down the street. This is the Magar dress, the traditional attire of the Magar community of Nepal. It is worn during festivals, dances, and community celebrations.","रातो पोशाकमा सडकमा हिड्ने महिला. यो Magar पोशाक हो, नेपालको Magar समुदायको परम्परागत पोशाक। यो उत्सव, नृत्य, र सामुदायिक उत्सवहरूमा लगाइन्छ।"
nepali_dresses_augmented/magar_dress/35_aug2.jpg,"A woman in a red dress walking down the street. This is the Magar dress, the traditional attire of the Magar community of Nepal. It is worn during festivals, dances, and community celebrations.","रातो पोशाकमा सडकमा हिड्ने महिला. यो Magar पोशाक हो, नेपालको Magar समुदायको परम्परागत पोशाक। यो उत्सव, नृत्य, र सामुदायिक उत्सवहरूमा लगाइन्छ।"
nepali_dresses_augmented/magar_dress/35_aug3.jpg,"A woman in a red dress walking down the street. This is the Magar dress, the traditional attire of the Magar community of Nepal. It is worn during festivals, dances, and community celebrations.","रातो पोशाकमा सडकमा हिड्ने महिला. यो Magar पोशाक हो, नेपालको Magar समुदायको परम्परागत पोशाक। यो उत्सव, नृत्य, र सामुदायिक उत्सवहरूमा लगाइन्छ।"
nepali_dresses_augmented/magar_dress/36.jpg,"A woman sitting on the ground next to a pot. This is the Magar dress, the traditional attire of the Magar community of Nepal. It is worn during festivals, dances, and community celebrations.","एक महिला भाँडाको छेउमा भुइँमा बसिरहेको छ। यो मगर पोशाक हो, नेपालको मगर समुदायको परम्परागत पोशाक। यो उत्सव, नृत्य, र सामुदायिक उत्सवहरूमा लगाइन्छ।"
nepali_dresses_augmented/magar_dress/36_aug1.jpg,"A woman sitting on the ground next to a pot. This is the Magar dress, the traditional attire of the Magar community of Nepal. It is worn during festivals, dances, and community celebrations.","एक महिला भाँडाको छेउमा भुइँमा बसिरहेको छ। यो मगर पोशाक हो, नेपालको मगर समुदायको परम्परागत पोशाक। यो उत्सव, नृत्य, र सामुदायिक उत्सवहरूमा लगाइन्छ।"
nepali_dresses_augmented/magar_dress/36_aug2.jpg,"A woman sitting on the ground next to a pot. This is the Magar dress, the traditional attire of the Magar community of Nepal. It is worn during festivals, dances, and community celebrations.","एक महिला भाँडाको छेउमा भुइँमा बसिरहेको छ। यो मगर पोशाक हो, नेपालको मगर समुदायको परम्परागत पोशाक। यो उत्सव, नृत्य, र सामुदायिक उत्सवहरूमा लगाइन्छ।"
nepali_dresses_augmented/magar_dress/36_aug3.jpg,"A woman sitting on the ground next to a pot. This is the Magar dress, the traditional attire of the Magar community of Nepal. It is worn during festivals, dances, and community celebrations.","एक महिला भाँडाको छेउमा भुइँमा बसिरहेको छ। यो मगर पोशाक हो, नेपालको मगर समुदायको परम्परागत पोशाक। यो उत्सव, नृत्य, र सामुदायिक उत्सवहरूमा लगाइन्छ।"
nepali_dresses_augmented/magar_dress/37.jpg,"A group of women standing next to each other women. This is the Magar dress, the traditional attire of the Magar community of Nepal. It is worn during festivals, dances, and community celebrations.","एक समूह महिलाहरू एक अर्काको छेउमा उभिरहेका छन्। यो Magar पोशाक हो, नेपालको Magar समुदायको परम्परागत पोशाक। यो उत्सव, नृत्य, र सामुदायिक उत्सवहरूमा लगाइन्छ।"
nepali_dresses_augmented/magar_dress/37_aug1.jpg,"A group of women standing next to each other women. This is the Magar dress, the traditional attire of the Magar community of Nepal. It is worn during festivals, dances, and community celebrations.","एक समूह महिलाहरू एक अर्काको छेउमा उभिरहेका छन्। यो Magar पोशाक हो, नेपालको Magar समुदायको परम्परागत पोशाक। यो उत्सव, नृत्य, र सामुदायिक उत्सवहरूमा लगाइन्छ।"
nepali_dresses_augmented/magar_dress/37_aug2.jpg,"A group of women standing next to each other women. This is the Magar dress, the traditional attire of the Magar community of Nepal. It is worn during festivals, dances, and community celebrations.","एक समूह महिलाहरू एक अर्काको छेउमा उभिरहेका छन्। यो Magar पोशाक हो, नेपालको Magar समुदायको परम्परागत पोशाक। यो उत्सव, नृत्य, र सामुदायिक उत्सवहरूमा लगाइन्छ।"
nepali_dresses_augmented/magar_dress/37_aug3.jpg,"A group of women standing next to each other women. This is the Magar dress, the traditional attire of the Magar community of Nepal. It is worn during festivals, dances, and community celebrations.","एक समूह महिलाहरू एक अर्काको छेउमा उभिरहेका छन्। यो Magar पोशाक हो, नेपालको Magar समुदायको परम्परागत पोशाक। यो उत्सव, नृत्य, र सामुदायिक उत्सवहरूमा लगाइन्छ।"
nepali_dresses_augmented/magar_dress/38.jpg,"A woman sitting under a tree in a field. This is the Magar dress, the traditional attire of the Magar community of Nepal. It is worn during festivals, dances, and community celebrations.","एक महिला खेतमा एक रूखमुनि बसिरहेको छ। यो Magar पोशाक हो, नेपालको Magar समुदायको परम्परागत पोशाक। यो पर्व, नृत्य, र सामुदायिक उत्सवहरूमा लगाइन्छ।"
nepali_dresses_augmented/magar_dress/38_aug1.jpg,"A woman sitting under a tree in a field. This is the Magar dress, the traditional attire of the Magar community of Nepal. It is worn during festivals, dances, and community celebrations.","एक महिला खेतमा एक रूखमुनि बसिरहेको छ। यो Magar पोशाक हो, नेपालको Magar समुदायको परम्परागत पोशाक। यो पर्व, नृत्य, र सामुदायिक उत्सवहरूमा लगाइन्छ।"
nepali_dresses_augmented/magar_dress/38_aug2.jpg,"A woman sitting under a tree in a field. This is the Magar dress, the traditional attire of the Magar community of Nepal. It is worn during festivals, dances, and community celebrations.","एक महिला खेतमा एक रूखमुनि बसिरहेको छ। यो Magar पोशाक हो, नेपालको Magar समुदायको परम्परागत पोशाक। यो पर्व, नृत्य, र सामुदायिक उत्सवहरूमा लगाइन्छ।"
nepali_dresses_augmented/magar_dress/38_aug3.jpg,"A woman sitting under a tree in a field. This is the Magar dress, the traditional attire of the Magar community of Nepal. It is worn during festivals, dances, and community celebrations.","एक महिला खेतमा एक रूखमुनि बसिरहेको छ। यो Magar पोशाक हो, नेपालको Magar समुदायको परम्परागत पोशाक। यो पर्व, नृत्य, र सामुदायिक उत्सवहरूमा लगाइन्छ।"
nepali_dresses_augmented/magar_dress/39.jpg,"Two young girls in traditional indian clothing posing for the camera - stock image. This is the Magar dress, the traditional attire of the Magar community of Nepal. It is worn during festivals, dances, and community celebrations.","दुई युवतीहरू परम्परागत भारतीय कपडामा क्यामेराको लागि पोज गर्दै छन् - स्टक छवि। यो नेपालको मगर समुदायको परम्परागत पोशाक हो। यो उत्सव, नृत्य र सामुदायिक उत्सवहरूमा लगाइन्छ।"
nepali_dresses_augmented/magar_dress/39_aug1.jpg,"Two young girls in traditional indian clothing posing for the camera - stock image. This is the Magar dress, the traditional attire of the Magar community of Nepal. It is worn during festivals, dances, and community celebrations.","दुई युवतीहरू परम्परागत भारतीय कपडामा क्यामेराको लागि पोज गर्दै छन् - स्टक छवि। यो नेपालको मगर समुदायको परम्परागत पोशाक हो। यो उत्सव, नृत्य र सामुदायिक उत्सवहरूमा लगाइन्छ।"
nepali_dresses_augmented/magar_dress/39_aug2.jpg,"Two young girls in traditional indian clothing posing for the camera - stock image. This is the Magar dress, the traditional attire of the Magar community of Nepal. It is worn during festivals, dances, and community celebrations.","दुई युवतीहरू परम्परागत भारतीय कपडामा क्यामेराको लागि पोज गर्दै छन् - स्टक छवि। यो नेपालको मगर समुदायको परम्परागत पोशाक हो। यो उत्सव, नृत्य र सामुदायिक उत्सवहरूमा लगाइन्छ।"
nepali_dresses_augmented/magar_dress/39_aug3.jpg,"Two young girls in traditional indian clothing posing for the camera - stock image. This is the Magar dress, the traditional attire of the Magar community of Nepal. It is worn during festivals, dances, and community celebrations.","दुई युवतीहरू परम्परागत भारतीय कपडामा क्यामेराको लागि पोज गर्दै छन् - स्टक छवि। यो नेपालको मगर समुदायको परम्परागत पोशाक हो। यो उत्सव, नृत्य र सामुदायिक उत्सवहरूमा लगाइन्छ।"
nepali_dresses_augmented/magar_dress/3_aug1.jpg,"A woman in a red and black dress standing next to a brick wall. This is the Magar dress, the traditional attire of the Magar community of Nepal. It is worn during festivals, dances, and community celebrations.","इँटाको पर्खालको छेउमा खडा रातो र कालो पोशाकमा महिला। यो मगर पोशाक हो, नेपालको मगर समुदायको परम्परागत पोशाक। यो उत्सव, नृत्य र सामुदायिक उत्सवहरूमा लगाइन्छ।"
nepali_dresses_augmented/magar_dress/3_aug2.jpg,"A woman in a red and black dress standing next to a brick wall. This is the Magar dress, the traditional attire of the Magar community of Nepal. It is worn during festivals, dances, and community celebrations.","इँटाको पर्खालको छेउमा खडा रातो र कालो पोशाकमा महिला। यो मगर पोशाक हो, नेपालको मगर समुदायको परम्परागत पोशाक। यो उत्सव, नृत्य र सामुदायिक उत्सवहरूमा लगाइन्छ।"
nepali_dresses_augmented/magar_dress/3_aug3.jpg,"A woman in a red and black dress standing next to a brick wall. This is the Magar dress, the traditional attire of the Magar community of Nepal. It is worn during festivals, dances, and community celebrations.","इँटाको पर्खालको छेउमा खडा रातो र कालो पोशाकमा महिला। यो मगर पोशाक हो, नेपालको मगर समुदायको परम्परागत पोशाक। यो उत्सव, नृत्य र सामुदायिक उत्सवहरूमा लगाइन्छ।"
nepali_dresses_augmented/magar_dress/4.jpg,"A woman in a red dress is talking on her cell. This is the Magar dress, the traditional attire of the Magar community of Nepal. It is worn during festivals, dances, and community celebrations.","रातो पोशाकमा एक महिला आफ्नो सेलमा बोल्दैछिन्। यो Magar पोशाक हो, नेपालको Magar समुदायको परम्परागत पोशाक। यो उत्सव, नृत्य र सामुदायिक उत्सवहरूमा लगाइन्छ।"
nepali_dresses_augmented/magar_dress/40.jpg,"A woman in a traditional costume. This is the Magar dress, the traditional attire of the Magar community of Nepal. It is worn during festivals, dances, and community celebrations.","एक महिला परम्परागत पोशाकमा। यो Magar पोशाक हो, नेपालको Magar समुदायको परम्परागत पोशाक। यो उत्सव, नृत्य, र सामुदायिक उत्सवहरूमा लगाइन्छ।"
nepali_dresses_augmented/magar_dress/40_aug1.jpg,"A woman in a traditional costume. This is the Magar dress, the traditional attire of the Magar community of Nepal. It is worn during festivals, dances, and community celebrations.","एक महिला परम्परागत पोशाकमा। यो Magar पोशाक हो, नेपालको Magar समुदायको परम्परागत पोशाक। यो उत्सव, नृत्य, र सामुदायिक उत्सवहरूमा लगाइन्छ।"
nepali_dresses_augmented/magar_dress/40_aug2.jpg,"A woman in a traditional costume. This is the Magar dress, the traditional attire of the Magar community of Nepal. It is worn during festivals, dances, and community celebrations.","एक महिला परम्परागत पोशाकमा। यो Magar पोशाक हो, नेपालको Magar समुदायको परम्परागत पोशाक। यो उत्सव, नृत्य, र सामुदायिक उत्सवहरूमा लगाइन्छ।"
nepali_dresses_augmented/magar_dress/40_aug3.jpg,"A woman in a traditional costume. This is the Magar dress, the traditional attire of the Magar community of Nepal. It is worn during festivals, dances, and community celebrations.","एक महिला परम्परागत पोशाकमा। यो Magar पोशाक हो, नेपालको Magar समुदायको परम्परागत पोशाक। यो उत्सव, नृत्य, र सामुदायिक उत्सवहरूमा लगाइन्छ।"
nepali_dresses_augmented/magar_dress/41.jpg,"A group of young girls perform a traditional dance. This is the Magar dress, the traditional attire of the Magar community of Nepal. It is worn during festivals, dances, and community celebrations.","नेपालको मगर समुदायको परम्परागत पोशाक मगरको पोशाक हो । यो पर्व, नृत्य र सामुदायिक उत्सवको समयमा लगाइन्छ ।"
nepali_dresses_augmented/magar_dress/41_aug1.jpg,"A group of young girls perform a traditional dance. This is the Magar dress, the traditional attire of the Magar community of Nepal. It is worn during festivals, dances, and community celebrations.","नेपालको मगर समुदायको परम्परागत पोशाक मगरको पोशाक हो । यो पर्व, नृत्य र सामुदायिक उत्सवको समयमा लगाइन्छ ।"
nepali_dresses_augmented/magar_dress/41_aug2.jpg,"A group of young girls perform a traditional dance. This is the Magar dress, the traditional attire of the Magar community of Nepal. It is worn during festivals, dances, and community celebrations.","नेपालको मगर समुदायको परम्परागत पोशाक मगरको पोशाक हो । यो पर्व, नृत्य र सामुदायिक उत्सवको समयमा लगाइन्छ ।"
nepali_dresses_augmented/magar_dress/41_aug3.jpg,"A group of young girls perform a traditional dance. This is the Magar dress, the traditional attire of the Magar community of Nepal. It is worn during festivals, dances, and community celebrations.","नेपालको मगर समुदायको परम्परागत पोशाक मगरको पोशाक हो । यो पर्व, नृत्य र सामुदायिक उत्सवको समयमा लगाइन्छ ।"
nepali_dresses_augmented/magar_dress/42.jpg,"A woman standing in front of a shelf full of clothes. This is the Magar dress, the traditional attire of the Magar community of Nepal. It is worn during festivals, dances, and community celebrations.","एक महिला कपडाले भरिएको शेल्फको अगाडि उभिएकी छिन्। यो Magar पोशाक हो, नेपालको Magar समुदायको परम्परागत पोशाक। यो उत्सव, नृत्य र सामुदायिक उत्सवहरूमा लगाइन्छ।"
nepali_dresses_augmented/magar_dress/42_aug1.jpg,"A woman standing in front of a shelf full of clothes. This is the Magar dress, the traditional attire of the Magar community of Nepal. It is worn during festivals, dances, and community celebrations.","एक महिला कपडाले भरिएको शेल्फको अगाडि उभिएकी छिन्। यो Magar पोशाक हो, नेपालको Magar समुदायको परम्परागत पोशाक। यो उत्सव, नृत्य र सामुदायिक उत्सवहरूमा लगाइन्छ।"
nepali_dresses_augmented/magar_dress/42_aug2.jpg,"A woman standing in front of a shelf full of clothes. This is the Magar dress, the traditional attire of the Magar community of Nepal. It is worn during festivals, dances, and community celebrations.","एक महिला कपडाले भरिएको शेल्फको अगाडि उभिएकी छिन्। यो Magar पोशाक हो, नेपालको Magar समुदायको परम्परागत पोशाक। यो उत्सव, नृत्य र सामुदायिक उत्सवहरूमा लगाइन्छ।"
nepali_dresses_augmented/magar_dress/42_aug3.jpg,"A woman standing in front of a shelf full of clothes. This is the Magar dress, the traditional attire of the Magar community of Nepal. It is worn during festivals, dances, and community celebrations.","एक महिला कपडाले भरिएको शेल्फको अगाडि उभिएकी छिन्। यो Magar पोशाक हो, नेपालको Magar समुदायको परम्परागत पोशाक। यो उत्सव, नृत्य र सामुदायिक उत्सवहरूमा लगाइन्छ।"
nepali_dresses_augmented/magar_dress/43.jpg,"A woman standing in front of a pile of clothes. This is the Magar dress, the traditional attire of the Magar community of Nepal. It is worn during festivals, dances, and community celebrations.","एक महिला कपडाको ढुङ्गाको अगाडि उभिएकी छिन्। यो Magar पोशाक हो, नेपालको Magar समुदायको परम्परागत पोशाक। यो उत्सव, नृत्य, र सामुदायिक उत्सवहरूमा लगाइन्छ।"
nepali_dresses_augmented/magar_dress/43_aug1.jpg,"A woman standing in front of a pile of clothes. This is the Magar dress, the traditional attire of the Magar community of Nepal. It is worn during festivals, dances, and community celebrations.","एक महिला कपडाको ढुङ्गाको अगाडि उभिएकी छिन्। यो Magar पोशाक हो, नेपालको Magar समुदायको परम्परागत पोशाक। यो उत्सव, नृत्य, र सामुदायिक उत्सवहरूमा लगाइन्छ।"
nepali_dresses_augmented/magar_dress/43_aug2.jpg,"A woman standing in front of a pile of clothes. This is the Magar dress, the traditional attire of the Magar community of Nepal. It is worn during festivals, dances, and community celebrations.","एक महिला कपडाको ढुङ्गाको अगाडि उभिएकी छिन्। यो Magar पोशाक हो, नेपालको Magar समुदायको परम्परागत पोशाक। यो उत्सव, नृत्य, र सामुदायिक उत्सवहरूमा लगाइन्छ।"
nepali_dresses_augmented/magar_dress/43_aug3.jpg,"A woman standing in front of a pile of clothes. This is the Magar dress, the traditional attire of the Magar community of Nepal. It is worn during festivals, dances, and community celebrations.","एक महिला कपडाको ढुङ्गाको अगाडि उभिएकी छिन्। यो Magar पोशाक हो, नेपालको Magar समुदायको परम्परागत पोशाक। यो उत्सव, नृत्य, र सामुदायिक उत्सवहरूमा लगाइन्छ।"
nepali_dresses_augmented/magar_dress/44.jpg,"A woman in a red dress and gold jewelry. This is the Magar dress, the traditional attire of the Magar community of Nepal. It is worn during festivals, dances, and community celebrations.","रातो पोशाक र सुनको आभूषणमा एक महिला। यो मगर पोशाक हो, नेपालको मगर समुदायको परम्परागत पोशाक। यो उत्सव, नृत्य र सामुदायिक उत्सवहरूमा लगाइन्छ।"
nepali_dresses_augmented/magar_dress/44_aug1.jpg,"A woman in a red dress and gold jewelry. This is the Magar dress, the traditional attire of the Magar community of Nepal. It is worn during festivals, dances, and community celebrations.","रातो पोशाक र सुनको आभूषणमा एक महिला। यो मगर पोशाक हो, नेपालको मगर समुदायको परम्परागत पोशाक। यो उत्सव, नृत्य र सामुदायिक उत्सवहरूमा लगाइन्छ।"
nepali_dresses_augmented/magar_dress/44_aug2.jpg,"A woman in a red dress and gold jewelry. This is the Magar dress, the traditional attire of the Magar community of Nepal. It is worn during festivals, dances, and community celebrations.","रातो पोशाक र सुनको आभूषणमा एक महिला। यो मगर पोशाक हो, नेपालको मगर समुदायको परम्परागत पोशाक। यो उत्सव, नृत्य र सामुदायिक उत्सवहरूमा लगाइन्छ।"
nepali_dresses_augmented/magar_dress/44_aug3.jpg,"A woman in a red dress and gold jewelry. This is the Magar dress, the traditional attire of the Magar community of Nepal. It is worn during festivals, dances, and community celebrations.","रातो पोशाक र सुनको आभूषणमा एक महिला। यो मगर पोशाक हो, नेपालको मगर समुदायको परम्परागत पोशाक। यो उत्सव, नृत्य र सामुदायिक उत्सवहरूमा लगाइन्छ।"
nepali_dresses_augmented/magar_dress/45.jpg,"Two men in uniform posing for the camera. This is the Magar dress, the traditional attire of the Magar community of Nepal. It is worn during festivals, dances, and community celebrations.","नेपालको मगर समुदायको परम्परागत पोशाक हो, यो महोत्सव, नृत्य र सामुदायिक उत्सवहरूमा लगाइन्छ।"
nepali_dresses_augmented/magar_dress/45_aug1.jpg,"Two men in uniform posing for the camera. This is the Magar dress, the traditional attire of the Magar community of Nepal. It is worn during festivals, dances, and community celebrations.","नेपालको मगर समुदायको परम्परागत पोशाक हो, यो महोत्सव, नृत्य र सामुदायिक उत्सवहरूमा लगाइन्छ।"
nepali_dresses_augmented/magar_dress/45_aug2.jpg,"Two men in uniform posing for the camera. This is the Magar dress, the traditional attire of the Magar community of Nepal. It is worn during festivals, dances, and community celebrations.","नेपालको मगर समुदायको परम्परागत पोशाक हो, यो महोत्सव, नृत्य र सामुदायिक उत्सवहरूमा लगाइन्छ।"
nepali_dresses_augmented/magar_dress/45_aug3.jpg,"Two men in uniform posing for the camera. This is the Magar dress, the traditional attire of the Magar community of Nepal. It is worn during festivals, dances, and community celebrations.","नेपालको मगर समुदायको परम्परागत पोशाक हो, यो महोत्सव, नृत्य र सामुदायिक उत्सवहरूमा लगाइन्छ।"
nepali_dresses_augmented/magar_dress/46.jpg,"A group of people dancing at a festival in india - stock image. This is the Magar dress, the traditional attire of the Magar community of Nepal. It is worn during festivals, dances, and community celebrations.","नेपालको मगर समुदायको परम्परागत पोशाक हो, यो महोत्सव, नृत्य र सामुदायिक उत्सवमा लगाइन्छ ।"
nepali_dresses_augmented/magar_dress/46_aug1.jpg,"A group of people dancing at a festival in india - stock image. This is the Magar dress, the traditional attire of the Magar community of Nepal. It is worn during festivals, dances, and community celebrations.","नेपालको मगर समुदायको परम्परागत पोशाक हो, यो महोत्सव, नृत्य र सामुदायिक उत्सवमा लगाइन्छ ।"
nepali_dresses_augmented/magar_dress/46_aug2.jpg,"A group of people dancing at a festival in india - stock image. This is the Magar dress, the traditional attire of the Magar community of Nepal. It is worn during festivals, dances, and community celebrations.","नेपालको मगर समुदायको परम्परागत पोशाक हो, यो महोत्सव, नृत्य र सामुदायिक उत्सवमा लगाइन्छ ।"
nepali_dresses_augmented/magar_dress/46_aug3.jpg,"A group of people dancing at a festival in india - stock image. This is the Magar dress, the traditional attire of the Magar community of Nepal. It is worn during festivals, dances, and community celebrations.","नेपालको मगर समुदायको परम्परागत पोशाक हो, यो महोत्सव, नृत्य र सामुदायिक उत्सवमा लगाइन्छ ।"
nepali_dresses_augmented/magar_dress/47.jpg,"A group of people standing in a field. This is the Magar dress, the traditional attire of the Magar community of Nepal. It is worn during festivals, dances, and community celebrations.","नेपालको मगर समुदायको परम्परागत पोशाक मगरको पोशाक हो । यो पर्व, नृत्य र सामुदायिक उत्सवको समयमा लगाइन्छ ।"
nepali_dresses_augmented/magar_dress/47_aug1.jpg,"A group of people standing in a field. This is the Magar dress, the traditional attire of the Magar community of Nepal. It is worn during festivals, dances, and community celebrations.","नेपालको मगर समुदायको परम्परागत पोशाक मगरको पोशाक हो । यो पर्व, नृत्य र सामुदायिक उत्सवको समयमा लगाइन्छ ।"
nepali_dresses_augmented/magar_dress/47_aug2.jpg,"A group of people standing in a field. This is the Magar dress, the traditional attire of the Magar community of Nepal. It is worn during festivals, dances, and community celebrations.","नेपालको मगर समुदायको परम्परागत पोशाक मगरको पोशाक हो । यो पर्व, नृत्य र सामुदायिक उत्सवको समयमा लगाइन्छ ।"
nepali_dresses_augmented/magar_dress/47_aug3.jpg,"A group of people standing in a field. This is the Magar dress, the traditional attire of the Magar community of Nepal. It is worn during festivals, dances, and community celebrations.","नेपालको मगर समुदायको परम्परागत पोशाक मगरको पोशाक हो । यो पर्व, नृत्य र सामुदायिक उत्सवको समयमा लगाइन्छ ।"
nepali_dresses_augmented/magar_dress/48.jpg,"A man in a white shirt and black pants. This is the Magar dress, the traditional attire of the Magar community of Nepal. It is worn during festivals, dances, and community celebrations.","एक सेतो शर्ट र कालो प्यान्टमा एक पुरुष। यो Magar पोशाक हो, नेपालको Magar समुदायको परम्परागत पोशाक। यो उत्सव, नृत्य, र सामुदायिक उत्सवहरूमा लगाइन्छ।"
nepali_dresses_augmented/magar_dress/48_aug1.jpg,"A man in a white shirt and black pants. This is the Magar dress, the traditional attire of the Magar community of Nepal. It is worn during festivals, dances, and community celebrations.","एक सेतो शर्ट र कालो प्यान्टमा एक पुरुष। यो Magar पोशाक हो, नेपालको Magar समुदायको परम्परागत पोशाक। यो उत्सव, नृत्य, र सामुदायिक उत्सवहरूमा लगाइन्छ।"
nepali_dresses_augmented/magar_dress/48_aug2.jpg,"A man in a white shirt and black pants. This is the Magar dress, the traditional attire of the Magar community of Nepal. It is worn during festivals, dances, and community celebrations.","एक सेतो शर्ट र कालो प्यान्टमा एक पुरुष। यो Magar पोशाक हो, नेपालको Magar समुदायको परम्परागत पोशाक। यो उत्सव, नृत्य, र सामुदायिक उत्सवहरूमा लगाइन्छ।"
nepali_dresses_augmented/magar_dress/48_aug3.jpg,"A man in a white shirt and black pants. This is the Magar dress, the traditional attire of the Magar community of Nepal. It is worn during festivals, dances, and community celebrations.","एक सेतो शर्ट र कालो प्यान्टमा एक पुरुष। यो Magar पोशाक हो, नेपालको Magar समुदायको परम्परागत पोशाक। यो उत्सव, नृत्य, र सामुदायिक उत्सवहरूमा लगाइन्छ।"
nepali_dresses_augmented/magar_dress/49.jpg,"A woman in a red sari standing next to a black and white boat. This is the Magar dress, the traditional attire of the Magar community of Nepal. It is worn during festivals, dances, and community celebrations.","नेपालको मगर समुदायको परम्परागत पोशाक मगरको पोशाक हो । यो पर्व, नृत्य र सामुदायिक उत्सवमा लगाइन्छ ।"
nepali_dresses_augmented/magar_dress/49_aug1.jpg,"A woman in a red sari standing next to a black and white boat. This is the Magar dress, the traditional attire of the Magar community of Nepal. It is worn during festivals, dances, and community celebrations.","नेपालको मगर समुदायको परम्परागत पोशाक मगरको पोशाक हो । यो पर्व, नृत्य र सामुदायिक उत्सवमा लगाइन्छ ।"
nepali_dresses_augmented/magar_dress/49_aug2.jpg,"A woman in a red sari standing next to a black and white boat. This is the Magar dress, the traditional attire of the Magar community of Nepal. It is worn during festivals, dances, and community celebrations.","नेपालको मगर समुदायको परम्परागत पोशाक मगरको पोशाक हो । यो पर्व, नृत्य र सामुदायिक उत्सवमा लगाइन्छ ।"
nepali_dresses_augmented/magar_dress/49_aug3.jpg,"A woman in a red sari standing next to a black and white boat. This is the Magar dress, the traditional attire of the Magar community of Nepal. It is worn during festivals, dances, and community celebrations.","नेपालको मगर समुदायको परम्परागत पोशाक मगरको पोशाक हो । यो पर्व, नृत्य र सामुदायिक उत्सवमा लगाइन्छ ।"
nepali_dresses_augmented/magar_dress/4_aug1.jpg,"A woman in a red dress is talking on her cell. This is the Magar dress, the traditional attire of the Magar community of Nepal. It is worn during festivals, dances, and community celebrations.","रातो पोशाकमा एक महिला आफ्नो सेलमा बोल्दैछिन्। यो Magar पोशाक हो, नेपालको Magar समुदायको परम्परागत पोशाक। यो उत्सव, नृत्य र सामुदायिक उत्सवहरूमा लगाइन्छ।"
nepali_dresses_augmented/magar_dress/4_aug2.jpg,"A woman in a red dress is talking on her cell. This is the Magar dress, the traditional attire of the Magar community of Nepal. It is worn during festivals, dances, and community celebrations.","रातो पोशाकमा एक महिला आफ्नो सेलमा बोल्दैछिन्। यो Magar पोशाक हो, नेपालको Magar समुदायको परम्परागत पोशाक। यो उत्सव, नृत्य र सामुदायिक उत्सवहरूमा लगाइन्छ।"
nepali_dresses_augmented/magar_dress/4_aug3.jpg,"A woman in a red dress is talking on her cell. This is the Magar dress, the traditional attire of the Magar community of Nepal. It is worn during festivals, dances, and community celebrations.","रातो पोशाकमा एक महिला आफ्नो सेलमा बोल्दैछिन्। यो Magar पोशाक हो, नेपालको Magar समुदायको परम्परागत पोशाक। यो उत्सव, नृत्य र सामुदायिक उत्सवहरूमा लगाइन्छ।"
nepali_dresses_augmented/magar_dress/5.jpg,"Two young girls in traditional indian costume. This is the Magar dress, the traditional attire of the Magar community of Nepal. It is worn during festivals, dances, and community celebrations.","दुई युवतीहरू परम्परागत भारतीय पोशाकमा। यो नेपालको मगर समुदायको परम्परागत पोशाक हो। यो उत्सव, नृत्य र सामुदायिक उत्सवहरूमा लगाइन्छ।"
nepali_dresses_augmented/magar_dress/50.jpg,"A woman in a red and black sari walking through a garden. This is the Magar dress, the traditional attire of the Magar community of Nepal. It is worn during festivals, dances, and community celebrations.","एक रातो र कालो साड़ीमा एक महिला बगैंचामा हिंड्दैछिन्। यो Magar पोशाक हो, नेपालको Magar समुदायको परम्परागत पोशाक हो। यो उत्सव, नृत्य, र सामुदायिक उत्सवहरूमा लगाइन्छ।"
nepali_dresses_augmented/magar_dress/50_aug1.jpg,"A woman in a red and black sari walking through a garden. This is the Magar dress, the traditional attire of the Magar community of Nepal. It is worn during festivals, dances, and community celebrations.","एक रातो र कालो साड़ीमा एक महिला बगैंचामा हिंड्दैछिन्। यो Magar पोशाक हो, नेपालको Magar समुदायको परम्परागत पोशाक हो। यो उत्सव, नृत्य, र सामुदायिक उत्सवहरूमा लगाइन्छ।"
nepali_dresses_augmented/magar_dress/50_aug2.jpg,"A woman in a red and black sari walking through a garden. This is the Magar dress, the traditional attire of the Magar community of Nepal. It is worn during festivals, dances, and community celebrations.","एक रातो र कालो साड़ीमा एक महिला बगैंचामा हिंड्दैछिन्। यो Magar पोशाक हो, नेपालको Magar समुदायको परम्परागत पोशाक हो। यो उत्सव, नृत्य, र सामुदायिक उत्सवहरूमा लगाइन्छ।"
nepali_dresses_augmented/magar_dress/50_aug3.jpg,"A woman in a red and black sari walking through a garden. This is the Magar dress, the traditional attire of the Magar community of Nepal. It is worn during festivals, dances, and community celebrations.","एक रातो र कालो साड़ीमा एक महिला बगैंचामा हिंड्दैछिन्। यो Magar पोशाक हो, नेपालको Magar समुदायको परम्परागत पोशाक हो। यो उत्सव, नृत्य, र सामुदायिक उत्सवहरूमा लगाइन्छ।"
nepali_dresses_augmented/magar_dress/51.jpg,"A group of people posing for a photo. This is the Magar dress, the traditional attire of the Magar community of Nepal. It is worn during festivals, dances, and community celebrations.","नेपालको मगर समुदायको परम्परागत पोशाक मगरको पोशाक हो । यो पर्व, नृत्य र सामुदायिक उत्सवमा लगाइन्छ ।"
nepali_dresses_augmented/magar_dress/51_aug1.jpg,"A group of people posing for a photo. This is the Magar dress, the traditional attire of the Magar community of Nepal. It is worn during festivals, dances, and community celebrations.","नेपालको मगर समुदायको परम्परागत पोशाक मगरको पोशाक हो । यो पर्व, नृत्य र सामुदायिक उत्सवमा लगाइन्छ ।"
nepali_dresses_augmented/magar_dress/51_aug2.jpg,"A group of people posing for a photo. This is the Magar dress, the traditional attire of the Magar community of Nepal. It is worn during festivals, dances, and community celebrations.","नेपालको मगर समुदायको परम्परागत पोशाक मगरको पोशाक हो । यो पर्व, नृत्य र सामुदायिक उत्सवमा लगाइन्छ ।"
nepali_dresses_augmented/magar_dress/51_aug3.jpg,"A group of people posing for a photo. This is the Magar dress, the traditional attire of the Magar community of Nepal. It is worn during festivals, dances, and community celebrations.","नेपालको मगर समुदायको परम्परागत पोशाक मगरको पोशाक हो । यो पर्व, नृत्य र सामुदायिक उत्सवमा लगाइन्छ ।"
nepali_dresses_augmented/magar_dress/52.jpg,"A little girl wearing a hat and holding a pot. This is the Magar dress, the traditional attire of the Magar community of Nepal. It is worn during festivals, dances, and community celebrations.","एउटा सानो केटीले टोपी लगाएको र भाँडो पकडेर । यो मगर पोशाक हो, नेपालको मगर समुदायको परम्परागत पोशाक । यो पर्व, नृत्य र सामुदायिक उत्सवहरूमा लगाइन्छ ।"
nepali_dresses_augmented/magar_dress/52_aug1.jpg,"A little girl wearing a hat and holding a pot. This is the Magar dress, the traditional attire of the Magar community of Nepal. It is worn during festivals, dances, and community celebrations.","एउटा सानो केटीले टोपी लगाएको र भाँडो पकडेर । यो मगर पोशाक हो, नेपालको मगर समुदायको परम्परागत पोशाक । यो पर्व, नृत्य र सामुदायिक उत्सवहरूमा लगाइन्छ ।"
nepali_dresses_augmented/magar_dress/52_aug2.jpg,"A little girl wearing a hat and holding a pot. This is the Magar dress, the traditional attire of the Magar community of Nepal. It is worn during festivals, dances, and community celebrations.","एउटा सानो केटीले टोपी लगाएको र भाँडो पकडेर । यो मगर पोशाक हो, नेपालको मगर समुदायको परम्परागत पोशाक । यो पर्व, नृत्य र सामुदायिक उत्सवहरूमा लगाइन्छ ।"
nepali_dresses_augmented/magar_dress/52_aug3.jpg,"A little girl wearing a hat and holding a pot. This is the Magar dress, the traditional attire of the Magar community of Nepal. It is worn during festivals, dances, and community celebrations.","एउटा सानो केटीले टोपी लगाएको र भाँडो पकडेर । यो मगर पोशाक हो, नेपालको मगर समुदायको परम्परागत पोशाक । यो पर्व, नृत्य र सामुदायिक उत्सवहरूमा लगाइन्छ ।"
nepali_dresses_augmented/magar_dress/53.jpg,"A woman in a red and black sari. This is the Magar dress, the traditional attire of the Magar community of Nepal. It is worn during festivals, dances, and community celebrations.","रातो र कालो साड़ीमा एक महिला। यो मगर पोशाक हो, नेपालको मगर समुदायको परम्परागत पोशाक। यो उत्सव, नृत्य र सामुदायिक उत्सवहरूमा लगाइन्छ।"
nepali_dresses_augmented/magar_dress/53_aug1.jpg,"A woman in a red and black sari. This is the Magar dress, the traditional attire of the Magar community of Nepal. It is worn during festivals, dances, and community celebrations.","रातो र कालो साड़ीमा एक महिला। यो मगर पोशाक हो, नेपालको मगर समुदायको परम्परागत पोशाक। यो उत्सव, नृत्य र सामुदायिक उत्सवहरूमा लगाइन्छ।"
nepali_dresses_augmented/magar_dress/53_aug2.jpg,"A woman in a red and black sari. This is the Magar dress, the traditional attire of the Magar community of Nepal. It is worn during festivals, dances, and community celebrations.","रातो र कालो साड़ीमा एक महिला। यो मगर पोशाक हो, नेपालको मगर समुदायको परम्परागत पोशाक। यो उत्सव, नृत्य र सामुदायिक उत्सवहरूमा लगाइन्छ।"
nepali_dresses_augmented/magar_dress/53_aug3.jpg,"A woman in a red and black sari. This is the Magar dress, the traditional attire of the Magar community of Nepal. It is worn during festivals, dances, and community celebrations.","रातो र कालो साड़ीमा एक महिला। यो मगर पोशाक हो, नेपालको मगर समुदायको परम्परागत पोशाक। यो उत्सव, नृत्य र सामुदायिक उत्सवहरूमा लगाइन्छ।"
nepali_dresses_augmented/magar_dress/54.jpg,"A woman in a red and grey lera. This is the Magar dress, the traditional attire of the Magar community of Nepal. It is worn during festivals, dances, and community celebrations.","रातो र खैरो रंगको लुगा लगाउने महिला. यो मगर पोशाक हो, नेपालको मगर समुदायको परम्परागत पोशाक। यो पर्व, नृत्य र सामुदायिक उत्सवहरूमा लगाइन्छ।"
nepali_dresses_augmented/magar_dress/54_aug1.jpg,"A woman in a red and grey lera. This is the Magar dress, the traditional attire of the Magar community of Nepal. It is worn during festivals, dances, and community celebrations.","रातो र खैरो रंगको लुगा लगाउने महिला. यो मगर पोशाक हो, नेपालको मगर समुदायको परम्परागत पोशाक। यो पर्व, नृत्य र सामुदायिक उत्सवहरूमा लगाइन्छ।"
nepali_dresses_augmented/magar_dress/54_aug2.jpg,"A woman in a red and grey lera. This is the Magar dress, the traditional attire of the Magar community of Nepal. It is worn during festivals, dances, and community celebrations.","रातो र खैरो रंगको लुगा लगाउने महिला. यो मगर पोशाक हो, नेपालको मगर समुदायको परम्परागत पोशाक। यो पर्व, नृत्य र सामुदायिक उत्सवहरूमा लगाइन्छ।"
nepali_dresses_augmented/magar_dress/54_aug3.jpg,"A woman in a red and grey lera. This is the Magar dress, the traditional attire of the Magar community of Nepal. It is worn during festivals, dances, and community celebrations.","रातो र खैरो रंगको लुगा लगाउने महिला. यो मगर पोशाक हो, नेपालको मगर समुदायको परम्परागत पोशाक। यो पर्व, नृत्य र सामुदायिक उत्सवहरूमा लगाइन्छ।"
nepali_dresses_augmented/magar_dress/55.jpg,"A group of women in traditional dress. This is the Magar dress, the traditional attire of the Magar community of Nepal. It is worn during festivals, dances, and community celebrations.","परम्परागत पोशाकमा महिलाहरूको समूह। यो मगर पोशाक हो, नेपालको मगर समुदायको परम्परागत पोशाक। यो उत्सव, नृत्य, र सामुदायिक उत्सवहरूमा लगाइन्छ।"
nepali_dresses_augmented/magar_dress/55_aug1.jpg,"A group of women in traditional dress. This is the Magar dress, the traditional attire of the Magar community of Nepal. It is worn during festivals, dances, and community celebrations.","परम्परागत पोशाकमा महिलाहरूको समूह। यो मगर पोशाक हो, नेपालको मगर समुदायको परम्परागत पोशाक। यो उत्सव, नृत्य, र सामुदायिक उत्सवहरूमा लगाइन्छ।"
nepali_dresses_augmented/magar_dress/55_aug2.jpg,"A group of women in traditional dress. This is the Magar dress, the traditional attire of the Magar community of Nepal. It is worn during festivals, dances, and community celebrations.","परम्परागत पोशाकमा महिलाहरूको समूह। यो मगर पोशाक हो, नेपालको मगर समुदायको परम्परागत पोशाक। यो उत्सव, नृत्य, र सामुदायिक उत्सवहरूमा लगाइन्छ।"
nepali_dresses_augmented/magar_dress/55_aug3.jpg,"A group of women in traditional dress. This is the Magar dress, the traditional attire of the Magar community of Nepal. It is worn during festivals, dances, and community celebrations.","परम्परागत पोशाकमा महिलाहरूको समूह। यो मगर पोशाक हो, नेपालको मगर समुदायको परम्परागत पोशाक। यो उत्सव, नृत्य, र सामुदायिक उत्सवहरूमा लगाइन्छ।"
nepali_dresses_augmented/magar_dress/56.jpg,"A young girl wearing a red and yellow outfit. This is the Magar dress, the traditional attire of the Magar community of Nepal. It is worn during festivals, dances, and community celebrations.","लाल र पहेंलो पोशाक लगाउने एक युवती। यो नेपालको मगर समुदायको परम्परागत पोशाक हो। यो उत्सव, नृत्य र सामुदायिक उत्सवहरूमा लगाइन्छ।"
nepali_dresses_augmented/magar_dress/56_aug1.jpg,"A young girl wearing a red and yellow outfit. This is the Magar dress, the traditional attire of the Magar community of Nepal. It is worn during festivals, dances, and community celebrations.","लाल र पहेंलो पोशाक लगाउने एक युवती। यो नेपालको मगर समुदायको परम्परागत पोशाक हो। यो उत्सव, नृत्य र सामुदायिक उत्सवहरूमा लगाइन्छ।"
nepali_dresses_augmented/magar_dress/56_aug2.jpg,"A young girl wearing a red and yellow outfit. This is the Magar dress, the traditional attire of the Magar community of Nepal. It is worn during festivals, dances, and community celebrations.","लाल र पहेंलो पोशाक लगाउने एक युवती। यो नेपालको मगर समुदायको परम्परागत पोशाक हो। यो उत्सव, नृत्य र सामुदायिक उत्सवहरूमा लगाइन्छ।"
nepali_dresses_augmented/magar_dress/56_aug3.jpg,"A young girl wearing a red and yellow outfit. This is the Magar dress, the traditional attire of the Magar community of Nepal. It is worn during festivals, dances, and community celebrations.","लाल र पहेंलो पोशाक लगाउने एक युवती। यो नेपालको मगर समुदायको परम्परागत पोशाक हो। यो उत्सव, नृत्य र सामुदायिक उत्सवहरूमा लगाइन्छ।"
nepali_dresses_augmented/magar_dress/57.jpg,"A woman in a traditional costume. This is the Magar dress, the traditional attire of the Magar community of Nepal. It is worn during festivals, dances, and community celebrations.","एक महिला परम्परागत पोशाकमा। यो Magar पोशाक हो, नेपालको Magar समुदायको परम्परागत पोशाक। यो उत्सव, नृत्य, र सामुदायिक उत्सवहरूमा लगाइन्छ।"
nepali_dresses_augmented/magar_dress/57_aug1.jpg,"A woman in a traditional costume. This is the Magar dress, the traditional attire of the Magar community of Nepal. It is worn during festivals, dances, and community celebrations.","एक महिला परम्परागत पोशाकमा। यो Magar पोशाक हो, नेपालको Magar समुदायको परम्परागत पोशाक। यो उत्सव, नृत्य, र सामुदायिक उत्सवहरूमा लगाइन्छ।"
nepali_dresses_augmented/magar_dress/57_aug2.jpg,"A woman in a traditional costume. This is the Magar dress, the traditional attire of the Magar community of Nepal. It is worn during festivals, dances, and community celebrations.","एक महिला परम्परागत पोशाकमा। यो Magar पोशाक हो, नेपालको Magar समुदायको परम्परागत पोशाक। यो उत्सव, नृत्य, र सामुदायिक उत्सवहरूमा लगाइन्छ।"
nepali_dresses_augmented/magar_dress/57_aug3.jpg,"A woman in a traditional costume. This is the Magar dress, the traditional attire of the Magar community of Nepal. It is worn during festivals, dances, and community celebrations.","एक महिला परम्परागत पोशाकमा। यो Magar पोशाक हो, नेपालको Magar समुदायको परम्परागत पोशाक। यो उत्सव, नृत्य, र सामुदायिक उत्सवहरूमा लगाइन्छ।"
nepali_dresses_augmented/magar_dress/58.jpg,"A young girl in a red and blue sari holding a pot. This is the Magar dress, the traditional attire of the Magar community of Nepal. It is worn during festivals, dances, and community celebrations.","नेपालको मगर समुदायको परम्परागत पोशाक मगरको पोशाक हो । यो पर्व, नृत्य र सामुदायिक उत्सवमा लगाइन्छ ।"
nepali_dresses_augmented/magar_dress/58_aug1.jpg,"A young girl in a red and blue sari holding a pot. This is the Magar dress, the traditional attire of the Magar community of Nepal. It is worn during festivals, dances, and community celebrations.","नेपालको मगर समुदायको परम्परागत पोशाक मगरको पोशाक हो । यो पर्व, नृत्य र सामुदायिक उत्सवमा लगाइन्छ ।"
nepali_dresses_augmented/magar_dress/58_aug2.jpg,"A young girl in a red and blue sari holding a pot. This is the Magar dress, the traditional attire of the Magar community of Nepal. It is worn during festivals, dances, and community celebrations.","नेपालको मगर समुदायको परम्परागत पोशाक मगरको पोशाक हो । यो पर्व, नृत्य र सामुदायिक उत्सवमा लगाइन्छ ।"
nepali_dresses_augmented/magar_dress/58_aug3.jpg,"A young girl in a red and blue sari holding a pot. This is the Magar dress, the traditional attire of the Magar community of Nepal. It is worn during festivals, dances, and community celebrations.","नेपालको मगर समुदायको परम्परागत पोशाक मगरको पोशाक हो । यो पर्व, नृत्य र सामुदायिक उत्सवमा लगाइन्छ ।"
nepali_dresses_augmented/magar_dress/59.jpg,"A woman in a red sari. This is the Magar dress, the traditional attire of the Magar community of Nepal. It is worn during festivals, dances, and community celebrations.","रातो साड़ीमा एक महिला। यो मगर पोशाक हो, नेपालको मगर समुदायको परम्परागत पोशाक। यो उत्सव, नृत्य र सामुदायिक उत्सवहरूमा लगाइन्छ।"
nepali_dresses_augmented/magar_dress/59_aug1.jpg,"A woman in a red sari. This is the Magar dress, the traditional attire of the Magar community of Nepal. It is worn during festivals, dances, and community celebrations.","रातो साड़ीमा एक महिला। यो मगर पोशाक हो, नेपालको मगर समुदायको परम्परागत पोशाक। यो उत्सव, नृत्य र सामुदायिक उत्सवहरूमा लगाइन्छ।"
nepali_dresses_augmented/magar_dress/59_aug2.jpg,"A woman in a red sari. This is the Magar dress, the traditional attire of the Magar community of Nepal. It is worn during festivals, dances, and community celebrations.","रातो साड़ीमा एक महिला। यो मगर पोशाक हो, नेपालको मगर समुदायको परम्परागत पोशाक। यो उत्सव, नृत्य र सामुदायिक उत्सवहरूमा लगाइन्छ।"
nepali_dresses_augmented/magar_dress/59_aug3.jpg,"A woman in a red sari. This is the Magar dress, the traditional attire of the Magar community of Nepal. It is worn during festivals, dances, and community celebrations.","रातो साड़ीमा एक महिला। यो मगर पोशाक हो, नेपालको मगर समुदायको परम्परागत पोशाक। यो उत्सव, नृत्य र सामुदायिक उत्सवहरूमा लगाइन्छ।"
nepali_dresses_augmented/magar_dress/5_aug1.jpg,"Two young girls in traditional indian costume. This is the Magar dress, the traditional attire of the Magar community of Nepal. It is worn during festivals, dances, and community celebrations.","दुई युवतीहरू परम्परागत भारतीय पोशाकमा। यो नेपालको मगर समुदायको परम्परागत पोशाक हो। यो उत्सव, नृत्य र सामुदायिक उत्सवहरूमा लगाइन्छ।"
nepali_dresses_augmented/magar_dress/5_aug2.jpg,"Two young girls in traditional indian costume. This is the Magar dress, the traditional attire of the Magar community of Nepal. It is worn during festivals, dances, and community celebrations.","दुई युवतीहरू परम्परागत भारतीय पोशाकमा। यो नेपालको मगर समुदायको परम्परागत पोशाक हो। यो उत्सव, नृत्य र सामुदायिक उत्सवहरूमा लगाइन्छ।"
nepali_dresses_augmented/magar_dress/5_aug3.jpg,"Two young girls in traditional indian costume. This is the Magar dress, the traditional attire of the Magar community of Nepal. It is worn during festivals, dances, and community celebrations.","दुई युवतीहरू परम्परागत भारतीय पोशाकमा। यो नेपालको मगर समुदायको परम्परागत पोशाक हो। यो उत्सव, नृत्य र सामुदायिक उत्सवहरूमा लगाइन्छ।"
nepali_dresses_augmented/magar_dress/6.jpg,"A woman in a red and black dress dancing. This is the Magar dress, the traditional attire of the Magar community of Nepal. It is worn during festivals, dances, and community celebrations.","रातो र कालो पोशाकमा नाच्ने महिला । यो मगर पोशाक हो, नेपालको मगर समुदायको परम्परागत पोशाक । यो पर्व, नृत्य र सामुदायिक उत्सवहरूमा लगाइन्छ ।"
nepali_dresses_augmented/magar_dress/60.jpg,"A woman in a red and blue sari. This is the Magar dress, the traditional attire of the Magar community of Nepal. It is worn during festivals, dances, and community celebrations.","रातो र नीलो साड़ीमा एक महिला। यो मगर पोशाक हो, नेपालको मगर समुदायको परम्परागत पोशाक। यो उत्सव, नृत्य र सामुदायिक उत्सवहरूमा लगाइन्छ।"
nepali_dresses_augmented/magar_dress/60_aug1.jpg,"A woman in a red and blue sari. This is the Magar dress, the traditional attire of the Magar community of Nepal. It is worn during festivals, dances, and community celebrations.","रातो र नीलो साड़ीमा एक महिला। यो मगर पोशाक हो, नेपालको मगर समुदायको परम्परागत पोशाक। यो उत्सव, नृत्य र सामुदायिक उत्सवहरूमा लगाइन्छ।"
nepali_dresses_augmented/magar_dress/60_aug2.jpg,"A woman in a red and blue sari. This is the Magar dress, the traditional attire of the Magar community of Nepal. It is worn during festivals, dances, and community celebrations.","रातो र नीलो साड़ीमा एक महिला। यो मगर पोशाक हो, नेपालको मगर समुदायको परम्परागत पोशाक। यो उत्सव, नृत्य र सामुदायिक उत्सवहरूमा लगाइन्छ।"
nepali_dresses_augmented/magar_dress/60_aug3.jpg,"A woman in a red and blue sari. This is the Magar dress, the traditional attire of the Magar community of Nepal. It is worn during festivals, dances, and community celebrations.","रातो र नीलो साड़ीमा एक महिला। यो मगर पोशाक हो, नेपालको मगर समुदायको परम्परागत पोशाक। यो उत्सव, नृत्य र सामुदायिक उत्सवहरूमा लगाइन्छ।"
nepali_dresses_augmented/magar_dress/61.jpg,"A woman in traditional dress carrying a basket of vegetables. This is the Magar dress, the traditional attire of the Magar community of Nepal. It is worn during festivals, dances, and community celebrations.","तरकारीको टोकरी बोक्ने परम्परागत पोशाकमा महिला। यो नेपालको मगर समुदायको परम्परागत पोशाक हो। यो पर्व, नृत्य र सामुदायिक उत्सवहरूमा लगाइन्छ।"
nepali_dresses_augmented/magar_dress/61_aug1.jpg,"A woman in traditional dress carrying a basket of vegetables. This is the Magar dress, the traditional attire of the Magar community of Nepal. It is worn during festivals, dances, and community celebrations.","तरकारीको टोकरी बोक्ने परम्परागत पोशाकमा महिला। यो नेपालको मगर समुदायको परम्परागत पोशाक हो। यो पर्व, नृत्य र सामुदायिक उत्सवहरूमा लगाइन्छ।"
nepali_dresses_augmented/magar_dress/61_aug2.jpg,"A woman in traditional dress carrying a basket of vegetables. This is the Magar dress, the traditional attire of the Magar community of Nepal. It is worn during festivals, dances, and community celebrations.","तरकारीको टोकरी बोक्ने परम्परागत पोशाकमा महिला। यो नेपालको मगर समुदायको परम्परागत पोशाक हो। यो पर्व, नृत्य र सामुदायिक उत्सवहरूमा लगाइन्छ।"
nepali_dresses_augmented/magar_dress/61_aug3.jpg,"A woman in traditional dress carrying a basket of vegetables. This is the Magar dress, the traditional attire of the Magar community of Nepal. It is worn during festivals, dances, and community celebrations.","तरकारीको टोकरी बोक्ने परम्परागत पोशाकमा महिला। यो नेपालको मगर समुदायको परम्परागत पोशाक हो। यो पर्व, नृत्य र सामुदायिक उत्सवहरूमा लगाइन्छ।"
nepali_dresses_augmented/magar_dress/62.jpg,"A man and woman standing in front of a white wall. This is the Magar dress, the traditional attire of the Magar community of Nepal. It is worn during festivals, dances, and community celebrations.","एक पुरुष र महिला एक सेतो पर्खालको अगाडि उभिरहेका छन्। यो Magar पोशाक हो, नेपालको Magar समुदायको परम्परागत पोशाक। यो उत्सव, नृत्य, र सामुदायिक उत्सवहरूमा लगाइन्छ।"
nepali_dresses_augmented/magar_dress/62_aug1.jpg,"A man and woman standing in front of a white wall. This is the Magar dress, the traditional attire of the Magar community of Nepal. It is worn during festivals, dances, and community celebrations.","एक पुरुष र महिला एक सेतो पर्खालको अगाडि उभिरहेका छन्। यो Magar पोशाक हो, नेपालको Magar समुदायको परम्परागत पोशाक। यो उत्सव, नृत्य, र सामुदायिक उत्सवहरूमा लगाइन्छ।"
nepali_dresses_augmented/magar_dress/62_aug2.jpg,"A man and woman standing in front of a white wall. This is the Magar dress, the traditional attire of the Magar community of Nepal. It is worn during festivals, dances, and community celebrations.","एक पुरुष र महिला एक सेतो पर्खालको अगाडि उभिरहेका छन्। यो Magar पोशाक हो, नेपालको Magar समुदायको परम्परागत पोशाक। यो उत्सव, नृत्य, र सामुदायिक उत्सवहरूमा लगाइन्छ।"
nepali_dresses_augmented/magar_dress/62_aug3.jpg,"A man and woman standing in front of a white wall. This is the Magar dress, the traditional attire of the Magar community of Nepal. It is worn during festivals, dances, and community celebrations.","एक पुरुष र महिला एक सेतो पर्खालको अगाडि उभिरहेका छन्। यो Magar पोशाक हो, नेपालको Magar समुदायको परम्परागत पोशाक। यो उत्सव, नृत्य, र सामुदायिक उत्सवहरूमा लगाइन्छ।"
nepali_dresses_augmented/magar_dress/63.jpg,"A group of people dressed in colorful costumes. This is the Magar dress, the traditional attire of the Magar community of Nepal. It is worn during festivals, dances, and community celebrations.","नेपालको मगर समुदायको परम्परागत पोशाक हो। यो पर्व, नृत्य र सामुदायिक उत्सवहरूमा लगाइन्छ।"
nepali_dresses_augmented/magar_dress/63_aug1.jpg,"A group of people dressed in colorful costumes. This is the Magar dress, the traditional attire of the Magar community of Nepal. It is worn during festivals, dances, and community celebrations.","नेपालको मगर समुदायको परम्परागत पोशाक हो। यो पर्व, नृत्य र सामुदायिक उत्सवहरूमा लगाइन्छ।"
nepali_dresses_augmented/magar_dress/63_aug2.jpg,"A group of people dressed in colorful costumes. This is the Magar dress, the traditional attire of the Magar community of Nepal. It is worn during festivals, dances, and community celebrations.","नेपालको मगर समुदायको परम्परागत पोशाक हो। यो पर्व, नृत्य र सामुदायिक उत्सवहरूमा लगाइन्छ।"
nepali_dresses_augmented/magar_dress/63_aug3.jpg,"A group of people dressed in colorful costumes. This is the Magar dress, the traditional attire of the Magar community of Nepal. It is worn during festivals, dances, and community celebrations.","नेपालको मगर समुदायको परम्परागत पोशाक हो। यो पर्व, नृत्य र सामुदायिक उत्सवहरूमा लगाइन्छ।"
nepali_dresses_augmented/magar_dress/64.jpg,"A group of young girls dressed in traditional costumes. This is the Magar dress, the traditional attire of the Magar community of Nepal. It is worn during festivals, dances, and community celebrations.","परम्परागत पोशाक लगाएका युवतीहरूको समूह। यो नेपालको मगर समुदायको परम्परागत पोशाक हो। यो महोत्सव, नृत्य र सामुदायिक उत्सवहरूमा लगाइन्छ।"
nepali_dresses_augmented/magar_dress/64_aug1.jpg,"A group of young girls dressed in traditional costumes. This is the Magar dress, the traditional attire of the Magar community of Nepal. It is worn during festivals, dances, and community celebrations.","परम्परागत पोशाक लगाएका युवतीहरूको समूह। यो नेपालको मगर समुदायको परम्परागत पोशाक हो। यो महोत्सव, नृत्य र सामुदायिक उत्सवहरूमा लगाइन्छ।"
nepali_dresses_augmented/magar_dress/64_aug2.jpg,"A group of young girls dressed in traditional costumes. This is the Magar dress, the traditional attire of the Magar community of Nepal. It is worn during festivals, dances, and community celebrations.","परम्परागत पोशाक लगाएका युवतीहरूको समूह। यो नेपालको मगर समुदायको परम्परागत पोशाक हो। यो महोत्सव, नृत्य र सामुदायिक उत्सवहरूमा लगाइन्छ।"
nepali_dresses_augmented/magar_dress/64_aug3.jpg,"A group of young girls dressed in traditional costumes. This is the Magar dress, the traditional attire of the Magar community of Nepal. It is worn during festivals, dances, and community celebrations.","परम्परागत पोशाक लगाएका युवतीहरूको समूह। यो नेपालको मगर समुदायको परम्परागत पोशाक हो। यो महोत्सव, नृत्य र सामुदायिक उत्सवहरूमा लगाइन्छ।"
nepali_dresses_augmented/magar_dress/65.jpg,"A group of women dressed in traditional costumes dance during a parade in the city - stock image. This is the Magar dress, the traditional attire of the Magar community of Nepal. It is worn during festivals, dances, and community celebrations.","शहरमा परेडको क्रममा परम्परागत पोशाक लगाएर नृत्य गर्ने महिलाहरूको समूह - स्टक छवि। यो नेपालको मगर समुदायको परम्परागत पोशाक हो। यो उत्सव, नृत्य र सामुदायिक उत्सवहरूमा लगाइन्छ।"
nepali_dresses_augmented/magar_dress/65_aug1.jpg,"A group of women dressed in traditional costumes dance during a parade in the city - stock image. This is the Magar dress, the traditional attire of the Magar community of Nepal. It is worn during festivals, dances, and community celebrations.","शहरमा परेडको क्रममा परम्परागत पोशाक लगाएर नृत्य गर्ने महिलाहरूको समूह - स्टक छवि। यो नेपालको मगर समुदायको परम्परागत पोशाक हो। यो उत्सव, नृत्य र सामुदायिक उत्सवहरूमा लगाइन्छ।"
nepali_dresses_augmented/magar_dress/65_aug2.jpg,"A group of women dressed in traditional costumes dance during a parade in the city - stock image. This is the Magar dress, the traditional attire of the Magar community of Nepal. It is worn during festivals, dances, and community celebrations.","शहरमा परेडको क्रममा परम्परागत पोशाक लगाएर नृत्य गर्ने महिलाहरूको समूह - स्टक छवि। यो नेपालको मगर समुदायको परम्परागत पोशाक हो। यो उत्सव, नृत्य र सामुदायिक उत्सवहरूमा लगाइन्छ।"
nepali_dresses_augmented/magar_dress/65_aug3.jpg,"A group of women dressed in traditional costumes dance during a parade in the city - stock image. This is the Magar dress, the traditional attire of the Magar community of Nepal. It is worn during festivals, dances, and community celebrations.","शहरमा परेडको क्रममा परम्परागत पोशाक लगाएर नृत्य गर्ने महिलाहरूको समूह - स्टक छवि। यो नेपालको मगर समुदायको परम्परागत पोशाक हो। यो उत्सव, नृत्य र सामुदायिक उत्सवहरूमा लगाइन्छ।"
nepali_dresses_augmented/magar_dress/66.jpg,"A group of women in traditional dress. This is the Magar dress, the traditional attire of the Magar community of Nepal. It is worn during festivals, dances, and community celebrations.","परम्परागत पोशाकमा महिलाहरूको समूह। यो मगर पोशाक हो, नेपालको मगर समुदायको परम्परागत पोशाक। यो उत्सव, नृत्य, र सामुदायिक उत्सवहरूमा लगाइन्छ।"
nepali_dresses_augmented/magar_dress/66_aug1.jpg,"A group of women in traditional dress. This is the Magar dress, the traditional attire of the Magar community of Nepal. It is worn during festivals, dances, and community celebrations.","परम्परागत पोशाकमा महिलाहरूको समूह। यो मगर पोशाक हो, नेपालको मगर समुदायको परम्परागत पोशाक। यो उत्सव, नृत्य, र सामुदायिक उत्सवहरूमा लगाइन्छ।"
nepali_dresses_augmented/magar_dress/66_aug2.jpg,"A group of women in traditional dress. This is the Magar dress, the traditional attire of the Magar community of Nepal. It is worn during festivals, dances, and community celebrations.","परम्परागत पोशाकमा महिलाहरूको समूह। यो मगर पोशाक हो, नेपालको मगर समुदायको परम्परागत पोशाक। यो उत्सव, नृत्य, र सामुदायिक उत्सवहरूमा लगाइन्छ।"
nepali_dresses_augmented/magar_dress/67.jpg,"A group of women in traditional costumes. This is the Magar dress, the traditional attire of the Magar community of Nepal. It is worn during festivals, dances, and community celebrations.","परम्परागत पोशाक लगाउने महिलाहरूको समूह। यो मगर पोशाक हो, नेपालको मगर समुदायको परम्परागत पोशाक। यो उत्सव, नृत्य, र सामुदायिक उत्सवहरूमा लगाइन्छ।"
nepali_dresses_augmented/magar_dress/67_aug1.jpg,"A group of women in traditional costumes. This is the Magar dress, the traditional attire of the Magar community of Nepal. It is worn during festivals, dances, and community celebrations.","परम्परागत पोशाक लगाउने महिलाहरूको समूह। यो मगर पोशाक हो, नेपालको मगर समुदायको परम्परागत पोशाक। यो उत्सव, नृत्य, र सामुदायिक उत्सवहरूमा लगाइन्छ।"
nepali_dresses_augmented/magar_dress/67_aug2.jpg,"A group of women in traditional costumes. This is the Magar dress, the traditional attire of the Magar community of Nepal. It is worn during festivals, dances, and community celebrations.","परम्परागत पोशाक लगाउने महिलाहरूको समूह। यो मगर पोशाक हो, नेपालको मगर समुदायको परम्परागत पोशाक। यो उत्सव, नृत्य, र सामुदायिक उत्सवहरूमा लगाइन्छ।"
nepali_dresses_augmented/magar_dress/68.jpg,"A group of people dressed in traditional costumes at the annual festival in peru - stock image. This is the Magar dress, the traditional attire of the Magar community of Nepal. It is worn during festivals, dances, and community celebrations.","पेरूको वार्षिक महोत्सवमा परम्परागत पोशाकमा लुगा लगाएका मानिसहरूको समूह - स्टक छवि। यो नेपालको मगर समुदायको परम्परागत पोशाक हो। यो महोत्सव, नृत्य र सामुदायिक उत्सवहरूमा लगाइन्छ।"
nepali_dresses_augmented/magar_dress/68_aug1.jpg,"A group of people dressed in traditional costumes at the annual festival in peru - stock image. This is the Magar dress, the traditional attire of the Magar community of Nepal. It is worn during festivals, dances, and community celebrations.","पेरूको वार्षिक महोत्सवमा परम्परागत पोशाकमा लुगा लगाएका मानिसहरूको समूह - स्टक छवि। यो नेपालको मगर समुदायको परम्परागत पोशाक हो। यो महोत्सव, नृत्य र सामुदायिक उत्सवहरूमा लगाइन्छ।"
nepali_dresses_augmented/magar_dress/68_aug2.jpg,"A group of people dressed in traditional costumes at the annual festival in peru - stock image. This is the Magar dress, the traditional attire of the Magar community of Nepal. It is worn during festivals, dances, and community celebrations.","पेरूको वार्षिक महोत्सवमा परम्परागत पोशाकमा लुगा लगाएका मानिसहरूको समूह - स्टक छवि। यो नेपालको मगर समुदायको परम्परागत पोशाक हो। यो महोत्सव, नृत्य र सामुदायिक उत्सवहरूमा लगाइन्छ।"
nepali_dresses_augmented/magar_dress/69.jpg,"A group of women dancing in front of mountains. This is the Magar dress, the traditional attire of the Magar community of Nepal. It is worn during festivals, dances, and community celebrations.","पहाडको अगाडि नाच्ने महिलाहरूको समूह। यो मगर पोशाक हो, नेपालको मगर समुदायको परम्परागत पोशाक। यो उत्सव, नृत्य, र सामुदायिक उत्सवहरूमा लगाइन्छ।"
nepali_dresses_augmented/magar_dress/69_aug1.jpg,"A group of women dancing in front of mountains. This is the Magar dress, the traditional attire of the Magar community of Nepal. It is worn during festivals, dances, and community celebrations.","पहाडको अगाडि नाच्ने महिलाहरूको समूह। यो मगर पोशाक हो, नेपालको मगर समुदायको परम्परागत पोशाक। यो उत्सव, नृत्य, र सामुदायिक उत्सवहरूमा लगाइन्छ।"
nepali_dresses_augmented/magar_dress/69_aug2.jpg,"A group of women dancing in front of mountains. This is the Magar dress, the traditional attire of the Magar community of Nepal. It is worn during festivals, dances, and community celebrations.","पहाडको अगाडि नाच्ने महिलाहरूको समूह। यो मगर पोशाक हो, नेपालको मगर समुदायको परम्परागत पोशाक। यो उत्सव, नृत्य, र सामुदायिक उत्सवहरूमा लगाइन्छ।"
nepali_dresses_augmented/magar_dress/6_aug1.jpg,"A woman in a red and black dress dancing. This is the Magar dress, the traditional attire of the Magar community of Nepal. It is worn during festivals, dances, and community celebrations.","रातो र कालो पोशाकमा नाच्ने महिला । यो मगर पोशाक हो, नेपालको मगर समुदायको परम्परागत पोशाक । यो पर्व, नृत्य र सामुदायिक उत्सवहरूमा लगाइन्छ ।"
nepali_dresses_augmented/magar_dress/6_aug2.jpg,"A woman in a red and black dress dancing. This is the Magar dress, the traditional attire of the Magar community of Nepal. It is worn during festivals, dances, and community celebrations.","रातो र कालो पोशाकमा नाच्ने महिला । यो मगर पोशाक हो, नेपालको मगर समुदायको परम्परागत पोशाक । यो पर्व, नृत्य र सामुदायिक उत्सवहरूमा लगाइन्छ ।"
nepali_dresses_augmented/magar_dress/6_aug3.jpg,"A woman in a red and black dress dancing. This is the Magar dress, the traditional attire of the Magar community of Nepal. It is worn during festivals, dances, and community celebrations.","रातो र कालो पोशाकमा नाच्ने महिला । यो मगर पोशाक हो, नेपालको मगर समुदायको परम्परागत पोशाक । यो पर्व, नृत्य र सामुदायिक उत्सवहरूमा लगाइन्छ ।"
nepali_dresses_augmented/magar_dress/7.jpg,"A woman in a red and black outfit. This is the Magar dress, the traditional attire of the Magar community of Nepal. It is worn during festivals, dances, and community celebrations.","रातो र कालो पोशाकमा एक महिला। यो मगर पोशाक हो, नेपालको मगर समुदायको परम्परागत पोशाक। यो उत्सव, नृत्य, र सामुदायिक उत्सवहरूमा लगाइन्छ।"
nepali_dresses_augmented/magar_dress/70.jpg,"A group of young girls in red and green costumes. This is the Magar dress, the traditional attire of the Magar community of Nepal. It is worn during festivals, dances, and community celebrations.","रातो र हरियो पोशाक लगाएका युवतीहरूको समूह। यो मगर पोशाक हो, नेपालको मगर समुदायको परम्परागत पोशाक। यो उत्सव, नृत्य र सामुदायिक उत्सवहरूमा लगाइन्छ।"
nepali_dresses_augmented/magar_dress/70_aug1.jpg,"A group of young girls in red and green costumes. This is the Magar dress, the traditional attire of the Magar community of Nepal. It is worn during festivals, dances, and community celebrations.","रातो र हरियो पोशाक लगाएका युवतीहरूको समूह। यो मगर पोशाक हो, नेपालको मगर समुदायको परम्परागत पोशाक। यो उत्सव, नृत्य र सामुदायिक उत्सवहरूमा लगाइन्छ।"
nepali_dresses_augmented/magar_dress/70_aug2.jpg,"A group of young girls in red and green costumes. This is the Magar dress, the traditional attire of the Magar community of Nepal. It is worn during festivals, dances, and community celebrations.","रातो र हरियो पोशाक लगाएका युवतीहरूको समूह। यो मगर पोशाक हो, नेपालको मगर समुदायको परम्परागत पोशाक। यो उत्सव, नृत्य र सामुदायिक उत्सवहरूमा लगाइन्छ।"
nepali_dresses_augmented/magar_dress/71.jpg,"A group of women in traditional dress holding drums. This is the Magar dress, the traditional attire of the Magar community of Nepal. It is worn during festivals, dances, and community celebrations.","परम्परागत पोशाक लगाएका महिलाहरूको समूहले ड्रम हाल्छन्। यो नेपालको मगर समुदायको परम्परागत पोशाक हो। यो उत्सव, नृत्य र सामुदायिक उत्सवहरूमा लगाइन्छ।"
nepali_dresses_augmented/magar_dress/71_aug1.jpg,"A group of women in traditional dress holding drums. This is the Magar dress, the traditional attire of the Magar community of Nepal. It is worn during festivals, dances, and community celebrations.","परम्परागत पोशाक लगाएका महिलाहरूको समूहले ड्रम हाल्छन्। यो नेपालको मगर समुदायको परम्परागत पोशाक हो। यो उत्सव, नृत्य र सामुदायिक उत्सवहरूमा लगाइन्छ।"
nepali_dresses_augmented/magar_dress/71_aug2.jpg,"A group of women in traditional dress holding drums. This is the Magar dress, the traditional attire of the Magar community of Nepal. It is worn during festivals, dances, and community celebrations.","परम्परागत पोशाक लगाएका महिलाहरूको समूहले ड्रम हाल्छन्। यो नेपालको मगर समुदायको परम्परागत पोशाक हो। यो उत्सव, नृत्य र सामुदायिक उत्सवहरूमा लगाइन्छ।"
nepali_dresses_augmented/magar_dress/72.jpg,"A young girl in traditional dress holding a gold pot. This is the Magar dress, the traditional attire of the Magar community of Nepal. It is worn during festivals, dances, and community celebrations.","नेपालको मगर समुदायको परम्परागत पोशाक हो। यो पर्व, नृत्य र सामुदायिक उत्सवहरूमा लगाइन्छ।"
nepali_dresses_augmented/magar_dress/72_aug1.jpg,"A young girl in traditional dress holding a gold pot. This is the Magar dress, the traditional attire of the Magar community of Nepal. It is worn during festivals, dances, and community celebrations.","नेपालको मगर समुदायको परम्परागत पोशाक हो। यो पर्व, नृत्य र सामुदायिक उत्सवहरूमा लगाइन्छ।"
nepali_dresses_augmented/magar_dress/72_aug2.jpg,"A young girl in traditional dress holding a gold pot. This is the Magar dress, the traditional attire of the Magar community of Nepal. It is worn during festivals, dances, and community celebrations.","नेपालको मगर समुदायको परम्परागत पोशाक हो। यो पर्व, नृत्य र सामुदायिक उत्सवहरूमा लगाइन्छ।"
nepali_dresses_augmented/magar_dress/73.jpg,"A young girl in traditional costume holding a coconut. This is the Magar dress, the traditional attire of the Magar community of Nepal. It is worn during festivals, dances, and community celebrations.","एक युवती परम्परागत पोशाकमा नारकोट पकडेर। यो नेपालको मगर समुदायको परम्परागत पोशाक हो। यो उत्सव, नृत्य र सामुदायिक उत्सवहरूमा लगाइन्छ।"
nepali_dresses_augmented/magar_dress/73_aug1.jpg,"A young girl in traditional costume holding a coconut. This is the Magar dress, the traditional attire of the Magar community of Nepal. It is worn during festivals, dances, and community celebrations.","एक युवती परम्परागत पोशाकमा नारकोट पकडेर। यो नेपालको मगर समुदायको परम्परागत पोशाक हो। यो उत्सव, नृत्य र सामुदायिक उत्सवहरूमा लगाइन्छ।"
nepali_dresses_augmented/magar_dress/73_aug2.jpg,"A young girl in traditional costume holding a coconut. This is the Magar dress, the traditional attire of the Magar community of Nepal. It is worn during festivals, dances, and community celebrations.","एक युवती परम्परागत पोशाकमा नारकोट पकडेर। यो नेपालको मगर समुदायको परम्परागत पोशाक हो। यो उत्सव, नृत्य र सामुदायिक उत्सवहरूमा लगाइन्छ।"
nepali_dresses_augmented/magar_dress/74.jpg,"A group of women in traditional costume performing at the festival - stock image. This is the Magar dress, the traditional attire of the Magar community of Nepal. It is worn during festivals, dances, and community celebrations.","महोत्सवमा परम्परागत पोशाकमा प्रदर्शन गर्ने महिलाहरूको समूह - स्टक छवि। यो नेपालको मगर समुदायको परम्परागत पोशाक हो। यो महोत्सव, नृत्य र सामुदायिक उत्सवहरूमा लगाइन्छ।"
nepali_dresses_augmented/magar_dress/74_aug1.jpg,"A group of women in traditional costume performing at the festival - stock image. This is the Magar dress, the traditional attire of the Magar community of Nepal. It is worn during festivals, dances, and community celebrations.","महोत्सवमा परम्परागत पोशाकमा प्रदर्शन गर्ने महिलाहरूको समूह - स्टक छवि। यो नेपालको मगर समुदायको परम्परागत पोशाक हो। यो महोत्सव, नृत्य र सामुदायिक उत्सवहरूमा लगाइन्छ।"
nepali_dresses_augmented/magar_dress/74_aug2.jpg,"A group of women in traditional costume performing at the festival - stock image. This is the Magar dress, the traditional attire of the Magar community of Nepal. It is worn during festivals, dances, and community celebrations.","महोत्सवमा परम्परागत पोशाकमा प्रदर्शन गर्ने महिलाहरूको समूह - स्टक छवि। यो नेपालको मगर समुदायको परम्परागत पोशाक हो। यो महोत्सव, नृत्य र सामुदायिक उत्सवहरूमा लगाइन्छ।"
nepali_dresses_augmented/magar_dress/75.jpg,"A woman wearing a traditional outfit in front of a mountain. This is the Magar dress, the traditional attire of the Magar community of Nepal. It is worn during festivals, dances, and community celebrations.","एक महिलाले पहाडको अगाडि परम्परागत पोशाक लगाउँछिन्। यो Magar पोशाक हो, नेपालको Magar समुदायको परम्परागत पोशाक। यो उत्सव, नृत्य, र सामुदायिक उत्सवहरूमा लगाइन्छ।"
nepali_dresses_augmented/magar_dress/75_aug1.jpg,"A woman wearing a traditional outfit in front of a mountain. This is the Magar dress, the traditional attire of the Magar community of Nepal. It is worn during festivals, dances, and community celebrations.","एक महिलाले पहाडको अगाडि परम्परागत पोशाक लगाउँछिन्। यो Magar पोशाक हो, नेपालको Magar समुदायको परम्परागत पोशाक। यो उत्सव, नृत्य, र सामुदायिक उत्सवहरूमा लगाइन्छ।"
nepali_dresses_augmented/magar_dress/75_aug2.jpg,"A woman wearing a traditional outfit in front of a mountain. This is the Magar dress, the traditional attire of the Magar community of Nepal. It is worn during festivals, dances, and community celebrations.","एक महिलाले पहाडको अगाडि परम्परागत पोशाक लगाउँछिन्। यो Magar पोशाक हो, नेपालको Magar समुदायको परम्परागत पोशाक। यो उत्सव, नृत्य, र सामुदायिक उत्सवहरूमा लगाइन्छ।"
nepali_dresses_augmented/magar_dress/76.jpg,"A woman in a red and blue sari. This is the Magar dress, the traditional attire of the Magar community of Nepal. It is worn during festivals, dances, and community celebrations.","रातो र नीलो साड़ीमा एक महिला। यो मगर पोशाक हो, नेपालको मगर समुदायको परम्परागत पोशाक। यो उत्सव, नृत्य र सामुदायिक उत्सवहरूमा लगाइन्छ।"
nepali_dresses_augmented/magar_dress/76_aug1.jpg,"A woman in a red and blue sari. This is the Magar dress, the traditional attire of the Magar community of Nepal. It is worn during festivals, dances, and community celebrations.","रातो र नीलो साड़ीमा एक महिला। यो मगर पोशाक हो, नेपालको मगर समुदायको परम्परागत पोशाक। यो उत्सव, नृत्य र सामुदायिक उत्सवहरूमा लगाइन्छ।"
nepali_dresses_augmented/magar_dress/76_aug2.jpg,"A woman in a red and blue sari. This is the Magar dress, the traditional attire of the Magar community of Nepal. It is worn during festivals, dances, and community celebrations.","रातो र नीलो साड़ीमा एक महिला। यो मगर पोशाक हो, नेपालको मगर समुदायको परम्परागत पोशाक। यो उत्सव, नृत्य र सामुदायिक उत्सवहरूमा लगाइन्छ।"
nepali_dresses_augmented/magar_dress/77.jpg,"A group of women in traditional dress dancing at the festival - stock image. This is the Magar dress, the traditional attire of the Magar community of Nepal. It is worn during festivals, dances, and community celebrations.","महोत्सवमा परम्परागत पोशाकमा नाच्ने महिलाहरूको समूह - स्टक छवि। यो नेपालको मगर समुदायको परम्परागत पोशाक हो। यो महोत्सव, नृत्य र सामुदायिक उत्सवहरूमा लगाइन्छ।"
nepali_dresses_augmented/magar_dress/77_aug1.jpg,"A group of women in traditional dress dancing at the festival - stock image. This is the Magar dress, the traditional attire of the Magar community of Nepal. It is worn during festivals, dances, and community celebrations.","महोत्सवमा परम्परागत पोशाकमा नाच्ने महिलाहरूको समूह - स्टक छवि। यो नेपालको मगर समुदायको परम्परागत पोशाक हो। यो महोत्सव, नृत्य र सामुदायिक उत्सवहरूमा लगाइन्छ।"
nepali_dresses_augmented/magar_dress/77_aug2.jpg,"A group of women in traditional dress dancing at the festival - stock image. This is the Magar dress, the traditional attire of the Magar community of Nepal. It is worn during festivals, dances, and community celebrations.","महोत्सवमा परम्परागत पोशाकमा नाच्ने महिलाहरूको समूह - स्टक छवि। यो नेपालको मगर समुदायको परम्परागत पोशाक हो। यो महोत्सव, नृत्य र सामुदायिक उत्सवहरूमा लगाइन्छ।"
nepali_dresses_augmented/magar_dress/78.jpg,"Young girls perform a traditional dance. This is the Magar dress, the traditional attire of the Magar community of Nepal. It is worn during festivals, dances, and community celebrations.","नेपालको मगर समुदायको परम्परागत पोशाक हो। यो महोत्सव, नृत्य र सामुदायिक उत्सवहरूमा लगाइन्छ।"
nepali_dresses_augmented/magar_dress/78_aug1.jpg,"Young girls perform a traditional dance. This is the Magar dress, the traditional attire of the Magar community of Nepal. It is worn during festivals, dances, and community celebrations.","नेपालको मगर समुदायको परम्परागत पोशाक हो। यो महोत्सव, नृत्य र सामुदायिक उत्सवहरूमा लगाइन्छ।"
nepali_dresses_augmented/magar_dress/78_aug2.jpg,"Young girls perform a traditional dance. This is the Magar dress, the traditional attire of the Magar community of Nepal. It is worn during festivals, dances, and community celebrations.","नेपालको मगर समुदायको परम्परागत पोशाक हो। यो महोत्सव, नृत्य र सामुदायिक उत्सवहरूमा लगाइन्छ।"
nepali_dresses_augmented/magar_dress/79.jpg,"A group of women in traditional dress are seen on the street. This is the Magar dress, the traditional attire of the Magar community of Nepal. It is worn during festivals, dances, and community celebrations.","सडकमा परम्परागत पोशाकमा महिलाहरूको समूह देख्न सकिन्छ। यो Magar पोशाक हो, नेपालको Magar समुदायको परम्परागत पोशाक। यो उत्सव, नृत्य, र सामुदायिक उत्सवहरूमा लगाइन्छ।"
nepali_dresses_augmented/magar_dress/79_aug1.jpg,"A group of women in traditional dress are seen on the street. This is the Magar dress, the traditional attire of the Magar community of Nepal. It is worn during festivals, dances, and community celebrations.","सडकमा परम्परागत पोशाकमा महिलाहरूको समूह देख्न सकिन्छ। यो Magar पोशाक हो, नेपालको Magar समुदायको परम्परागत पोशाक। यो उत्सव, नृत्य, र सामुदायिक उत्सवहरूमा लगाइन्छ।"
nepali_dresses_augmented/magar_dress/79_aug2.jpg,"A group of women in traditional dress are seen on the street. This is the Magar dress, the traditional attire of the Magar community of Nepal. It is worn during festivals, dances, and community celebrations.","सडकमा परम्परागत पोशाकमा महिलाहरूको समूह देख्न सकिन्छ। यो Magar पोशाक हो, नेपालको Magar समुदायको परम्परागत पोशाक। यो उत्सव, नृत्य, र सामुदायिक उत्सवहरूमा लगाइन्छ।"
nepali_dresses_augmented/magar_dress/7_aug1.jpg,"A woman in a red and black outfit. This is the Magar dress, the traditional attire of the Magar community of Nepal. It is worn during festivals, dances, and community celebrations.","रातो र कालो पोशाकमा एक महिला। यो मगर पोशाक हो, नेपालको मगर समुदायको परम्परागत पोशाक। यो उत्सव, नृत्य, र सामुदायिक उत्सवहरूमा लगाइन्छ।"
nepali_dresses_augmented/magar_dress/7_aug2.jpg,"A woman in a red and black outfit. This is the Magar dress, the traditional attire of the Magar community of Nepal. It is worn during festivals, dances, and community celebrations.","रातो र कालो पोशाकमा एक महिला। यो मगर पोशाक हो, नेपालको मगर समुदायको परम्परागत पोशाक। यो उत्सव, नृत्य, र सामुदायिक उत्सवहरूमा लगाइन्छ।"
nepali_dresses_augmented/magar_dress/7_aug3.jpg,"A woman in a red and black outfit. This is the Magar dress, the traditional attire of the Magar community of Nepal. It is worn during festivals, dances, and community celebrations.","रातो र कालो पोशाकमा एक महिला। यो मगर पोशाक हो, नेपालको मगर समुदायको परम्परागत पोशाक। यो उत्सव, नृत्य, र सामुदायिक उत्सवहरूमा लगाइन्छ।"
nepali_dresses_augmented/magar_dress/8.jpg,"A young girl in traditional costume. This is the Magar dress, the traditional attire of the Magar community of Nepal. It is worn during festivals, dances, and community celebrations.","परम्परागत पोशाकमा एक युवती। यो मगर पोशाक हो, नेपालको मगर समुदायको परम्परागत पोशाक। यो उत्सव, नृत्य र सामुदायिक उत्सवहरूमा लगाइन्छ।"
nepali_dresses_augmented/magar_dress/80.jpg,"A woman in traditional dress dancing at a festival in the town of san, mexico - stock photo. This is the Magar dress, the traditional attire of the Magar community of Nepal. It is worn during festivals, dances, and community celebrations.","मेक्सिकोको सान शहरको एउटा महोत्सवमा नृत्य गर्ने परम्परागत पोशाकमा एक महिला - स्टक फोटो। यो नेपालको मगर समुदायको परम्परागत पोशाक हो। यो महोत्सव, नृत्य र सामुदायिक उत्सवहरूमा लगाइन्छ।"
nepali_dresses_augmented/magar_dress/80_aug1.jpg,"A woman in traditional dress dancing at a festival in the town of san, mexico - stock photo. This is the Magar dress, the traditional attire of the Magar community of Nepal. It is worn during festivals, dances, and community celebrations.","मेक्सिकोको सान शहरको एउटा महोत्सवमा नृत्य गर्ने परम्परागत पोशाकमा एक महिला - स्टक फोटो। यो नेपालको मगर समुदायको परम्परागत पोशाक हो। यो महोत्सव, नृत्य र सामुदायिक उत्सवहरूमा लगाइन्छ।"
nepali_dresses_augmented/magar_dress/80_aug2.jpg,"A woman in traditional dress dancing at a festival in the town of san, mexico - stock photo. This is the Magar dress, the traditional attire of the Magar community of Nepal. It is worn during festivals, dances, and community celebrations.","मेक्सिकोको सान शहरको एउटा महोत्सवमा नृत्य गर्ने परम्परागत पोशाकमा एक महिला - स्टक फोटो। यो नेपालको मगर समुदायको परम्परागत पोशाक हो। यो महोत्सव, नृत्य र सामुदायिक उत्सवहरूमा लगाइन्छ।"
nepali_dresses_augmented/magar_dress/81.jpg,"A group of young girls dressed in traditional costumes during the festival - stock image. This is the Magar dress, the traditional attire of the Magar community of Nepal. It is worn during festivals, dances, and community celebrations.","महोत्सवको समयमा परम्परागत पोशाक लगाउने युवतीहरूको समूह - स्टक छवि। यो नेपालको मगर समुदायको परम्परागत पोशाक हो। यो महोत्सव, नृत्य र सामुदायिक उत्सवहरूमा लगाइन्छ।"
nepali_dresses_augmented/magar_dress/81_aug1.jpg,"A group of young girls dressed in traditional costumes during the festival - stock image. This is the Magar dress, the traditional attire of the Magar community of Nepal. It is worn during festivals, dances, and community celebrations.","महोत्सवको समयमा परम्परागत पोशाक लगाउने युवतीहरूको समूह - स्टक छवि। यो नेपालको मगर समुदायको परम्परागत पोशाक हो। यो महोत्सव, नृत्य र सामुदायिक उत्सवहरूमा लगाइन्छ।"
nepali_dresses_augmented/magar_dress/81_aug2.jpg,"A group of young girls dressed in traditional costumes during the festival - stock image. This is the Magar dress, the traditional attire of the Magar community of Nepal. It is worn during festivals, dances, and community celebrations.","महोत्सवको समयमा परम्परागत पोशाक लगाउने युवतीहरूको समूह - स्टक छवि। यो नेपालको मगर समुदायको परम्परागत पोशाक हो। यो महोत्सव, नृत्य र सामुदायिक उत्सवहरूमा लगाइन्छ।"
nepali_dresses_augmented/magar_dress/82.jpg,"A girl in traditional costume poses for the camera during festival. This is the Magar dress, the traditional attire of the Magar community of Nepal. It is worn during festivals, dances, and community celebrations.","महोत्सवको समयमा परम्परागत पोशाकमा एक केटीले क्यामेराको लागि पोज गर्दछ। यो नेपालको मगर समुदायको परम्परागत पोशाक हो। यो महोत्सव, नृत्य, र सामुदायिक उत्सवहरूमा लगाइन्छ।"
nepali_dresses_augmented/magar_dress/82_aug1.jpg,"A girl in traditional costume poses for the camera during festival. This is the Magar dress, the traditional attire of the Magar community of Nepal. It is worn during festivals, dances, and community celebrations.","महोत्सवको समयमा परम्परागत पोशाकमा एक केटीले क्यामेराको लागि पोज गर्दछ। यो नेपालको मगर समुदायको परम्परागत पोशाक हो। यो महोत्सव, नृत्य, र सामुदायिक उत्सवहरूमा लगाइन्छ।"
nepali_dresses_augmented/magar_dress/82_aug2.jpg,"A girl in traditional costume poses for the camera during festival. This is the Magar dress, the traditional attire of the Magar community of Nepal. It is worn during festivals, dances, and community celebrations.","महोत्सवको समयमा परम्परागत पोशाकमा एक केटीले क्यामेराको लागि पोज गर्दछ। यो नेपालको मगर समुदायको परम्परागत पोशाक हो। यो महोत्सव, नृत्य, र सामुदायिक उत्सवहरूमा लगाइन्छ।"
nepali_dresses_augmented/magar_dress/83.jpg,"A group of young people in traditional costumes. This is the Magar dress, the traditional attire of the Magar community of Nepal. It is worn during festivals, dances, and community celebrations.","परम्परागत पोशाकमा युवाहरूको समूह। यो नेपालको मगर समुदायको परम्परागत पोशाक हो। यो उत्सव, नृत्य र सामुदायिक उत्सवहरूमा लगाइन्छ।"
nepali_dresses_augmented/magar_dress/83_aug1.jpg,"A group of young people in traditional costumes. This is the Magar dress, the traditional attire of the Magar community of Nepal. It is worn during festivals, dances, and community celebrations.","परम्परागत पोशाकमा युवाहरूको समूह। यो नेपालको मगर समुदायको परम्परागत पोशाक हो। यो उत्सव, नृत्य र सामुदायिक उत्सवहरूमा लगाइन्छ।"
nepali_dresses_augmented/magar_dress/83_aug2.jpg,"A group of young people in traditional costumes. This is the Magar dress, the traditional attire of the Magar community of Nepal. It is worn during festivals, dances, and community celebrations.","परम्परागत पोशाकमा युवाहरूको समूह। यो नेपालको मगर समुदायको परम्परागत पोशाक हो। यो उत्सव, नृत्य र सामुदायिक उत्सवहरूमा लगाइन्छ।"
nepali_dresses_augmented/magar_dress/84.jpg,"A group of young boys in traditional clothing posing for the camera. This is the Magar dress, the traditional attire of the Magar community of Nepal. It is worn during festivals, dances, and community celebrations.","नेपालको मगर समुदायको परम्परागत पोशाक हो। यो पर्व, नृत्य र सामुदायिक उत्सवहरूमा लगाइन्छ।"
nepali_dresses_augmented/magar_dress/84_aug1.jpg,"A group of young boys in traditional clothing posing for the camera. This is the Magar dress, the traditional attire of the Magar community of Nepal. It is worn during festivals, dances, and community celebrations.","नेपालको मगर समुदायको परम्परागत पोशाक हो। यो पर्व, नृत्य र सामुदायिक उत्सवहरूमा लगाइन्छ।"
nepali_dresses_augmented/magar_dress/84_aug2.jpg,"A group of young boys in traditional clothing posing for the camera. This is the Magar dress, the traditional attire of the Magar community of Nepal. It is worn during festivals, dances, and community celebrations.","नेपालको मगर समुदायको परम्परागत पोशाक हो। यो पर्व, नृत्य र सामुदायिक उत्सवहरूमा लगाइन्छ।"
nepali_dresses_augmented/magar_dress/85.jpg,"A group of people sitting next to each other people. This is the Magar dress, the traditional attire of the Magar community of Nepal. It is worn during festivals, dances, and community celebrations.","एक समूह मानिसहरु एक अर्काको छेउमा बसिरहेका छन्। यो Magar पोशाक हो, नेपालको Magar समुदायको परम्परागत पोशाक। यो उत्सव, नृत्य, र सामुदायिक उत्सवहरूमा लगाइन्छ।"
nepali_dresses_augmented/magar_dress/85_aug1.jpg,"A group of people sitting next to each other people. This is the Magar dress, the traditional attire of the Magar community of Nepal. It is worn during festivals, dances, and community celebrations.","एक समूह मानिसहरु एक अर्काको छेउमा बसिरहेका छन्। यो Magar पोशाक हो, नेपालको Magar समुदायको परम्परागत पोशाक। यो उत्सव, नृत्य, र सामुदायिक उत्सवहरूमा लगाइन्छ।"
nepali_dresses_augmented/magar_dress/85_aug2.jpg,"A group of people sitting next to each other people. This is the Magar dress, the traditional attire of the Magar community of Nepal. It is worn during festivals, dances, and community celebrations.","एक समूह मानिसहरु एक अर्काको छेउमा बसिरहेका छन्। यो Magar पोशाक हो, नेपालको Magar समुदायको परम्परागत पोशाक। यो उत्सव, नृत्य, र सामुदायिक उत्सवहरूमा लगाइन्छ।"
nepali_dresses_augmented/magar_dress/86.jpg,"Two girls standing in front of a shelf full of clothes. This is the Magar dress, the traditional attire of the Magar community of Nepal. It is worn during festivals, dances, and community celebrations.","दुई बालिका कपडाले भरिएको शेल्फको अगाडि उभिएका छन्। यो नेपालको मगर समुदायको परम्परागत पोशाक हो। यो पर्व, नृत्य र सामुदायिक उत्सवहरूमा लगाइन्छ।"
nepali_dresses_augmented/magar_dress/86_aug1.jpg,"Two girls standing in front of a shelf full of clothes. This is the Magar dress, the traditional attire of the Magar community of Nepal. It is worn during festivals, dances, and community celebrations.","दुई बालिका कपडाले भरिएको शेल्फको अगाडि उभिएका छन्। यो नेपालको मगर समुदायको परम्परागत पोशाक हो। यो पर्व, नृत्य र सामुदायिक उत्सवहरूमा लगाइन्छ।"
nepali_dresses_augmented/magar_dress/86_aug2.jpg,"Two girls standing in front of a shelf full of clothes. This is the Magar dress, the traditional attire of the Magar community of Nepal. It is worn during festivals, dances, and community celebrations.","दुई बालिका कपडाले भरिएको शेल्फको अगाडि उभिएका छन्। यो नेपालको मगर समुदायको परम्परागत पोशाक हो। यो पर्व, नृत्य र सामुदायिक उत्सवहरूमा लगाइन्छ।"
nepali_dresses_augmented/magar_dress/87.jpg,"A group of women in traditional clothing. This is the Magar dress, the traditional attire of the Magar community of Nepal. It is worn during festivals, dances, and community celebrations.","परम्परागत कपडा लगाउने महिलाहरूको समूह। यो मगर पोशाक हो, नेपालको मगर समुदायको परम्परागत पोशाक। यो उत्सव, नृत्य, र सामुदायिक उत्सवहरूमा लगाइन्छ।"
nepali_dresses_augmented/magar_dress/87_aug1.jpg,"A group of women in traditional clothing. This is the Magar dress, the traditional attire of the Magar community of Nepal. It is worn during festivals, dances, and community celebrations.","परम्परागत कपडा लगाउने महिलाहरूको समूह। यो मगर पोशाक हो, नेपालको मगर समुदायको परम्परागत पोशाक। यो उत्सव, नृत्य, र सामुदायिक उत्सवहरूमा लगाइन्छ।"
nepali_dresses_augmented/magar_dress/87_aug2.jpg,"A group of women in traditional clothing. This is the Magar dress, the traditional attire of the Magar community of Nepal. It is worn during festivals, dances, and community celebrations.","परम्परागत कपडा लगाउने महिलाहरूको समूह। यो मगर पोशाक हो, नेपालको मगर समुदायको परम्परागत पोशाक। यो उत्सव, नृत्य, र सामुदायिक उत्सवहरूमा लगाइन्छ।"
nepali_dresses_augmented/magar_dress/88.jpg,"A woman standing in front of a closet full of clothes. This is the Magar dress, the traditional attire of the Magar community of Nepal. It is worn during festivals, dances, and community celebrations.","नेपालको मगर समुदायको परम्परागत पोशाक मगरको पोशाक हो। यो पर्व, नृत्य र सामुदायिक उत्सवहरूमा लगाइन्छ।"
nepali_dresses_augmented/magar_dress/88_aug1.jpg,"A woman standing in front of a closet full of clothes. This is the Magar dress, the traditional attire of the Magar community of Nepal. It is worn during festivals, dances, and community celebrations.","नेपालको मगर समुदायको परम्परागत पोशाक मगरको पोशाक हो। यो पर्व, नृत्य र सामुदायिक उत्सवहरूमा लगाइन्छ।"
nepali_dresses_augmented/magar_dress/88_aug2.jpg,"A woman standing in front of a closet full of clothes. This is the Magar dress, the traditional attire of the Magar community of Nepal. It is worn during festivals, dances, and community celebrations.","नेपालको मगर समुदायको परम्परागत पोशाक मगरको पोशाक हो। यो पर्व, नृत्य र सामुदायिक उत्सवहरूमा लगाइन्छ।"
nepali_dresses_augmented/magar_dress/89.jpg,"A group of women in brightly colored dresses. This is the Magar dress, the traditional attire of the Magar community of Nepal. It is worn during festivals, dances, and community celebrations.","यस पोशाक नेपालको मगर समुदायको परम्परागत पोशाक हो। यो उत्सव, नृत्य र सामुदायिक उत्सवहरूमा लगाइन्छ।"
nepali_dresses_augmented/magar_dress/89_aug1.jpg,"A group of women in brightly colored dresses. This is the Magar dress, the traditional attire of the Magar community of Nepal. It is worn during festivals, dances, and community celebrations.","यस पोशाक नेपालको मगर समुदायको परम्परागत पोशाक हो। यो उत्सव, नृत्य र सामुदायिक उत्सवहरूमा लगाइन्छ।"
nepali_dresses_augmented/magar_dress/89_aug2.jpg,"A group of women in brightly colored dresses. This is the Magar dress, the traditional attire of the Magar community of Nepal. It is worn during festivals, dances, and community celebrations.","यस पोशाक नेपालको मगर समुदायको परम्परागत पोशाक हो। यो उत्सव, नृत्य र सामुदायिक उत्सवहरूमा लगाइन्छ।"
nepali_dresses_augmented/magar_dress/8_aug1.jpg,"A young girl in traditional costume. This is the Magar dress, the traditional attire of the Magar community of Nepal. It is worn during festivals, dances, and community celebrations.","परम्परागत पोशाकमा एक युवती। यो मगर पोशाक हो, नेपालको मगर समुदायको परम्परागत पोशाक। यो उत्सव, नृत्य र सामुदायिक उत्सवहरूमा लगाइन्छ।"
nepali_dresses_augmented/magar_dress/8_aug2.jpg,"A young girl in traditional costume. This is the Magar dress, the traditional attire of the Magar community of Nepal. It is worn during festivals, dances, and community celebrations.","परम्परागत पोशाकमा एक युवती। यो मगर पोशाक हो, नेपालको मगर समुदायको परम्परागत पोशाक। यो उत्सव, नृत्य र सामुदायिक उत्सवहरूमा लगाइन्छ।"
nepali_dresses_augmented/magar_dress/8_aug3.jpg,"A young girl in traditional costume. This is the Magar dress, the traditional attire of the Magar community of Nepal. It is worn during festivals, dances, and community celebrations.","परम्परागत पोशाकमा एक युवती। यो मगर पोशाक हो, नेपालको मगर समुदायको परम्परागत पोशाक। यो उत्सव, नृत्य र सामुदायिक उत्सवहरूमा लगाइन्छ।"
nepali_dresses_augmented/magar_dress/9.jpg,"A woman in a red and black sari. This is the Magar dress, the traditional attire of the Magar community of Nepal. It is worn during festivals, dances, and community celebrations.","रातो र कालो साड़ीमा एक महिला। यो मगर पोशाक हो, नेपालको मगर समुदायको परम्परागत पोशाक। यो उत्सव, नृत्य र सामुदायिक उत्सवहरूमा लगाइन्छ।"
nepali_dresses_augmented/magar_dress/90.jpg,"A group of young girls in traditional dress at the festival. This is the Magar dress, the traditional attire of the Magar community of Nepal. It is worn during festivals, dances, and community celebrations.","महोत्सवमा परम्परागत पोशाकमा युवा युवतीहरूको समूह। यो नेपालको मगर समुदायको परम्परागत पोशाक हो। यो महोत्सव, नृत्य र सामुदायिक उत्सवहरूमा लगाइन्छ।"
nepali_dresses_augmented/magar_dress/90_aug1.jpg,"A group of young girls in traditional dress at the festival. This is the Magar dress, the traditional attire of the Magar community of Nepal. It is worn during festivals, dances, and community celebrations.","महोत्सवमा परम्परागत पोशाकमा युवा युवतीहरूको समूह। यो नेपालको मगर समुदायको परम्परागत पोशाक हो। यो महोत्सव, नृत्य र सामुदायिक उत्सवहरूमा लगाइन्छ।"
nepali_dresses_augmented/magar_dress/90_aug2.jpg,"A group of young girls in traditional dress at the festival. This is the Magar dress, the traditional attire of the Magar community of Nepal. It is worn during festivals, dances, and community celebrations.","महोत्सवमा परम्परागत पोशाकमा युवा युवतीहरूको समूह। यो नेपालको मगर समुदायको परम्परागत पोशाक हो। यो महोत्सव, नृत्य र सामुदायिक उत्सवहरूमा लगाइन्छ।"
nepali_dresses_augmented/magar_dress/91.jpg,"A woman in traditional dress sitting at a table. This is the Magar dress, the traditional attire of the Magar community of Nepal. It is worn during festivals, dances, and community celebrations.","एक महिला परम्परागत पोशाकमा टेबलमा बसिरहेको छ। यो Magar पोशाक हो, नेपालको Magar समुदायको परम्परागत पोशाक। यो उत्सव, नृत्य, र सामुदायिक उत्सवहरूमा लगाइन्छ।"
nepali_dresses_augmented/magar_dress/91_aug1.jpg,"A woman in traditional dress sitting at a table. This is the Magar dress, the traditional attire of the Magar community of Nepal. It is worn during festivals, dances, and community celebrations.","एक महिला परम्परागत पोशाकमा टेबलमा बसिरहेको छ। यो Magar पोशाक हो, नेपालको Magar समुदायको परम्परागत पोशाक। यो उत्सव, नृत्य, र सामुदायिक उत्सवहरूमा लगाइन्छ।"
nepali_dresses_augmented/magar_dress/91_aug2.jpg,"A woman in traditional dress sitting at a table. This is the Magar dress, the traditional attire of the Magar community of Nepal. It is worn during festivals, dances, and community celebrations.","एक महिला परम्परागत पोशाकमा टेबलमा बसिरहेको छ। यो Magar पोशाक हो, नेपालको Magar समुदायको परम्परागत पोशाक। यो उत्सव, नृत्य, र सामुदायिक उत्सवहरूमा लगाइन्छ।"
nepali_dresses_augmented/magar_dress/92.jpg,"A group of young girls in traditional costumes dancing at the festival - stock image. This is the Magar dress, the traditional attire of the Magar community of Nepal. It is worn during festivals, dances, and community celebrations.","महोत्सवमा परम्परागत पोशाकमा नाचिरहेका युवतीहरूको समूह - स्टक छवि। यो नेपालको मगर समुदायको परम्परागत पोशाक हो। यो महोत्सव, नृत्य र सामुदायिक उत्सवहरूमा लगाइन्छ।"
nepali_dresses_augmented/magar_dress/92_aug1.jpg,"A group of young girls in traditional costumes dancing at the festival - stock image. This is the Magar dress, the traditional attire of the Magar community of Nepal. It is worn during festivals, dances, and community celebrations.","महोत्सवमा परम्परागत पोशाकमा नाचिरहेका युवतीहरूको समूह - स्टक छवि। यो नेपालको मगर समुदायको परम्परागत पोशाक हो। यो महोत्सव, नृत्य र सामुदायिक उत्सवहरूमा लगाइन्छ।"
nepali_dresses_augmented/magar_dress/92_aug2.jpg,"A group of young girls in traditional costumes dancing at the festival - stock image. This is the Magar dress, the traditional attire of the Magar community of Nepal. It is worn during festivals, dances, and community celebrations.","महोत्सवमा परम्परागत पोशाकमा नाचिरहेका युवतीहरूको समूह - स्टक छवि। यो नेपालको मगर समुदायको परम्परागत पोशाक हो। यो महोत्सव, नृत्य र सामुदायिक उत्सवहरूमा लगाइन्छ।"
nepali_dresses_augmented/magar_dress/93.jpg,"A group of young women in traditional dress dancing at the festival - stock image. This is the Magar dress, the traditional attire of the Magar community of Nepal. It is worn during festivals, dances, and community celebrations.","महोत्सवमा परम्परागत पोशाकमा नृत्य गर्ने युवा महिलाहरूको समूह - स्टक छवि। यो नेपालको मगर समुदायको परम्परागत पोशाक हो। यो महोत्सव, नृत्य र सामुदायिक उत्सवहरूमा लगाइन्छ।"
nepali_dresses_augmented/magar_dress/93_aug1.jpg,"A group of young women in traditional dress dancing at the festival - stock image. This is the Magar dress, the traditional attire of the Magar community of Nepal. It is worn during festivals, dances, and community celebrations.","महोत्सवमा परम्परागत पोशाकमा नृत्य गर्ने युवा महिलाहरूको समूह - स्टक छवि। यो नेपालको मगर समुदायको परम्परागत पोशाक हो। यो महोत्सव, नृत्य र सामुदायिक उत्सवहरूमा लगाइन्छ।"
nepali_dresses_augmented/magar_dress/93_aug2.jpg,"A group of young women in traditional dress dancing at the festival - stock image. This is the Magar dress, the traditional attire of the Magar community of Nepal. It is worn during festivals, dances, and community celebrations.","महोत्सवमा परम्परागत पोशाकमा नृत्य गर्ने युवा महिलाहरूको समूह - स्टक छवि। यो नेपालको मगर समुदायको परम्परागत पोशाक हो। यो महोत्सव, नृत्य र सामुदायिक उत्सवहरूमा लगाइन्छ।"
nepali_dresses_augmented/magar_dress/94.jpg,"A group of people standing in a field. This is the Magar dress, the traditional attire of the Magar community of Nepal. It is worn during festivals, dances, and community celebrations.","नेपालको मगर समुदायको परम्परागत पोशाक मगरको पोशाक हो । यो पर्व, नृत्य र सामुदायिक उत्सवको समयमा लगाइन्छ ।"
nepali_dresses_augmented/magar_dress/94_aug1.jpg,"A group of people standing in a field. This is the Magar dress, the traditional attire of the Magar community of Nepal. It is worn during festivals, dances, and community celebrations.","नेपालको मगर समुदायको परम्परागत पोशाक मगरको पोशाक हो । यो पर्व, नृत्य र सामुदायिक उत्सवको समयमा लगाइन्छ ।"
nepali_dresses_augmented/magar_dress/94_aug2.jpg,"A group of people standing in a field. This is the Magar dress, the traditional attire of the Magar community of Nepal. It is worn during festivals, dances, and community celebrations.","नेपालको मगर समुदायको परम्परागत पोशाक मगरको पोशाक हो । यो पर्व, नृत्य र सामुदायिक उत्सवको समयमा लगाइन्छ ।"
nepali_dresses_augmented/magar_dress/95.jpg,"A group of people standing next to each other people. This is the Magar dress, the traditional attire of the Magar community of Nepal. It is worn during festivals, dances, and community celebrations.","नेपालको मगर समुदायको परम्परागत पोशाक मगरको पोशाक हो । यो पर्व, नृत्य र सामुदायिक उत्सवको समयमा लगाइन्छ ।"
nepali_dresses_augmented/magar_dress/95_aug1.jpg,"A group of people standing next to each other people. This is the Magar dress, the traditional attire of the Magar community of Nepal. It is worn during festivals, dances, and community celebrations.","नेपालको मगर समुदायको परम्परागत पोशाक मगरको पोशाक हो । यो पर्व, नृत्य र सामुदायिक उत्सवको समयमा लगाइन्छ ।"
nepali_dresses_augmented/magar_dress/95_aug2.jpg,"A group of people standing next to each other people. This is the Magar dress, the traditional attire of the Magar community of Nepal. It is worn during festivals, dances, and community celebrations.","नेपालको मगर समुदायको परम्परागत पोशाक मगरको पोशाक हो । यो पर्व, नृत्य र सामुदायिक उत्सवको समयमा लगाइन्छ ।"
nepali_dresses_augmented/magar_dress/96.jpg,"A woman wearing a blue and red outfit. This is the Magar dress, the traditional attire of the Magar community of Nepal. It is worn during festivals, dances, and community celebrations.","नीलो र रातो पोशाक लगाउने एक महिला। यो Magar पोशाक हो, नेपालको Magar समुदायको परम्परागत पोशाक। यो उत्सव, नृत्य, र सामुदायिक उत्सवहरूमा लगाइन्छ।"
nepali_dresses_augmented/magar_dress/96_aug1.jpg,"A woman wearing a blue and red outfit. This is the Magar dress, the traditional attire of the Magar community of Nepal. It is worn during festivals, dances, and community celebrations.","नीलो र रातो पोशाक लगाउने एक महिला। यो Magar पोशाक हो, नेपालको Magar समुदायको परम्परागत पोशाक। यो उत्सव, नृत्य, र सामुदायिक उत्सवहरूमा लगाइन्छ।"
nepali_dresses_augmented/magar_dress/96_aug2.jpg,"A woman wearing a blue and red outfit. This is the Magar dress, the traditional attire of the Magar community of Nepal. It is worn during festivals, dances, and community celebrations.","नीलो र रातो पोशाक लगाउने एक महिला। यो Magar पोशाक हो, नेपालको Magar समुदायको परम्परागत पोशाक। यो उत्सव, नृत्य, र सामुदायिक उत्सवहरूमा लगाइन्छ।"
nepali_dresses_augmented/magar_dress/97.jpg,"A group of women in traditional costume at festival. This is the Magar dress, the traditional attire of the Magar community of Nepal. It is worn during festivals, dances, and community celebrations.","महोत्सवमा परम्परागत पोशाकमा महिलाहरूको समूह। यो नेपालको मगर समुदायको परम्परागत पोशाक हो। यो महोत्सव, नृत्य र सामुदायिक उत्सवहरूमा लगाइन्छ।"
nepali_dresses_augmented/magar_dress/97_aug1.jpg,"A group of women in traditional costume at festival. This is the Magar dress, the traditional attire of the Magar community of Nepal. It is worn during festivals, dances, and community celebrations.","महोत्सवमा परम्परागत पोशाकमा महिलाहरूको समूह। यो नेपालको मगर समुदायको परम्परागत पोशाक हो। यो महोत्सव, नृत्य र सामुदायिक उत्सवहरूमा लगाइन्छ।"
nepali_dresses_augmented/magar_dress/97_aug2.jpg,"A group of women in traditional costume at festival. This is the Magar dress, the traditional attire of the Magar community of Nepal. It is worn during festivals, dances, and community celebrations.","महोत्सवमा परम्परागत पोशाकमा महिलाहरूको समूह। यो नेपालको मगर समुदायको परम्परागत पोशाक हो। यो महोत्सव, नृत्य र सामुदायिक उत्सवहरूमा लगाइन्छ।"
nepali_dresses_augmented/magar_dress/98.jpg,"Dancers perform during the parade. This is the Magar dress, the traditional attire of the Magar community of Nepal. It is worn during festivals, dances, and community celebrations.","नेपालको मगर समुदायको परम्परागत पोशाक मगरको पोशाक हो । यो पर्व, नृत्य र सामुदायिक उत्सवको समयमा लगाइन्छ ।"
nepali_dresses_augmented/magar_dress/98_aug1.jpg,"Dancers perform during the parade. This is the Magar dress, the traditional attire of the Magar community of Nepal. It is worn during festivals, dances, and community celebrations.","नेपालको मगर समुदायको परम्परागत पोशाक मगरको पोशाक हो । यो पर्व, नृत्य र सामुदायिक उत्सवको समयमा लगाइन्छ ।"
nepali_dresses_augmented/magar_dress/98_aug2.jpg,"Dancers perform during the parade. This is the Magar dress, the traditional attire of the Magar community of Nepal. It is worn during festivals, dances, and community celebrations.","नेपालको मगर समुदायको परम्परागत पोशाक मगरको पोशाक हो । यो पर्व, नृत्य र सामुदायिक उत्सवको समयमा लगाइन्छ ।"
nepali_dresses_augmented/magar_dress/99.jpg,"A group of women dressed in traditional costumes take part of celebrations. This is the Magar dress, the traditional attire of the Magar community of Nepal. It is worn during festivals, dances, and community celebrations.","परम्परागत पोशाक लगाएका महिलाहरूको समूहले उत्सवहरूमा भाग लिन्छन्। यो नेपालको मगर समुदायको परम्परागत पोशाक हो। यो उत्सव, नृत्य र सामुदायिक उत्सवहरूमा लगाइन्छ।"
nepali_dresses_augmented/magar_dress/99_aug1.jpg,"A group of women dressed in traditional costumes take part of celebrations. This is the Magar dress, the traditional attire of the Magar community of Nepal. It is worn during festivals, dances, and community celebrations.","परम्परागत पोशाक लगाएका महिलाहरूको समूहले उत्सवहरूमा भाग लिन्छन्। यो नेपालको मगर समुदायको परम्परागत पोशाक हो। यो उत्सव, नृत्य र सामुदायिक उत्सवहरूमा लगाइन्छ।"
nepali_dresses_augmented/magar_dress/99_aug2.jpg,"A group of women dressed in traditional costumes take part of celebrations. This is the Magar dress, the traditional attire of the Magar community of Nepal. It is worn during festivals, dances, and community celebrations.","परम्परागत पोशाक लगाएका महिलाहरूको समूहले उत्सवहरूमा भाग लिन्छन्। यो नेपालको मगर समुदायको परम्परागत पोशाक हो। यो उत्सव, नृत्य र सामुदायिक उत्सवहरूमा लगाइन्छ।"
nepali_dresses_augmented/magar_dress/9_aug1.jpg,"A woman in a red and black sari. This is the Magar dress, the traditional attire of the Magar community of Nepal. It is worn during festivals, dances, and community celebrations.","रातो र कालो साड़ीमा एक महिला। यो मगर पोशाक हो, नेपालको मगर समुदायको परम्परागत पोशाक। यो उत्सव, नृत्य र सामुदायिक उत्सवहरूमा लगाइन्छ।"
nepali_dresses_augmented/magar_dress/9_aug2.jpg,"A woman in a red and black sari. This is the Magar dress, the traditional attire of the Magar community of Nepal. It is worn during festivals, dances, and community celebrations.","रातो र कालो साड़ीमा एक महिला। यो मगर पोशाक हो, नेपालको मगर समुदायको परम्परागत पोशाक। यो उत्सव, नृत्य र सामुदायिक उत्सवहरूमा लगाइन्छ।"
nepali_dresses_augmented/magar_dress/9_aug3.jpg,"A woman in a red and black sari. This is the Magar dress, the traditional attire of the Magar community of Nepal. It is worn during festivals, dances, and community celebrations.","रातो र कालो साड़ीमा एक महिला। यो मगर पोशाक हो, नेपालको मगर समुदायको परम्परागत पोशाक। यो उत्सव, नृत्य र सामुदायिक उत्सवहरूमा लगाइन्छ।"
