image_path,caption_en,caption_ne
nepali_dresses_augmented/sherpa_dress_chuba_bakkhu/1.jpg,"A couple dressed in traditional korean costumes. This is the Chuba / Bakkhu, the traditional attire of the Sherpa community of Nepal. This warm wrap-around dress is worn in the Himalayan region during festivals such as Lhosar.","एक जोडीले परम्परागत कोरियाली पोशाकमा लुगा लगाएका छन्। यो Chuba / Bakkhu हो, नेपालको शेर्पा समुदायको परम्परागत पोशाक हो। यो न्यानो लुगा लुगा लगाउने लुगा हिमालय क्षेत्रमा लोसार जस्ता चाडहरूमा लगाइन्छ।"
nepali_dresses_augmented/sherpa_dress_chuba_bakkhu/10.jpg,"A young boy in traditional clothing at a market. This is the Chuba / Bakkhu, the traditional attire of the Sherpa community of Nepal. This warm wrap-around dress is worn in the Himalayan region during festivals such as Lhosar.","एक युवा बजारमा परम्परागत कपडामा। यो Chuba / Bakkhu हो, नेपालको शेर्पा समुदायको परम्परागत पोशाक। यो न्यानो लुगा लुगा लगाउने लुगा लोसर जस्ता पर्वहरूमा हिमालय क्षेत्रमा लगाइन्छ।"
nepali_dresses_augmented/sherpa_dress_chuba_bakkhu/100.jpg,"A group of people dressed in traditional clothing. This is the Chuba / Bakkhu, the traditional attire of the Sherpa community of Nepal. This warm wrap-around dress is worn in the Himalayan region during festivals such as Lhosar.",नेपालको शेर्पा समुदायको परम्परागत पोशाक चुबा / बखू हो। यो न्यानो लुगा लुगा लुगा लुगा लुगा लुगा लुगा लुगा लुगा लुगा लुगा लुगा लुगा लुगा लुगा लुगा लुगा लुगा लुगा लुगा लुगा लुगा लुगा लुगा लुगा लुगा लुगा लुगा लुगा लुगा लुगा लुगा लुगा लुगा लुगा लुगा लुगा लुगा लुगा लुगा लुगा लुगा लुगा लुगा लुगा लुगा लुगा लुगा लुगा लुगा लुगा लुगा लुगा लुगा लुगा लुगा लुगा लुगा लुगा लुगा लुगा लुगा लुगा लुगा लुगा लुगा लुगा लुगा लुगा लुगा लुगा लुगा लुगा लुगा लुगा लुगा लुगा लुगा लुगा लुगा लुगा लुगा लुगा लुगा लुगा लुगा लुगा लुगा लुगा लुगा लुगा लुगा लुगा लुगा लुगा लुगा लुगा लु
nepali_dresses_augmented/sherpa_dress_chuba_bakkhu/100_aug1.jpg,"A group of people dressed in traditional clothing. This is the Chuba / Bakkhu, the traditional attire of the Sherpa community of Nepal. This warm wrap-around dress is worn in the Himalayan region during festivals such as Lhosar.",नेपालको शेर्पा समुदायको परम्परागत पोशाक चुबा / बखू हो। यो न्यानो लुगा लुगा लुगा लुगा लुगा लुगा लुगा लुगा लुगा लुगा लुगा लुगा लुगा लुगा लुगा लुगा लुगा लुगा लुगा लुगा लुगा लुगा लुगा लुगा लुगा लुगा लुगा लुगा लुगा लुगा लुगा लुगा लुगा लुगा लुगा लुगा लुगा लुगा लुगा लुगा लुगा लुगा लुगा लुगा लुगा लुगा लुगा लुगा लुगा लुगा लुगा लुगा लुगा लुगा लुगा लुगा लुगा लुगा लुगा लुगा लुगा लुगा लुगा लुगा लुगा लुगा लुगा लुगा लुगा लुगा लुगा लुगा लुगा लुगा लुगा लुगा लुगा लुगा लुगा लुगा लुगा लुगा लुगा लुगा लुगा लुगा लुगा लुगा लुगा लुगा लुगा लुगा लुगा लुगा लुगा लुगा लुगा लु
nepali_dresses_augmented/sherpa_dress_chuba_bakkhu/100_aug2.jpg,"A group of people dressed in traditional clothing. This is the Chuba / Bakkhu, the traditional attire of the Sherpa community of Nepal. This warm wrap-around dress is worn in the Himalayan region during festivals such as Lhosar.",नेपालको शेर्पा समुदायको परम्परागत पोशाक चुबा / बखू हो। यो न्यानो लुगा लुगा लुगा लुगा लुगा लुगा लुगा लुगा लुगा लुगा लुगा लुगा लुगा लुगा लुगा लुगा लुगा लुगा लुगा लुगा लुगा लुगा लुगा लुगा लुगा लुगा लुगा लुगा लुगा लुगा लुगा लुगा लुगा लुगा लुगा लुगा लुगा लुगा लुगा लुगा लुगा लुगा लुगा लुगा लुगा लुगा लुगा लुगा लुगा लुगा लुगा लुगा लुगा लुगा लुगा लुगा लुगा लुगा लुगा लुगा लुगा लुगा लुगा लुगा लुगा लुगा लुगा लुगा लुगा लुगा लुगा लुगा लुगा लुगा लुगा लुगा लुगा लुगा लुगा लुगा लुगा लुगा लुगा लुगा लुगा लुगा लुगा लुगा लुगा लुगा लुगा लुगा लुगा लुगा लुगा लुगा लुगा लु
nepali_dresses_augmented/sherpa_dress_chuba_bakkhu/100_aug3.jpg,"A group of people dressed in traditional clothing. This is the Chuba / Bakkhu, the traditional attire of the Sherpa community of Nepal. This warm wrap-around dress is worn in the Himalayan region during festivals such as Lhosar.",नेपालको शेर्पा समुदायको परम्परागत पोशाक चुबा / बखू हो। यो न्यानो लुगा लुगा लुगा लुगा लुगा लुगा लुगा लुगा लुगा लुगा लुगा लुगा लुगा लुगा लुगा लुगा लुगा लुगा लुगा लुगा लुगा लुगा लुगा लुगा लुगा लुगा लुगा लुगा लुगा लुगा लुगा लुगा लुगा लुगा लुगा लुगा लुगा लुगा लुगा लुगा लुगा लुगा लुगा लुगा लुगा लुगा लुगा लुगा लुगा लुगा लुगा लुगा लुगा लुगा लुगा लुगा लुगा लुगा लुगा लुगा लुगा लुगा लुगा लुगा लुगा लुगा लुगा लुगा लुगा लुगा लुगा लुगा लुगा लुगा लुगा लुगा लुगा लुगा लुगा लुगा लुगा लुगा लुगा लुगा लुगा लुगा लुगा लुगा लुगा लुगा लुगा लुगा लुगा लुगा लुगा लुगा लुगा लु
nepali_dresses_augmented/sherpa_dress_chuba_bakkhu/101.jpg,"Two women in traditional clothing sitting on a stone wall - stock image. This is the Chuba / Bakkhu, the traditional attire of the Sherpa community of Nepal. This warm wrap-around dress is worn in the Himalayan region during festivals such as Lhosar.","दुई महिला परम्परागत कपडामा ढुङ्गाको पर्खालमा बसिरहेका छन् - स्टक छवि। यो Chuba / Bakkhu हो, नेपालको शेर्पा समुदायको परम्परागत पोशाक। यो न्यानो लुगा लगाउने पोशाक ल्होसार जस्ता पर्वहरूमा हिमालय क्षेत्रमा लगाइन्छ।"
nepali_dresses_augmented/sherpa_dress_chuba_bakkhu/101_aug1.jpg,"Two women in traditional clothing sitting on a stone wall - stock image. This is the Chuba / Bakkhu, the traditional attire of the Sherpa community of Nepal. This warm wrap-around dress is worn in the Himalayan region during festivals such as Lhosar.","दुई महिला परम्परागत कपडामा ढुङ्गाको पर्खालमा बसिरहेका छन् - स्टक छवि। यो Chuba / Bakkhu हो, नेपालको शेर्पा समुदायको परम्परागत पोशाक। यो न्यानो लुगा लगाउने पोशाक ल्होसार जस्ता पर्वहरूमा हिमालय क्षेत्रमा लगाइन्छ।"
nepali_dresses_augmented/sherpa_dress_chuba_bakkhu/101_aug2.jpg,"Two women in traditional clothing sitting on a stone wall - stock image. This is the Chuba / Bakkhu, the traditional attire of the Sherpa community of Nepal. This warm wrap-around dress is worn in the Himalayan region during festivals such as Lhosar.","दुई महिला परम्परागत कपडामा ढुङ्गाको पर्खालमा बसिरहेका छन् - स्टक छवि। यो Chuba / Bakkhu हो, नेपालको शेर्पा समुदायको परम्परागत पोशाक। यो न्यानो लुगा लगाउने पोशाक ल्होसार जस्ता पर्वहरूमा हिमालय क्षेत्रमा लगाइन्छ।"
nepali_dresses_augmented/sherpa_dress_chuba_bakkhu/101_aug3.jpg,"Two women in traditional clothing sitting on a stone wall - stock image. This is the Chuba / Bakkhu, the traditional attire of the Sherpa community of Nepal. This warm wrap-around dress is worn in the Himalayan region during festivals such as Lhosar.","दुई महिला परम्परागत कपडामा ढुङ्गाको पर्खालमा बसिरहेका छन् - स्टक छवि। यो Chuba / Bakkhu हो, नेपालको शेर्पा समुदायको परम्परागत पोशाक। यो न्यानो लुगा लगाउने पोशाक ल्होसार जस्ता पर्वहरूमा हिमालय क्षेत्रमा लगाइन्छ।"
nepali_dresses_augmented/sherpa_dress_chuba_bakkhu/102.jpg,"A woman in traditional dress and headdres at the annual festival in the city center of santiago - stock. This is the Chuba / Bakkhu, the traditional attire of the Sherpa community of Nepal. This warm wrap-around dress is worn in the Himalayan region during festivals such as Lhosar.","सान्तियागोको शहरको केन्द्रमा वार्षिक महोत्सवमा परम्परागत पोशाक र हेड्रेसमा एक महिला - स्टक। यो चुबा / बखू हो, नेपालको शेर्पा समुदायको परम्परागत पोशाक। यो न्यानो लुगा लगाउने पोशाक लोसर जस्ता पर्वहरूमा हिमालय क्षेत्रमा लगाइन्छ।"
nepali_dresses_augmented/sherpa_dress_chuba_bakkhu/102_aug1.jpg,"A woman in traditional dress and headdres at the annual festival in the city center of santiago - stock. This is the Chuba / Bakkhu, the traditional attire of the Sherpa community of Nepal. This warm wrap-around dress is worn in the Himalayan region during festivals such as Lhosar.","सान्तियागोको शहरको केन्द्रमा वार्षिक महोत्सवमा परम्परागत पोशाक र हेड्रेसमा एक महिला - स्टक। यो चुबा / बखू हो, नेपालको शेर्पा समुदायको परम्परागत पोशाक। यो न्यानो लुगा लगाउने पोशाक लोसर जस्ता पर्वहरूमा हिमालय क्षेत्रमा लगाइन्छ।"
nepali_dresses_augmented/sherpa_dress_chuba_bakkhu/102_aug2.jpg,"A woman in traditional dress and headdres at the annual festival in the city center of santiago - stock. This is the Chuba / Bakkhu, the traditional attire of the Sherpa community of Nepal. This warm wrap-around dress is worn in the Himalayan region during festivals such as Lhosar.","सान्तियागोको शहरको केन्द्रमा वार्षिक महोत्सवमा परम्परागत पोशाक र हेड्रेसमा एक महिला - स्टक। यो चुबा / बखू हो, नेपालको शेर्पा समुदायको परम्परागत पोशाक। यो न्यानो लुगा लगाउने पोशाक लोसर जस्ता पर्वहरूमा हिमालय क्षेत्रमा लगाइन्छ।"
nepali_dresses_augmented/sherpa_dress_chuba_bakkhu/102_aug3.jpg,"A woman in traditional dress and headdres at the annual festival in the city center of santiago - stock. This is the Chuba / Bakkhu, the traditional attire of the Sherpa community of Nepal. This warm wrap-around dress is worn in the Himalayan region during festivals such as Lhosar.","सान्तियागोको शहरको केन्द्रमा वार्षिक महोत्सवमा परम्परागत पोशाक र हेड्रेसमा एक महिला - स्टक। यो चुबा / बखू हो, नेपालको शेर्पा समुदायको परम्परागत पोशाक। यो न्यानो लुगा लगाउने पोशाक लोसर जस्ता पर्वहरूमा हिमालय क्षेत्रमा लगाइन्छ।"
nepali_dresses_augmented/sherpa_dress_chuba_bakkhu/103.jpg,"Two women in the streets of kabul, afghanistan - stock image. This is the Chuba / Bakkhu, the traditional attire of the Sherpa community of Nepal. This warm wrap-around dress is worn in the Himalayan region during festivals such as Lhosar.","अफगानिस्तानको काबुलको सडकमा दुई महिला - स्टक छवि। यो Chuba / Bakkhu हो, नेपालको शेर्पा समुदायको परम्परागत पोशाक। यो न्यानो लुगा लगाउने पोशाक ल्होसर जस्ता पर्वहरूमा हिमालय क्षेत्रमा लगाइन्छ।"
nepali_dresses_augmented/sherpa_dress_chuba_bakkhu/103_aug1.jpg,"Two women in the streets of kabul, afghanistan - stock image. This is the Chuba / Bakkhu, the traditional attire of the Sherpa community of Nepal. This warm wrap-around dress is worn in the Himalayan region during festivals such as Lhosar.","अफगानिस्तानको काबुलको सडकमा दुई महिला - स्टक छवि। यो Chuba / Bakkhu हो, नेपालको शेर्पा समुदायको परम्परागत पोशाक। यो न्यानो लुगा लगाउने पोशाक ल्होसर जस्ता पर्वहरूमा हिमालय क्षेत्रमा लगाइन्छ।"
nepali_dresses_augmented/sherpa_dress_chuba_bakkhu/103_aug2.jpg,"Two women in the streets of kabul, afghanistan - stock image. This is the Chuba / Bakkhu, the traditional attire of the Sherpa community of Nepal. This warm wrap-around dress is worn in the Himalayan region during festivals such as Lhosar.","अफगानिस्तानको काबुलको सडकमा दुई महिला - स्टक छवि। यो Chuba / Bakkhu हो, नेपालको शेर्पा समुदायको परम्परागत पोशाक। यो न्यानो लुगा लगाउने पोशाक ल्होसर जस्ता पर्वहरूमा हिमालय क्षेत्रमा लगाइन्छ।"
nepali_dresses_augmented/sherpa_dress_chuba_bakkhu/103_aug3.jpg,"Two women in the streets of kabul, afghanistan - stock image. This is the Chuba / Bakkhu, the traditional attire of the Sherpa community of Nepal. This warm wrap-around dress is worn in the Himalayan region during festivals such as Lhosar.","अफगानिस्तानको काबुलको सडकमा दुई महिला - स्टक छवि। यो Chuba / Bakkhu हो, नेपालको शेर्पा समुदायको परम्परागत पोशाक। यो न्यानो लुगा लगाउने पोशाक ल्होसर जस्ता पर्वहरूमा हिमालय क्षेत्रमा लगाइन्छ।"
nepali_dresses_augmented/sherpa_dress_chuba_bakkhu/104.jpg,"An old man in the mountains of the andes, peru - stock image. This is the Chuba / Bakkhu, the traditional attire of the Sherpa community of Nepal. This warm wrap-around dress is worn in the Himalayan region during festivals such as Lhosar.","एन्ड्सको पहाडमा एक बुढा मानिस, पेरू - स्टक छवि। यो Chuba / Bakkhu हो, नेपालको शेर्पा समुदायको परम्परागत पोशाक। यो न्यानो लुगा लुगा लुगा जस्तै महोत्सवहरूमा हिमालय क्षेत्रमा लगाइन्छ।"
nepali_dresses_augmented/sherpa_dress_chuba_bakkhu/104_aug1.jpg,"An old man in the mountains of the andes, peru - stock image. This is the Chuba / Bakkhu, the traditional attire of the Sherpa community of Nepal. This warm wrap-around dress is worn in the Himalayan region during festivals such as Lhosar.","एन्ड्सको पहाडमा एक बुढा मानिस, पेरू - स्टक छवि। यो Chuba / Bakkhu हो, नेपालको शेर्पा समुदायको परम्परागत पोशाक। यो न्यानो लुगा लुगा लुगा जस्तै महोत्सवहरूमा हिमालय क्षेत्रमा लगाइन्छ।"
nepali_dresses_augmented/sherpa_dress_chuba_bakkhu/104_aug2.jpg,"An old man in the mountains of the andes, peru - stock image. This is the Chuba / Bakkhu, the traditional attire of the Sherpa community of Nepal. This warm wrap-around dress is worn in the Himalayan region during festivals such as Lhosar.","एन्ड्सको पहाडमा एक बुढा मानिस, पेरू - स्टक छवि। यो Chuba / Bakkhu हो, नेपालको शेर्पा समुदायको परम्परागत पोशाक। यो न्यानो लुगा लुगा लुगा जस्तै महोत्सवहरूमा हिमालय क्षेत्रमा लगाइन्छ।"
nepali_dresses_augmented/sherpa_dress_chuba_bakkhu/104_aug3.jpg,"An old man in the mountains of the andes, peru - stock image. This is the Chuba / Bakkhu, the traditional attire of the Sherpa community of Nepal. This warm wrap-around dress is worn in the Himalayan region during festivals such as Lhosar.","एन्ड्सको पहाडमा एक बुढा मानिस, पेरू - स्टक छवि। यो Chuba / Bakkhu हो, नेपालको शेर्पा समुदायको परम्परागत पोशाक। यो न्यानो लुगा लुगा लुगा जस्तै महोत्सवहरूमा हिमालय क्षेत्रमा लगाइन्छ।"
nepali_dresses_augmented/sherpa_dress_chuba_bakkhu/105.jpg,"A woman in traditional dress and headdres at the entrance to the old city of cuz, peru - stock photo. This is the Chuba / Bakkhu, the traditional attire of the Sherpa community of Nepal. This warm wrap-around dress is worn in the Himalayan region during festivals such as Lhosar.","पुरानो शहर कुज, पेरूको प्रवेशद्वारमा परम्परागत पोशाक र हेड्रेसमा महिला। यो Chuba / Bakkhu हो, नेपालको शेर्पा समुदायको परम्परागत पोशाक। यो न्यानो लुगा लगाउने पोशाक लोसर जस्ता चाडहरूमा हिमालय क्षेत्रमा लगाइन्छ।"
nepali_dresses_augmented/sherpa_dress_chuba_bakkhu/105_aug1.jpg,"A woman in traditional dress and headdres at the entrance to the old city of cuz, peru - stock photo. This is the Chuba / Bakkhu, the traditional attire of the Sherpa community of Nepal. This warm wrap-around dress is worn in the Himalayan region during festivals such as Lhosar.","पुरानो शहर कुज, पेरूको प्रवेशद्वारमा परम्परागत पोशाक र हेड्रेसमा महिला। यो Chuba / Bakkhu हो, नेपालको शेर्पा समुदायको परम्परागत पोशाक। यो न्यानो लुगा लगाउने पोशाक लोसर जस्ता चाडहरूमा हिमालय क्षेत्रमा लगाइन्छ।"
nepali_dresses_augmented/sherpa_dress_chuba_bakkhu/105_aug2.jpg,"A woman in traditional dress and headdres at the entrance to the old city of cuz, peru - stock photo. This is the Chuba / Bakkhu, the traditional attire of the Sherpa community of Nepal. This warm wrap-around dress is worn in the Himalayan region during festivals such as Lhosar.","पुरानो शहर कुज, पेरूको प्रवेशद्वारमा परम्परागत पोशाक र हेड्रेसमा महिला। यो Chuba / Bakkhu हो, नेपालको शेर्पा समुदायको परम्परागत पोशाक। यो न्यानो लुगा लगाउने पोशाक लोसर जस्ता चाडहरूमा हिमालय क्षेत्रमा लगाइन्छ।"
nepali_dresses_augmented/sherpa_dress_chuba_bakkhu/105_aug3.jpg,"A woman in traditional dress and headdres at the entrance to the old city of cuz, peru - stock photo. This is the Chuba / Bakkhu, the traditional attire of the Sherpa community of Nepal. This warm wrap-around dress is worn in the Himalayan region during festivals such as Lhosar.","पुरानो शहर कुज, पेरूको प्रवेशद्वारमा परम्परागत पोशाक र हेड्रेसमा महिला। यो Chuba / Bakkhu हो, नेपालको शेर्पा समुदायको परम्परागत पोशाक। यो न्यानो लुगा लगाउने पोशाक लोसर जस्ता चाडहरूमा हिमालय क्षेत्रमा लगाइन्छ।"
nepali_dresses_augmented/sherpa_dress_chuba_bakkhu/106.jpg,"A woman in traditional dress walking down the street - stock image. This is the Chuba / Bakkhu, the traditional attire of the Sherpa community of Nepal. This warm wrap-around dress is worn in the Himalayan region during festivals such as Lhosar.","परम्परागत पोशाकमा सडकमा हिँड्ने महिला - स्टक छवि। यो Chuba / Bakkhu हो, नेपालको शेर्पा समुदायको परम्परागत पोशाक। यो न्यानो लुगा लगाउने पोशाक ल्होसर जस्ता पर्वहरूमा हिमालय क्षेत्रमा लगाइन्छ।"
nepali_dresses_augmented/sherpa_dress_chuba_bakkhu/106_aug1.jpg,"A woman in traditional dress walking down the street - stock image. This is the Chuba / Bakkhu, the traditional attire of the Sherpa community of Nepal. This warm wrap-around dress is worn in the Himalayan region during festivals such as Lhosar.","परम्परागत पोशाकमा सडकमा हिँड्ने महिला - स्टक छवि। यो Chuba / Bakkhu हो, नेपालको शेर्पा समुदायको परम्परागत पोशाक। यो न्यानो लुगा लगाउने पोशाक ल्होसर जस्ता पर्वहरूमा हिमालय क्षेत्रमा लगाइन्छ।"
nepali_dresses_augmented/sherpa_dress_chuba_bakkhu/106_aug2.jpg,"A woman in traditional dress walking down the street - stock image. This is the Chuba / Bakkhu, the traditional attire of the Sherpa community of Nepal. This warm wrap-around dress is worn in the Himalayan region during festivals such as Lhosar.","परम्परागत पोशाकमा सडकमा हिँड्ने महिला - स्टक छवि। यो Chuba / Bakkhu हो, नेपालको शेर्पा समुदायको परम्परागत पोशाक। यो न्यानो लुगा लगाउने पोशाक ल्होसर जस्ता पर्वहरूमा हिमालय क्षेत्रमा लगाइन्छ।"
nepali_dresses_augmented/sherpa_dress_chuba_bakkhu/106_aug3.jpg,"A woman in traditional dress walking down the street - stock image. This is the Chuba / Bakkhu, the traditional attire of the Sherpa community of Nepal. This warm wrap-around dress is worn in the Himalayan region during festivals such as Lhosar.","परम्परागत पोशाकमा सडकमा हिँड्ने महिला - स्टक छवि। यो Chuba / Bakkhu हो, नेपालको शेर्पा समुदायको परम्परागत पोशाक। यो न्यानो लुगा लगाउने पोशाक ल्होसर जस्ता पर्वहरूमा हिमालय क्षेत्रमा लगाइन्छ।"
nepali_dresses_augmented/sherpa_dress_chuba_bakkhu/107.jpg,"Two women in traditional clothing walking down the street - stock image. This is the Chuba / Bakkhu, the traditional attire of the Sherpa community of Nepal. This warm wrap-around dress is worn in the Himalayan region during festivals such as Lhosar.","दुई महिला परम्परागत कपडामा सडकमा हिँडिरहेका छन् - स्टक छवि। यो Chuba / Bakkhu हो, नेपालको शेर्पा समुदायको परम्परागत पोशाक हो। यो न्यानो लुगा लुगा लुगा लगाउने लुगा लोसर जस्ता पर्वहरूमा हिमालय क्षेत्रमा लगाइन्छ।"
nepali_dresses_augmented/sherpa_dress_chuba_bakkhu/107_aug1.jpg,"Two women in traditional clothing walking down the street - stock image. This is the Chuba / Bakkhu, the traditional attire of the Sherpa community of Nepal. This warm wrap-around dress is worn in the Himalayan region during festivals such as Lhosar.","दुई महिला परम्परागत कपडामा सडकमा हिँडिरहेका छन् - स्टक छवि। यो Chuba / Bakkhu हो, नेपालको शेर्पा समुदायको परम्परागत पोशाक हो। यो न्यानो लुगा लुगा लुगा लगाउने लुगा लोसर जस्ता पर्वहरूमा हिमालय क्षेत्रमा लगाइन्छ।"
nepali_dresses_augmented/sherpa_dress_chuba_bakkhu/107_aug2.jpg,"Two women in traditional clothing walking down the street - stock image. This is the Chuba / Bakkhu, the traditional attire of the Sherpa community of Nepal. This warm wrap-around dress is worn in the Himalayan region during festivals such as Lhosar.","दुई महिला परम्परागत कपडामा सडकमा हिँडिरहेका छन् - स्टक छवि। यो Chuba / Bakkhu हो, नेपालको शेर्पा समुदायको परम्परागत पोशाक हो। यो न्यानो लुगा लुगा लुगा लगाउने लुगा लोसर जस्ता पर्वहरूमा हिमालय क्षेत्रमा लगाइन्छ।"
nepali_dresses_augmented/sherpa_dress_chuba_bakkhu/107_aug3.jpg,"Two women in traditional clothing walking down the street - stock image. This is the Chuba / Bakkhu, the traditional attire of the Sherpa community of Nepal. This warm wrap-around dress is worn in the Himalayan region during festivals such as Lhosar.","दुई महिला परम्परागत कपडामा सडकमा हिँडिरहेका छन् - स्टक छवि। यो Chuba / Bakkhu हो, नेपालको शेर्पा समुदायको परम्परागत पोशाक हो। यो न्यानो लुगा लुगा लुगा लगाउने लुगा लोसर जस्ता पर्वहरूमा हिमालय क्षेत्रमा लगाइन्छ।"
nepali_dresses_augmented/sherpa_dress_chuba_bakkhu/108.jpg,"A woman carrying her baby in the mountains of peru, peru - stock image. This is the Chuba / Bakkhu, the traditional attire of the Sherpa community of Nepal. This warm wrap-around dress is worn in the Himalayan region during festivals such as Lhosar.","पेरूको पहाडमा आफ्नो बच्चा बोक्दै एक महिला, पेरू - स्टक छवि। यो Chuba / Bakkhu हो, नेपालको शेर्पा समुदायको परम्परागत पोशाक। यो न्यानो लुगा लगाउने पोशाक हिमालय क्षेत्रमा लोसर जस्ता चाडहरूमा लगाइन्छ।"
nepali_dresses_augmented/sherpa_dress_chuba_bakkhu/108_aug1.jpg,"A woman carrying her baby in the mountains of peru, peru - stock image. This is the Chuba / Bakkhu, the traditional attire of the Sherpa community of Nepal. This warm wrap-around dress is worn in the Himalayan region during festivals such as Lhosar.","पेरूको पहाडमा आफ्नो बच्चा बोक्दै एक महिला, पेरू - स्टक छवि। यो Chuba / Bakkhu हो, नेपालको शेर्पा समुदायको परम्परागत पोशाक। यो न्यानो लुगा लगाउने पोशाक हिमालय क्षेत्रमा लोसर जस्ता चाडहरूमा लगाइन्छ।"
nepali_dresses_augmented/sherpa_dress_chuba_bakkhu/108_aug2.jpg,"A woman carrying her baby in the mountains of peru, peru - stock image. This is the Chuba / Bakkhu, the traditional attire of the Sherpa community of Nepal. This warm wrap-around dress is worn in the Himalayan region during festivals such as Lhosar.","पेरूको पहाडमा आफ्नो बच्चा बोक्दै एक महिला, पेरू - स्टक छवि। यो Chuba / Bakkhu हो, नेपालको शेर्पा समुदायको परम्परागत पोशाक। यो न्यानो लुगा लगाउने पोशाक हिमालय क्षेत्रमा लोसर जस्ता चाडहरूमा लगाइन्छ।"
nepali_dresses_augmented/sherpa_dress_chuba_bakkhu/108_aug3.jpg,"A woman carrying her baby in the mountains of peru, peru - stock image. This is the Chuba / Bakkhu, the traditional attire of the Sherpa community of Nepal. This warm wrap-around dress is worn in the Himalayan region during festivals such as Lhosar.","पेरूको पहाडमा आफ्नो बच्चा बोक्दै एक महिला, पेरू - स्टक छवि। यो Chuba / Bakkhu हो, नेपालको शेर्पा समुदायको परम्परागत पोशाक। यो न्यानो लुगा लगाउने पोशाक हिमालय क्षेत्रमा लोसर जस्ता चाडहरूमा लगाइन्छ।"
nepali_dresses_augmented/sherpa_dress_chuba_bakkhu/109.jpg,"Two women in front of a house in the old town of cuz, peru - stock photo. This is the Chuba / Bakkhu, the traditional attire of the Sherpa community of Nepal. This warm wrap-around dress is worn in the Himalayan region during festivals such as Lhosar.","दुई महिला पुरानो शहर कुज, पेरूमा एक घर अगाडि - स्टक फोटो। यो Chuba / Bakkhu हो, नेपालको शेर्पा समुदायको परम्परागत पोशाक। यो न्यानो लुगा लुगा लगाउने लुगा लोसर जस्ता चाडहरूमा हिमालय क्षेत्रमा लगाइन्छ।"
nepali_dresses_augmented/sherpa_dress_chuba_bakkhu/109_aug1.jpg,"Two women in front of a house in the old town of cuz, peru - stock photo. This is the Chuba / Bakkhu, the traditional attire of the Sherpa community of Nepal. This warm wrap-around dress is worn in the Himalayan region during festivals such as Lhosar.","दुई महिला पुरानो शहर कुज, पेरूमा एक घर अगाडि - स्टक फोटो। यो Chuba / Bakkhu हो, नेपालको शेर्पा समुदायको परम्परागत पोशाक। यो न्यानो लुगा लुगा लगाउने लुगा लोसर जस्ता चाडहरूमा हिमालय क्षेत्रमा लगाइन्छ।"
nepali_dresses_augmented/sherpa_dress_chuba_bakkhu/109_aug2.jpg,"Two women in front of a house in the old town of cuz, peru - stock photo. This is the Chuba / Bakkhu, the traditional attire of the Sherpa community of Nepal. This warm wrap-around dress is worn in the Himalayan region during festivals such as Lhosar.","दुई महिला पुरानो शहर कुज, पेरूमा एक घर अगाडि - स्टक फोटो। यो Chuba / Bakkhu हो, नेपालको शेर्पा समुदायको परम्परागत पोशाक। यो न्यानो लुगा लुगा लगाउने लुगा लोसर जस्ता चाडहरूमा हिमालय क्षेत्रमा लगाइन्छ।"
nepali_dresses_augmented/sherpa_dress_chuba_bakkhu/109_aug3.jpg,"Two women in front of a house in the old town of cuz, peru - stock photo. This is the Chuba / Bakkhu, the traditional attire of the Sherpa community of Nepal. This warm wrap-around dress is worn in the Himalayan region during festivals such as Lhosar.","दुई महिला पुरानो शहर कुज, पेरूमा एक घर अगाडि - स्टक फोटो। यो Chuba / Bakkhu हो, नेपालको शेर्पा समुदायको परम्परागत पोशाक। यो न्यानो लुगा लुगा लगाउने लुगा लोसर जस्ता चाडहरूमा हिमालय क्षेत्रमा लगाइन्छ।"
nepali_dresses_augmented/sherpa_dress_chuba_bakkhu/10_aug1.jpg,"A young boy in traditional clothing at a market. This is the Chuba / Bakkhu, the traditional attire of the Sherpa community of Nepal. This warm wrap-around dress is worn in the Himalayan region during festivals such as Lhosar.","एक युवा बजारमा परम्परागत कपडामा। यो Chuba / Bakkhu हो, नेपालको शेर्पा समुदायको परम्परागत पोशाक। यो न्यानो लुगा लुगा लगाउने लुगा लोसर जस्ता पर्वहरूमा हिमालय क्षेत्रमा लगाइन्छ।"
nepali_dresses_augmented/sherpa_dress_chuba_bakkhu/10_aug2.jpg,"A young boy in traditional clothing at a market. This is the Chuba / Bakkhu, the traditional attire of the Sherpa community of Nepal. This warm wrap-around dress is worn in the Himalayan region during festivals such as Lhosar.","एक युवा बजारमा परम्परागत कपडामा। यो Chuba / Bakkhu हो, नेपालको शेर्पा समुदायको परम्परागत पोशाक। यो न्यानो लुगा लुगा लगाउने लुगा लोसर जस्ता पर्वहरूमा हिमालय क्षेत्रमा लगाइन्छ।"
nepali_dresses_augmented/sherpa_dress_chuba_bakkhu/10_aug3.jpg,"A young boy in traditional clothing at a market. This is the Chuba / Bakkhu, the traditional attire of the Sherpa community of Nepal. This warm wrap-around dress is worn in the Himalayan region during festivals such as Lhosar.","एक युवा बजारमा परम्परागत कपडामा। यो Chuba / Bakkhu हो, नेपालको शेर्पा समुदायको परम्परागत पोशाक। यो न्यानो लुगा लुगा लगाउने लुगा लोसर जस्ता पर्वहरूमा हिमालय क्षेत्रमा लगाइन्छ।"
nepali_dresses_augmented/sherpa_dress_chuba_bakkhu/11.jpg,"A man in traditional costume holding a bell. This is the Chuba / Bakkhu, the traditional attire of the Sherpa community of Nepal. This warm wrap-around dress is worn in the Himalayan region during festivals such as Lhosar.",नेपालको शेर्पा समुदायको परम्परागत पोशाक चुबा/बखू हो । यो हिमालय क्षेत्रमा लोसर जस्ता चाडपर्वहरूमा यो न्यानो लुगा लगाइन्छ ।
nepali_dresses_augmented/sherpa_dress_chuba_bakkhu/110.jpg,"An old woman in the streets of kathmandu, nepal - stock image. This is the Chuba / Bakkhu, the traditional attire of the Sherpa community of Nepal. This warm wrap-around dress is worn in the Himalayan region during festivals such as Lhosar.","काठमाण्डौको सडकमा एक वृद्ध महिला, नेपाल - स्टक छवि। यो Chuba / Bakkhu हो, नेपालको शेर्पा समुदायको परम्परागत पोशाक। यो न्यानो लुगा लगाउने पोशाक ल्होसर जस्ता चाडहरूमा हिमालय क्षेत्रमा लगाइन्छ।"
nepali_dresses_augmented/sherpa_dress_chuba_bakkhu/110_aug1.jpg,"An old woman in the streets of kathmandu, nepal - stock image. This is the Chuba / Bakkhu, the traditional attire of the Sherpa community of Nepal. This warm wrap-around dress is worn in the Himalayan region during festivals such as Lhosar.","काठमाण्डौको सडकमा एक वृद्ध महिला, नेपाल - स्टक छवि। यो Chuba / Bakkhu हो, नेपालको शेर्पा समुदायको परम्परागत पोशाक। यो न्यानो लुगा लगाउने पोशाक ल्होसर जस्ता चाडहरूमा हिमालय क्षेत्रमा लगाइन्छ।"
nepali_dresses_augmented/sherpa_dress_chuba_bakkhu/110_aug2.jpg,"An old woman in the streets of kathmandu, nepal - stock image. This is the Chuba / Bakkhu, the traditional attire of the Sherpa community of Nepal. This warm wrap-around dress is worn in the Himalayan region during festivals such as Lhosar.","काठमाण्डौको सडकमा एक वृद्ध महिला, नेपाल - स्टक छवि। यो Chuba / Bakkhu हो, नेपालको शेर्पा समुदायको परम्परागत पोशाक। यो न्यानो लुगा लगाउने पोशाक ल्होसर जस्ता चाडहरूमा हिमालय क्षेत्रमा लगाइन्छ।"
nepali_dresses_augmented/sherpa_dress_chuba_bakkhu/110_aug3.jpg,"An old woman in the streets of kathmandu, nepal - stock image. This is the Chuba / Bakkhu, the traditional attire of the Sherpa community of Nepal. This warm wrap-around dress is worn in the Himalayan region during festivals such as Lhosar.","काठमाण्डौको सडकमा एक वृद्ध महिला, नेपाल - स्टक छवि। यो Chuba / Bakkhu हो, नेपालको शेर्पा समुदायको परम्परागत पोशाक। यो न्यानो लुगा लगाउने पोशाक ल्होसर जस्ता चाडहरूमा हिमालय क्षेत्रमा लगाइन्छ।"
nepali_dresses_augmented/sherpa_dress_chuba_bakkhu/111.jpg,"A woman in traditional tibetan clothing, bhutan, asia - stock image. This is the Chuba / Bakkhu, the traditional attire of the Sherpa community of Nepal. This warm wrap-around dress is worn in the Himalayan region during festivals such as Lhosar.","एक महिला परम्परागत तिब्बती कपडामा, भुटान, एशिया - स्टक छवि। यो Chuba / Bakkhu हो, नेपालको शेर्पा समुदायको परम्परागत पोशाक। यो न्यानो लुगा लगाउने लुगा हिमालय क्षेत्रमा लोसर जस्ता चाडहरूमा लगाइन्छ।"
nepali_dresses_augmented/sherpa_dress_chuba_bakkhu/111_aug1.jpg,"A woman in traditional tibetan clothing, bhutan, asia - stock image. This is the Chuba / Bakkhu, the traditional attire of the Sherpa community of Nepal. This warm wrap-around dress is worn in the Himalayan region during festivals such as Lhosar.","एक महिला परम्परागत तिब्बती कपडामा, भुटान, एशिया - स्टक छवि। यो Chuba / Bakkhu हो, नेपालको शेर्पा समुदायको परम्परागत पोशाक। यो न्यानो लुगा लगाउने लुगा हिमालय क्षेत्रमा लोसर जस्ता चाडहरूमा लगाइन्छ।"
nepali_dresses_augmented/sherpa_dress_chuba_bakkhu/111_aug2.jpg,"A woman in traditional tibetan clothing, bhutan, asia - stock image. This is the Chuba / Bakkhu, the traditional attire of the Sherpa community of Nepal. This warm wrap-around dress is worn in the Himalayan region during festivals such as Lhosar.","एक महिला परम्परागत तिब्बती कपडामा, भुटान, एशिया - स्टक छवि। यो Chuba / Bakkhu हो, नेपालको शेर्पा समुदायको परम्परागत पोशाक। यो न्यानो लुगा लगाउने लुगा हिमालय क्षेत्रमा लोसर जस्ता चाडहरूमा लगाइन्छ।"
nepali_dresses_augmented/sherpa_dress_chuba_bakkhu/111_aug3.jpg,"A woman in traditional tibetan clothing, bhutan, asia - stock image. This is the Chuba / Bakkhu, the traditional attire of the Sherpa community of Nepal. This warm wrap-around dress is worn in the Himalayan region during festivals such as Lhosar.","एक महिला परम्परागत तिब्बती कपडामा, भुटान, एशिया - स्टक छवि। यो Chuba / Bakkhu हो, नेपालको शेर्पा समुदायको परम्परागत पोशाक। यो न्यानो लुगा लगाउने लुगा हिमालय क्षेत्रमा लोसर जस्ता चाडहरूमा लगाइन्छ।"
nepali_dresses_augmented/sherpa_dress_chuba_bakkhu/112.jpg,"A woman in traditional clothing and headdres on the streets of cuz, peru - stock photo. This is the Chuba / Bakkhu, the traditional attire of the Sherpa community of Nepal. This warm wrap-around dress is worn in the Himalayan region during festivals such as Lhosar.",नेपालको शेर्पा समुदायको परम्परागत पोशाक चुबा / बक्खू हो। यो न्यानो लुगा लुगा लुगा लुगा लुगा लुगा लुगा लुगा लुगा लुगा लुगा लुगा लुगा लुगा लुगा लुगा लुगा लुगा लुगा लुगा लुगा लुगा लुगा लुगा लुगा लुगा लुगा लुगा लुगा लुगा लुगा लुगा लुगा लुगा लुगा लुगा लुगा लुगा लुगा लुगा लुगा लुगा लुगा लुगा लुगा लुगा लुगा लुगा लुगा लुगा लुगा लुगा लुगा लुगा लुगा लुगा लुगा लुगा लुगा लुगा लुगा लुगा लुगा लुगा लुगा लुगा लुगा लुगा लुगा लुगा लुगा लुगा लुगा लुगा लुगा लुगा लुगा लुगा लुगा लुगा लुगा लुगा लुगा लुगा लुगा लुगा लुगा लुगा लुगा लुगा लुगा लुगा लुगा लुगा लुगा लुगा लुगा
nepali_dresses_augmented/sherpa_dress_chuba_bakkhu/112_aug1.jpg,"A woman in traditional clothing and headdres on the streets of cuz, peru - stock photo. This is the Chuba / Bakkhu, the traditional attire of the Sherpa community of Nepal. This warm wrap-around dress is worn in the Himalayan region during festivals such as Lhosar.",नेपालको शेर्पा समुदायको परम्परागत पोशाक चुबा / बक्खू हो। यो न्यानो लुगा लुगा लुगा लुगा लुगा लुगा लुगा लुगा लुगा लुगा लुगा लुगा लुगा लुगा लुगा लुगा लुगा लुगा लुगा लुगा लुगा लुगा लुगा लुगा लुगा लुगा लुगा लुगा लुगा लुगा लुगा लुगा लुगा लुगा लुगा लुगा लुगा लुगा लुगा लुगा लुगा लुगा लुगा लुगा लुगा लुगा लुगा लुगा लुगा लुगा लुगा लुगा लुगा लुगा लुगा लुगा लुगा लुगा लुगा लुगा लुगा लुगा लुगा लुगा लुगा लुगा लुगा लुगा लुगा लुगा लुगा लुगा लुगा लुगा लुगा लुगा लुगा लुगा लुगा लुगा लुगा लुगा लुगा लुगा लुगा लुगा लुगा लुगा लुगा लुगा लुगा लुगा लुगा लुगा लुगा लुगा लुगा
nepali_dresses_augmented/sherpa_dress_chuba_bakkhu/112_aug2.jpg,"A woman in traditional clothing and headdres on the streets of cuz, peru - stock photo. This is the Chuba / Bakkhu, the traditional attire of the Sherpa community of Nepal. This warm wrap-around dress is worn in the Himalayan region during festivals such as Lhosar.",नेपालको शेर्पा समुदायको परम्परागत पोशाक चुबा / बक्खू हो। यो न्यानो लुगा लुगा लुगा लुगा लुगा लुगा लुगा लुगा लुगा लुगा लुगा लुगा लुगा लुगा लुगा लुगा लुगा लुगा लुगा लुगा लुगा लुगा लुगा लुगा लुगा लुगा लुगा लुगा लुगा लुगा लुगा लुगा लुगा लुगा लुगा लुगा लुगा लुगा लुगा लुगा लुगा लुगा लुगा लुगा लुगा लुगा लुगा लुगा लुगा लुगा लुगा लुगा लुगा लुगा लुगा लुगा लुगा लुगा लुगा लुगा लुगा लुगा लुगा लुगा लुगा लुगा लुगा लुगा लुगा लुगा लुगा लुगा लुगा लुगा लुगा लुगा लुगा लुगा लुगा लुगा लुगा लुगा लुगा लुगा लुगा लुगा लुगा लुगा लुगा लुगा लुगा लुगा लुगा लुगा लुगा लुगा लुगा
nepali_dresses_augmented/sherpa_dress_chuba_bakkhu/112_aug3.jpg,"A woman in traditional clothing and headdres on the streets of cuz, peru - stock photo. This is the Chuba / Bakkhu, the traditional attire of the Sherpa community of Nepal. This warm wrap-around dress is worn in the Himalayan region during festivals such as Lhosar.",नेपालको शेर्पा समुदायको परम्परागत पोशाक चुबा / बक्खू हो। यो न्यानो लुगा लुगा लुगा लुगा लुगा लुगा लुगा लुगा लुगा लुगा लुगा लुगा लुगा लुगा लुगा लुगा लुगा लुगा लुगा लुगा लुगा लुगा लुगा लुगा लुगा लुगा लुगा लुगा लुगा लुगा लुगा लुगा लुगा लुगा लुगा लुगा लुगा लुगा लुगा लुगा लुगा लुगा लुगा लुगा लुगा लुगा लुगा लुगा लुगा लुगा लुगा लुगा लुगा लुगा लुगा लुगा लुगा लुगा लुगा लुगा लुगा लुगा लुगा लुगा लुगा लुगा लुगा लुगा लुगा लुगा लुगा लुगा लुगा लुगा लुगा लुगा लुगा लुगा लुगा लुगा लुगा लुगा लुगा लुगा लुगा लुगा लुगा लुगा लुगा लुगा लुगा लुगा लुगा लुगा लुगा लुगा लुगा
nepali_dresses_augmented/sherpa_dress_chuba_bakkhu/113.jpg,"A woman carrying a child on her back - stock image. This is the Chuba / Bakkhu, the traditional attire of the Sherpa community of Nepal. This warm wrap-around dress is worn in the Himalayan region during festivals such as Lhosar.","एक महिलाले आफ्नो पछाडि बच्चा बोकेको स्टक छवि। यो Chuba / Bakkhu हो, नेपालको शेर्पा समुदायको परम्परागत पोशाक हो। यो न्यानो वेप-अराउन्ड पोशाक हिमालय क्षेत्रमा लोसार जस्ता चाडहरूमा लगाइन्छ।"
nepali_dresses_augmented/sherpa_dress_chuba_bakkhu/113_aug1.jpg,"A woman carrying a child on her back - stock image. This is the Chuba / Bakkhu, the traditional attire of the Sherpa community of Nepal. This warm wrap-around dress is worn in the Himalayan region during festivals such as Lhosar.","एक महिलाले आफ्नो पछाडि बच्चा बोकेको स्टक छवि। यो Chuba / Bakkhu हो, नेपालको शेर्पा समुदायको परम्परागत पोशाक हो। यो न्यानो वेप-अराउन्ड पोशाक हिमालय क्षेत्रमा लोसार जस्ता चाडहरूमा लगाइन्छ।"
nepali_dresses_augmented/sherpa_dress_chuba_bakkhu/113_aug2.jpg,"A woman carrying a child on her back - stock image. This is the Chuba / Bakkhu, the traditional attire of the Sherpa community of Nepal. This warm wrap-around dress is worn in the Himalayan region during festivals such as Lhosar.","एक महिलाले आफ्नो पछाडि बच्चा बोकेको स्टक छवि। यो Chuba / Bakkhu हो, नेपालको शेर्पा समुदायको परम्परागत पोशाक हो। यो न्यानो वेप-अराउन्ड पोशाक हिमालय क्षेत्रमा लोसार जस्ता चाडहरूमा लगाइन्छ।"
nepali_dresses_augmented/sherpa_dress_chuba_bakkhu/113_aug3.jpg,"A woman carrying a child on her back - stock image. This is the Chuba / Bakkhu, the traditional attire of the Sherpa community of Nepal. This warm wrap-around dress is worn in the Himalayan region during festivals such as Lhosar.","एक महिलाले आफ्नो पछाडि बच्चा बोकेको स्टक छवि। यो Chuba / Bakkhu हो, नेपालको शेर्पा समुदायको परम्परागत पोशाक हो। यो न्यानो वेप-अराउन्ड पोशाक हिमालय क्षेत्रमा लोसार जस्ता चाडहरूमा लगाइन्छ।"
nepali_dresses_augmented/sherpa_dress_chuba_bakkhu/114.jpg,"A woman in traditional dress walking down the street. This is the Chuba / Bakkhu, the traditional attire of the Sherpa community of Nepal. This warm wrap-around dress is worn in the Himalayan region during festivals such as Lhosar.","एक महिला परम्परागत पोशाकमा सडकमा हिंड्छिन्। यो Chuba / Bakkhu हो, नेपालको शेर्पा समुदायको परम्परागत पोशाक हो। यो न्यानो लुगा लगाउने पोशाक हिमालय क्षेत्रमा लोसार जस्ता चाडहरूमा लगाइन्छ।"
nepali_dresses_augmented/sherpa_dress_chuba_bakkhu/114_aug1.jpg,"A woman in traditional dress walking down the street. This is the Chuba / Bakkhu, the traditional attire of the Sherpa community of Nepal. This warm wrap-around dress is worn in the Himalayan region during festivals such as Lhosar.","एक महिला परम्परागत पोशाकमा सडकमा हिंड्छिन्। यो Chuba / Bakkhu हो, नेपालको शेर्पा समुदायको परम्परागत पोशाक हो। यो न्यानो लुगा लगाउने पोशाक हिमालय क्षेत्रमा लोसार जस्ता चाडहरूमा लगाइन्छ।"
nepali_dresses_augmented/sherpa_dress_chuba_bakkhu/114_aug2.jpg,"A woman in traditional dress walking down the street. This is the Chuba / Bakkhu, the traditional attire of the Sherpa community of Nepal. This warm wrap-around dress is worn in the Himalayan region during festivals such as Lhosar.","एक महिला परम्परागत पोशाकमा सडकमा हिंड्छिन्। यो Chuba / Bakkhu हो, नेपालको शेर्पा समुदायको परम्परागत पोशाक हो। यो न्यानो लुगा लगाउने पोशाक हिमालय क्षेत्रमा लोसार जस्ता चाडहरूमा लगाइन्छ।"
nepali_dresses_augmented/sherpa_dress_chuba_bakkhu/114_aug3.jpg,"A woman in traditional dress walking down the street. This is the Chuba / Bakkhu, the traditional attire of the Sherpa community of Nepal. This warm wrap-around dress is worn in the Himalayan region during festivals such as Lhosar.","एक महिला परम्परागत पोशाकमा सडकमा हिंड्छिन्। यो Chuba / Bakkhu हो, नेपालको शेर्पा समुदायको परम्परागत पोशाक हो। यो न्यानो लुगा लगाउने पोशाक हिमालय क्षेत्रमा लोसार जस्ता चाडहरूमा लगाइन्छ।"
nepali_dresses_augmented/sherpa_dress_chuba_bakkhu/115.jpg,"A young girl in traditional dress. This is the Chuba / Bakkhu, the traditional attire of the Sherpa community of Nepal. This warm wrap-around dress is worn in the Himalayan region during festivals such as Lhosar.","एक युवती परम्परागत पोशाकमा। यो Chuba / Bakkhu हो, नेपालको शेर्पा समुदायको परम्परागत पोशाक। यो न्यानो लुगा लुगा लुगा लुगा जस्तै महोत्सवहरूमा हिमालय क्षेत्रमा लगाइन्छ।"
nepali_dresses_augmented/sherpa_dress_chuba_bakkhu/115_aug1.jpg,"A young girl in traditional dress. This is the Chuba / Bakkhu, the traditional attire of the Sherpa community of Nepal. This warm wrap-around dress is worn in the Himalayan region during festivals such as Lhosar.","एक युवती परम्परागत पोशाकमा। यो Chuba / Bakkhu हो, नेपालको शेर्पा समुदायको परम्परागत पोशाक। यो न्यानो लुगा लुगा लुगा लुगा जस्तै महोत्सवहरूमा हिमालय क्षेत्रमा लगाइन्छ।"
nepali_dresses_augmented/sherpa_dress_chuba_bakkhu/115_aug2.jpg,"A young girl in traditional dress. This is the Chuba / Bakkhu, the traditional attire of the Sherpa community of Nepal. This warm wrap-around dress is worn in the Himalayan region during festivals such as Lhosar.","एक युवती परम्परागत पोशाकमा। यो Chuba / Bakkhu हो, नेपालको शेर्पा समुदायको परम्परागत पोशाक। यो न्यानो लुगा लुगा लुगा लुगा जस्तै महोत्सवहरूमा हिमालय क्षेत्रमा लगाइन्छ।"
nepali_dresses_augmented/sherpa_dress_chuba_bakkhu/115_aug3.jpg,"A young girl in traditional dress. This is the Chuba / Bakkhu, the traditional attire of the Sherpa community of Nepal. This warm wrap-around dress is worn in the Himalayan region during festivals such as Lhosar.","एक युवती परम्परागत पोशाकमा। यो Chuba / Bakkhu हो, नेपालको शेर्पा समुदायको परम्परागत पोशाक। यो न्यानो लुगा लुगा लुगा लुगा जस्तै महोत्सवहरूमा हिमालय क्षेत्रमा लगाइन्छ।"
nepali_dresses_augmented/sherpa_dress_chuba_bakkhu/116.jpg,"A group of people standing on top of a mountain. This is the Chuba / Bakkhu, the traditional attire of the Sherpa community of Nepal. This warm wrap-around dress is worn in the Himalayan region during festivals such as Lhosar.",नेपालको शेर्पा समुदायको परम्परागत पोशाक चुबा/बखू हो। यो न्यानो लुगा हिमालय क्षेत्रमा लोसर जस्ता पर्वहरूमा लगाइन्छ।
nepali_dresses_augmented/sherpa_dress_chuba_bakkhu/116_aug1.jpg,"A group of people standing on top of a mountain. This is the Chuba / Bakkhu, the traditional attire of the Sherpa community of Nepal. This warm wrap-around dress is worn in the Himalayan region during festivals such as Lhosar.",नेपालको शेर्पा समुदायको परम्परागत पोशाक चुबा/बखू हो। यो न्यानो लुगा हिमालय क्षेत्रमा लोसर जस्ता पर्वहरूमा लगाइन्छ।
nepali_dresses_augmented/sherpa_dress_chuba_bakkhu/116_aug2.jpg,"A group of people standing on top of a mountain. This is the Chuba / Bakkhu, the traditional attire of the Sherpa community of Nepal. This warm wrap-around dress is worn in the Himalayan region during festivals such as Lhosar.",नेपालको शेर्पा समुदायको परम्परागत पोशाक चुबा/बखू हो। यो न्यानो लुगा हिमालय क्षेत्रमा लोसर जस्ता पर्वहरूमा लगाइन्छ।
nepali_dresses_augmented/sherpa_dress_chuba_bakkhu/116_aug3.jpg,"A group of people standing on top of a mountain. This is the Chuba / Bakkhu, the traditional attire of the Sherpa community of Nepal. This warm wrap-around dress is worn in the Himalayan region during festivals such as Lhosar.",नेपालको शेर्पा समुदायको परम्परागत पोशाक चुबा/बखू हो। यो न्यानो लुगा हिमालय क्षेत्रमा लोसर जस्ता पर्वहरूमा लगाइन्छ।
nepali_dresses_augmented/sherpa_dress_chuba_bakkhu/117.jpg,"A group of women dressed in traditional chinese clothing. This is the Chuba / Bakkhu, the traditional attire of the Sherpa community of Nepal. This warm wrap-around dress is worn in the Himalayan region during festivals such as Lhosar.","एक समूह महिलाहरू परम्परागत चिनियाँ कपडामा लुगा लगाउँछन्। यो Chuba / Bakkhu हो, नेपालको शेर्पा समुदायको परम्परागत पोशाक हो। यो न्यानो वेप-अराउन्ड पोशाक हिमालय क्षेत्रमा लोसार जस्ता चाडहरूमा लगाइन्छ।"
nepali_dresses_augmented/sherpa_dress_chuba_bakkhu/117_aug1.jpg,"A group of women dressed in traditional chinese clothing. This is the Chuba / Bakkhu, the traditional attire of the Sherpa community of Nepal. This warm wrap-around dress is worn in the Himalayan region during festivals such as Lhosar.","एक समूह महिलाहरू परम्परागत चिनियाँ कपडामा लुगा लगाउँछन्। यो Chuba / Bakkhu हो, नेपालको शेर्पा समुदायको परम्परागत पोशाक हो। यो न्यानो वेप-अराउन्ड पोशाक हिमालय क्षेत्रमा लोसार जस्ता चाडहरूमा लगाइन्छ।"
nepali_dresses_augmented/sherpa_dress_chuba_bakkhu/117_aug2.jpg,"A group of women dressed in traditional chinese clothing. This is the Chuba / Bakkhu, the traditional attire of the Sherpa community of Nepal. This warm wrap-around dress is worn in the Himalayan region during festivals such as Lhosar.","एक समूह महिलाहरू परम्परागत चिनियाँ कपडामा लुगा लगाउँछन्। यो Chuba / Bakkhu हो, नेपालको शेर्पा समुदायको परम्परागत पोशाक हो। यो न्यानो वेप-अराउन्ड पोशाक हिमालय क्षेत्रमा लोसार जस्ता चाडहरूमा लगाइन्छ।"
nepali_dresses_augmented/sherpa_dress_chuba_bakkhu/117_aug3.jpg,"A group of women dressed in traditional chinese clothing. This is the Chuba / Bakkhu, the traditional attire of the Sherpa community of Nepal. This warm wrap-around dress is worn in the Himalayan region during festivals such as Lhosar.","एक समूह महिलाहरू परम्परागत चिनियाँ कपडामा लुगा लगाउँछन्। यो Chuba / Bakkhu हो, नेपालको शेर्पा समुदायको परम्परागत पोशाक हो। यो न्यानो वेप-अराउन्ड पोशाक हिमालय क्षेत्रमा लोसार जस्ता चाडहरूमा लगाइन्छ।"
nepali_dresses_augmented/sherpa_dress_chuba_bakkhu/118.jpg,"A woman standing in front of a closet full of clothes. This is the Chuba / Bakkhu, the traditional attire of the Sherpa community of Nepal. This warm wrap-around dress is worn in the Himalayan region during festivals such as Lhosar.","एक महिला कपडाले भरिएको दराजको अगाडि उभिएकी छिन्। यो Chuba / Bakkhu हो, नेपालको शेर्पा समुदायको परम्परागत पोशाक हो। यो न्यानो वेप-अराउन्ड पोशाक ल्होसर जस्ता पर्वहरूमा हिमालय क्षेत्रमा लगाइन्छ।"
nepali_dresses_augmented/sherpa_dress_chuba_bakkhu/118_aug1.jpg,"A woman standing in front of a closet full of clothes. This is the Chuba / Bakkhu, the traditional attire of the Sherpa community of Nepal. This warm wrap-around dress is worn in the Himalayan region during festivals such as Lhosar.","एक महिला कपडाले भरिएको दराजको अगाडि उभिएकी छिन्। यो Chuba / Bakkhu हो, नेपालको शेर्पा समुदायको परम्परागत पोशाक हो। यो न्यानो वेप-अराउन्ड पोशाक ल्होसर जस्ता पर्वहरूमा हिमालय क्षेत्रमा लगाइन्छ।"
nepali_dresses_augmented/sherpa_dress_chuba_bakkhu/118_aug2.jpg,"A woman standing in front of a closet full of clothes. This is the Chuba / Bakkhu, the traditional attire of the Sherpa community of Nepal. This warm wrap-around dress is worn in the Himalayan region during festivals such as Lhosar.","एक महिला कपडाले भरिएको दराजको अगाडि उभिएकी छिन्। यो Chuba / Bakkhu हो, नेपालको शेर्पा समुदायको परम्परागत पोशाक हो। यो न्यानो वेप-अराउन्ड पोशाक ल्होसर जस्ता पर्वहरूमा हिमालय क्षेत्रमा लगाइन्छ।"
nepali_dresses_augmented/sherpa_dress_chuba_bakkhu/118_aug3.jpg,"A woman standing in front of a closet full of clothes. This is the Chuba / Bakkhu, the traditional attire of the Sherpa community of Nepal. This warm wrap-around dress is worn in the Himalayan region during festivals such as Lhosar.","एक महिला कपडाले भरिएको दराजको अगाडि उभिएकी छिन्। यो Chuba / Bakkhu हो, नेपालको शेर्पा समुदायको परम्परागत पोशाक हो। यो न्यानो वेप-अराउन्ड पोशाक ल्होसर जस्ता पर्वहरूमा हिमालय क्षेत्रमा लगाइन्छ।"
nepali_dresses_augmented/sherpa_dress_chuba_bakkhu/119.jpg,"A woman standing in the doorway of her house. This is the Chuba / Bakkhu, the traditional attire of the Sherpa community of Nepal. This warm wrap-around dress is worn in the Himalayan region during festivals such as Lhosar.","एक महिला आफ्नो घरको ढोकामा उभिएकी छिन्। यो Chuba / Bakkhu हो, नेपालको शेर्पा समुदायको परम्परागत पोशाक हो। यो न्यानो लुगा लुगा लुगा लुगा जस्तै महोत्सवहरूमा हिमालय क्षेत्रमा लगाइन्छ।"
nepali_dresses_augmented/sherpa_dress_chuba_bakkhu/119_aug1.jpg,"A woman standing in the doorway of her house. This is the Chuba / Bakkhu, the traditional attire of the Sherpa community of Nepal. This warm wrap-around dress is worn in the Himalayan region during festivals such as Lhosar.","एक महिला आफ्नो घरको ढोकामा उभिएकी छिन्। यो Chuba / Bakkhu हो, नेपालको शेर्पा समुदायको परम्परागत पोशाक हो। यो न्यानो लुगा लुगा लुगा लुगा जस्तै महोत्सवहरूमा हिमालय क्षेत्रमा लगाइन्छ।"
nepali_dresses_augmented/sherpa_dress_chuba_bakkhu/119_aug2.jpg,"A woman standing in the doorway of her house. This is the Chuba / Bakkhu, the traditional attire of the Sherpa community of Nepal. This warm wrap-around dress is worn in the Himalayan region during festivals such as Lhosar.","एक महिला आफ्नो घरको ढोकामा उभिएकी छिन्। यो Chuba / Bakkhu हो, नेपालको शेर्पा समुदायको परम्परागत पोशाक हो। यो न्यानो लुगा लुगा लुगा लुगा जस्तै महोत्सवहरूमा हिमालय क्षेत्रमा लगाइन्छ।"
nepali_dresses_augmented/sherpa_dress_chuba_bakkhu/119_aug3.jpg,"A woman standing in the doorway of her house. This is the Chuba / Bakkhu, the traditional attire of the Sherpa community of Nepal. This warm wrap-around dress is worn in the Himalayan region during festivals such as Lhosar.","एक महिला आफ्नो घरको ढोकामा उभिएकी छिन्। यो Chuba / Bakkhu हो, नेपालको शेर्पा समुदायको परम्परागत पोशाक हो। यो न्यानो लुगा लुगा लुगा लुगा जस्तै महोत्सवहरूमा हिमालय क्षेत्रमा लगाइन्छ।"
nepali_dresses_augmented/sherpa_dress_chuba_bakkhu/11_aug1.jpg,"A man in traditional costume holding a bell. This is the Chuba / Bakkhu, the traditional attire of the Sherpa community of Nepal. This warm wrap-around dress is worn in the Himalayan region during festivals such as Lhosar.",नेपालको शेर्पा समुदायको परम्परागत पोशाक चुबा/बखू हो । यो हिमालय क्षेत्रमा लोसर जस्ता चाडपर्वहरूमा यो न्यानो लुगा लगाइन्छ ।
nepali_dresses_augmented/sherpa_dress_chuba_bakkhu/11_aug2.jpg,"A man in traditional costume holding a bell. This is the Chuba / Bakkhu, the traditional attire of the Sherpa community of Nepal. This warm wrap-around dress is worn in the Himalayan region during festivals such as Lhosar.",नेपालको शेर्पा समुदायको परम्परागत पोशाक चुबा/बखू हो । यो हिमालय क्षेत्रमा लोसर जस्ता चाडपर्वहरूमा यो न्यानो लुगा लगाइन्छ ।
nepali_dresses_augmented/sherpa_dress_chuba_bakkhu/11_aug3.jpg,"A man in traditional costume holding a bell. This is the Chuba / Bakkhu, the traditional attire of the Sherpa community of Nepal. This warm wrap-around dress is worn in the Himalayan region during festivals such as Lhosar.",नेपालको शेर्पा समुदायको परम्परागत पोशाक चुबा/बखू हो । यो हिमालय क्षेत्रमा लोसर जस्ता चाडपर्वहरूमा यो न्यानो लुगा लगाइन्छ ।
nepali_dresses_augmented/sherpa_dress_chuba_bakkhu/12.jpg,"A woman wearing a traditional costume. This is the Chuba / Bakkhu, the traditional attire of the Sherpa community of Nepal. This warm wrap-around dress is worn in the Himalayan region during festivals such as Lhosar.","एक महिलाले परम्परागत पोशाक लगाउँछिन्। यो चुबा / बखू हो, नेपालको शेर्पा समुदायको परम्परागत पोशाक। यो न्यानो लुगा लुगा लगाउने पोशाक हिमालय क्षेत्रमा लोसार जस्ता चाडहरूमा लगाइन्छ।"
nepali_dresses_augmented/sherpa_dress_chuba_bakkhu/120.jpg,"Two women in traditional clothing sitting on the ground - stock image. This is the Chuba / Bakkhu, the traditional attire of the Sherpa community of Nepal. This warm wrap-around dress is worn in the Himalayan region during festivals such as Lhosar.","दुई महिलाहरू परम्परागत कपडामा जमिनमा बसिरहेका छन् - स्टक छवि। यो Chuba / Bakkhu हो, नेपालको शेर्पा समुदायको परम्परागत पोशाक। यो न्यानो लुगा लुगा लगाउने लुगा लोसर जस्ता पर्वहरूमा हिमालय क्षेत्रमा लगाइन्छ।"
nepali_dresses_augmented/sherpa_dress_chuba_bakkhu/120_aug1.jpg,"Two women in traditional clothing sitting on the ground - stock image. This is the Chuba / Bakkhu, the traditional attire of the Sherpa community of Nepal. This warm wrap-around dress is worn in the Himalayan region during festivals such as Lhosar.","दुई महिलाहरू परम्परागत कपडामा जमिनमा बसिरहेका छन् - स्टक छवि। यो Chuba / Bakkhu हो, नेपालको शेर्पा समुदायको परम्परागत पोशाक। यो न्यानो लुगा लुगा लगाउने लुगा लोसर जस्ता पर्वहरूमा हिमालय क्षेत्रमा लगाइन्छ।"
nepali_dresses_augmented/sherpa_dress_chuba_bakkhu/120_aug2.jpg,"Two women in traditional clothing sitting on the ground - stock image. This is the Chuba / Bakkhu, the traditional attire of the Sherpa community of Nepal. This warm wrap-around dress is worn in the Himalayan region during festivals such as Lhosar.","दुई महिलाहरू परम्परागत कपडामा जमिनमा बसिरहेका छन् - स्टक छवि। यो Chuba / Bakkhu हो, नेपालको शेर्पा समुदायको परम्परागत पोशाक। यो न्यानो लुगा लुगा लगाउने लुगा लोसर जस्ता पर्वहरूमा हिमालय क्षेत्रमा लगाइन्छ।"
nepali_dresses_augmented/sherpa_dress_chuba_bakkhu/120_aug3.jpg,"Two women in traditional clothing sitting on the ground - stock image. This is the Chuba / Bakkhu, the traditional attire of the Sherpa community of Nepal. This warm wrap-around dress is worn in the Himalayan region during festivals such as Lhosar.","दुई महिलाहरू परम्परागत कपडामा जमिनमा बसिरहेका छन् - स्टक छवि। यो Chuba / Bakkhu हो, नेपालको शेर्पा समुदायको परम्परागत पोशाक। यो न्यानो लुगा लुगा लगाउने लुगा लोसर जस्ता पर्वहरूमा हिमालय क्षेत्रमा लगाइन्छ।"
nepali_dresses_augmented/sherpa_dress_chuba_bakkhu/121.jpg,"A group of women in traditional dress pose for a photo. This is the Chuba / Bakkhu, the traditional attire of the Sherpa community of Nepal. This warm wrap-around dress is worn in the Himalayan region during festivals such as Lhosar.",नेपालको शेर्पा समुदायको परम्परागत पोशाक चुबा/बखू हो । यो हिमालय क्षेत्रमा लोसर जस्ता चाडपर्वहरूमा यो न्यानो लुगा लगाइन्छ ।
nepali_dresses_augmented/sherpa_dress_chuba_bakkhu/121_aug1.jpg,"A group of women in traditional dress pose for a photo. This is the Chuba / Bakkhu, the traditional attire of the Sherpa community of Nepal. This warm wrap-around dress is worn in the Himalayan region during festivals such as Lhosar.",नेपालको शेर्पा समुदायको परम्परागत पोशाक चुबा/बखू हो । यो हिमालय क्षेत्रमा लोसर जस्ता चाडपर्वहरूमा यो न्यानो लुगा लगाइन्छ ।
nepali_dresses_augmented/sherpa_dress_chuba_bakkhu/121_aug2.jpg,"A group of women in traditional dress pose for a photo. This is the Chuba / Bakkhu, the traditional attire of the Sherpa community of Nepal. This warm wrap-around dress is worn in the Himalayan region during festivals such as Lhosar.",नेपालको शेर्पा समुदायको परम्परागत पोशाक चुबा/बखू हो । यो हिमालय क्षेत्रमा लोसर जस्ता चाडपर्वहरूमा यो न्यानो लुगा लगाइन्छ ।
nepali_dresses_augmented/sherpa_dress_chuba_bakkhu/121_aug3.jpg,"A group of women in traditional dress pose for a photo. This is the Chuba / Bakkhu, the traditional attire of the Sherpa community of Nepal. This warm wrap-around dress is worn in the Himalayan region during festivals such as Lhosar.",नेपालको शेर्पा समुदायको परम्परागत पोशाक चुबा/बखू हो । यो हिमालय क्षेत्रमा लोसर जस्ता चाडपर्वहरूमा यो न्यानो लुगा लगाइन्छ ।
nepali_dresses_augmented/sherpa_dress_chuba_bakkhu/122.jpg,"A group of women in traditional clothing. This is the Chuba / Bakkhu, the traditional attire of the Sherpa community of Nepal. This warm wrap-around dress is worn in the Himalayan region during festivals such as Lhosar.","परम्परागत कपडामा महिलाहरूको समूह। यो Chuba / Bakkhu हो, नेपालको शेर्पा समुदायको परम्परागत पोशाक। यो न्यानो लुगा लुगा लुगा लुगा लुगा जस्तै महोत्सवहरूमा हिमालय क्षेत्रमा लगाइन्छ।"
nepali_dresses_augmented/sherpa_dress_chuba_bakkhu/122_aug1.jpg,"A group of women in traditional clothing. This is the Chuba / Bakkhu, the traditional attire of the Sherpa community of Nepal. This warm wrap-around dress is worn in the Himalayan region during festivals such as Lhosar.","परम्परागत कपडामा महिलाहरूको समूह। यो Chuba / Bakkhu हो, नेपालको शेर्पा समुदायको परम्परागत पोशाक। यो न्यानो लुगा लुगा लुगा लुगा लुगा जस्तै महोत्सवहरूमा हिमालय क्षेत्रमा लगाइन्छ।"
nepali_dresses_augmented/sherpa_dress_chuba_bakkhu/122_aug2.jpg,"A group of women in traditional clothing. This is the Chuba / Bakkhu, the traditional attire of the Sherpa community of Nepal. This warm wrap-around dress is worn in the Himalayan region during festivals such as Lhosar.","परम्परागत कपडामा महिलाहरूको समूह। यो Chuba / Bakkhu हो, नेपालको शेर्पा समुदायको परम्परागत पोशाक। यो न्यानो लुगा लुगा लुगा लुगा लुगा जस्तै महोत्सवहरूमा हिमालय क्षेत्रमा लगाइन्छ।"
nepali_dresses_augmented/sherpa_dress_chuba_bakkhu/122_aug3.jpg,"A group of women in traditional clothing. This is the Chuba / Bakkhu, the traditional attire of the Sherpa community of Nepal. This warm wrap-around dress is worn in the Himalayan region during festivals such as Lhosar.","परम्परागत कपडामा महिलाहरूको समूह। यो Chuba / Bakkhu हो, नेपालको शेर्पा समुदायको परम्परागत पोशाक। यो न्यानो लुगा लुगा लुगा लुगा लुगा जस्तै महोत्सवहरूमा हिमालय क्षेत्रमा लगाइन्छ।"
nepali_dresses_augmented/sherpa_dress_chuba_bakkhu/123.jpg,"A group of young women in traditional costumes pose for the camera. This is the Chuba / Bakkhu, the traditional attire of the Sherpa community of Nepal. This warm wrap-around dress is worn in the Himalayan region during festivals such as Lhosar.",नेपालको शेर्पा समुदायको परम्परागत पोशाक चुबा/बखू हो । यो न्यानो लुगा हिमालय क्षेत्रमा लोसर जस्ता पर्वहरूमा लगाइन्छ ।
nepali_dresses_augmented/sherpa_dress_chuba_bakkhu/123_aug1.jpg,"A group of young women in traditional costumes pose for the camera. This is the Chuba / Bakkhu, the traditional attire of the Sherpa community of Nepal. This warm wrap-around dress is worn in the Himalayan region during festivals such as Lhosar.",नेपालको शेर्पा समुदायको परम्परागत पोशाक चुबा/बखू हो । यो न्यानो लुगा हिमालय क्षेत्रमा लोसर जस्ता पर्वहरूमा लगाइन्छ ।
nepali_dresses_augmented/sherpa_dress_chuba_bakkhu/123_aug2.jpg,"A group of young women in traditional costumes pose for the camera. This is the Chuba / Bakkhu, the traditional attire of the Sherpa community of Nepal. This warm wrap-around dress is worn in the Himalayan region during festivals such as Lhosar.",नेपालको शेर्पा समुदायको परम्परागत पोशाक चुबा/बखू हो । यो न्यानो लुगा हिमालय क्षेत्रमा लोसर जस्ता पर्वहरूमा लगाइन्छ ।
nepali_dresses_augmented/sherpa_dress_chuba_bakkhu/123_aug3.jpg,"A group of young women in traditional costumes pose for the camera. This is the Chuba / Bakkhu, the traditional attire of the Sherpa community of Nepal. This warm wrap-around dress is worn in the Himalayan region during festivals such as Lhosar.",नेपालको शेर्पा समुदायको परम्परागत पोशाक चुबा/बखू हो । यो न्यानो लुगा हिमालय क्षेत्रमा लोसर जस्ता पर्वहरूमा लगाइन्छ ।
nepali_dresses_augmented/sherpa_dress_chuba_bakkhu/124.jpg,"A woman in traditional dress and headdres at the festival. This is the Chuba / Bakkhu, the traditional attire of the Sherpa community of Nepal. This warm wrap-around dress is worn in the Himalayan region during festivals such as Lhosar.","महोत्सवमा परम्परागत पोशाक र हेड्रेसमा एक महिला। यो Chuba / Bakkhu हो, नेपालको शेर्पा समुदायको परम्परागत पोशाक हो। यो न्यानो वेप-अराउन्ड पोशाक लोसार जस्ता महोत्सवहरूमा हिमालय क्षेत्रमा लगाइन्छ।"
nepali_dresses_augmented/sherpa_dress_chuba_bakkhu/124_aug1.jpg,"A woman in traditional dress and headdres at the festival. This is the Chuba / Bakkhu, the traditional attire of the Sherpa community of Nepal. This warm wrap-around dress is worn in the Himalayan region during festivals such as Lhosar.","महोत्सवमा परम्परागत पोशाक र हेड्रेसमा एक महिला। यो Chuba / Bakkhu हो, नेपालको शेर्पा समुदायको परम्परागत पोशाक हो। यो न्यानो वेप-अराउन्ड पोशाक लोसार जस्ता महोत्सवहरूमा हिमालय क्षेत्रमा लगाइन्छ।"
nepali_dresses_augmented/sherpa_dress_chuba_bakkhu/124_aug2.jpg,"A woman in traditional dress and headdres at the festival. This is the Chuba / Bakkhu, the traditional attire of the Sherpa community of Nepal. This warm wrap-around dress is worn in the Himalayan region during festivals such as Lhosar.","महोत्सवमा परम्परागत पोशाक र हेड्रेसमा एक महिला। यो Chuba / Bakkhu हो, नेपालको शेर्पा समुदायको परम्परागत पोशाक हो। यो न्यानो वेप-अराउन्ड पोशाक लोसार जस्ता महोत्सवहरूमा हिमालय क्षेत्रमा लगाइन्छ।"
nepali_dresses_augmented/sherpa_dress_chuba_bakkhu/124_aug3.jpg,"A woman in traditional dress and headdres at the festival. This is the Chuba / Bakkhu, the traditional attire of the Sherpa community of Nepal. This warm wrap-around dress is worn in the Himalayan region during festivals such as Lhosar.","महोत्सवमा परम्परागत पोशाक र हेड्रेसमा एक महिला। यो Chuba / Bakkhu हो, नेपालको शेर्पा समुदायको परम्परागत पोशाक हो। यो न्यानो वेप-अराउन्ड पोशाक लोसार जस्ता महोत्सवहरूमा हिमालय क्षेत्रमा लगाइन्छ।"
nepali_dresses_augmented/sherpa_dress_chuba_bakkhu/12_aug1.jpg,"A woman wearing a traditional costume. This is the Chuba / Bakkhu, the traditional attire of the Sherpa community of Nepal. This warm wrap-around dress is worn in the Himalayan region during festivals such as Lhosar.","एक महिलाले परम्परागत पोशाक लगाउँछिन्। यो चुबा / बखू हो, नेपालको शेर्पा समुदायको परम्परागत पोशाक। यो न्यानो लुगा लुगा लगाउने पोशाक हिमालय क्षेत्रमा लोसार जस्ता चाडहरूमा लगाइन्छ।"
nepali_dresses_augmented/sherpa_dress_chuba_bakkhu/12_aug2.jpg,"A woman wearing a traditional costume. This is the Chuba / Bakkhu, the traditional attire of the Sherpa community of Nepal. This warm wrap-around dress is worn in the Himalayan region during festivals such as Lhosar.","एक महिलाले परम्परागत पोशाक लगाउँछिन्। यो चुबा / बखू हो, नेपालको शेर्पा समुदायको परम्परागत पोशाक। यो न्यानो लुगा लुगा लगाउने पोशाक हिमालय क्षेत्रमा लोसार जस्ता चाडहरूमा लगाइन्छ।"
nepali_dresses_augmented/sherpa_dress_chuba_bakkhu/12_aug3.jpg,"A woman wearing a traditional costume. This is the Chuba / Bakkhu, the traditional attire of the Sherpa community of Nepal. This warm wrap-around dress is worn in the Himalayan region during festivals such as Lhosar.","एक महिलाले परम्परागत पोशाक लगाउँछिन्। यो चुबा / बखू हो, नेपालको शेर्पा समुदायको परम्परागत पोशाक। यो न्यानो लुगा लुगा लगाउने पोशाक हिमालय क्षेत्रमा लोसार जस्ता चाडहरूमा लगाइन्छ।"
nepali_dresses_augmented/sherpa_dress_chuba_bakkhu/13.jpg,"Two young girls in traditional costumes. This is the Chuba / Bakkhu, the traditional attire of the Sherpa community of Nepal. This warm wrap-around dress is worn in the Himalayan region during festivals such as Lhosar.","दुई युवतीहरू परम्परागत पोशाकमा। यो Chuba / Bakkhu हो, नेपालको शेर्पा समुदायको परम्परागत पोशाक हो। यो न्यानो लुगा लुगा लगाउने लुगा लोसर जस्ता पर्वहरूमा हिमालय क्षेत्रमा लगाइन्छ।"
nepali_dresses_augmented/sherpa_dress_chuba_bakkhu/13_aug1.jpg,"Two young girls in traditional costumes. This is the Chuba / Bakkhu, the traditional attire of the Sherpa community of Nepal. This warm wrap-around dress is worn in the Himalayan region during festivals such as Lhosar.","दुई युवतीहरू परम्परागत पोशाकमा। यो Chuba / Bakkhu हो, नेपालको शेर्पा समुदायको परम्परागत पोशाक हो। यो न्यानो लुगा लुगा लगाउने लुगा लोसर जस्ता पर्वहरूमा हिमालय क्षेत्रमा लगाइन्छ।"
nepali_dresses_augmented/sherpa_dress_chuba_bakkhu/13_aug2.jpg,"Two young girls in traditional costumes. This is the Chuba / Bakkhu, the traditional attire of the Sherpa community of Nepal. This warm wrap-around dress is worn in the Himalayan region during festivals such as Lhosar.","दुई युवतीहरू परम्परागत पोशाकमा। यो Chuba / Bakkhu हो, नेपालको शेर्पा समुदायको परम्परागत पोशाक हो। यो न्यानो लुगा लुगा लगाउने लुगा लोसर जस्ता पर्वहरूमा हिमालय क्षेत्रमा लगाइन्छ।"
nepali_dresses_augmented/sherpa_dress_chuba_bakkhu/13_aug3.jpg,"Two young girls in traditional costumes. This is the Chuba / Bakkhu, the traditional attire of the Sherpa community of Nepal. This warm wrap-around dress is worn in the Himalayan region during festivals such as Lhosar.","दुई युवतीहरू परम्परागत पोशाकमा। यो Chuba / Bakkhu हो, नेपालको शेर्पा समुदायको परम्परागत पोशाक हो। यो न्यानो लुगा लुगा लगाउने लुगा लोसर जस्ता पर्वहरूमा हिमालय क्षेत्रमा लगाइन्छ।"
nepali_dresses_augmented/sherpa_dress_chuba_bakkhu/14.jpg,"A group of women in traditional dress at the festival - stock image. This is the Chuba / Bakkhu, the traditional attire of the Sherpa community of Nepal. This warm wrap-around dress is worn in the Himalayan region during festivals such as Lhosar.","महोत्सवमा परम्परागत पोशाकमा महिलाहरूको समूह - स्टक छवि। यो Chuba / Bakkhu हो, नेपालको शेर्पा समुदायको परम्परागत पोशाक। यो न्यानो लुगा लुगा लुगा लुगा जस्तै महोत्सवहरूमा हिमालय क्षेत्रमा लगाइन्छ।"
nepali_dresses_augmented/sherpa_dress_chuba_bakkhu/14_aug1.jpg,"A group of women in traditional dress at the festival - stock image. This is the Chuba / Bakkhu, the traditional attire of the Sherpa community of Nepal. This warm wrap-around dress is worn in the Himalayan region during festivals such as Lhosar.","महोत्सवमा परम्परागत पोशाकमा महिलाहरूको समूह - स्टक छवि। यो Chuba / Bakkhu हो, नेपालको शेर्पा समुदायको परम्परागत पोशाक। यो न्यानो लुगा लुगा लुगा लुगा जस्तै महोत्सवहरूमा हिमालय क्षेत्रमा लगाइन्छ।"
nepali_dresses_augmented/sherpa_dress_chuba_bakkhu/14_aug2.jpg,"A group of women in traditional dress at the festival - stock image. This is the Chuba / Bakkhu, the traditional attire of the Sherpa community of Nepal. This warm wrap-around dress is worn in the Himalayan region during festivals such as Lhosar.","महोत्सवमा परम्परागत पोशाकमा महिलाहरूको समूह - स्टक छवि। यो Chuba / Bakkhu हो, नेपालको शेर्पा समुदायको परम्परागत पोशाक। यो न्यानो लुगा लुगा लुगा लुगा जस्तै महोत्सवहरूमा हिमालय क्षेत्रमा लगाइन्छ।"
nepali_dresses_augmented/sherpa_dress_chuba_bakkhu/14_aug3.jpg,"A group of women in traditional dress at the festival - stock image. This is the Chuba / Bakkhu, the traditional attire of the Sherpa community of Nepal. This warm wrap-around dress is worn in the Himalayan region during festivals such as Lhosar.","महोत्सवमा परम्परागत पोशाकमा महिलाहरूको समूह - स्टक छवि। यो Chuba / Bakkhu हो, नेपालको शेर्पा समुदायको परम्परागत पोशाक। यो न्यानो लुगा लुगा लुगा लुगा जस्तै महोत्सवहरूमा हिमालय क्षेत्रमा लगाइन्छ।"
nepali_dresses_augmented/sherpa_dress_chuba_bakkhu/15.jpg,"A woman in traditional dress, bhutan, asia - stock image. This is the Chuba / Bakkhu, the traditional attire of the Sherpa community of Nepal. This warm wrap-around dress is worn in the Himalayan region during festivals such as Lhosar.","एक महिला परम्परागत पोशाकमा, भुटान, एशिया - स्टक छवि। यो Chuba / Bakkhu हो, नेपालको शेर्पा समुदायको परम्परागत पोशाक। यो न्यानो वेप-राउन्ड पोशाक ल्होसर जस्ता पर्वहरूमा हिमालय क्षेत्रमा लगाइन्छ।"
nepali_dresses_augmented/sherpa_dress_chuba_bakkhu/15_aug1.jpg,"A woman in traditional dress, bhutan, asia - stock image. This is the Chuba / Bakkhu, the traditional attire of the Sherpa community of Nepal. This warm wrap-around dress is worn in the Himalayan region during festivals such as Lhosar.","एक महिला परम्परागत पोशाकमा, भुटान, एशिया - स्टक छवि। यो Chuba / Bakkhu हो, नेपालको शेर्पा समुदायको परम्परागत पोशाक। यो न्यानो वेप-राउन्ड पोशाक ल्होसर जस्ता पर्वहरूमा हिमालय क्षेत्रमा लगाइन्छ।"
nepali_dresses_augmented/sherpa_dress_chuba_bakkhu/15_aug2.jpg,"A woman in traditional dress, bhutan, asia - stock image. This is the Chuba / Bakkhu, the traditional attire of the Sherpa community of Nepal. This warm wrap-around dress is worn in the Himalayan region during festivals such as Lhosar.","एक महिला परम्परागत पोशाकमा, भुटान, एशिया - स्टक छवि। यो Chuba / Bakkhu हो, नेपालको शेर्पा समुदायको परम्परागत पोशाक। यो न्यानो वेप-राउन्ड पोशाक ल्होसर जस्ता पर्वहरूमा हिमालय क्षेत्रमा लगाइन्छ।"
nepali_dresses_augmented/sherpa_dress_chuba_bakkhu/15_aug3.jpg,"A woman in traditional dress, bhutan, asia - stock image. This is the Chuba / Bakkhu, the traditional attire of the Sherpa community of Nepal. This warm wrap-around dress is worn in the Himalayan region during festivals such as Lhosar.","एक महिला परम्परागत पोशाकमा, भुटान, एशिया - स्टक छवि। यो Chuba / Bakkhu हो, नेपालको शेर्पा समुदायको परम्परागत पोशाक। यो न्यानो वेप-राउन्ड पोशाक ल्होसर जस्ता पर्वहरूमा हिमालय क्षेत्रमा लगाइन्छ।"
nepali_dresses_augmented/sherpa_dress_chuba_bakkhu/16.jpg,"A man and woman in traditional clothing. This is the Chuba / Bakkhu, the traditional attire of the Sherpa community of Nepal. This warm wrap-around dress is worn in the Himalayan region during festivals such as Lhosar.","परम्परागत कपडामा एक पुरुष र एक महिला। यो Chuba / Bakkhu हो, नेपालको शेर्पा समुदायको परम्परागत पोशाक। यो न्यानो लुगा लुगा लुगाहरू जस्तै लोसर जस्ता पर्वहरूमा हिमालय क्षेत्रमा लगाइन्छ।"
nepali_dresses_augmented/sherpa_dress_chuba_bakkhu/16_aug1.jpg,"A man and woman in traditional clothing. This is the Chuba / Bakkhu, the traditional attire of the Sherpa community of Nepal. This warm wrap-around dress is worn in the Himalayan region during festivals such as Lhosar.","परम्परागत कपडामा एक पुरुष र एक महिला। यो Chuba / Bakkhu हो, नेपालको शेर्पा समुदायको परम्परागत पोशाक। यो न्यानो लुगा लुगा लुगाहरू जस्तै लोसर जस्ता पर्वहरूमा हिमालय क्षेत्रमा लगाइन्छ।"
nepali_dresses_augmented/sherpa_dress_chuba_bakkhu/16_aug2.jpg,"A man and woman in traditional clothing. This is the Chuba / Bakkhu, the traditional attire of the Sherpa community of Nepal. This warm wrap-around dress is worn in the Himalayan region during festivals such as Lhosar.","परम्परागत कपडामा एक पुरुष र एक महिला। यो Chuba / Bakkhu हो, नेपालको शेर्पा समुदायको परम्परागत पोशाक। यो न्यानो लुगा लुगा लुगाहरू जस्तै लोसर जस्ता पर्वहरूमा हिमालय क्षेत्रमा लगाइन्छ।"
nepali_dresses_augmented/sherpa_dress_chuba_bakkhu/16_aug3.jpg,"A man and woman in traditional clothing. This is the Chuba / Bakkhu, the traditional attire of the Sherpa community of Nepal. This warm wrap-around dress is worn in the Himalayan region during festivals such as Lhosar.","परम्परागत कपडामा एक पुरुष र एक महिला। यो Chuba / Bakkhu हो, नेपालको शेर्पा समुदायको परम्परागत पोशाक। यो न्यानो लुगा लुगा लुगाहरू जस्तै लोसर जस्ता पर्वहरूमा हिमालय क्षेत्रमा लगाइन्छ।"
nepali_dresses_augmented/sherpa_dress_chuba_bakkhu/17.jpg,"A woman in traditional dress walking down the street. This is the Chuba / Bakkhu, the traditional attire of the Sherpa community of Nepal. This warm wrap-around dress is worn in the Himalayan region during festivals such as Lhosar.","एक महिला परम्परागत पोशाकमा सडकमा हिंड्छिन्। यो Chuba / Bakkhu हो, नेपालको शेर्पा समुदायको परम्परागत पोशाक हो। यो न्यानो लुगा लगाउने पोशाक हिमालय क्षेत्रमा लोसार जस्ता चाडहरूमा लगाइन्छ।"
nepali_dresses_augmented/sherpa_dress_chuba_bakkhu/17_aug1.jpg,"A woman in traditional dress walking down the street. This is the Chuba / Bakkhu, the traditional attire of the Sherpa community of Nepal. This warm wrap-around dress is worn in the Himalayan region during festivals such as Lhosar.","एक महिला परम्परागत पोशाकमा सडकमा हिंड्छिन्। यो Chuba / Bakkhu हो, नेपालको शेर्पा समुदायको परम्परागत पोशाक हो। यो न्यानो लुगा लगाउने पोशाक हिमालय क्षेत्रमा लोसार जस्ता चाडहरूमा लगाइन्छ।"
nepali_dresses_augmented/sherpa_dress_chuba_bakkhu/17_aug2.jpg,"A woman in traditional dress walking down the street. This is the Chuba / Bakkhu, the traditional attire of the Sherpa community of Nepal. This warm wrap-around dress is worn in the Himalayan region during festivals such as Lhosar.","एक महिला परम्परागत पोशाकमा सडकमा हिंड्छिन्। यो Chuba / Bakkhu हो, नेपालको शेर्पा समुदायको परम्परागत पोशाक हो। यो न्यानो लुगा लगाउने पोशाक हिमालय क्षेत्रमा लोसार जस्ता चाडहरूमा लगाइन्छ।"
nepali_dresses_augmented/sherpa_dress_chuba_bakkhu/17_aug3.jpg,"A woman in traditional dress walking down the street. This is the Chuba / Bakkhu, the traditional attire of the Sherpa community of Nepal. This warm wrap-around dress is worn in the Himalayan region during festivals such as Lhosar.","एक महिला परम्परागत पोशाकमा सडकमा हिंड्छिन्। यो Chuba / Bakkhu हो, नेपालको शेर्पा समुदायको परम्परागत पोशाक हो। यो न्यानो लुगा लगाउने पोशाक हिमालय क्षेत्रमा लोसार जस्ता चाडहरूमा लगाइन्छ।"
nepali_dresses_augmented/sherpa_dress_chuba_bakkhu/18.jpg,"A group of people standing next to each other people. This is the Chuba / Bakkhu, the traditional attire of the Sherpa community of Nepal. This warm wrap-around dress is worn in the Himalayan region during festivals such as Lhosar.",नेपालको शेर्पा समुदायको परम्परागत पोशाक चुबा/बखू हो। यो न्यानो लुगा हिमालय क्षेत्रमा लोसर जस्ता पर्वहरूमा लगाइन्छ।
nepali_dresses_augmented/sherpa_dress_chuba_bakkhu/18_aug1.jpg,"A group of people standing next to each other people. This is the Chuba / Bakkhu, the traditional attire of the Sherpa community of Nepal. This warm wrap-around dress is worn in the Himalayan region during festivals such as Lhosar.",नेपालको शेर्पा समुदायको परम्परागत पोशाक चुबा/बखू हो। यो न्यानो लुगा हिमालय क्षेत्रमा लोसर जस्ता पर्वहरूमा लगाइन्छ।
nepali_dresses_augmented/sherpa_dress_chuba_bakkhu/18_aug2.jpg,"A group of people standing next to each other people. This is the Chuba / Bakkhu, the traditional attire of the Sherpa community of Nepal. This warm wrap-around dress is worn in the Himalayan region during festivals such as Lhosar.",नेपालको शेर्पा समुदायको परम्परागत पोशाक चुबा/बखू हो। यो न्यानो लुगा हिमालय क्षेत्रमा लोसर जस्ता पर्वहरूमा लगाइन्छ।
nepali_dresses_augmented/sherpa_dress_chuba_bakkhu/18_aug3.jpg,"A group of people standing next to each other people. This is the Chuba / Bakkhu, the traditional attire of the Sherpa community of Nepal. This warm wrap-around dress is worn in the Himalayan region during festivals such as Lhosar.",नेपालको शेर्पा समुदायको परम्परागत पोशाक चुबा/बखू हो। यो न्यानो लुगा हिमालय क्षेत्रमा लोसर जस्ता पर्वहरूमा लगाइन्छ।
nepali_dresses_augmented/sherpa_dress_chuba_bakkhu/19.jpg,"A group of people standing in front of a sign. This is the Chuba / Bakkhu, the traditional attire of the Sherpa community of Nepal. This warm wrap-around dress is worn in the Himalayan region during festivals such as Lhosar.",नेपालको शेर्पा समुदायको परम्परागत पोशाक चुबा/बखू हो। यो न्यानो लुगा हिमालय क्षेत्रमा लोसर जस्ता पर्वहरूमा लगाइन्छ।
nepali_dresses_augmented/sherpa_dress_chuba_bakkhu/19_aug1.jpg,"A group of people standing in front of a sign. This is the Chuba / Bakkhu, the traditional attire of the Sherpa community of Nepal. This warm wrap-around dress is worn in the Himalayan region during festivals such as Lhosar.",नेपालको शेर्पा समुदायको परम्परागत पोशाक चुबा/बखू हो। यो न्यानो लुगा हिमालय क्षेत्रमा लोसर जस्ता पर्वहरूमा लगाइन्छ।
nepali_dresses_augmented/sherpa_dress_chuba_bakkhu/19_aug2.jpg,"A group of people standing in front of a sign. This is the Chuba / Bakkhu, the traditional attire of the Sherpa community of Nepal. This warm wrap-around dress is worn in the Himalayan region during festivals such as Lhosar.",नेपालको शेर्पा समुदायको परम्परागत पोशाक चुबा/बखू हो। यो न्यानो लुगा हिमालय क्षेत्रमा लोसर जस्ता पर्वहरूमा लगाइन्छ।
nepali_dresses_augmented/sherpa_dress_chuba_bakkhu/19_aug3.jpg,"A group of people standing in front of a sign. This is the Chuba / Bakkhu, the traditional attire of the Sherpa community of Nepal. This warm wrap-around dress is worn in the Himalayan region during festivals such as Lhosar.",नेपालको शेर्पा समुदायको परम्परागत पोशाक चुबा/बखू हो। यो न्यानो लुगा हिमालय क्षेत्रमा लोसर जस्ता पर्वहरूमा लगाइन्छ।
nepali_dresses_augmented/sherpa_dress_chuba_bakkhu/1_aug1.jpg,"A couple dressed in traditional korean costumes. This is the Chuba / Bakkhu, the traditional attire of the Sherpa community of Nepal. This warm wrap-around dress is worn in the Himalayan region during festivals such as Lhosar.","एक जोडीले परम्परागत कोरियाली पोशाकमा लुगा लगाएका छन्। यो Chuba / Bakkhu हो, नेपालको शेर्पा समुदायको परम्परागत पोशाक हो। यो न्यानो लुगा लुगा लगाउने लुगा हिमालय क्षेत्रमा लोसार जस्ता चाडहरूमा लगाइन्छ।"
nepali_dresses_augmented/sherpa_dress_chuba_bakkhu/1_aug2.jpg,"A couple dressed in traditional korean costumes. This is the Chuba / Bakkhu, the traditional attire of the Sherpa community of Nepal. This warm wrap-around dress is worn in the Himalayan region during festivals such as Lhosar.","एक जोडीले परम्परागत कोरियाली पोशाकमा लुगा लगाएका छन्। यो Chuba / Bakkhu हो, नेपालको शेर्पा समुदायको परम्परागत पोशाक हो। यो न्यानो लुगा लुगा लगाउने लुगा हिमालय क्षेत्रमा लोसार जस्ता चाडहरूमा लगाइन्छ।"
nepali_dresses_augmented/sherpa_dress_chuba_bakkhu/1_aug3.jpg,"A couple dressed in traditional korean costumes. This is the Chuba / Bakkhu, the traditional attire of the Sherpa community of Nepal. This warm wrap-around dress is worn in the Himalayan region during festivals such as Lhosar.","एक जोडीले परम्परागत कोरियाली पोशाकमा लुगा लगाएका छन्। यो Chuba / Bakkhu हो, नेपालको शेर्पा समुदायको परम्परागत पोशाक हो। यो न्यानो लुगा लुगा लगाउने लुगा हिमालय क्षेत्रमा लोसार जस्ता चाडहरूमा लगाइन्छ।"
nepali_dresses_augmented/sherpa_dress_chuba_bakkhu/1_aug4.jpg,"A couple dressed in traditional korean costumes. This is the Chuba / Bakkhu, the traditional attire of the Sherpa community of Nepal. This warm wrap-around dress is worn in the Himalayan region during festivals such as Lhosar.","एक जोडीले परम्परागत कोरियाली पोशाकमा लुगा लगाएका छन्। यो Chuba / Bakkhu हो, नेपालको शेर्पा समुदायको परम्परागत पोशाक हो। यो न्यानो लुगा लुगा लगाउने लुगा हिमालय क्षेत्रमा लोसार जस्ता चाडहरूमा लगाइन्छ।"
nepali_dresses_augmented/sherpa_dress_chuba_bakkhu/2.jpg,"Two young girls in traditional dress pose for the camera. This is the Chuba / Bakkhu, the traditional attire of the Sherpa community of Nepal. This warm wrap-around dress is worn in the Himalayan region during festivals such as Lhosar.","दुई युवतीहरू परम्परागत पोशाकमा क्यामेराको लागि पोज गर्छन्। यो Chuba / Bakkhu हो, नेपालको शेर्पा समुदायको परम्परागत पोशाक। यो न्यानो लुगा लगाउने पोशाक ल्होसर जस्ता पर्वहरूमा हिमालय क्षेत्रमा लगाइन्छ।"
nepali_dresses_augmented/sherpa_dress_chuba_bakkhu/20.jpg,"A woman in a red dress standing next to another woman. This is the Chuba / Bakkhu, the traditional attire of the Sherpa community of Nepal. This warm wrap-around dress is worn in the Himalayan region during festivals such as Lhosar.","एक महिला एक रातो पोशाकमा अर्को महिलाको छेउमा उभिएकी छिन्। यो Chuba / Bakkhu हो, नेपालको शेर्पा समुदायको परम्परागत पोशाक हो। यो न्यानो लुगा लगाउने पोशाक हिमालय क्षेत्रमा लोसर जस्ता चाडहरूमा लगाइन्छ।"
nepali_dresses_augmented/sherpa_dress_chuba_bakkhu/20_aug1.jpg,"A woman in a red dress standing next to another woman. This is the Chuba / Bakkhu, the traditional attire of the Sherpa community of Nepal. This warm wrap-around dress is worn in the Himalayan region during festivals such as Lhosar.","एक महिला एक रातो पोशाकमा अर्को महिलाको छेउमा उभिएकी छिन्। यो Chuba / Bakkhu हो, नेपालको शेर्पा समुदायको परम्परागत पोशाक हो। यो न्यानो लुगा लगाउने पोशाक हिमालय क्षेत्रमा लोसर जस्ता चाडहरूमा लगाइन्छ।"
nepali_dresses_augmented/sherpa_dress_chuba_bakkhu/20_aug2.jpg,"A woman in a red dress standing next to another woman. This is the Chuba / Bakkhu, the traditional attire of the Sherpa community of Nepal. This warm wrap-around dress is worn in the Himalayan region during festivals such as Lhosar.","एक महिला एक रातो पोशाकमा अर्को महिलाको छेउमा उभिएकी छिन्। यो Chuba / Bakkhu हो, नेपालको शेर्पा समुदायको परम्परागत पोशाक हो। यो न्यानो लुगा लगाउने पोशाक हिमालय क्षेत्रमा लोसर जस्ता चाडहरूमा लगाइन्छ।"
nepali_dresses_augmented/sherpa_dress_chuba_bakkhu/20_aug3.jpg,"A woman in a red dress standing next to another woman. This is the Chuba / Bakkhu, the traditional attire of the Sherpa community of Nepal. This warm wrap-around dress is worn in the Himalayan region during festivals such as Lhosar.","एक महिला एक रातो पोशाकमा अर्को महिलाको छेउमा उभिएकी छिन्। यो Chuba / Bakkhu हो, नेपालको शेर्पा समुदायको परम्परागत पोशाक हो। यो न्यानो लुगा लगाउने पोशाक हिमालय क्षेत्रमा लोसर जस्ता चाडहरूमा लगाइन्छ।"
nepali_dresses_augmented/sherpa_dress_chuba_bakkhu/21.jpg,"A woman ' s dress with red and brown stripes. This is the Chuba / Bakkhu, the traditional attire of the Sherpa community of Nepal. This warm wrap-around dress is worn in the Himalayan region during festivals such as Lhosar.",नेपालको शेर्पा समुदायको परम्परागत पोशाक चुबा/बखू हो । यो हिमालय क्षेत्रमा लोसर जस्ता पर्वहरूमा पहिरिएको न्यानो लुगा हो ।
nepali_dresses_augmented/sherpa_dress_chuba_bakkhu/21_aug1.jpg,"A woman ' s dress with red and brown stripes. This is the Chuba / Bakkhu, the traditional attire of the Sherpa community of Nepal. This warm wrap-around dress is worn in the Himalayan region during festivals such as Lhosar.",नेपालको शेर्पा समुदायको परम्परागत पोशाक चुबा/बखू हो । यो हिमालय क्षेत्रमा लोसर जस्ता पर्वहरूमा पहिरिएको न्यानो लुगा हो ।
nepali_dresses_augmented/sherpa_dress_chuba_bakkhu/21_aug2.jpg,"A woman ' s dress with red and brown stripes. This is the Chuba / Bakkhu, the traditional attire of the Sherpa community of Nepal. This warm wrap-around dress is worn in the Himalayan region during festivals such as Lhosar.",नेपालको शेर्पा समुदायको परम्परागत पोशाक चुबा/बखू हो । यो हिमालय क्षेत्रमा लोसर जस्ता पर्वहरूमा पहिरिएको न्यानो लुगा हो ।
nepali_dresses_augmented/sherpa_dress_chuba_bakkhu/21_aug3.jpg,"A woman ' s dress with red and brown stripes. This is the Chuba / Bakkhu, the traditional attire of the Sherpa community of Nepal. This warm wrap-around dress is worn in the Himalayan region during festivals such as Lhosar.",नेपालको शेर्पा समुदायको परम्परागत पोशाक चुबा/बखू हो । यो हिमालय क्षेत्रमा लोसर जस्ता पर्वहरूमा पहिरिएको न्यानो लुगा हो ।
nepali_dresses_augmented/sherpa_dress_chuba_bakkhu/22.jpg,"A young girl wearing a traditional chinese costume. This is the Chuba / Bakkhu, the traditional attire of the Sherpa community of Nepal. This warm wrap-around dress is worn in the Himalayan region during festivals such as Lhosar.","एक युवतीले परम्परागत चिनियाँ पोशाक लगाउँछिन्। यो Chuba / Bakkhu हो, नेपालको शेर्पा समुदायको परम्परागत पोशाक हो। यो न्यानो लुगा लगाउने पोशाक हिमालय क्षेत्रमा लोसार जस्ता चाडहरूमा लगाइन्छ।"
nepali_dresses_augmented/sherpa_dress_chuba_bakkhu/22_aug1.jpg,"A young girl wearing a traditional chinese costume. This is the Chuba / Bakkhu, the traditional attire of the Sherpa community of Nepal. This warm wrap-around dress is worn in the Himalayan region during festivals such as Lhosar.","एक युवतीले परम्परागत चिनियाँ पोशाक लगाउँछिन्। यो Chuba / Bakkhu हो, नेपालको शेर्पा समुदायको परम्परागत पोशाक हो। यो न्यानो लुगा लगाउने पोशाक हिमालय क्षेत्रमा लोसार जस्ता चाडहरूमा लगाइन्छ।"
nepali_dresses_augmented/sherpa_dress_chuba_bakkhu/22_aug2.jpg,"A young girl wearing a traditional chinese costume. This is the Chuba / Bakkhu, the traditional attire of the Sherpa community of Nepal. This warm wrap-around dress is worn in the Himalayan region during festivals such as Lhosar.","एक युवतीले परम्परागत चिनियाँ पोशाक लगाउँछिन्। यो Chuba / Bakkhu हो, नेपालको शेर्पा समुदायको परम्परागत पोशाक हो। यो न्यानो लुगा लगाउने पोशाक हिमालय क्षेत्रमा लोसार जस्ता चाडहरूमा लगाइन्छ।"
nepali_dresses_augmented/sherpa_dress_chuba_bakkhu/22_aug3.jpg,"A young girl wearing a traditional chinese costume. This is the Chuba / Bakkhu, the traditional attire of the Sherpa community of Nepal. This warm wrap-around dress is worn in the Himalayan region during festivals such as Lhosar.","एक युवतीले परम्परागत चिनियाँ पोशाक लगाउँछिन्। यो Chuba / Bakkhu हो, नेपालको शेर्पा समुदायको परम्परागत पोशाक हो। यो न्यानो लुगा लगाउने पोशाक हिमालय क्षेत्रमा लोसार जस्ता चाडहरूमा लगाइन्छ।"
nepali_dresses_augmented/sherpa_dress_chuba_bakkhu/23.jpg,"Two pictures of a woman in a red and black dress. This is the Chuba / Bakkhu, the traditional attire of the Sherpa community of Nepal. This warm wrap-around dress is worn in the Himalayan region during festivals such as Lhosar.",नेपालको शेर्पा समुदायको परम्परागत पोशाक चुबा/बखू हो । यो हिमालय क्षेत्रमा लोसर जस्ता पर्वहरूमा यो न्यानो लुगा लगाउने गरिन्छ ।
nepali_dresses_augmented/sherpa_dress_chuba_bakkhu/23_aug1.jpg,"Two pictures of a woman in a red and black dress. This is the Chuba / Bakkhu, the traditional attire of the Sherpa community of Nepal. This warm wrap-around dress is worn in the Himalayan region during festivals such as Lhosar.",नेपालको शेर्पा समुदायको परम्परागत पोशाक चुबा/बखू हो । यो हिमालय क्षेत्रमा लोसर जस्ता पर्वहरूमा यो न्यानो लुगा लगाउने गरिन्छ ।
nepali_dresses_augmented/sherpa_dress_chuba_bakkhu/23_aug2.jpg,"Two pictures of a woman in a red and black dress. This is the Chuba / Bakkhu, the traditional attire of the Sherpa community of Nepal. This warm wrap-around dress is worn in the Himalayan region during festivals such as Lhosar.",नेपालको शेर्पा समुदायको परम्परागत पोशाक चुबा/बखू हो । यो हिमालय क्षेत्रमा लोसर जस्ता पर्वहरूमा यो न्यानो लुगा लगाउने गरिन्छ ।
nepali_dresses_augmented/sherpa_dress_chuba_bakkhu/23_aug3.jpg,"Two pictures of a woman in a red and black dress. This is the Chuba / Bakkhu, the traditional attire of the Sherpa community of Nepal. This warm wrap-around dress is worn in the Himalayan region during festivals such as Lhosar.",नेपालको शेर्पा समुदायको परम्परागत पोशाक चुबा/बखू हो । यो हिमालय क्षेत्रमा लोसर जस्ता पर्वहरूमा यो न्यानो लुगा लगाउने गरिन्छ ।
nepali_dresses_augmented/sherpa_dress_chuba_bakkhu/24.jpg,"A group of people standing on top of a mountain. This is the Chuba / Bakkhu, the traditional attire of the Sherpa community of Nepal. This warm wrap-around dress is worn in the Himalayan region during festivals such as Lhosar.",नेपालको शेर्पा समुदायको परम्परागत पोशाक चुबा/बखू हो। यो न्यानो लुगा हिमालय क्षेत्रमा लोसर जस्ता पर्वहरूमा लगाइन्छ।
nepali_dresses_augmented/sherpa_dress_chuba_bakkhu/24_aug1.jpg,"A group of people standing on top of a mountain. This is the Chuba / Bakkhu, the traditional attire of the Sherpa community of Nepal. This warm wrap-around dress is worn in the Himalayan region during festivals such as Lhosar.",नेपालको शेर्पा समुदायको परम्परागत पोशाक चुबा/बखू हो। यो न्यानो लुगा हिमालय क्षेत्रमा लोसर जस्ता पर्वहरूमा लगाइन्छ।
nepali_dresses_augmented/sherpa_dress_chuba_bakkhu/24_aug2.jpg,"A group of people standing on top of a mountain. This is the Chuba / Bakkhu, the traditional attire of the Sherpa community of Nepal. This warm wrap-around dress is worn in the Himalayan region during festivals such as Lhosar.",नेपालको शेर्पा समुदायको परम्परागत पोशाक चुबा/बखू हो। यो न्यानो लुगा हिमालय क्षेत्रमा लोसर जस्ता पर्वहरूमा लगाइन्छ।
nepali_dresses_augmented/sherpa_dress_chuba_bakkhu/24_aug3.jpg,"A group of people standing on top of a mountain. This is the Chuba / Bakkhu, the traditional attire of the Sherpa community of Nepal. This warm wrap-around dress is worn in the Himalayan region during festivals such as Lhosar.",नेपालको शेर्पा समुदायको परम्परागत पोशाक चुबा/बखू हो। यो न्यानो लुगा हिमालय क्षेत्रमा लोसर जस्ता पर्वहरूमा लगाइन्छ।
nepali_dresses_augmented/sherpa_dress_chuba_bakkhu/25.jpg,"A man and woman standing in front of a building. This is the Chuba / Bakkhu, the traditional attire of the Sherpa community of Nepal. This warm wrap-around dress is worn in the Himalayan region during festivals such as Lhosar.","एक पुरुष र एक महिला एक भवनको अगाडि उभिरहेका छन्। यो Chuba / Bakkhu हो, नेपालको शेर्पा समुदायको परम्परागत पोशाक। यो न्यानो लुगा लुगा लगाउने लुगा लोसर जस्ता पर्वहरूमा हिमालय क्षेत्रमा लगाइन्छ।"
nepali_dresses_augmented/sherpa_dress_chuba_bakkhu/25_aug1.jpg,"A man and woman standing in front of a building. This is the Chuba / Bakkhu, the traditional attire of the Sherpa community of Nepal. This warm wrap-around dress is worn in the Himalayan region during festivals such as Lhosar.","एक पुरुष र एक महिला एक भवनको अगाडि उभिरहेका छन्। यो Chuba / Bakkhu हो, नेपालको शेर्पा समुदायको परम्परागत पोशाक। यो न्यानो लुगा लुगा लगाउने लुगा लोसर जस्ता पर्वहरूमा हिमालय क्षेत्रमा लगाइन्छ।"
nepali_dresses_augmented/sherpa_dress_chuba_bakkhu/25_aug2.jpg,"A man and woman standing in front of a building. This is the Chuba / Bakkhu, the traditional attire of the Sherpa community of Nepal. This warm wrap-around dress is worn in the Himalayan region during festivals such as Lhosar.","एक पुरुष र एक महिला एक भवनको अगाडि उभिरहेका छन्। यो Chuba / Bakkhu हो, नेपालको शेर्पा समुदायको परम्परागत पोशाक। यो न्यानो लुगा लुगा लगाउने लुगा लोसर जस्ता पर्वहरूमा हिमालय क्षेत्रमा लगाइन्छ।"
nepali_dresses_augmented/sherpa_dress_chuba_bakkhu/25_aug3.jpg,"A man and woman standing in front of a building. This is the Chuba / Bakkhu, the traditional attire of the Sherpa community of Nepal. This warm wrap-around dress is worn in the Himalayan region during festivals such as Lhosar.","एक पुरुष र एक महिला एक भवनको अगाडि उभिरहेका छन्। यो Chuba / Bakkhu हो, नेपालको शेर्पा समुदायको परम्परागत पोशाक। यो न्यानो लुगा लुगा लगाउने लुगा लोसर जस्ता पर्वहरूमा हिमालय क्षेत्रमा लगाइन्छ।"
nepali_dresses_augmented/sherpa_dress_chuba_bakkhu/26.jpg,"A woman wearing a long skirt with colorful stripes on it. This is the Chuba / Bakkhu, the traditional attire of the Sherpa community of Nepal. This warm wrap-around dress is worn in the Himalayan region during festivals such as Lhosar.",नेपालको शेर्पा समुदायको परम्परागत पोशाक चुबा/बखू हो। यो न्यानो लुगा हिमालय क्षेत्रमा लोसर जस्ता पर्वहरूमा लगाइन्छ।
nepali_dresses_augmented/sherpa_dress_chuba_bakkhu/26_aug1.jpg,"A woman wearing a long skirt with colorful stripes on it. This is the Chuba / Bakkhu, the traditional attire of the Sherpa community of Nepal. This warm wrap-around dress is worn in the Himalayan region during festivals such as Lhosar.",नेपालको शेर्पा समुदायको परम्परागत पोशाक चुबा/बखू हो। यो न्यानो लुगा हिमालय क्षेत्रमा लोसर जस्ता पर्वहरूमा लगाइन्छ।
nepali_dresses_augmented/sherpa_dress_chuba_bakkhu/26_aug2.jpg,"A woman wearing a long skirt with colorful stripes on it. This is the Chuba / Bakkhu, the traditional attire of the Sherpa community of Nepal. This warm wrap-around dress is worn in the Himalayan region during festivals such as Lhosar.",नेपालको शेर्पा समुदायको परम्परागत पोशाक चुबा/बखू हो। यो न्यानो लुगा हिमालय क्षेत्रमा लोसर जस्ता पर्वहरूमा लगाइन्छ।
nepali_dresses_augmented/sherpa_dress_chuba_bakkhu/26_aug3.jpg,"A woman wearing a long skirt with colorful stripes on it. This is the Chuba / Bakkhu, the traditional attire of the Sherpa community of Nepal. This warm wrap-around dress is worn in the Himalayan region during festivals such as Lhosar.",नेपालको शेर्पा समुदायको परम्परागत पोशाक चुबा/बखू हो। यो न्यानो लुगा हिमालय क्षेत्रमा लोसर जस्ता पर्वहरूमा लगाइन्छ।
nepali_dresses_augmented/sherpa_dress_chuba_bakkhu/27.jpg,"Two women in traditional clothing standing next to each other women. This is the Chuba / Bakkhu, the traditional attire of the Sherpa community of Nepal. This warm wrap-around dress is worn in the Himalayan region during festivals such as Lhosar.","दुई महिलाहरू परम्परागत कपडामा एक अर्काको छेउमा उभिए। यो Chuba / Bakkhu हो, नेपालको शेर्पा समुदायको परम्परागत पोशाक हो। यो न्यानो लुगा लुगा लुगाहरू हिमालय क्षेत्रमा लोसार जस्ता चाडहरूमा लगाइन्छ।"
nepali_dresses_augmented/sherpa_dress_chuba_bakkhu/27_aug1.jpg,"Two women in traditional clothing standing next to each other women. This is the Chuba / Bakkhu, the traditional attire of the Sherpa community of Nepal. This warm wrap-around dress is worn in the Himalayan region during festivals such as Lhosar.","दुई महिलाहरू परम्परागत कपडामा एक अर्काको छेउमा उभिए। यो Chuba / Bakkhu हो, नेपालको शेर्पा समुदायको परम्परागत पोशाक हो। यो न्यानो लुगा लुगा लुगाहरू हिमालय क्षेत्रमा लोसार जस्ता चाडहरूमा लगाइन्छ।"
nepali_dresses_augmented/sherpa_dress_chuba_bakkhu/27_aug2.jpg,"Two women in traditional clothing standing next to each other women. This is the Chuba / Bakkhu, the traditional attire of the Sherpa community of Nepal. This warm wrap-around dress is worn in the Himalayan region during festivals such as Lhosar.","दुई महिलाहरू परम्परागत कपडामा एक अर्काको छेउमा उभिए। यो Chuba / Bakkhu हो, नेपालको शेर्पा समुदायको परम्परागत पोशाक हो। यो न्यानो लुगा लुगा लुगाहरू हिमालय क्षेत्रमा लोसार जस्ता चाडहरूमा लगाइन्छ।"
nepali_dresses_augmented/sherpa_dress_chuba_bakkhu/27_aug3.jpg,"Two women in traditional clothing standing next to each other women. This is the Chuba / Bakkhu, the traditional attire of the Sherpa community of Nepal. This warm wrap-around dress is worn in the Himalayan region during festivals such as Lhosar.","दुई महिलाहरू परम्परागत कपडामा एक अर्काको छेउमा उभिए। यो Chuba / Bakkhu हो, नेपालको शेर्पा समुदायको परम्परागत पोशाक हो। यो न्यानो लुगा लुगा लुगाहरू हिमालय क्षेत्रमा लोसार जस्ता चाडहरूमा लगाइन्छ।"
nepali_dresses_augmented/sherpa_dress_chuba_bakkhu/28.jpg,"Two pictures of a person in traditional clothing. This is the Chuba / Bakkhu, the traditional attire of the Sherpa community of Nepal. This warm wrap-around dress is worn in the Himalayan region during festivals such as Lhosar.","परम्परागत कपडामा एक व्यक्तिको दुई तस्वीरहरू। यो Chuba / Bakkhu हो, नेपालको शेर्पा समुदायको परम्परागत पोशाक। यो न्यानो लुगा लुगा लुगाहरू जस्तै लोसर जस्ता पर्वहरूमा हिमालय क्षेत्रमा लगाइन्छ।"
nepali_dresses_augmented/sherpa_dress_chuba_bakkhu/28_aug1.jpg,"Two pictures of a person in traditional clothing. This is the Chuba / Bakkhu, the traditional attire of the Sherpa community of Nepal. This warm wrap-around dress is worn in the Himalayan region during festivals such as Lhosar.","परम्परागत कपडामा एक व्यक्तिको दुई तस्वीरहरू। यो Chuba / Bakkhu हो, नेपालको शेर्पा समुदायको परम्परागत पोशाक। यो न्यानो लुगा लुगा लुगाहरू जस्तै लोसर जस्ता पर्वहरूमा हिमालय क्षेत्रमा लगाइन्छ।"
nepali_dresses_augmented/sherpa_dress_chuba_bakkhu/28_aug2.jpg,"Two pictures of a person in traditional clothing. This is the Chuba / Bakkhu, the traditional attire of the Sherpa community of Nepal. This warm wrap-around dress is worn in the Himalayan region during festivals such as Lhosar.","परम्परागत कपडामा एक व्यक्तिको दुई तस्वीरहरू। यो Chuba / Bakkhu हो, नेपालको शेर्पा समुदायको परम्परागत पोशाक। यो न्यानो लुगा लुगा लुगाहरू जस्तै लोसर जस्ता पर्वहरूमा हिमालय क्षेत्रमा लगाइन्छ।"
nepali_dresses_augmented/sherpa_dress_chuba_bakkhu/28_aug3.jpg,"Two pictures of a person in traditional clothing. This is the Chuba / Bakkhu, the traditional attire of the Sherpa community of Nepal. This warm wrap-around dress is worn in the Himalayan region during festivals such as Lhosar.","परम्परागत कपडामा एक व्यक्तिको दुई तस्वीरहरू। यो Chuba / Bakkhu हो, नेपालको शेर्पा समुदायको परम्परागत पोशाक। यो न्यानो लुगा लुगा लुगाहरू जस्तै लोसर जस्ता पर्वहरूमा हिमालय क्षेत्रमा लगाइन्छ।"
nepali_dresses_augmented/sherpa_dress_chuba_bakkhu/29.jpg,"A young girl wearing a traditional hat in front of a mountain range. This is the Chuba / Bakkhu, the traditional attire of the Sherpa community of Nepal. This warm wrap-around dress is worn in the Himalayan region during festivals such as Lhosar.",नेपालको शेर्पा समुदायको परम्परागत पोशाक चुबा/बखू हो । यो हिमालय क्षेत्रमा लोसर जस्ता पर्वहरूमा यो न्यानो लुगा लगाइन्छ ।
nepali_dresses_augmented/sherpa_dress_chuba_bakkhu/29_aug1.jpg,"A young girl wearing a traditional hat in front of a mountain range. This is the Chuba / Bakkhu, the traditional attire of the Sherpa community of Nepal. This warm wrap-around dress is worn in the Himalayan region during festivals such as Lhosar.",नेपालको शेर्पा समुदायको परम्परागत पोशाक चुबा/बखू हो । यो हिमालय क्षेत्रमा लोसर जस्ता पर्वहरूमा यो न्यानो लुगा लगाइन्छ ।
nepali_dresses_augmented/sherpa_dress_chuba_bakkhu/29_aug2.jpg,"A young girl wearing a traditional hat in front of a mountain range. This is the Chuba / Bakkhu, the traditional attire of the Sherpa community of Nepal. This warm wrap-around dress is worn in the Himalayan region during festivals such as Lhosar.",नेपालको शेर्पा समुदायको परम्परागत पोशाक चुबा/बखू हो । यो हिमालय क्षेत्रमा लोसर जस्ता पर्वहरूमा यो न्यानो लुगा लगाइन्छ ।
nepali_dresses_augmented/sherpa_dress_chuba_bakkhu/29_aug3.jpg,"A young girl wearing a traditional hat in front of a mountain range. This is the Chuba / Bakkhu, the traditional attire of the Sherpa community of Nepal. This warm wrap-around dress is worn in the Himalayan region during festivals such as Lhosar.",नेपालको शेर्पा समुदायको परम्परागत पोशाक चुबा/बखू हो । यो हिमालय क्षेत्रमा लोसर जस्ता पर्वहरूमा यो न्यानो लुगा लगाइन्छ ।
nepali_dresses_augmented/sherpa_dress_chuba_bakkhu/2_aug1.jpg,"Two young girls in traditional dress pose for the camera. This is the Chuba / Bakkhu, the traditional attire of the Sherpa community of Nepal. This warm wrap-around dress is worn in the Himalayan region during festivals such as Lhosar.","दुई युवतीहरू परम्परागत पोशाकमा क्यामेराको लागि पोज गर्छन्। यो Chuba / Bakkhu हो, नेपालको शेर्पा समुदायको परम्परागत पोशाक। यो न्यानो लुगा लगाउने पोशाक ल्होसर जस्ता पर्वहरूमा हिमालय क्षेत्रमा लगाइन्छ।"
nepali_dresses_augmented/sherpa_dress_chuba_bakkhu/2_aug2.jpg,"Two young girls in traditional dress pose for the camera. This is the Chuba / Bakkhu, the traditional attire of the Sherpa community of Nepal. This warm wrap-around dress is worn in the Himalayan region during festivals such as Lhosar.","दुई युवतीहरू परम्परागत पोशाकमा क्यामेराको लागि पोज गर्छन्। यो Chuba / Bakkhu हो, नेपालको शेर्पा समुदायको परम्परागत पोशाक। यो न्यानो लुगा लगाउने पोशाक ल्होसर जस्ता पर्वहरूमा हिमालय क्षेत्रमा लगाइन्छ।"
nepali_dresses_augmented/sherpa_dress_chuba_bakkhu/2_aug3.jpg,"Two young girls in traditional dress pose for the camera. This is the Chuba / Bakkhu, the traditional attire of the Sherpa community of Nepal. This warm wrap-around dress is worn in the Himalayan region during festivals such as Lhosar.","दुई युवतीहरू परम्परागत पोशाकमा क्यामेराको लागि पोज गर्छन्। यो Chuba / Bakkhu हो, नेपालको शेर्पा समुदायको परम्परागत पोशाक। यो न्यानो लुगा लगाउने पोशाक ल्होसर जस्ता पर्वहरूमा हिमालय क्षेत्रमा लगाइन्छ।"
nepali_dresses_augmented/sherpa_dress_chuba_bakkhu/2_aug4.jpg,"Two young girls in traditional dress pose for the camera. This is the Chuba / Bakkhu, the traditional attire of the Sherpa community of Nepal. This warm wrap-around dress is worn in the Himalayan region during festivals such as Lhosar.","दुई युवतीहरू परम्परागत पोशाकमा क्यामेराको लागि पोज गर्छन्। यो Chuba / Bakkhu हो, नेपालको शेर्पा समुदायको परम्परागत पोशाक। यो न्यानो लुगा लगाउने पोशाक ल्होसर जस्ता पर्वहरूमा हिमालय क्षेत्रमा लगाइन्छ।"
nepali_dresses_augmented/sherpa_dress_chuba_bakkhu/3.jpg,"A man and woman dressed in traditional clothing. This is the Chuba / Bakkhu, the traditional attire of the Sherpa community of Nepal. This warm wrap-around dress is worn in the Himalayan region during festivals such as Lhosar.","एक पुरुष र महिलाले परम्परागत कपडा लगाएका छन्। यो Chuba / Bakkhu हो, नेपालको शेर्पा समुदायको परम्परागत पोशाक हो। यो न्यानो लुगा लुगा लगाउने लुगा लोसर जस्ता चाडहरूमा हिमालय क्षेत्रमा लगाइन्छ।"
nepali_dresses_augmented/sherpa_dress_chuba_bakkhu/30.jpg,"A man in a white shirt and a black hat. This is the Chuba / Bakkhu, the traditional attire of the Sherpa community of Nepal. This warm wrap-around dress is worn in the Himalayan region during festivals such as Lhosar.","एक सेतो शर्ट र कालो टोपीमा एक मानिस। यो Chuba / Bakkhu हो, नेपालको शेर्पा समुदायको परम्परागत पोशाक। यो न्यानो लुगा लुगा लुगा जस्तै महोत्सवहरूमा हिमालय क्षेत्रमा लगाइन्छ।"
nepali_dresses_augmented/sherpa_dress_chuba_bakkhu/30_aug1.jpg,"A man in a white shirt and a black hat. This is the Chuba / Bakkhu, the traditional attire of the Sherpa community of Nepal. This warm wrap-around dress is worn in the Himalayan region during festivals such as Lhosar.","एक सेतो शर्ट र कालो टोपीमा एक मानिस। यो Chuba / Bakkhu हो, नेपालको शेर्पा समुदायको परम्परागत पोशाक। यो न्यानो लुगा लुगा लुगा जस्तै महोत्सवहरूमा हिमालय क्षेत्रमा लगाइन्छ।"
nepali_dresses_augmented/sherpa_dress_chuba_bakkhu/30_aug2.jpg,"A man in a white shirt and a black hat. This is the Chuba / Bakkhu, the traditional attire of the Sherpa community of Nepal. This warm wrap-around dress is worn in the Himalayan region during festivals such as Lhosar.","एक सेतो शर्ट र कालो टोपीमा एक मानिस। यो Chuba / Bakkhu हो, नेपालको शेर्पा समुदायको परम्परागत पोशाक। यो न्यानो लुगा लुगा लुगा जस्तै महोत्सवहरूमा हिमालय क्षेत्रमा लगाइन्छ।"
nepali_dresses_augmented/sherpa_dress_chuba_bakkhu/30_aug3.jpg,"A man in a white shirt and a black hat. This is the Chuba / Bakkhu, the traditional attire of the Sherpa community of Nepal. This warm wrap-around dress is worn in the Himalayan region during festivals such as Lhosar.","एक सेतो शर्ट र कालो टोपीमा एक मानिस। यो Chuba / Bakkhu हो, नेपालको शेर्पा समुदायको परम्परागत पोशाक। यो न्यानो लुगा लुगा लुगा जस्तै महोत्सवहरूमा हिमालय क्षेत्रमा लगाइन्छ।"
nepali_dresses_augmented/sherpa_dress_chuba_bakkhu/31.jpg,"Three people in traditional clothing posing for the camera. This is the Chuba / Bakkhu, the traditional attire of the Sherpa community of Nepal. This warm wrap-around dress is worn in the Himalayan region during festivals such as Lhosar.",नेपालको शेर्पा समुदायको परम्परागत पोशाक चुबा/बखू हो । यो न्यानो लुगा लुगा लोसर जस्ता पर्वहरूमा हिमालय क्षेत्रमा लगाइन्छ ।
nepali_dresses_augmented/sherpa_dress_chuba_bakkhu/31_aug1.jpg,"Three people in traditional clothing posing for the camera. This is the Chuba / Bakkhu, the traditional attire of the Sherpa community of Nepal. This warm wrap-around dress is worn in the Himalayan region during festivals such as Lhosar.",नेपालको शेर्पा समुदायको परम्परागत पोशाक चुबा/बखू हो । यो न्यानो लुगा लुगा लोसर जस्ता पर्वहरूमा हिमालय क्षेत्रमा लगाइन्छ ।
nepali_dresses_augmented/sherpa_dress_chuba_bakkhu/31_aug2.jpg,"Three people in traditional clothing posing for the camera. This is the Chuba / Bakkhu, the traditional attire of the Sherpa community of Nepal. This warm wrap-around dress is worn in the Himalayan region during festivals such as Lhosar.",नेपालको शेर्पा समुदायको परम्परागत पोशाक चुबा/बखू हो । यो न्यानो लुगा लुगा लोसर जस्ता पर्वहरूमा हिमालय क्षेत्रमा लगाइन्छ ।
nepali_dresses_augmented/sherpa_dress_chuba_bakkhu/31_aug3.jpg,"Three people in traditional clothing posing for the camera. This is the Chuba / Bakkhu, the traditional attire of the Sherpa community of Nepal. This warm wrap-around dress is worn in the Himalayan region during festivals such as Lhosar.",नेपालको शेर्पा समुदायको परम्परागत पोशाक चुबा/बखू हो । यो न्यानो लुगा लुगा लोसर जस्ता पर्वहरूमा हिमालय क्षेत्रमा लगाइन्छ ।
nepali_dresses_augmented/sherpa_dress_chuba_bakkhu/32.jpg,"A group of women in traditional dress. This is the Chuba / Bakkhu, the traditional attire of the Sherpa community of Nepal. This warm wrap-around dress is worn in the Himalayan region during festivals such as Lhosar.","यो परम्परागत पोशाकमा महिलाहरूको समूह हो। यो Chuba / Bakkhu हो, नेपालको शेर्पा समुदायको परम्परागत पोशाक हो। यो न्यानो लुगा लुगा लगाउने पोशाक हिमालय क्षेत्रमा लोसार जस्ता चाडहरूमा लगाइन्छ।"
nepali_dresses_augmented/sherpa_dress_chuba_bakkhu/32_aug1.jpg,"A group of women in traditional dress. This is the Chuba / Bakkhu, the traditional attire of the Sherpa community of Nepal. This warm wrap-around dress is worn in the Himalayan region during festivals such as Lhosar.","यो परम्परागत पोशाकमा महिलाहरूको समूह हो। यो Chuba / Bakkhu हो, नेपालको शेर्पा समुदायको परम्परागत पोशाक हो। यो न्यानो लुगा लुगा लगाउने पोशाक हिमालय क्षेत्रमा लोसार जस्ता चाडहरूमा लगाइन्छ।"
nepali_dresses_augmented/sherpa_dress_chuba_bakkhu/32_aug2.jpg,"A group of women in traditional dress. This is the Chuba / Bakkhu, the traditional attire of the Sherpa community of Nepal. This warm wrap-around dress is worn in the Himalayan region during festivals such as Lhosar.","यो परम्परागत पोशाकमा महिलाहरूको समूह हो। यो Chuba / Bakkhu हो, नेपालको शेर्पा समुदायको परम्परागत पोशाक हो। यो न्यानो लुगा लुगा लगाउने पोशाक हिमालय क्षेत्रमा लोसार जस्ता चाडहरूमा लगाइन्छ।"
nepali_dresses_augmented/sherpa_dress_chuba_bakkhu/32_aug3.jpg,"A group of women in traditional dress. This is the Chuba / Bakkhu, the traditional attire of the Sherpa community of Nepal. This warm wrap-around dress is worn in the Himalayan region during festivals such as Lhosar.","यो परम्परागत पोशाकमा महिलाहरूको समूह हो। यो Chuba / Bakkhu हो, नेपालको शेर्पा समुदायको परम्परागत पोशाक हो। यो न्यानो लुगा लुगा लगाउने पोशाक हिमालय क्षेत्रमा लोसार जस्ता चाडहरूमा लगाइन्छ।"
nepali_dresses_augmented/sherpa_dress_chuba_bakkhu/33.jpg,"A woman in a red and black dress. This is the Chuba / Bakkhu, the traditional attire of the Sherpa community of Nepal. This warm wrap-around dress is worn in the Himalayan region during festivals such as Lhosar.","एक महिला रातो र कालो पोशाकमा। यो Chuba / Bakkhu हो, नेपालको शेर्पा समुदायको परम्परागत पोशाक। यो न्यानो लुगा लुगा लगाउने लुगा लोसार जस्ता पर्वहरूमा हिमालय क्षेत्रमा लगाइन्छ।"
nepali_dresses_augmented/sherpa_dress_chuba_bakkhu/33_aug1.jpg,"A woman in a red and black dress. This is the Chuba / Bakkhu, the traditional attire of the Sherpa community of Nepal. This warm wrap-around dress is worn in the Himalayan region during festivals such as Lhosar.","एक महिला रातो र कालो पोशाकमा। यो Chuba / Bakkhu हो, नेपालको शेर्पा समुदायको परम्परागत पोशाक। यो न्यानो लुगा लुगा लगाउने लुगा लोसार जस्ता पर्वहरूमा हिमालय क्षेत्रमा लगाइन्छ।"
nepali_dresses_augmented/sherpa_dress_chuba_bakkhu/33_aug2.jpg,"A woman in a red and black dress. This is the Chuba / Bakkhu, the traditional attire of the Sherpa community of Nepal. This warm wrap-around dress is worn in the Himalayan region during festivals such as Lhosar.","एक महिला रातो र कालो पोशाकमा। यो Chuba / Bakkhu हो, नेपालको शेर्पा समुदायको परम्परागत पोशाक। यो न्यानो लुगा लुगा लगाउने लुगा लोसार जस्ता पर्वहरूमा हिमालय क्षेत्रमा लगाइन्छ।"
nepali_dresses_augmented/sherpa_dress_chuba_bakkhu/33_aug3.jpg,"A woman in a red and black dress. This is the Chuba / Bakkhu, the traditional attire of the Sherpa community of Nepal. This warm wrap-around dress is worn in the Himalayan region during festivals such as Lhosar.","एक महिला रातो र कालो पोशाकमा। यो Chuba / Bakkhu हो, नेपालको शेर्पा समुदायको परम्परागत पोशाक। यो न्यानो लुगा लुगा लगाउने लुगा लोसार जस्ता पर्वहरूमा हिमालय क्षेत्रमा लगाइन्छ।"
nepali_dresses_augmented/sherpa_dress_chuba_bakkhu/34.jpg,"A group of people dressed in traditional costumes. This is the Chuba / Bakkhu, the traditional attire of the Sherpa community of Nepal. This warm wrap-around dress is worn in the Himalayan region during festivals such as Lhosar.",नेपालको शेर्पा समुदायको परम्परागत पोशाक चुबा / बखू हो। यो न्यानो लुगा लुगा लुगा लुगा लुगा लुगा लुगा लुगा लुगा लुगा लुगा लुगा लुगा लुगा लुगा लुगा लुगा लुगा लुगा लुगा लुगा लुगा लुगा लुगा लुगा लुगा लुगा लुगा लुगा लुगा लुगा लुगा लुगा लुगा लुगा लुगा लुगा लुगा लुगा लुगा लुगा लुगा लुगा लुगा लुगा लुगा लुगा लुगा लुगा लुगा लुगा लुगा लुगा लुगा लुगा लुगा लुगा लुगा लुगा लुगा लुगा लुगा लुगा लुगा लुगा लुगा लुगा लुगा लुगा लुगा लुगा लुगा लुगा लुगा लुगा लुगा लुगा लुगा लुगा लुगा लुगा लुगा लुगा लुगा लुगा लुगा लुगा लुगा लुगा लुगा लुगा लुगा लुगा लुगा लुगा लुगा लुगा लु
nepali_dresses_augmented/sherpa_dress_chuba_bakkhu/34_aug1.jpg,"A group of people dressed in traditional costumes. This is the Chuba / Bakkhu, the traditional attire of the Sherpa community of Nepal. This warm wrap-around dress is worn in the Himalayan region during festivals such as Lhosar.",नेपालको शेर्पा समुदायको परम्परागत पोशाक चुबा / बखू हो। यो न्यानो लुगा लुगा लुगा लुगा लुगा लुगा लुगा लुगा लुगा लुगा लुगा लुगा लुगा लुगा लुगा लुगा लुगा लुगा लुगा लुगा लुगा लुगा लुगा लुगा लुगा लुगा लुगा लुगा लुगा लुगा लुगा लुगा लुगा लुगा लुगा लुगा लुगा लुगा लुगा लुगा लुगा लुगा लुगा लुगा लुगा लुगा लुगा लुगा लुगा लुगा लुगा लुगा लुगा लुगा लुगा लुगा लुगा लुगा लुगा लुगा लुगा लुगा लुगा लुगा लुगा लुगा लुगा लुगा लुगा लुगा लुगा लुगा लुगा लुगा लुगा लुगा लुगा लुगा लुगा लुगा लुगा लुगा लुगा लुगा लुगा लुगा लुगा लुगा लुगा लुगा लुगा लुगा लुगा लुगा लुगा लुगा लुगा लु
nepali_dresses_augmented/sherpa_dress_chuba_bakkhu/34_aug2.jpg,"A group of people dressed in traditional costumes. This is the Chuba / Bakkhu, the traditional attire of the Sherpa community of Nepal. This warm wrap-around dress is worn in the Himalayan region during festivals such as Lhosar.",नेपालको शेर्पा समुदायको परम्परागत पोशाक चुबा / बखू हो। यो न्यानो लुगा लुगा लुगा लुगा लुगा लुगा लुगा लुगा लुगा लुगा लुगा लुगा लुगा लुगा लुगा लुगा लुगा लुगा लुगा लुगा लुगा लुगा लुगा लुगा लुगा लुगा लुगा लुगा लुगा लुगा लुगा लुगा लुगा लुगा लुगा लुगा लुगा लुगा लुगा लुगा लुगा लुगा लुगा लुगा लुगा लुगा लुगा लुगा लुगा लुगा लुगा लुगा लुगा लुगा लुगा लुगा लुगा लुगा लुगा लुगा लुगा लुगा लुगा लुगा लुगा लुगा लुगा लुगा लुगा लुगा लुगा लुगा लुगा लुगा लुगा लुगा लुगा लुगा लुगा लुगा लुगा लुगा लुगा लुगा लुगा लुगा लुगा लुगा लुगा लुगा लुगा लुगा लुगा लुगा लुगा लुगा लुगा लु
nepali_dresses_augmented/sherpa_dress_chuba_bakkhu/34_aug3.jpg,"A group of people dressed in traditional costumes. This is the Chuba / Bakkhu, the traditional attire of the Sherpa community of Nepal. This warm wrap-around dress is worn in the Himalayan region during festivals such as Lhosar.",नेपालको शेर्पा समुदायको परम्परागत पोशाक चुबा / बखू हो। यो न्यानो लुगा लुगा लुगा लुगा लुगा लुगा लुगा लुगा लुगा लुगा लुगा लुगा लुगा लुगा लुगा लुगा लुगा लुगा लुगा लुगा लुगा लुगा लुगा लुगा लुगा लुगा लुगा लुगा लुगा लुगा लुगा लुगा लुगा लुगा लुगा लुगा लुगा लुगा लुगा लुगा लुगा लुगा लुगा लुगा लुगा लुगा लुगा लुगा लुगा लुगा लुगा लुगा लुगा लुगा लुगा लुगा लुगा लुगा लुगा लुगा लुगा लुगा लुगा लुगा लुगा लुगा लुगा लुगा लुगा लुगा लुगा लुगा लुगा लुगा लुगा लुगा लुगा लुगा लुगा लुगा लुगा लुगा लुगा लुगा लुगा लुगा लुगा लुगा लुगा लुगा लुगा लुगा लुगा लुगा लुगा लुगा लुगा लु
nepali_dresses_augmented/sherpa_dress_chuba_bakkhu/35.jpg,"Three women standing in front of a mountain range. This is the Chuba / Bakkhu, the traditional attire of the Sherpa community of Nepal. This warm wrap-around dress is worn in the Himalayan region during festivals such as Lhosar.","तीन महिलाहरू पहाडी श्रृंखलाको अगाडि उभिए। यो Chuba / Bakkhu हो, नेपालको शेर्पा समुदायको परम्परागत पोशाक। यो न्यानो लुगा लुगा लुगाहरू जस्तै लोसर जस्ता पर्वहरूमा हिमालय क्षेत्रमा लगाइन्छ।"
nepali_dresses_augmented/sherpa_dress_chuba_bakkhu/35_aug1.jpg,"Three women standing in front of a mountain range. This is the Chuba / Bakkhu, the traditional attire of the Sherpa community of Nepal. This warm wrap-around dress is worn in the Himalayan region during festivals such as Lhosar.","तीन महिलाहरू पहाडी श्रृंखलाको अगाडि उभिए। यो Chuba / Bakkhu हो, नेपालको शेर्पा समुदायको परम्परागत पोशाक। यो न्यानो लुगा लुगा लुगाहरू जस्तै लोसर जस्ता पर्वहरूमा हिमालय क्षेत्रमा लगाइन्छ।"
nepali_dresses_augmented/sherpa_dress_chuba_bakkhu/35_aug2.jpg,"Three women standing in front of a mountain range. This is the Chuba / Bakkhu, the traditional attire of the Sherpa community of Nepal. This warm wrap-around dress is worn in the Himalayan region during festivals such as Lhosar.","तीन महिलाहरू पहाडी श्रृंखलाको अगाडि उभिए। यो Chuba / Bakkhu हो, नेपालको शेर्पा समुदायको परम्परागत पोशाक। यो न्यानो लुगा लुगा लुगाहरू जस्तै लोसर जस्ता पर्वहरूमा हिमालय क्षेत्रमा लगाइन्छ।"
nepali_dresses_augmented/sherpa_dress_chuba_bakkhu/35_aug3.jpg,"Three women standing in front of a mountain range. This is the Chuba / Bakkhu, the traditional attire of the Sherpa community of Nepal. This warm wrap-around dress is worn in the Himalayan region during festivals such as Lhosar.","तीन महिलाहरू पहाडी श्रृंखलाको अगाडि उभिए। यो Chuba / Bakkhu हो, नेपालको शेर्पा समुदायको परम्परागत पोशाक। यो न्यानो लुगा लुगा लुगाहरू जस्तै लोसर जस्ता पर्वहरूमा हिमालय क्षेत्रमा लगाइन्छ।"
nepali_dresses_augmented/sherpa_dress_chuba_bakkhu/36.jpg,"Two young girls in traditional dress standing next to each other women. This is the Chuba / Bakkhu, the traditional attire of the Sherpa community of Nepal. This warm wrap-around dress is worn in the Himalayan region during festivals such as Lhosar.","दुई युवतीहरू परम्परागत पोशाकमा एक अर्काको छेउमा उभिएका छन्। यो Chuba / Bakkhu हो, नेपालको शेर्पा समुदायको परम्परागत पोशाक हो। यो न्यानो लुगा लगाउने पोशाक ल्होसर जस्ता पर्वहरूमा हिमालय क्षेत्रमा लगाइन्छ।"
nepali_dresses_augmented/sherpa_dress_chuba_bakkhu/36_aug1.jpg,"Two young girls in traditional dress standing next to each other women. This is the Chuba / Bakkhu, the traditional attire of the Sherpa community of Nepal. This warm wrap-around dress is worn in the Himalayan region during festivals such as Lhosar.","दुई युवतीहरू परम्परागत पोशाकमा एक अर्काको छेउमा उभिएका छन्। यो Chuba / Bakkhu हो, नेपालको शेर्पा समुदायको परम्परागत पोशाक हो। यो न्यानो लुगा लगाउने पोशाक ल्होसर जस्ता पर्वहरूमा हिमालय क्षेत्रमा लगाइन्छ।"
nepali_dresses_augmented/sherpa_dress_chuba_bakkhu/36_aug2.jpg,"Two young girls in traditional dress standing next to each other women. This is the Chuba / Bakkhu, the traditional attire of the Sherpa community of Nepal. This warm wrap-around dress is worn in the Himalayan region during festivals such as Lhosar.","दुई युवतीहरू परम्परागत पोशाकमा एक अर्काको छेउमा उभिएका छन्। यो Chuba / Bakkhu हो, नेपालको शेर्पा समुदायको परम्परागत पोशाक हो। यो न्यानो लुगा लगाउने पोशाक ल्होसर जस्ता पर्वहरूमा हिमालय क्षेत्रमा लगाइन्छ।"
nepali_dresses_augmented/sherpa_dress_chuba_bakkhu/36_aug3.jpg,"Two young girls in traditional dress standing next to each other women. This is the Chuba / Bakkhu, the traditional attire of the Sherpa community of Nepal. This warm wrap-around dress is worn in the Himalayan region during festivals such as Lhosar.","दुई युवतीहरू परम्परागत पोशाकमा एक अर्काको छेउमा उभिएका छन्। यो Chuba / Bakkhu हो, नेपालको शेर्पा समुदायको परम्परागत पोशाक हो। यो न्यानो लुगा लगाउने पोशाक ल्होसर जस्ता पर्वहरूमा हिमालय क्षेत्रमा लगाइन्छ।"
nepali_dresses_augmented/sherpa_dress_chuba_bakkhu/37.jpg,"A group of women in traditional dress. This is the Chuba / Bakkhu, the traditional attire of the Sherpa community of Nepal. This warm wrap-around dress is worn in the Himalayan region during festivals such as Lhosar.","यो परम्परागत पोशाकमा महिलाहरूको समूह हो। यो Chuba / Bakkhu हो, नेपालको शेर्पा समुदायको परम्परागत पोशाक हो। यो न्यानो लुगा लुगा लगाउने पोशाक हिमालय क्षेत्रमा लोसार जस्ता चाडहरूमा लगाइन्छ।"
nepali_dresses_augmented/sherpa_dress_chuba_bakkhu/37_aug1.jpg,"A group of women in traditional dress. This is the Chuba / Bakkhu, the traditional attire of the Sherpa community of Nepal. This warm wrap-around dress is worn in the Himalayan region during festivals such as Lhosar.","यो परम्परागत पोशाकमा महिलाहरूको समूह हो। यो Chuba / Bakkhu हो, नेपालको शेर्पा समुदायको परम्परागत पोशाक हो। यो न्यानो लुगा लुगा लगाउने पोशाक हिमालय क्षेत्रमा लोसार जस्ता चाडहरूमा लगाइन्छ।"
nepali_dresses_augmented/sherpa_dress_chuba_bakkhu/37_aug2.jpg,"A group of women in traditional dress. This is the Chuba / Bakkhu, the traditional attire of the Sherpa community of Nepal. This warm wrap-around dress is worn in the Himalayan region during festivals such as Lhosar.","यो परम्परागत पोशाकमा महिलाहरूको समूह हो। यो Chuba / Bakkhu हो, नेपालको शेर्पा समुदायको परम्परागत पोशाक हो। यो न्यानो लुगा लुगा लगाउने पोशाक हिमालय क्षेत्रमा लोसार जस्ता चाडहरूमा लगाइन्छ।"
nepali_dresses_augmented/sherpa_dress_chuba_bakkhu/37_aug3.jpg,"A group of women in traditional dress. This is the Chuba / Bakkhu, the traditional attire of the Sherpa community of Nepal. This warm wrap-around dress is worn in the Himalayan region during festivals such as Lhosar.","यो परम्परागत पोशाकमा महिलाहरूको समूह हो। यो Chuba / Bakkhu हो, नेपालको शेर्पा समुदायको परम्परागत पोशाक हो। यो न्यानो लुगा लुगा लगाउने पोशाक हिमालय क्षेत्रमा लोसार जस्ता चाडहरूमा लगाइन्छ।"
nepali_dresses_augmented/sherpa_dress_chuba_bakkhu/38.jpg,"A group of people standing in a room. This is the Chuba / Bakkhu, the traditional attire of the Sherpa community of Nepal. This warm wrap-around dress is worn in the Himalayan region during festivals such as Lhosar.","एक कोठामा उभिएका मानिसहरूको समूह। यो Chuba / Bakkhu हो, नेपालको शेर्पा समुदायको परम्परागत पोशाक। यो न्यानो लुगा लुगा लुगाहरू जस्तै लोसर जस्ता पर्वहरूमा हिमालय क्षेत्रमा लगाइन्छ।"
nepali_dresses_augmented/sherpa_dress_chuba_bakkhu/38_aug1.jpg,"A group of people standing in a room. This is the Chuba / Bakkhu, the traditional attire of the Sherpa community of Nepal. This warm wrap-around dress is worn in the Himalayan region during festivals such as Lhosar.","एक कोठामा उभिएका मानिसहरूको समूह। यो Chuba / Bakkhu हो, नेपालको शेर्पा समुदायको परम्परागत पोशाक। यो न्यानो लुगा लुगा लुगाहरू जस्तै लोसर जस्ता पर्वहरूमा हिमालय क्षेत्रमा लगाइन्छ।"
nepali_dresses_augmented/sherpa_dress_chuba_bakkhu/38_aug2.jpg,"A group of people standing in a room. This is the Chuba / Bakkhu, the traditional attire of the Sherpa community of Nepal. This warm wrap-around dress is worn in the Himalayan region during festivals such as Lhosar.","एक कोठामा उभिएका मानिसहरूको समूह। यो Chuba / Bakkhu हो, नेपालको शेर्पा समुदायको परम्परागत पोशाक। यो न्यानो लुगा लुगा लुगाहरू जस्तै लोसर जस्ता पर्वहरूमा हिमालय क्षेत्रमा लगाइन्छ।"
nepali_dresses_augmented/sherpa_dress_chuba_bakkhu/38_aug3.jpg,"A group of people standing in a room. This is the Chuba / Bakkhu, the traditional attire of the Sherpa community of Nepal. This warm wrap-around dress is worn in the Himalayan region during festivals such as Lhosar.","एक कोठामा उभिएका मानिसहरूको समूह। यो Chuba / Bakkhu हो, नेपालको शेर्पा समुदायको परम्परागत पोशाक। यो न्यानो लुगा लुगा लुगाहरू जस्तै लोसर जस्ता पर्वहरूमा हिमालय क्षेत्रमा लगाइन्छ।"
nepali_dresses_augmented/sherpa_dress_chuba_bakkhu/39.jpg,"A woman stands in the doorway of her home. This is the Chuba / Bakkhu, the traditional attire of the Sherpa community of Nepal. This warm wrap-around dress is worn in the Himalayan region during festivals such as Lhosar.","एक महिला आफ्नो घरको ढोकामा उभिएकी छिन्। यो Chuba / Bakkhu हो, नेपालको शेर्पा समुदायको परम्परागत पोशाक हो। यो न्यानो लुगा लुगा लगाउने लुगा लोसर जस्ता पर्वहरूमा हिमालय क्षेत्रमा लगाइन्छ।"
nepali_dresses_augmented/sherpa_dress_chuba_bakkhu/39_aug1.jpg,"A woman stands in the doorway of her home. This is the Chuba / Bakkhu, the traditional attire of the Sherpa community of Nepal. This warm wrap-around dress is worn in the Himalayan region during festivals such as Lhosar.","एक महिला आफ्नो घरको ढोकामा उभिएकी छिन्। यो Chuba / Bakkhu हो, नेपालको शेर्पा समुदायको परम्परागत पोशाक हो। यो न्यानो लुगा लुगा लगाउने लुगा लोसर जस्ता पर्वहरूमा हिमालय क्षेत्रमा लगाइन्छ।"
nepali_dresses_augmented/sherpa_dress_chuba_bakkhu/39_aug2.jpg,"A woman stands in the doorway of her home. This is the Chuba / Bakkhu, the traditional attire of the Sherpa community of Nepal. This warm wrap-around dress is worn in the Himalayan region during festivals such as Lhosar.","एक महिला आफ्नो घरको ढोकामा उभिएकी छिन्। यो Chuba / Bakkhu हो, नेपालको शेर्पा समुदायको परम्परागत पोशाक हो। यो न्यानो लुगा लुगा लगाउने लुगा लोसर जस्ता पर्वहरूमा हिमालय क्षेत्रमा लगाइन्छ।"
nepali_dresses_augmented/sherpa_dress_chuba_bakkhu/39_aug3.jpg,"A woman stands in the doorway of her home. This is the Chuba / Bakkhu, the traditional attire of the Sherpa community of Nepal. This warm wrap-around dress is worn in the Himalayan region during festivals such as Lhosar.","एक महिला आफ्नो घरको ढोकामा उभिएकी छिन्। यो Chuba / Bakkhu हो, नेपालको शेर्पा समुदायको परम्परागत पोशाक हो। यो न्यानो लुगा लुगा लगाउने लुगा लोसर जस्ता पर्वहरूमा हिमालय क्षेत्रमा लगाइन्छ।"
nepali_dresses_augmented/sherpa_dress_chuba_bakkhu/3_aug1.jpg,"A man and woman dressed in traditional clothing. This is the Chuba / Bakkhu, the traditional attire of the Sherpa community of Nepal. This warm wrap-around dress is worn in the Himalayan region during festivals such as Lhosar.","एक पुरुष र महिलाले परम्परागत कपडा लगाएका छन्। यो Chuba / Bakkhu हो, नेपालको शेर्पा समुदायको परम्परागत पोशाक हो। यो न्यानो लुगा लुगा लगाउने लुगा लोसर जस्ता चाडहरूमा हिमालय क्षेत्रमा लगाइन्छ।"
nepali_dresses_augmented/sherpa_dress_chuba_bakkhu/3_aug2.jpg,"A man and woman dressed in traditional clothing. This is the Chuba / Bakkhu, the traditional attire of the Sherpa community of Nepal. This warm wrap-around dress is worn in the Himalayan region during festivals such as Lhosar.","एक पुरुष र महिलाले परम्परागत कपडा लगाएका छन्। यो Chuba / Bakkhu हो, नेपालको शेर्पा समुदायको परम्परागत पोशाक हो। यो न्यानो लुगा लुगा लगाउने लुगा लोसर जस्ता चाडहरूमा हिमालय क्षेत्रमा लगाइन्छ।"
nepali_dresses_augmented/sherpa_dress_chuba_bakkhu/3_aug3.jpg,"A man and woman dressed in traditional clothing. This is the Chuba / Bakkhu, the traditional attire of the Sherpa community of Nepal. This warm wrap-around dress is worn in the Himalayan region during festivals such as Lhosar.","एक पुरुष र महिलाले परम्परागत कपडा लगाएका छन्। यो Chuba / Bakkhu हो, नेपालको शेर्पा समुदायको परम्परागत पोशाक हो। यो न्यानो लुगा लुगा लगाउने लुगा लोसर जस्ता चाडहरूमा हिमालय क्षेत्रमा लगाइन्छ।"
nepali_dresses_augmented/sherpa_dress_chuba_bakkhu/3_aug4.jpg,"A man and woman dressed in traditional clothing. This is the Chuba / Bakkhu, the traditional attire of the Sherpa community of Nepal. This warm wrap-around dress is worn in the Himalayan region during festivals such as Lhosar.","एक पुरुष र महिलाले परम्परागत कपडा लगाएका छन्। यो Chuba / Bakkhu हो, नेपालको शेर्पा समुदायको परम्परागत पोशाक हो। यो न्यानो लुगा लुगा लगाउने लुगा लोसर जस्ता चाडहरूमा हिमालय क्षेत्रमा लगाइन्छ।"
nepali_dresses_augmented/sherpa_dress_chuba_bakkhu/4.jpg,"A group of young girls in traditional dress and hats - stock image. This is the Chuba / Bakkhu, the traditional attire of the Sherpa community of Nepal. This warm wrap-around dress is worn in the Himalayan region during festivals such as Lhosar.",नेपालको शेर्पा समुदायको परम्परागत पोशाक चुबा/बखू हो । यो हिमालय क्षेत्रमा लोसर जस्ता चाडपर्वहरूमा यो न्यानो लुगा लगाइन्छ ।
nepali_dresses_augmented/sherpa_dress_chuba_bakkhu/40.jpg,"A woman in a green and white dress. This is the Chuba / Bakkhu, the traditional attire of the Sherpa community of Nepal. This warm wrap-around dress is worn in the Himalayan region during festivals such as Lhosar.","एक महिला हरियो र सेतो पोशाकमा। यो Chuba / Bakkhu हो, नेपालको शेर्पा समुदायको परम्परागत पोशाक। यो न्यानो लुगा लुगा लगाउने लुगा लोसार जस्ता पर्वहरूमा हिमालय क्षेत्रमा लगाइन्छ।"
nepali_dresses_augmented/sherpa_dress_chuba_bakkhu/40_aug1.jpg,"A woman in a green and white dress. This is the Chuba / Bakkhu, the traditional attire of the Sherpa community of Nepal. This warm wrap-around dress is worn in the Himalayan region during festivals such as Lhosar.","एक महिला हरियो र सेतो पोशाकमा। यो Chuba / Bakkhu हो, नेपालको शेर्पा समुदायको परम्परागत पोशाक। यो न्यानो लुगा लुगा लगाउने लुगा लोसार जस्ता पर्वहरूमा हिमालय क्षेत्रमा लगाइन्छ।"
nepali_dresses_augmented/sherpa_dress_chuba_bakkhu/40_aug2.jpg,"A woman in a green and white dress. This is the Chuba / Bakkhu, the traditional attire of the Sherpa community of Nepal. This warm wrap-around dress is worn in the Himalayan region during festivals such as Lhosar.","एक महिला हरियो र सेतो पोशाकमा। यो Chuba / Bakkhu हो, नेपालको शेर्पा समुदायको परम्परागत पोशाक। यो न्यानो लुगा लुगा लगाउने लुगा लोसार जस्ता पर्वहरूमा हिमालय क्षेत्रमा लगाइन्छ।"
nepali_dresses_augmented/sherpa_dress_chuba_bakkhu/40_aug3.jpg,"A woman in a green and white dress. This is the Chuba / Bakkhu, the traditional attire of the Sherpa community of Nepal. This warm wrap-around dress is worn in the Himalayan region during festivals such as Lhosar.","एक महिला हरियो र सेतो पोशाकमा। यो Chuba / Bakkhu हो, नेपालको शेर्पा समुदायको परम्परागत पोशाक। यो न्यानो लुगा लुगा लगाउने लुगा लोसार जस्ता पर्वहरूमा हिमालय क्षेत्रमा लगाइन्छ।"
nepali_dresses_augmented/sherpa_dress_chuba_bakkhu/41.jpg,"An old woman with a cane walking down the street. This is the Chuba / Bakkhu, the traditional attire of the Sherpa community of Nepal. This warm wrap-around dress is worn in the Himalayan region during festivals such as Lhosar.","एक बुढी महिला सडकमा एक लाठीको साथ हिंड्छिन्। यो Chuba / Bakkhu हो, नेपालको शेर्पा समुदायको परम्परागत पोशाक हो। यो न्यानो लुगा लुगा लुगा लुगा जस्तै महोत्सवहरूमा हिमालय क्षेत्रमा लगाइन्छ। यो लुगा लुगा लुगा लुगा लुगा लुगा लुगा लुगा लुगा लुगा लुगा लुगा लुगा लुगा लुगा लुगा लुगा लुगा लुगा लुगा लुगा लुगा लुगा लुगा लुगा लुगा लुगा लुगा लुगा लुगा लुगा लुगा लुगा लुगा लुगा लुगा लुगा लुगा लुगा लुगा लुगा लुगा लुगा लुगा लुगा लुगा लुगा लुगा लुगा लुगा लुगा लुगा लुगा लुगा लुगा लुगा लुगा लुगा लुगा लुगा लुगा लुगा लुगा लुगा लुगा लुगा लुगा लुगा लुगा लुगा लुगा लुगा लुगा लुगा लुगा लुगा लुगा"
nepali_dresses_augmented/sherpa_dress_chuba_bakkhu/41_aug1.jpg,"An old woman with a cane walking down the street. This is the Chuba / Bakkhu, the traditional attire of the Sherpa community of Nepal. This warm wrap-around dress is worn in the Himalayan region during festivals such as Lhosar.","एक बुढी महिला सडकमा एक लाठीको साथ हिंड्छिन्। यो Chuba / Bakkhu हो, नेपालको शेर्पा समुदायको परम्परागत पोशाक हो। यो न्यानो लुगा लुगा लुगा लुगा जस्तै महोत्सवहरूमा हिमालय क्षेत्रमा लगाइन्छ। यो लुगा लुगा लुगा लुगा लुगा लुगा लुगा लुगा लुगा लुगा लुगा लुगा लुगा लुगा लुगा लुगा लुगा लुगा लुगा लुगा लुगा लुगा लुगा लुगा लुगा लुगा लुगा लुगा लुगा लुगा लुगा लुगा लुगा लुगा लुगा लुगा लुगा लुगा लुगा लुगा लुगा लुगा लुगा लुगा लुगा लुगा लुगा लुगा लुगा लुगा लुगा लुगा लुगा लुगा लुगा लुगा लुगा लुगा लुगा लुगा लुगा लुगा लुगा लुगा लुगा लुगा लुगा लुगा लुगा लुगा लुगा लुगा लुगा लुगा लुगा लुगा लुगा"
nepali_dresses_augmented/sherpa_dress_chuba_bakkhu/41_aug2.jpg,"An old woman with a cane walking down the street. This is the Chuba / Bakkhu, the traditional attire of the Sherpa community of Nepal. This warm wrap-around dress is worn in the Himalayan region during festivals such as Lhosar.","एक बुढी महिला सडकमा एक लाठीको साथ हिंड्छिन्। यो Chuba / Bakkhu हो, नेपालको शेर्पा समुदायको परम्परागत पोशाक हो। यो न्यानो लुगा लुगा लुगा लुगा जस्तै महोत्सवहरूमा हिमालय क्षेत्रमा लगाइन्छ। यो लुगा लुगा लुगा लुगा लुगा लुगा लुगा लुगा लुगा लुगा लुगा लुगा लुगा लुगा लुगा लुगा लुगा लुगा लुगा लुगा लुगा लुगा लुगा लुगा लुगा लुगा लुगा लुगा लुगा लुगा लुगा लुगा लुगा लुगा लुगा लुगा लुगा लुगा लुगा लुगा लुगा लुगा लुगा लुगा लुगा लुगा लुगा लुगा लुगा लुगा लुगा लुगा लुगा लुगा लुगा लुगा लुगा लुगा लुगा लुगा लुगा लुगा लुगा लुगा लुगा लुगा लुगा लुगा लुगा लुगा लुगा लुगा लुगा लुगा लुगा लुगा लुगा"
nepali_dresses_augmented/sherpa_dress_chuba_bakkhu/41_aug3.jpg,"An old woman with a cane walking down the street. This is the Chuba / Bakkhu, the traditional attire of the Sherpa community of Nepal. This warm wrap-around dress is worn in the Himalayan region during festivals such as Lhosar.","एक बुढी महिला सडकमा एक लाठीको साथ हिंड्छिन्। यो Chuba / Bakkhu हो, नेपालको शेर्पा समुदायको परम्परागत पोशाक हो। यो न्यानो लुगा लुगा लुगा लुगा जस्तै महोत्सवहरूमा हिमालय क्षेत्रमा लगाइन्छ। यो लुगा लुगा लुगा लुगा लुगा लुगा लुगा लुगा लुगा लुगा लुगा लुगा लुगा लुगा लुगा लुगा लुगा लुगा लुगा लुगा लुगा लुगा लुगा लुगा लुगा लुगा लुगा लुगा लुगा लुगा लुगा लुगा लुगा लुगा लुगा लुगा लुगा लुगा लुगा लुगा लुगा लुगा लुगा लुगा लुगा लुगा लुगा लुगा लुगा लुगा लुगा लुगा लुगा लुगा लुगा लुगा लुगा लुगा लुगा लुगा लुगा लुगा लुगा लुगा लुगा लुगा लुगा लुगा लुगा लुगा लुगा लुगा लुगा लुगा लुगा लुगा लुगा"
nepali_dresses_augmented/sherpa_dress_chuba_bakkhu/42.jpg,"A group of women in traditional dress walking down the street. This is the Chuba / Bakkhu, the traditional attire of the Sherpa community of Nepal. This warm wrap-around dress is worn in the Himalayan region during festivals such as Lhosar.","एक समूह महिलाहरु परम्परागत पोशाकमा सडकमा हिंडिरहेका छन्। यो Chuba / Bakkhu हो, नेपालको शेर्पा समुदायको परम्परागत पोशाक। यो न्यानो लुगा लगाउने पोशाक ल्होसर जस्ता चाडहरूमा हिमालय क्षेत्रमा लगाइन्छ।"
nepali_dresses_augmented/sherpa_dress_chuba_bakkhu/42_aug1.jpg,"A group of women in traditional dress walking down the street. This is the Chuba / Bakkhu, the traditional attire of the Sherpa community of Nepal. This warm wrap-around dress is worn in the Himalayan region during festivals such as Lhosar.","एक समूह महिलाहरु परम्परागत पोशाकमा सडकमा हिंडिरहेका छन्। यो Chuba / Bakkhu हो, नेपालको शेर्पा समुदायको परम्परागत पोशाक। यो न्यानो लुगा लगाउने पोशाक ल्होसर जस्ता चाडहरूमा हिमालय क्षेत्रमा लगाइन्छ।"
nepali_dresses_augmented/sherpa_dress_chuba_bakkhu/42_aug2.jpg,"A group of women in traditional dress walking down the street. This is the Chuba / Bakkhu, the traditional attire of the Sherpa community of Nepal. This warm wrap-around dress is worn in the Himalayan region during festivals such as Lhosar.","एक समूह महिलाहरु परम्परागत पोशाकमा सडकमा हिंडिरहेका छन्। यो Chuba / Bakkhu हो, नेपालको शेर्पा समुदायको परम्परागत पोशाक। यो न्यानो लुगा लगाउने पोशाक ल्होसर जस्ता चाडहरूमा हिमालय क्षेत्रमा लगाइन्छ।"
nepali_dresses_augmented/sherpa_dress_chuba_bakkhu/42_aug3.jpg,"A group of women in traditional dress walking down the street. This is the Chuba / Bakkhu, the traditional attire of the Sherpa community of Nepal. This warm wrap-around dress is worn in the Himalayan region during festivals such as Lhosar.","एक समूह महिलाहरु परम्परागत पोशाकमा सडकमा हिंडिरहेका छन्। यो Chuba / Bakkhu हो, नेपालको शेर्पा समुदायको परम्परागत पोशाक। यो न्यानो लुगा लगाउने पोशाक ल्होसर जस्ता चाडहरूमा हिमालय क्षेत्रमा लगाइन्छ।"
nepali_dresses_augmented/sherpa_dress_chuba_bakkhu/43.jpg,"A woman standing in front of a pile of clothes. This is the Chuba / Bakkhu, the traditional attire of the Sherpa community of Nepal. This warm wrap-around dress is worn in the Himalayan region during festivals such as Lhosar.","एक महिला कपडाको ढेरको अगाडि उभिएकी छिन्। यो Chuba / Bakkhu हो, नेपालको शेर्पा समुदायको परम्परागत पोशाक हो। यो न्यानो लुगा लुगा लगाउने लुगा लोसर जस्ता पर्वहरूमा हिमालय क्षेत्रमा लगाइन्छ।"
nepali_dresses_augmented/sherpa_dress_chuba_bakkhu/43_aug1.jpg,"A woman standing in front of a pile of clothes. This is the Chuba / Bakkhu, the traditional attire of the Sherpa community of Nepal. This warm wrap-around dress is worn in the Himalayan region during festivals such as Lhosar.","एक महिला कपडाको ढेरको अगाडि उभिएकी छिन्। यो Chuba / Bakkhu हो, नेपालको शेर्पा समुदायको परम्परागत पोशाक हो। यो न्यानो लुगा लुगा लगाउने लुगा लोसर जस्ता पर्वहरूमा हिमालय क्षेत्रमा लगाइन्छ।"
nepali_dresses_augmented/sherpa_dress_chuba_bakkhu/43_aug2.jpg,"A woman standing in front of a pile of clothes. This is the Chuba / Bakkhu, the traditional attire of the Sherpa community of Nepal. This warm wrap-around dress is worn in the Himalayan region during festivals such as Lhosar.","एक महिला कपडाको ढेरको अगाडि उभिएकी छिन्। यो Chuba / Bakkhu हो, नेपालको शेर्पा समुदायको परम्परागत पोशाक हो। यो न्यानो लुगा लुगा लगाउने लुगा लोसर जस्ता पर्वहरूमा हिमालय क्षेत्रमा लगाइन्छ।"
nepali_dresses_augmented/sherpa_dress_chuba_bakkhu/43_aug3.jpg,"A woman standing in front of a pile of clothes. This is the Chuba / Bakkhu, the traditional attire of the Sherpa community of Nepal. This warm wrap-around dress is worn in the Himalayan region during festivals such as Lhosar.","एक महिला कपडाको ढेरको अगाडि उभिएकी छिन्। यो Chuba / Bakkhu हो, नेपालको शेर्पा समुदायको परम्परागत पोशाक हो। यो न्यानो लुगा लुगा लगाउने लुगा लोसर जस्ता पर्वहरूमा हिमालय क्षेत्रमा लगाइन्छ।"
nepali_dresses_augmented/sherpa_dress_chuba_bakkhu/44.jpg,"A group of young girls in traditional dress. This is the Chuba / Bakkhu, the traditional attire of the Sherpa community of Nepal. This warm wrap-around dress is worn in the Himalayan region during festivals such as Lhosar.",नेपालको शेर्पा समुदायको परम्परागत पोशाक चुबा/बखू हो । यो हिमालय क्षेत्रमा लोसर जस्ता चाडपर्वहरूमा यो न्यानो लुगा लगाइन्छ ।
nepali_dresses_augmented/sherpa_dress_chuba_bakkhu/44_aug1.jpg,"A group of young girls in traditional dress. This is the Chuba / Bakkhu, the traditional attire of the Sherpa community of Nepal. This warm wrap-around dress is worn in the Himalayan region during festivals such as Lhosar.",नेपालको शेर्पा समुदायको परम्परागत पोशाक चुबा/बखू हो । यो हिमालय क्षेत्रमा लोसर जस्ता चाडपर्वहरूमा यो न्यानो लुगा लगाइन्छ ।
nepali_dresses_augmented/sherpa_dress_chuba_bakkhu/44_aug2.jpg,"A group of young girls in traditional dress. This is the Chuba / Bakkhu, the traditional attire of the Sherpa community of Nepal. This warm wrap-around dress is worn in the Himalayan region during festivals such as Lhosar.",नेपालको शेर्पा समुदायको परम्परागत पोशाक चुबा/बखू हो । यो हिमालय क्षेत्रमा लोसर जस्ता चाडपर्वहरूमा यो न्यानो लुगा लगाइन्छ ।
nepali_dresses_augmented/sherpa_dress_chuba_bakkhu/44_aug3.jpg,"A group of young girls in traditional dress. This is the Chuba / Bakkhu, the traditional attire of the Sherpa community of Nepal. This warm wrap-around dress is worn in the Himalayan region during festivals such as Lhosar.",नेपालको शेर्पा समुदायको परम्परागत पोशाक चुबा/बखू हो । यो हिमालय क्षेत्रमा लोसर जस्ता चाडपर्वहरूमा यो न्यानो लुगा लगाइन्छ ।
nepali_dresses_augmented/sherpa_dress_chuba_bakkhu/45.jpg,"A woman with an umbrella standing in front of her. This is the Chuba / Bakkhu, the traditional attire of the Sherpa community of Nepal. This warm wrap-around dress is worn in the Himalayan region during festivals such as Lhosar.",नेपालको शेर्पा समुदायको परम्परागत पोशाक चुबा/बखू हो। यो न्यानो लुगा हिमालय क्षेत्रमा लोसर जस्ता पर्वहरूमा लगाइन्छ।
nepali_dresses_augmented/sherpa_dress_chuba_bakkhu/45_aug1.jpg,"A woman with an umbrella standing in front of her. This is the Chuba / Bakkhu, the traditional attire of the Sherpa community of Nepal. This warm wrap-around dress is worn in the Himalayan region during festivals such as Lhosar.",नेपालको शेर्पा समुदायको परम्परागत पोशाक चुबा/बखू हो। यो न्यानो लुगा हिमालय क्षेत्रमा लोसर जस्ता पर्वहरूमा लगाइन्छ।
nepali_dresses_augmented/sherpa_dress_chuba_bakkhu/45_aug2.jpg,"A woman with an umbrella standing in front of her. This is the Chuba / Bakkhu, the traditional attire of the Sherpa community of Nepal. This warm wrap-around dress is worn in the Himalayan region during festivals such as Lhosar.",नेपालको शेर्पा समुदायको परम्परागत पोशाक चुबा/बखू हो। यो न्यानो लुगा हिमालय क्षेत्रमा लोसर जस्ता पर्वहरूमा लगाइन्छ।
nepali_dresses_augmented/sherpa_dress_chuba_bakkhu/45_aug3.jpg,"A woman with an umbrella standing in front of her. This is the Chuba / Bakkhu, the traditional attire of the Sherpa community of Nepal. This warm wrap-around dress is worn in the Himalayan region during festivals such as Lhosar.",नेपालको शेर्पा समुदायको परम्परागत पोशाक चुबा/बखू हो। यो न्यानो लुगा हिमालय क्षेत्रमा लोसर जस्ता पर्वहरूमा लगाइन्छ।
nepali_dresses_augmented/sherpa_dress_chuba_bakkhu/46.jpg,"A couple dressed in traditional costumes. This is the Chuba / Bakkhu, the traditional attire of the Sherpa community of Nepal. This warm wrap-around dress is worn in the Himalayan region during festivals such as Lhosar.","एक जोडीले परम्परागत पोशाकमा लुगा लगाएका छन्। यो Chuba / Bakkhu हो, नेपालको शेर्पा समुदायको परम्परागत पोशाक। यो न्यानो लुगा लगाउने पोशाक हिमालय क्षेत्रमा लोसार जस्ता चाडहरूमा लगाइन्छ।"
nepali_dresses_augmented/sherpa_dress_chuba_bakkhu/46_aug1.jpg,"A couple dressed in traditional costumes. This is the Chuba / Bakkhu, the traditional attire of the Sherpa community of Nepal. This warm wrap-around dress is worn in the Himalayan region during festivals such as Lhosar.","एक जोडीले परम्परागत पोशाकमा लुगा लगाएका छन्। यो Chuba / Bakkhu हो, नेपालको शेर्पा समुदायको परम्परागत पोशाक। यो न्यानो लुगा लगाउने पोशाक हिमालय क्षेत्रमा लोसार जस्ता चाडहरूमा लगाइन्छ।"
nepali_dresses_augmented/sherpa_dress_chuba_bakkhu/46_aug2.jpg,"A couple dressed in traditional costumes. This is the Chuba / Bakkhu, the traditional attire of the Sherpa community of Nepal. This warm wrap-around dress is worn in the Himalayan region during festivals such as Lhosar.","एक जोडीले परम्परागत पोशाकमा लुगा लगाएका छन्। यो Chuba / Bakkhu हो, नेपालको शेर्पा समुदायको परम्परागत पोशाक। यो न्यानो लुगा लगाउने पोशाक हिमालय क्षेत्रमा लोसार जस्ता चाडहरूमा लगाइन्छ।"
nepali_dresses_augmented/sherpa_dress_chuba_bakkhu/46_aug3.jpg,"A couple dressed in traditional costumes. This is the Chuba / Bakkhu, the traditional attire of the Sherpa community of Nepal. This warm wrap-around dress is worn in the Himalayan region during festivals such as Lhosar.","एक जोडीले परम्परागत पोशाकमा लुगा लगाएका छन्। यो Chuba / Bakkhu हो, नेपालको शेर्पा समुदायको परम्परागत पोशाक। यो न्यानो लुगा लगाउने पोशाक हिमालय क्षेत्रमा लोसार जस्ता चाडहरूमा लगाइन्छ।"
nepali_dresses_augmented/sherpa_dress_chuba_bakkhu/47.jpg,"A man in traditional costume. This is the Chuba / Bakkhu, the traditional attire of the Sherpa community of Nepal. This warm wrap-around dress is worn in the Himalayan region during festivals such as Lhosar.","परम्परागत पोशाकमा एक पुरुष। यो Chuba / Bakkhu हो, नेपालको शेर्पा समुदायको परम्परागत पोशाक। यो न्यानो वेप-अराउन्ड पोशाक हिमालय क्षेत्रमा लोसार जस्ता चाडहरूमा लगाइन्छ।"
nepali_dresses_augmented/sherpa_dress_chuba_bakkhu/47_aug1.jpg,"A man in traditional costume. This is the Chuba / Bakkhu, the traditional attire of the Sherpa community of Nepal. This warm wrap-around dress is worn in the Himalayan region during festivals such as Lhosar.","परम्परागत पोशाकमा एक पुरुष। यो Chuba / Bakkhu हो, नेपालको शेर्पा समुदायको परम्परागत पोशाक। यो न्यानो वेप-अराउन्ड पोशाक हिमालय क्षेत्रमा लोसार जस्ता चाडहरूमा लगाइन्छ।"
nepali_dresses_augmented/sherpa_dress_chuba_bakkhu/47_aug2.jpg,"A man in traditional costume. This is the Chuba / Bakkhu, the traditional attire of the Sherpa community of Nepal. This warm wrap-around dress is worn in the Himalayan region during festivals such as Lhosar.","परम्परागत पोशाकमा एक पुरुष। यो Chuba / Bakkhu हो, नेपालको शेर्पा समुदायको परम्परागत पोशाक। यो न्यानो वेप-अराउन्ड पोशाक हिमालय क्षेत्रमा लोसार जस्ता चाडहरूमा लगाइन्छ।"
nepali_dresses_augmented/sherpa_dress_chuba_bakkhu/47_aug3.jpg,"A man in traditional costume. This is the Chuba / Bakkhu, the traditional attire of the Sherpa community of Nepal. This warm wrap-around dress is worn in the Himalayan region during festivals such as Lhosar.","परम्परागत पोशाकमा एक पुरुष। यो Chuba / Bakkhu हो, नेपालको शेर्पा समुदायको परम्परागत पोशाक। यो न्यानो वेप-अराउन्ड पोशाक हिमालय क्षेत्रमा लोसार जस्ता चाडहरूमा लगाइन्छ।"
nepali_dresses_augmented/sherpa_dress_chuba_bakkhu/48.jpg,"A woman in a pink dress standing in front of a pagoda. This is the Chuba / Bakkhu, the traditional attire of the Sherpa community of Nepal. This warm wrap-around dress is worn in the Himalayan region during festivals such as Lhosar.",नेपालको शेर्पा समुदायको परम्परागत पोशाक चुबा/बखू हो। यो न्यानो लुगा हिमालय क्षेत्रमा लोसर जस्ता पर्वहरूमा लगाइन्छ।
nepali_dresses_augmented/sherpa_dress_chuba_bakkhu/48_aug1.jpg,"A woman in a pink dress standing in front of a pagoda. This is the Chuba / Bakkhu, the traditional attire of the Sherpa community of Nepal. This warm wrap-around dress is worn in the Himalayan region during festivals such as Lhosar.",नेपालको शेर्पा समुदायको परम्परागत पोशाक चुबा/बखू हो। यो न्यानो लुगा हिमालय क्षेत्रमा लोसर जस्ता पर्वहरूमा लगाइन्छ।
nepali_dresses_augmented/sherpa_dress_chuba_bakkhu/48_aug2.jpg,"A woman in a pink dress standing in front of a pagoda. This is the Chuba / Bakkhu, the traditional attire of the Sherpa community of Nepal. This warm wrap-around dress is worn in the Himalayan region during festivals such as Lhosar.",नेपालको शेर्पा समुदायको परम्परागत पोशाक चुबा/बखू हो। यो न्यानो लुगा हिमालय क्षेत्रमा लोसर जस्ता पर्वहरूमा लगाइन्छ।
nepali_dresses_augmented/sherpa_dress_chuba_bakkhu/48_aug3.jpg,"A woman in a pink dress standing in front of a pagoda. This is the Chuba / Bakkhu, the traditional attire of the Sherpa community of Nepal. This warm wrap-around dress is worn in the Himalayan region during festivals such as Lhosar.",नेपालको शेर्पा समुदायको परम्परागत पोशाक चुबा/बखू हो। यो न्यानो लुगा हिमालय क्षेत्रमा लोसर जस्ता पर्वहरूमा लगाइन्छ।
nepali_dresses_augmented/sherpa_dress_chuba_bakkhu/49.jpg,"A woman sitting on a chair wearing a white shirt and striped skirt. This is the Chuba / Bakkhu, the traditional attire of the Sherpa community of Nepal. This warm wrap-around dress is worn in the Himalayan region during festivals such as Lhosar.","एक महिला सेतो शर्ट र पङ्क्तिबद्ध स्कर्ट लगाएर कुर्सीमा बसिरहेको छ। यो Chuba / Bakkhu हो, नेपालको शेर्पा समुदायको परम्परागत पोशाक हो। यो न्यानो वेप-अराउन्ड पोशाक ल्होसर जस्ता पर्वहरूमा हिमालय क्षेत्रमा लगाइन्छ।"
nepali_dresses_augmented/sherpa_dress_chuba_bakkhu/49_aug1.jpg,"A woman sitting on a chair wearing a white shirt and striped skirt. This is the Chuba / Bakkhu, the traditional attire of the Sherpa community of Nepal. This warm wrap-around dress is worn in the Himalayan region during festivals such as Lhosar.","एक महिला सेतो शर्ट र पङ्क्तिबद्ध स्कर्ट लगाएर कुर्सीमा बसिरहेको छ। यो Chuba / Bakkhu हो, नेपालको शेर्पा समुदायको परम्परागत पोशाक हो। यो न्यानो वेप-अराउन्ड पोशाक ल्होसर जस्ता पर्वहरूमा हिमालय क्षेत्रमा लगाइन्छ।"
nepali_dresses_augmented/sherpa_dress_chuba_bakkhu/49_aug2.jpg,"A woman sitting on a chair wearing a white shirt and striped skirt. This is the Chuba / Bakkhu, the traditional attire of the Sherpa community of Nepal. This warm wrap-around dress is worn in the Himalayan region during festivals such as Lhosar.","एक महिला सेतो शर्ट र पङ्क्तिबद्ध स्कर्ट लगाएर कुर्सीमा बसिरहेको छ। यो Chuba / Bakkhu हो, नेपालको शेर्पा समुदायको परम्परागत पोशाक हो। यो न्यानो वेप-अराउन्ड पोशाक ल्होसर जस्ता पर्वहरूमा हिमालय क्षेत्रमा लगाइन्छ।"
nepali_dresses_augmented/sherpa_dress_chuba_bakkhu/49_aug3.jpg,"A woman sitting on a chair wearing a white shirt and striped skirt. This is the Chuba / Bakkhu, the traditional attire of the Sherpa community of Nepal. This warm wrap-around dress is worn in the Himalayan region during festivals such as Lhosar.","एक महिला सेतो शर्ट र पङ्क्तिबद्ध स्कर्ट लगाएर कुर्सीमा बसिरहेको छ। यो Chuba / Bakkhu हो, नेपालको शेर्पा समुदायको परम्परागत पोशाक हो। यो न्यानो वेप-अराउन्ड पोशाक ल्होसर जस्ता पर्वहरूमा हिमालय क्षेत्रमा लगाइन्छ।"
nepali_dresses_augmented/sherpa_dress_chuba_bakkhu/4_aug1.jpg,"A group of young girls in traditional dress and hats - stock image. This is the Chuba / Bakkhu, the traditional attire of the Sherpa community of Nepal. This warm wrap-around dress is worn in the Himalayan region during festivals such as Lhosar.",नेपालको शेर्पा समुदायको परम्परागत पोशाक चुबा/बखू हो । यो हिमालय क्षेत्रमा लोसर जस्ता चाडपर्वहरूमा यो न्यानो लुगा लगाइन्छ ।
nepali_dresses_augmented/sherpa_dress_chuba_bakkhu/4_aug2.jpg,"A group of young girls in traditional dress and hats - stock image. This is the Chuba / Bakkhu, the traditional attire of the Sherpa community of Nepal. This warm wrap-around dress is worn in the Himalayan region during festivals such as Lhosar.",नेपालको शेर्पा समुदायको परम्परागत पोशाक चुबा/बखू हो । यो हिमालय क्षेत्रमा लोसर जस्ता चाडपर्वहरूमा यो न्यानो लुगा लगाइन्छ ।
nepali_dresses_augmented/sherpa_dress_chuba_bakkhu/4_aug3.jpg,"A group of young girls in traditional dress and hats - stock image. This is the Chuba / Bakkhu, the traditional attire of the Sherpa community of Nepal. This warm wrap-around dress is worn in the Himalayan region during festivals such as Lhosar.",नेपालको शेर्पा समुदायको परम्परागत पोशाक चुबा/बखू हो । यो हिमालय क्षेत्रमा लोसर जस्ता चाडपर्वहरूमा यो न्यानो लुगा लगाइन्छ ।
nepali_dresses_augmented/sherpa_dress_chuba_bakkhu/4_aug4.jpg,"A group of young girls in traditional dress and hats - stock image. This is the Chuba / Bakkhu, the traditional attire of the Sherpa community of Nepal. This warm wrap-around dress is worn in the Himalayan region during festivals such as Lhosar.",नेपालको शेर्पा समुदायको परम्परागत पोशाक चुबा/बखू हो । यो हिमालय क्षेत्रमा लोसर जस्ता चाडपर्वहरूमा यो न्यानो लुगा लगाइन्छ ।
nepali_dresses_augmented/sherpa_dress_chuba_bakkhu/5.jpg,"A young woman sitting on the floor in front of her shop - stock image. This is the Chuba / Bakkhu, the traditional attire of the Sherpa community of Nepal. This warm wrap-around dress is worn in the Himalayan region during festivals such as Lhosar.","एक युवती आफ्नो पसलको अगाडि भुइँमा बसिरहेको छ - स्टक छवि। यो Chuba / Bakkhu हो, नेपालको शेर्पा समुदायको परम्परागत पोशाक। यो न्यानो लुगा लुगा लगाउने पोशाक ल्होसर जस्ता पर्वहरूमा हिमालय क्षेत्रमा लगाइन्छ।"
nepali_dresses_augmented/sherpa_dress_chuba_bakkhu/50.jpg,"A little girl in a colorful dress on a stage. This is the Chuba / Bakkhu, the traditional attire of the Sherpa community of Nepal. This warm wrap-around dress is worn in the Himalayan region during festivals such as Lhosar.","एक रंगीन पोशाकमा एक सानो केटी स्टेजमा। यो Chuba / Bakkhu हो, नेपालको शेर्पा समुदायको परम्परागत पोशाक। यो न्यानो लुगा लगाउने पोशाक हिमालय क्षेत्रमा लोसर जस्ता चाडहरूमा लगाइन्छ।"
nepali_dresses_augmented/sherpa_dress_chuba_bakkhu/50_aug1.jpg,"A little girl in a colorful dress on a stage. This is the Chuba / Bakkhu, the traditional attire of the Sherpa community of Nepal. This warm wrap-around dress is worn in the Himalayan region during festivals such as Lhosar.","एक रंगीन पोशाकमा एक सानो केटी स्टेजमा। यो Chuba / Bakkhu हो, नेपालको शेर्पा समुदायको परम्परागत पोशाक। यो न्यानो लुगा लगाउने पोशाक हिमालय क्षेत्रमा लोसर जस्ता चाडहरूमा लगाइन्छ।"
nepali_dresses_augmented/sherpa_dress_chuba_bakkhu/50_aug2.jpg,"A little girl in a colorful dress on a stage. This is the Chuba / Bakkhu, the traditional attire of the Sherpa community of Nepal. This warm wrap-around dress is worn in the Himalayan region during festivals such as Lhosar.","एक रंगीन पोशाकमा एक सानो केटी स्टेजमा। यो Chuba / Bakkhu हो, नेपालको शेर्पा समुदायको परम्परागत पोशाक। यो न्यानो लुगा लगाउने पोशाक हिमालय क्षेत्रमा लोसर जस्ता चाडहरूमा लगाइन्छ।"
nepali_dresses_augmented/sherpa_dress_chuba_bakkhu/50_aug3.jpg,"A little girl in a colorful dress on a stage. This is the Chuba / Bakkhu, the traditional attire of the Sherpa community of Nepal. This warm wrap-around dress is worn in the Himalayan region during festivals such as Lhosar.","एक रंगीन पोशाकमा एक सानो केटी स्टेजमा। यो Chuba / Bakkhu हो, नेपालको शेर्पा समुदायको परम्परागत पोशाक। यो न्यानो लुगा लगाउने पोशाक हिमालय क्षेत्रमा लोसर जस्ता चाडहरूमा लगाइन्छ।"
nepali_dresses_augmented/sherpa_dress_chuba_bakkhu/51.jpg,"A woman in a green dress standing on stairs. This is the Chuba / Bakkhu, the traditional attire of the Sherpa community of Nepal. This warm wrap-around dress is worn in the Himalayan region during festivals such as Lhosar.","एक महिला हरियो पोशाकमा सिढीमा उभिएकी छिन्। यो Chuba / Bakkhu हो, नेपालको शेर्पा समुदायको परम्परागत पोशाक हो। यो न्यानो लुगा लगाउने पोशाक हिमालय क्षेत्रमा लोसार जस्ता चाडहरूमा लगाइन्छ।"
nepali_dresses_augmented/sherpa_dress_chuba_bakkhu/51_aug1.jpg,"A woman in a green dress standing on stairs. This is the Chuba / Bakkhu, the traditional attire of the Sherpa community of Nepal. This warm wrap-around dress is worn in the Himalayan region during festivals such as Lhosar.","एक महिला हरियो पोशाकमा सिढीमा उभिएकी छिन्। यो Chuba / Bakkhu हो, नेपालको शेर्पा समुदायको परम्परागत पोशाक हो। यो न्यानो लुगा लगाउने पोशाक हिमालय क्षेत्रमा लोसार जस्ता चाडहरूमा लगाइन्छ।"
nepali_dresses_augmented/sherpa_dress_chuba_bakkhu/51_aug2.jpg,"A woman in a green dress standing on stairs. This is the Chuba / Bakkhu, the traditional attire of the Sherpa community of Nepal. This warm wrap-around dress is worn in the Himalayan region during festivals such as Lhosar.","एक महिला हरियो पोशाकमा सिढीमा उभिएकी छिन्। यो Chuba / Bakkhu हो, नेपालको शेर्पा समुदायको परम्परागत पोशाक हो। यो न्यानो लुगा लगाउने पोशाक हिमालय क्षेत्रमा लोसार जस्ता चाडहरूमा लगाइन्छ।"
nepali_dresses_augmented/sherpa_dress_chuba_bakkhu/51_aug3.jpg,"A woman in a green dress standing on stairs. This is the Chuba / Bakkhu, the traditional attire of the Sherpa community of Nepal. This warm wrap-around dress is worn in the Himalayan region during festivals such as Lhosar.","एक महिला हरियो पोशाकमा सिढीमा उभिएकी छिन्। यो Chuba / Bakkhu हो, नेपालको शेर्पा समुदायको परम्परागत पोशाक हो। यो न्यानो लुगा लगाउने पोशाक हिमालय क्षेत्रमा लोसार जस्ता चाडहरूमा लगाइन्छ।"
nepali_dresses_augmented/sherpa_dress_chuba_bakkhu/52.jpg,"A man and woman dressed in traditional clothing. This is the Chuba / Bakkhu, the traditional attire of the Sherpa community of Nepal. This warm wrap-around dress is worn in the Himalayan region during festivals such as Lhosar.","एक पुरुष र महिलाले परम्परागत कपडा लगाएका छन्। यो Chuba / Bakkhu हो, नेपालको शेर्पा समुदायको परम्परागत पोशाक हो। यो न्यानो लुगा लुगा लगाउने लुगा लोसर जस्ता चाडहरूमा हिमालय क्षेत्रमा लगाइन्छ।"
nepali_dresses_augmented/sherpa_dress_chuba_bakkhu/52_aug1.jpg,"A man and woman dressed in traditional clothing. This is the Chuba / Bakkhu, the traditional attire of the Sherpa community of Nepal. This warm wrap-around dress is worn in the Himalayan region during festivals such as Lhosar.","एक पुरुष र महिलाले परम्परागत कपडा लगाएका छन्। यो Chuba / Bakkhu हो, नेपालको शेर्पा समुदायको परम्परागत पोशाक हो। यो न्यानो लुगा लुगा लगाउने लुगा लोसर जस्ता चाडहरूमा हिमालय क्षेत्रमा लगाइन्छ।"
nepali_dresses_augmented/sherpa_dress_chuba_bakkhu/52_aug2.jpg,"A man and woman dressed in traditional clothing. This is the Chuba / Bakkhu, the traditional attire of the Sherpa community of Nepal. This warm wrap-around dress is worn in the Himalayan region during festivals such as Lhosar.","एक पुरुष र महिलाले परम्परागत कपडा लगाएका छन्। यो Chuba / Bakkhu हो, नेपालको शेर्पा समुदायको परम्परागत पोशाक हो। यो न्यानो लुगा लुगा लगाउने लुगा लोसर जस्ता चाडहरूमा हिमालय क्षेत्रमा लगाइन्छ।"
nepali_dresses_augmented/sherpa_dress_chuba_bakkhu/52_aug3.jpg,"A man and woman dressed in traditional clothing. This is the Chuba / Bakkhu, the traditional attire of the Sherpa community of Nepal. This warm wrap-around dress is worn in the Himalayan region during festivals such as Lhosar.","एक पुरुष र महिलाले परम्परागत कपडा लगाएका छन्। यो Chuba / Bakkhu हो, नेपालको शेर्पा समुदायको परम्परागत पोशाक हो। यो न्यानो लुगा लुगा लगाउने लुगा लोसर जस्ता चाडहरूमा हिमालय क्षेत्रमा लगाइन्छ।"
nepali_dresses_augmented/sherpa_dress_chuba_bakkhu/53.jpg,"A couple in traditional clothing. This is the Chuba / Bakkhu, the traditional attire of the Sherpa community of Nepal. This warm wrap-around dress is worn in the Himalayan region during festivals such as Lhosar.","परम्परागत कपडामा एक जोडी। यो Chuba / Bakkhu हो, नेपालको शेर्पा समुदायको परम्परागत पोशाक। यो न्यानो वेप-अराउन्ड पोशाक हिमालय क्षेत्रमा लोसार जस्ता चाडहरूमा लगाइन्छ।"
nepali_dresses_augmented/sherpa_dress_chuba_bakkhu/53_aug1.jpg,"A couple in traditional clothing. This is the Chuba / Bakkhu, the traditional attire of the Sherpa community of Nepal. This warm wrap-around dress is worn in the Himalayan region during festivals such as Lhosar.","परम्परागत कपडामा एक जोडी। यो Chuba / Bakkhu हो, नेपालको शेर्पा समुदायको परम्परागत पोशाक। यो न्यानो वेप-अराउन्ड पोशाक हिमालय क्षेत्रमा लोसार जस्ता चाडहरूमा लगाइन्छ।"
nepali_dresses_augmented/sherpa_dress_chuba_bakkhu/53_aug2.jpg,"A couple in traditional clothing. This is the Chuba / Bakkhu, the traditional attire of the Sherpa community of Nepal. This warm wrap-around dress is worn in the Himalayan region during festivals such as Lhosar.","परम्परागत कपडामा एक जोडी। यो Chuba / Bakkhu हो, नेपालको शेर्पा समुदायको परम्परागत पोशाक। यो न्यानो वेप-अराउन्ड पोशाक हिमालय क्षेत्रमा लोसार जस्ता चाडहरूमा लगाइन्छ।"
nepali_dresses_augmented/sherpa_dress_chuba_bakkhu/53_aug3.jpg,"A couple in traditional clothing. This is the Chuba / Bakkhu, the traditional attire of the Sherpa community of Nepal. This warm wrap-around dress is worn in the Himalayan region during festivals such as Lhosar.","परम्परागत कपडामा एक जोडी। यो Chuba / Bakkhu हो, नेपालको शेर्पा समुदायको परम्परागत पोशाक। यो न्यानो वेप-अराउन्ड पोशाक हिमालय क्षेत्रमा लोसार जस्ता चाडहरूमा लगाइन्छ।"
nepali_dresses_augmented/sherpa_dress_chuba_bakkhu/54.jpg,"Three young girls in traditional dress at a tibetan temple. This is the Chuba / Bakkhu, the traditional attire of the Sherpa community of Nepal. This warm wrap-around dress is worn in the Himalayan region during festivals such as Lhosar.",तिब्बती मन्दिरमा परम्परागत पोशाकमा तीन युवतीहरू। यो नेपालको शेर्पा समुदायको परम्परागत पोशाक चुबा / बखू हो। यो न्यानो लुगा लगाउने पोशाक लोसर जस्ता पर्वहरूमा हिमालय क्षेत्रमा लगाइन्छ।
nepali_dresses_augmented/sherpa_dress_chuba_bakkhu/54_aug1.jpg,"Three young girls in traditional dress at a tibetan temple. This is the Chuba / Bakkhu, the traditional attire of the Sherpa community of Nepal. This warm wrap-around dress is worn in the Himalayan region during festivals such as Lhosar.",तिब्बती मन्दिरमा परम्परागत पोशाकमा तीन युवतीहरू। यो नेपालको शेर्पा समुदायको परम्परागत पोशाक चुबा / बखू हो। यो न्यानो लुगा लगाउने पोशाक लोसर जस्ता पर्वहरूमा हिमालय क्षेत्रमा लगाइन्छ।
nepali_dresses_augmented/sherpa_dress_chuba_bakkhu/54_aug2.jpg,"Three young girls in traditional dress at a tibetan temple. This is the Chuba / Bakkhu, the traditional attire of the Sherpa community of Nepal. This warm wrap-around dress is worn in the Himalayan region during festivals such as Lhosar.",तिब्बती मन्दिरमा परम्परागत पोशाकमा तीन युवतीहरू। यो नेपालको शेर्पा समुदायको परम्परागत पोशाक चुबा / बखू हो। यो न्यानो लुगा लगाउने पोशाक लोसर जस्ता पर्वहरूमा हिमालय क्षेत्रमा लगाइन्छ।
nepali_dresses_augmented/sherpa_dress_chuba_bakkhu/54_aug3.jpg,"Three young girls in traditional dress at a tibetan temple. This is the Chuba / Bakkhu, the traditional attire of the Sherpa community of Nepal. This warm wrap-around dress is worn in the Himalayan region during festivals such as Lhosar.",तिब्बती मन्दिरमा परम्परागत पोशाकमा तीन युवतीहरू। यो नेपालको शेर्पा समुदायको परम्परागत पोशाक चुबा / बखू हो। यो न्यानो लुगा लगाउने पोशाक लोसर जस्ता पर्वहरूमा हिमालय क्षेत्रमा लगाइन्छ।
nepali_dresses_augmented/sherpa_dress_chuba_bakkhu/55.jpg,"A woman wearing a traditional korean dress. This is the Chuba / Bakkhu, the traditional attire of the Sherpa community of Nepal. This warm wrap-around dress is worn in the Himalayan region during festivals such as Lhosar.","एक महिलाले परम्परागत कोरियाली पोशाक लगाउँछिन्। यो Chuba / Bakkhu हो, नेपालको शेर्पा समुदायको परम्परागत पोशाक हो। यो न्यानो लुगा लगाउने पोशाक हिमालय क्षेत्रमा लोसार जस्ता चाडहरूमा लगाइन्छ।"
nepali_dresses_augmented/sherpa_dress_chuba_bakkhu/55_aug1.jpg,"A woman wearing a traditional korean dress. This is the Chuba / Bakkhu, the traditional attire of the Sherpa community of Nepal. This warm wrap-around dress is worn in the Himalayan region during festivals such as Lhosar.","एक महिलाले परम्परागत कोरियाली पोशाक लगाउँछिन्। यो Chuba / Bakkhu हो, नेपालको शेर्पा समुदायको परम्परागत पोशाक हो। यो न्यानो लुगा लगाउने पोशाक हिमालय क्षेत्रमा लोसार जस्ता चाडहरूमा लगाइन्छ।"
nepali_dresses_augmented/sherpa_dress_chuba_bakkhu/55_aug2.jpg,"A woman wearing a traditional korean dress. This is the Chuba / Bakkhu, the traditional attire of the Sherpa community of Nepal. This warm wrap-around dress is worn in the Himalayan region during festivals such as Lhosar.","एक महिलाले परम्परागत कोरियाली पोशाक लगाउँछिन्। यो Chuba / Bakkhu हो, नेपालको शेर्पा समुदायको परम्परागत पोशाक हो। यो न्यानो लुगा लगाउने पोशाक हिमालय क्षेत्रमा लोसार जस्ता चाडहरूमा लगाइन्छ।"
nepali_dresses_augmented/sherpa_dress_chuba_bakkhu/55_aug3.jpg,"A woman wearing a traditional korean dress. This is the Chuba / Bakkhu, the traditional attire of the Sherpa community of Nepal. This warm wrap-around dress is worn in the Himalayan region during festivals such as Lhosar.","एक महिलाले परम्परागत कोरियाली पोशाक लगाउँछिन्। यो Chuba / Bakkhu हो, नेपालको शेर्पा समुदायको परम्परागत पोशाक हो। यो न्यानो लुगा लगाउने पोशाक हिमालय क्षेत्रमा लोसार जस्ता चाडहरूमा लगाइन्छ।"
nepali_dresses_augmented/sherpa_dress_chuba_bakkhu/56.jpg,"An old woman in traditional chinese dress - stock image. This is the Chuba / Bakkhu, the traditional attire of the Sherpa community of Nepal. This warm wrap-around dress is worn in the Himalayan region during festivals such as Lhosar.","परम्परागत चिनियाँ पोशाकमा एक बुढी महिला। यो Chuba / Bakkhu हो, नेपालको शेर्पा समुदायको परम्परागत पोशाक हो। यो न्यानो लुगा लुगा लगाउने लुगा लोसर जस्ता पर्वहरूमा हिमालय क्षेत्रमा लगाइन्छ।"
nepali_dresses_augmented/sherpa_dress_chuba_bakkhu/56_aug1.jpg,"An old woman in traditional chinese dress - stock image. This is the Chuba / Bakkhu, the traditional attire of the Sherpa community of Nepal. This warm wrap-around dress is worn in the Himalayan region during festivals such as Lhosar.","परम्परागत चिनियाँ पोशाकमा एक बुढी महिला। यो Chuba / Bakkhu हो, नेपालको शेर्पा समुदायको परम्परागत पोशाक हो। यो न्यानो लुगा लुगा लगाउने लुगा लोसर जस्ता पर्वहरूमा हिमालय क्षेत्रमा लगाइन्छ।"
nepali_dresses_augmented/sherpa_dress_chuba_bakkhu/56_aug2.jpg,"An old woman in traditional chinese dress - stock image. This is the Chuba / Bakkhu, the traditional attire of the Sherpa community of Nepal. This warm wrap-around dress is worn in the Himalayan region during festivals such as Lhosar.","परम्परागत चिनियाँ पोशाकमा एक बुढी महिला। यो Chuba / Bakkhu हो, नेपालको शेर्पा समुदायको परम्परागत पोशाक हो। यो न्यानो लुगा लुगा लगाउने लुगा लोसर जस्ता पर्वहरूमा हिमालय क्षेत्रमा लगाइन्छ।"
nepali_dresses_augmented/sherpa_dress_chuba_bakkhu/56_aug3.jpg,"An old woman in traditional chinese dress - stock image. This is the Chuba / Bakkhu, the traditional attire of the Sherpa community of Nepal. This warm wrap-around dress is worn in the Himalayan region during festivals such as Lhosar.","परम्परागत चिनियाँ पोशाकमा एक बुढी महिला। यो Chuba / Bakkhu हो, नेपालको शेर्पा समुदायको परम्परागत पोशाक हो। यो न्यानो लुगा लुगा लगाउने लुगा लोसर जस्ता पर्वहरूमा हिमालय क्षेत्रमा लगाइन्छ।"
nepali_dresses_augmented/sherpa_dress_chuba_bakkhu/57.jpg,"Two young girls in traditional clothing stand in front of a wooden door. This is the Chuba / Bakkhu, the traditional attire of the Sherpa community of Nepal. This warm wrap-around dress is worn in the Himalayan region during festivals such as Lhosar.","दुई युवतीहरू परम्परागत कपडामा काठको ढोका अगाडि उभिए। यो चुबा / बखू हो, नेपालको शेर्पा समुदायको परम्परागत पोशाक। यो न्यानो लुगा लगाउने पोशाक लोसर जस्ता चाडहरूमा हिमालय क्षेत्रमा लगाइन्छ।"
nepali_dresses_augmented/sherpa_dress_chuba_bakkhu/57_aug1.jpg,"Two young girls in traditional clothing stand in front of a wooden door. This is the Chuba / Bakkhu, the traditional attire of the Sherpa community of Nepal. This warm wrap-around dress is worn in the Himalayan region during festivals such as Lhosar.","दुई युवतीहरू परम्परागत कपडामा काठको ढोका अगाडि उभिए। यो चुबा / बखू हो, नेपालको शेर्पा समुदायको परम्परागत पोशाक। यो न्यानो लुगा लगाउने पोशाक लोसर जस्ता चाडहरूमा हिमालय क्षेत्रमा लगाइन्छ।"
nepali_dresses_augmented/sherpa_dress_chuba_bakkhu/57_aug2.jpg,"Two young girls in traditional clothing stand in front of a wooden door. This is the Chuba / Bakkhu, the traditional attire of the Sherpa community of Nepal. This warm wrap-around dress is worn in the Himalayan region during festivals such as Lhosar.","दुई युवतीहरू परम्परागत कपडामा काठको ढोका अगाडि उभिए। यो चुबा / बखू हो, नेपालको शेर्पा समुदायको परम्परागत पोशाक। यो न्यानो लुगा लगाउने पोशाक लोसर जस्ता चाडहरूमा हिमालय क्षेत्रमा लगाइन्छ।"
nepali_dresses_augmented/sherpa_dress_chuba_bakkhu/57_aug3.jpg,"Two young girls in traditional clothing stand in front of a wooden door. This is the Chuba / Bakkhu, the traditional attire of the Sherpa community of Nepal. This warm wrap-around dress is worn in the Himalayan region during festivals such as Lhosar.","दुई युवतीहरू परम्परागत कपडामा काठको ढोका अगाडि उभिए। यो चुबा / बखू हो, नेपालको शेर्पा समुदायको परम्परागत पोशाक। यो न्यानो लुगा लगाउने पोशाक लोसर जस्ता चाडहरूमा हिमालय क्षेत्रमा लगाइन्छ।"
nepali_dresses_augmented/sherpa_dress_chuba_bakkhu/58.jpg,"A group of children dressed in traditional chinese clothing. This is the Chuba / Bakkhu, the traditional attire of the Sherpa community of Nepal. This warm wrap-around dress is worn in the Himalayan region during festivals such as Lhosar.",नेपालको शेर्पा समुदायको परम्परागत पोशाक चुबा / बखू हो। यो न्यानो लुगा लुगा लोसर जस्ता चाडहरूमा हिमालय क्षेत्रमा लगाइन्छ।
nepali_dresses_augmented/sherpa_dress_chuba_bakkhu/58_aug1.jpg,"A group of children dressed in traditional chinese clothing. This is the Chuba / Bakkhu, the traditional attire of the Sherpa community of Nepal. This warm wrap-around dress is worn in the Himalayan region during festivals such as Lhosar.",नेपालको शेर्पा समुदायको परम्परागत पोशाक चुबा / बखू हो। यो न्यानो लुगा लुगा लोसर जस्ता चाडहरूमा हिमालय क्षेत्रमा लगाइन्छ।
nepali_dresses_augmented/sherpa_dress_chuba_bakkhu/58_aug2.jpg,"A group of children dressed in traditional chinese clothing. This is the Chuba / Bakkhu, the traditional attire of the Sherpa community of Nepal. This warm wrap-around dress is worn in the Himalayan region during festivals such as Lhosar.",नेपालको शेर्पा समुदायको परम्परागत पोशाक चुबा / बखू हो। यो न्यानो लुगा लुगा लोसर जस्ता चाडहरूमा हिमालय क्षेत्रमा लगाइन्छ।
nepali_dresses_augmented/sherpa_dress_chuba_bakkhu/58_aug3.jpg,"A group of children dressed in traditional chinese clothing. This is the Chuba / Bakkhu, the traditional attire of the Sherpa community of Nepal. This warm wrap-around dress is worn in the Himalayan region during festivals such as Lhosar.",नेपालको शेर्पा समुदायको परम्परागत पोशाक चुबा / बखू हो। यो न्यानो लुगा लुगा लोसर जस्ता चाडहरूमा हिमालय क्षेत्रमा लगाइन्छ।
nepali_dresses_augmented/sherpa_dress_chuba_bakkhu/59.jpg,"A group of people standing in front of a tent. This is the Chuba / Bakkhu, the traditional attire of the Sherpa community of Nepal. This warm wrap-around dress is worn in the Himalayan region during festivals such as Lhosar.",नेपालको शेर्पा समुदायको परम्परागत पोशाक चुबा/बखू हो। यो न्यानो लुगा हिमालय क्षेत्रमा लोसर जस्ता पर्वहरूमा लगाइन्छ।
nepali_dresses_augmented/sherpa_dress_chuba_bakkhu/59_aug1.jpg,"A group of people standing in front of a tent. This is the Chuba / Bakkhu, the traditional attire of the Sherpa community of Nepal. This warm wrap-around dress is worn in the Himalayan region during festivals such as Lhosar.",नेपालको शेर्पा समुदायको परम्परागत पोशाक चुबा/बखू हो। यो न्यानो लुगा हिमालय क्षेत्रमा लोसर जस्ता पर्वहरूमा लगाइन्छ।
nepali_dresses_augmented/sherpa_dress_chuba_bakkhu/59_aug2.jpg,"A group of people standing in front of a tent. This is the Chuba / Bakkhu, the traditional attire of the Sherpa community of Nepal. This warm wrap-around dress is worn in the Himalayan region during festivals such as Lhosar.",नेपालको शेर्पा समुदायको परम्परागत पोशाक चुबा/बखू हो। यो न्यानो लुगा हिमालय क्षेत्रमा लोसर जस्ता पर्वहरूमा लगाइन्छ।
nepali_dresses_augmented/sherpa_dress_chuba_bakkhu/59_aug3.jpg,"A group of people standing in front of a tent. This is the Chuba / Bakkhu, the traditional attire of the Sherpa community of Nepal. This warm wrap-around dress is worn in the Himalayan region during festivals such as Lhosar.",नेपालको शेर्पा समुदायको परम्परागत पोशाक चुबा/बखू हो। यो न्यानो लुगा हिमालय क्षेत्रमा लोसर जस्ता पर्वहरूमा लगाइन्छ।
nepali_dresses_augmented/sherpa_dress_chuba_bakkhu/5_aug1.jpg,"A young woman sitting on the floor in front of her shop - stock image. This is the Chuba / Bakkhu, the traditional attire of the Sherpa community of Nepal. This warm wrap-around dress is worn in the Himalayan region during festivals such as Lhosar.","एक युवती आफ्नो पसलको अगाडि भुइँमा बसिरहेको छ - स्टक छवि। यो Chuba / Bakkhu हो, नेपालको शेर्पा समुदायको परम्परागत पोशाक। यो न्यानो लुगा लुगा लगाउने पोशाक ल्होसर जस्ता पर्वहरूमा हिमालय क्षेत्रमा लगाइन्छ।"
nepali_dresses_augmented/sherpa_dress_chuba_bakkhu/5_aug2.jpg,"A young woman sitting on the floor in front of her shop - stock image. This is the Chuba / Bakkhu, the traditional attire of the Sherpa community of Nepal. This warm wrap-around dress is worn in the Himalayan region during festivals such as Lhosar.","एक युवती आफ्नो पसलको अगाडि भुइँमा बसिरहेको छ - स्टक छवि। यो Chuba / Bakkhu हो, नेपालको शेर्पा समुदायको परम्परागत पोशाक। यो न्यानो लुगा लुगा लगाउने पोशाक ल्होसर जस्ता पर्वहरूमा हिमालय क्षेत्रमा लगाइन्छ।"
nepali_dresses_augmented/sherpa_dress_chuba_bakkhu/5_aug3.jpg,"A young woman sitting on the floor in front of her shop - stock image. This is the Chuba / Bakkhu, the traditional attire of the Sherpa community of Nepal. This warm wrap-around dress is worn in the Himalayan region during festivals such as Lhosar.","एक युवती आफ्नो पसलको अगाडि भुइँमा बसिरहेको छ - स्टक छवि। यो Chuba / Bakkhu हो, नेपालको शेर्पा समुदायको परम्परागत पोशाक। यो न्यानो लुगा लुगा लगाउने पोशाक ल्होसर जस्ता पर्वहरूमा हिमालय क्षेत्रमा लगाइन्छ।"
nepali_dresses_augmented/sherpa_dress_chuba_bakkhu/6.jpg,"A woman wearing a red and blue dress. This is the Chuba / Bakkhu, the traditional attire of the Sherpa community of Nepal. This warm wrap-around dress is worn in the Himalayan region during festivals such as Lhosar.","एक महिलाले रातो र नीलो पोशाक लगाउँछिन्। यो चुबा / बखू हो, नेपालको शेर्पा समुदायको परम्परागत पोशाक हो। यो न्यानो वेप-अराउन्ड पोशाक हिमालय क्षेत्रमा लोसार जस्ता चाडहरूमा लगाइन्छ।"
nepali_dresses_augmented/sherpa_dress_chuba_bakkhu/60.jpg,"A group of women in traditional dress dancing on stage. This is the Chuba / Bakkhu, the traditional attire of the Sherpa community of Nepal. This warm wrap-around dress is worn in the Himalayan region during festivals such as Lhosar.",नेपालको शेर्पा समुदायको परम्परागत पोशाक चुबा/बखू हो । यो न्यानो लुगा हिमालय क्षेत्रमा लोसर जस्ता पर्वहरूमा लगाइन्छ ।
nepali_dresses_augmented/sherpa_dress_chuba_bakkhu/60_aug1.jpg,"A group of women in traditional dress dancing on stage. This is the Chuba / Bakkhu, the traditional attire of the Sherpa community of Nepal. This warm wrap-around dress is worn in the Himalayan region during festivals such as Lhosar.",नेपालको शेर्पा समुदायको परम्परागत पोशाक चुबा/बखू हो । यो न्यानो लुगा हिमालय क्षेत्रमा लोसर जस्ता पर्वहरूमा लगाइन्छ ।
nepali_dresses_augmented/sherpa_dress_chuba_bakkhu/60_aug2.jpg,"A group of women in traditional dress dancing on stage. This is the Chuba / Bakkhu, the traditional attire of the Sherpa community of Nepal. This warm wrap-around dress is worn in the Himalayan region during festivals such as Lhosar.",नेपालको शेर्पा समुदायको परम्परागत पोशाक चुबा/बखू हो । यो न्यानो लुगा हिमालय क्षेत्रमा लोसर जस्ता पर्वहरूमा लगाइन्छ ।
nepali_dresses_augmented/sherpa_dress_chuba_bakkhu/60_aug3.jpg,"A group of women in traditional dress dancing on stage. This is the Chuba / Bakkhu, the traditional attire of the Sherpa community of Nepal. This warm wrap-around dress is worn in the Himalayan region during festivals such as Lhosar.",नेपालको शेर्पा समुदायको परम्परागत पोशाक चुबा/बखू हो । यो न्यानो लुगा हिमालय क्षेत्रमा लोसर जस्ता पर्वहरूमा लगाइन्छ ।
nepali_dresses_augmented/sherpa_dress_chuba_bakkhu/61.jpg,"An old woman with a flower in her hair - stock image. This is the Chuba / Bakkhu, the traditional attire of the Sherpa community of Nepal. This warm wrap-around dress is worn in the Himalayan region during festivals such as Lhosar.","एक बुढी महिलाको कपालमा फूल छ - स्टक छवि। यो Chuba / Bakkhu हो, नेपालको शेर्पा समुदायको परम्परागत पोशाक हो। यो न्यानो लुगा लगाउने पोशाक ल्होसर जस्ता पर्वहरूमा हिमालय क्षेत्रमा लगाइन्छ।"
nepali_dresses_augmented/sherpa_dress_chuba_bakkhu/61_aug1.jpg,"An old woman with a flower in her hair - stock image. This is the Chuba / Bakkhu, the traditional attire of the Sherpa community of Nepal. This warm wrap-around dress is worn in the Himalayan region during festivals such as Lhosar.","एक बुढी महिलाको कपालमा फूल छ - स्टक छवि। यो Chuba / Bakkhu हो, नेपालको शेर्पा समुदायको परम्परागत पोशाक हो। यो न्यानो लुगा लगाउने पोशाक ल्होसर जस्ता पर्वहरूमा हिमालय क्षेत्रमा लगाइन्छ।"
nepali_dresses_augmented/sherpa_dress_chuba_bakkhu/61_aug2.jpg,"An old woman with a flower in her hair - stock image. This is the Chuba / Bakkhu, the traditional attire of the Sherpa community of Nepal. This warm wrap-around dress is worn in the Himalayan region during festivals such as Lhosar.","एक बुढी महिलाको कपालमा फूल छ - स्टक छवि। यो Chuba / Bakkhu हो, नेपालको शेर्पा समुदायको परम्परागत पोशाक हो। यो न्यानो लुगा लगाउने पोशाक ल्होसर जस्ता पर्वहरूमा हिमालय क्षेत्रमा लगाइन्छ।"
nepali_dresses_augmented/sherpa_dress_chuba_bakkhu/61_aug3.jpg,"An old woman with a flower in her hair - stock image. This is the Chuba / Bakkhu, the traditional attire of the Sherpa community of Nepal. This warm wrap-around dress is worn in the Himalayan region during festivals such as Lhosar.","एक बुढी महिलाको कपालमा फूल छ - स्टक छवि। यो Chuba / Bakkhu हो, नेपालको शेर्पा समुदायको परम्परागत पोशाक हो। यो न्यानो लुगा लगाउने पोशाक ल्होसर जस्ता पर्वहरूमा हिमालय क्षेत्रमा लगाइन्छ।"
nepali_dresses_augmented/sherpa_dress_chuba_bakkhu/62.jpg,"A group of women in traditional clothing. This is the Chuba / Bakkhu, the traditional attire of the Sherpa community of Nepal. This warm wrap-around dress is worn in the Himalayan region during festivals such as Lhosar.","परम्परागत कपडामा महिलाहरूको समूह। यो Chuba / Bakkhu हो, नेपालको शेर्पा समुदायको परम्परागत पोशाक। यो न्यानो लुगा लुगा लुगा लुगा लुगा जस्तै महोत्सवहरूमा हिमालय क्षेत्रमा लगाइन्छ।"
nepali_dresses_augmented/sherpa_dress_chuba_bakkhu/62_aug1.jpg,"A group of women in traditional clothing. This is the Chuba / Bakkhu, the traditional attire of the Sherpa community of Nepal. This warm wrap-around dress is worn in the Himalayan region during festivals such as Lhosar.","परम्परागत कपडामा महिलाहरूको समूह। यो Chuba / Bakkhu हो, नेपालको शेर्पा समुदायको परम्परागत पोशाक। यो न्यानो लुगा लुगा लुगा लुगा लुगा जस्तै महोत्सवहरूमा हिमालय क्षेत्रमा लगाइन्छ।"
nepali_dresses_augmented/sherpa_dress_chuba_bakkhu/62_aug2.jpg,"A group of women in traditional clothing. This is the Chuba / Bakkhu, the traditional attire of the Sherpa community of Nepal. This warm wrap-around dress is worn in the Himalayan region during festivals such as Lhosar.","परम्परागत कपडामा महिलाहरूको समूह। यो Chuba / Bakkhu हो, नेपालको शेर्पा समुदायको परम्परागत पोशाक। यो न्यानो लुगा लुगा लुगा लुगा लुगा जस्तै महोत्सवहरूमा हिमालय क्षेत्रमा लगाइन्छ।"
nepali_dresses_augmented/sherpa_dress_chuba_bakkhu/62_aug3.jpg,"A group of women in traditional clothing. This is the Chuba / Bakkhu, the traditional attire of the Sherpa community of Nepal. This warm wrap-around dress is worn in the Himalayan region during festivals such as Lhosar.","परम्परागत कपडामा महिलाहरूको समूह। यो Chuba / Bakkhu हो, नेपालको शेर्पा समुदायको परम्परागत पोशाक। यो न्यानो लुगा लुगा लुगा लुगा लुगा जस्तै महोत्सवहरूमा हिमालय क्षेत्रमा लगाइन्छ।"
nepali_dresses_augmented/sherpa_dress_chuba_bakkhu/63.jpg,"Two pictures of an old woman in a market. This is the Chuba / Bakkhu, the traditional attire of the Sherpa community of Nepal. This warm wrap-around dress is worn in the Himalayan region during festivals such as Lhosar.","एक बजारमा एक वृद्ध महिलाको दुई तस्वीरहरू। यो Chuba / Bakkhu हो, नेपालको शेर्पा समुदायको परम्परागत पोशाक। यो न्यानो लुगा लुगा लुगा लुगा जस्तै महोत्सवहरूमा हिमालय क्षेत्रमा लगाइन्छ।"
nepali_dresses_augmented/sherpa_dress_chuba_bakkhu/63_aug1.jpg,"Two pictures of an old woman in a market. This is the Chuba / Bakkhu, the traditional attire of the Sherpa community of Nepal. This warm wrap-around dress is worn in the Himalayan region during festivals such as Lhosar.","एक बजारमा एक वृद्ध महिलाको दुई तस्वीरहरू। यो Chuba / Bakkhu हो, नेपालको शेर्पा समुदायको परम्परागत पोशाक। यो न्यानो लुगा लुगा लुगा लुगा जस्तै महोत्सवहरूमा हिमालय क्षेत्रमा लगाइन्छ।"
nepali_dresses_augmented/sherpa_dress_chuba_bakkhu/63_aug2.jpg,"Two pictures of an old woman in a market. This is the Chuba / Bakkhu, the traditional attire of the Sherpa community of Nepal. This warm wrap-around dress is worn in the Himalayan region during festivals such as Lhosar.","एक बजारमा एक वृद्ध महिलाको दुई तस्वीरहरू। यो Chuba / Bakkhu हो, नेपालको शेर्पा समुदायको परम्परागत पोशाक। यो न्यानो लुगा लुगा लुगा लुगा जस्तै महोत्सवहरूमा हिमालय क्षेत्रमा लगाइन्छ।"
nepali_dresses_augmented/sherpa_dress_chuba_bakkhu/63_aug3.jpg,"Two pictures of an old woman in a market. This is the Chuba / Bakkhu, the traditional attire of the Sherpa community of Nepal. This warm wrap-around dress is worn in the Himalayan region during festivals such as Lhosar.","एक बजारमा एक वृद्ध महिलाको दुई तस्वीरहरू। यो Chuba / Bakkhu हो, नेपालको शेर्पा समुदायको परम्परागत पोशाक। यो न्यानो लुगा लुगा लुगा लुगा जस्तै महोत्सवहरूमा हिमालय क्षेत्रमा लगाइन्छ।"
nepali_dresses_augmented/sherpa_dress_chuba_bakkhu/64.jpg,"A woman in a colorful dress holding balloons. This is the Chuba / Bakkhu, the traditional attire of the Sherpa community of Nepal. This warm wrap-around dress is worn in the Himalayan region during festivals such as Lhosar.",नेपालको शेर्पा समुदायको परम्परागत पोशाक चुबा/बखू हो । यो हिमालय क्षेत्रमा लोसर जस्ता पर्वहरूमा यो न्यानो लुगा लगाइन्छ ।
nepali_dresses_augmented/sherpa_dress_chuba_bakkhu/64_aug1.jpg,"A woman in a colorful dress holding balloons. This is the Chuba / Bakkhu, the traditional attire of the Sherpa community of Nepal. This warm wrap-around dress is worn in the Himalayan region during festivals such as Lhosar.",नेपालको शेर्पा समुदायको परम्परागत पोशाक चुबा/बखू हो । यो हिमालय क्षेत्रमा लोसर जस्ता पर्वहरूमा यो न्यानो लुगा लगाइन्छ ।
nepali_dresses_augmented/sherpa_dress_chuba_bakkhu/64_aug2.jpg,"A woman in a colorful dress holding balloons. This is the Chuba / Bakkhu, the traditional attire of the Sherpa community of Nepal. This warm wrap-around dress is worn in the Himalayan region during festivals such as Lhosar.",नेपालको शेर्पा समुदायको परम्परागत पोशाक चुबा/बखू हो । यो हिमालय क्षेत्रमा लोसर जस्ता पर्वहरूमा यो न्यानो लुगा लगाइन्छ ।
nepali_dresses_augmented/sherpa_dress_chuba_bakkhu/64_aug3.jpg,"A woman in a colorful dress holding balloons. This is the Chuba / Bakkhu, the traditional attire of the Sherpa community of Nepal. This warm wrap-around dress is worn in the Himalayan region during festivals such as Lhosar.",नेपालको शेर्पा समुदायको परम्परागत पोशाक चुबा/बखू हो । यो हिमालय क्षेत्रमा लोसर जस्ता पर्वहरूमा यो न्यानो लुगा लगाइन्छ ।
nepali_dresses_augmented/sherpa_dress_chuba_bakkhu/65.jpg,"A little girl in a blue dress. This is the Chuba / Bakkhu, the traditional attire of the Sherpa community of Nepal. This warm wrap-around dress is worn in the Himalayan region during festivals such as Lhosar.",नेपालको शेर्पा समुदायको परम्परागत पोशाक चुबा/बखू हो । यो न्यानो लुगा हिमालय क्षेत्रमा लोसर जस्ता पर्वहरूमा लगाइन्छ ।
nepali_dresses_augmented/sherpa_dress_chuba_bakkhu/65_aug1.jpg,"A little girl in a blue dress. This is the Chuba / Bakkhu, the traditional attire of the Sherpa community of Nepal. This warm wrap-around dress is worn in the Himalayan region during festivals such as Lhosar.",नेपालको शेर्पा समुदायको परम्परागत पोशाक चुबा/बखू हो । यो न्यानो लुगा हिमालय क्षेत्रमा लोसर जस्ता पर्वहरूमा लगाइन्छ ।
nepali_dresses_augmented/sherpa_dress_chuba_bakkhu/65_aug2.jpg,"A little girl in a blue dress. This is the Chuba / Bakkhu, the traditional attire of the Sherpa community of Nepal. This warm wrap-around dress is worn in the Himalayan region during festivals such as Lhosar.",नेपालको शेर्पा समुदायको परम्परागत पोशाक चुबा/बखू हो । यो न्यानो लुगा हिमालय क्षेत्रमा लोसर जस्ता पर्वहरूमा लगाइन्छ ।
nepali_dresses_augmented/sherpa_dress_chuba_bakkhu/65_aug3.jpg,"A little girl in a blue dress. This is the Chuba / Bakkhu, the traditional attire of the Sherpa community of Nepal. This warm wrap-around dress is worn in the Himalayan region during festivals such as Lhosar.",नेपालको शेर्पा समुदायको परम्परागत पोशाक चुबा/बखू हो । यो न्यानो लुगा हिमालय क्षेत्रमा लोसर जस्ता पर्वहरूमा लगाइन्छ ।
nepali_dresses_augmented/sherpa_dress_chuba_bakkhu/66.jpg,"A group of women dancing in a room. This is the Chuba / Bakkhu, the traditional attire of the Sherpa community of Nepal. This warm wrap-around dress is worn in the Himalayan region during festivals such as Lhosar.","एक कोठामा नाच्ने महिलाहरूको समूह। यो Chuba / Bakkhu हो, नेपालको शेर्पा समुदायको परम्परागत पोशाक। यो न्यानो लुगा लुगा लगाउने लुगा लोसार जस्ता चाडहरूमा हिमालय क्षेत्रमा लगाइन्छ।"
nepali_dresses_augmented/sherpa_dress_chuba_bakkhu/66_aug1.jpg,"A group of women dancing in a room. This is the Chuba / Bakkhu, the traditional attire of the Sherpa community of Nepal. This warm wrap-around dress is worn in the Himalayan region during festivals such as Lhosar.","एक कोठामा नाच्ने महिलाहरूको समूह। यो Chuba / Bakkhu हो, नेपालको शेर्पा समुदायको परम्परागत पोशाक। यो न्यानो लुगा लुगा लगाउने लुगा लोसार जस्ता चाडहरूमा हिमालय क्षेत्रमा लगाइन्छ।"
nepali_dresses_augmented/sherpa_dress_chuba_bakkhu/66_aug2.jpg,"A group of women dancing in a room. This is the Chuba / Bakkhu, the traditional attire of the Sherpa community of Nepal. This warm wrap-around dress is worn in the Himalayan region during festivals such as Lhosar.","एक कोठामा नाच्ने महिलाहरूको समूह। यो Chuba / Bakkhu हो, नेपालको शेर्पा समुदायको परम्परागत पोशाक। यो न्यानो लुगा लुगा लगाउने लुगा लोसार जस्ता चाडहरूमा हिमालय क्षेत्रमा लगाइन्छ।"
nepali_dresses_augmented/sherpa_dress_chuba_bakkhu/66_aug3.jpg,"A group of women dancing in a room. This is the Chuba / Bakkhu, the traditional attire of the Sherpa community of Nepal. This warm wrap-around dress is worn in the Himalayan region during festivals such as Lhosar.","एक कोठामा नाच्ने महिलाहरूको समूह। यो Chuba / Bakkhu हो, नेपालको शेर्पा समुदायको परम्परागत पोशाक। यो न्यानो लुगा लुगा लगाउने लुगा लोसार जस्ता चाडहरूमा हिमालय क्षेत्रमा लगाइन्छ।"
nepali_dresses_augmented/sherpa_dress_chuba_bakkhu/67.jpg,"Two young tibetan women in traditional clothing and hats at a buddhist temple, tibet, asia - stock image. This is the Chuba / Bakkhu, the traditional attire of the Sherpa community of Nepal. This warm wrap-around dress is worn in the Himalayan region during festivals such as Lhosar.","दुई युवा तिब्बती महिलाहरू परम्परागत कपडा र एक बौद्ध मन्दिरमा टोपीमा, तिब्बत, एशिया - स्टक छवि। यो Chuba / Bakkhu हो, नेपालको शेर्पा समुदायको परम्परागत पोशाक। यो न्यानो लुगा लगाउने पोशाक हिमालय क्षेत्रमा लोसार जस्ता चाडहरूमा लगाइन्छ।"
nepali_dresses_augmented/sherpa_dress_chuba_bakkhu/67_aug1.jpg,"Two young tibetan women in traditional clothing and hats at a buddhist temple, tibet, asia - stock image. This is the Chuba / Bakkhu, the traditional attire of the Sherpa community of Nepal. This warm wrap-around dress is worn in the Himalayan region during festivals such as Lhosar.","दुई युवा तिब्बती महिलाहरू परम्परागत कपडा र एक बौद्ध मन्दिरमा टोपीमा, तिब्बत, एशिया - स्टक छवि। यो Chuba / Bakkhu हो, नेपालको शेर्पा समुदायको परम्परागत पोशाक। यो न्यानो लुगा लगाउने पोशाक हिमालय क्षेत्रमा लोसार जस्ता चाडहरूमा लगाइन्छ।"
nepali_dresses_augmented/sherpa_dress_chuba_bakkhu/67_aug2.jpg,"Two young tibetan women in traditional clothing and hats at a buddhist temple, tibet, asia - stock image. This is the Chuba / Bakkhu, the traditional attire of the Sherpa community of Nepal. This warm wrap-around dress is worn in the Himalayan region during festivals such as Lhosar.","दुई युवा तिब्बती महिलाहरू परम्परागत कपडा र एक बौद्ध मन्दिरमा टोपीमा, तिब्बत, एशिया - स्टक छवि। यो Chuba / Bakkhu हो, नेपालको शेर्पा समुदायको परम्परागत पोशाक। यो न्यानो लुगा लगाउने पोशाक हिमालय क्षेत्रमा लोसार जस्ता चाडहरूमा लगाइन्छ।"
nepali_dresses_augmented/sherpa_dress_chuba_bakkhu/67_aug3.jpg,"Two young tibetan women in traditional clothing and hats at a buddhist temple, tibet, asia - stock image. This is the Chuba / Bakkhu, the traditional attire of the Sherpa community of Nepal. This warm wrap-around dress is worn in the Himalayan region during festivals such as Lhosar.","दुई युवा तिब्बती महिलाहरू परम्परागत कपडा र एक बौद्ध मन्दिरमा टोपीमा, तिब्बत, एशिया - स्टक छवि। यो Chuba / Bakkhu हो, नेपालको शेर्पा समुदायको परम्परागत पोशाक। यो न्यानो लुगा लगाउने पोशाक हिमालय क्षेत्रमा लोसार जस्ता चाडहरूमा लगाइन्छ।"
nepali_dresses_augmented/sherpa_dress_chuba_bakkhu/68.jpg,"Three women in traditional dress smiling at the door of their home - stock image. This is the Chuba / Bakkhu, the traditional attire of the Sherpa community of Nepal. This warm wrap-around dress is worn in the Himalayan region during festivals such as Lhosar.",नेपालको शेर्पा समुदायको परम्परागत पोशाक चुबा/बखू हो । यो हिमालय क्षेत्रमा लोसर जस्ता पर्वहरूमा यो न्यानो लुगा लगाउने गरिन्छ ।
nepali_dresses_augmented/sherpa_dress_chuba_bakkhu/68_aug1.jpg,"Three women in traditional dress smiling at the door of their home - stock image. This is the Chuba / Bakkhu, the traditional attire of the Sherpa community of Nepal. This warm wrap-around dress is worn in the Himalayan region during festivals such as Lhosar.",नेपालको शेर्पा समुदायको परम्परागत पोशाक चुबा/बखू हो । यो हिमालय क्षेत्रमा लोसर जस्ता पर्वहरूमा यो न्यानो लुगा लगाउने गरिन्छ ।
nepali_dresses_augmented/sherpa_dress_chuba_bakkhu/68_aug2.jpg,"Three women in traditional dress smiling at the door of their home - stock image. This is the Chuba / Bakkhu, the traditional attire of the Sherpa community of Nepal. This warm wrap-around dress is worn in the Himalayan region during festivals such as Lhosar.",नेपालको शेर्पा समुदायको परम्परागत पोशाक चुबा/बखू हो । यो हिमालय क्षेत्रमा लोसर जस्ता पर्वहरूमा यो न्यानो लुगा लगाउने गरिन्छ ।
nepali_dresses_augmented/sherpa_dress_chuba_bakkhu/68_aug3.jpg,"Three women in traditional dress smiling at the door of their home - stock image. This is the Chuba / Bakkhu, the traditional attire of the Sherpa community of Nepal. This warm wrap-around dress is worn in the Himalayan region during festivals such as Lhosar.",नेपालको शेर्पा समुदायको परम्परागत पोशाक चुबा/बखू हो । यो हिमालय क्षेत्रमा लोसर जस्ता पर्वहरूमा यो न्यानो लुगा लगाउने गरिन्छ ।
nepali_dresses_augmented/sherpa_dress_chuba_bakkhu/69.jpg,"An old woman in traditional dress sitting on a bench - stock image. This is the Chuba / Bakkhu, the traditional attire of the Sherpa community of Nepal. This warm wrap-around dress is worn in the Himalayan region during festivals such as Lhosar.","परम्परागत पोशाकमा एक बुढी महिला बेन्चमा बसिरहेको स्टक छवि। यो Chuba / Bakkhu हो, नेपालको शेर्पा समुदायको परम्परागत पोशाक। यो न्यानो लुगा लुगा लगाउने पोशाक हिमालय क्षेत्रमा लोसर जस्ता चाडहरूमा लगाइन्छ।"
nepali_dresses_augmented/sherpa_dress_chuba_bakkhu/69_aug1.jpg,"An old woman in traditional dress sitting on a bench - stock image. This is the Chuba / Bakkhu, the traditional attire of the Sherpa community of Nepal. This warm wrap-around dress is worn in the Himalayan region during festivals such as Lhosar.","परम्परागत पोशाकमा एक बुढी महिला बेन्चमा बसिरहेको स्टक छवि। यो Chuba / Bakkhu हो, नेपालको शेर्पा समुदायको परम्परागत पोशाक। यो न्यानो लुगा लुगा लगाउने पोशाक हिमालय क्षेत्रमा लोसर जस्ता चाडहरूमा लगाइन्छ।"
nepali_dresses_augmented/sherpa_dress_chuba_bakkhu/69_aug2.jpg,"An old woman in traditional dress sitting on a bench - stock image. This is the Chuba / Bakkhu, the traditional attire of the Sherpa community of Nepal. This warm wrap-around dress is worn in the Himalayan region during festivals such as Lhosar.","परम्परागत पोशाकमा एक बुढी महिला बेन्चमा बसिरहेको स्टक छवि। यो Chuba / Bakkhu हो, नेपालको शेर्पा समुदायको परम्परागत पोशाक। यो न्यानो लुगा लुगा लगाउने पोशाक हिमालय क्षेत्रमा लोसर जस्ता चाडहरूमा लगाइन्छ।"
nepali_dresses_augmented/sherpa_dress_chuba_bakkhu/69_aug3.jpg,"An old woman in traditional dress sitting on a bench - stock image. This is the Chuba / Bakkhu, the traditional attire of the Sherpa community of Nepal. This warm wrap-around dress is worn in the Himalayan region during festivals such as Lhosar.","परम्परागत पोशाकमा एक बुढी महिला बेन्चमा बसिरहेको स्टक छवि। यो Chuba / Bakkhu हो, नेपालको शेर्पा समुदायको परम्परागत पोशाक। यो न्यानो लुगा लुगा लगाउने पोशाक हिमालय क्षेत्रमा लोसर जस्ता चाडहरूमा लगाइन्छ।"
nepali_dresses_augmented/sherpa_dress_chuba_bakkhu/6_aug1.jpg,"A woman wearing a red and blue dress. This is the Chuba / Bakkhu, the traditional attire of the Sherpa community of Nepal. This warm wrap-around dress is worn in the Himalayan region during festivals such as Lhosar.","एक महिलाले रातो र नीलो पोशाक लगाउँछिन्। यो चुबा / बखू हो, नेपालको शेर्पा समुदायको परम्परागत पोशाक हो। यो न्यानो वेप-अराउन्ड पोशाक हिमालय क्षेत्रमा लोसार जस्ता चाडहरूमा लगाइन्छ।"
nepali_dresses_augmented/sherpa_dress_chuba_bakkhu/6_aug2.jpg,"A woman wearing a red and blue dress. This is the Chuba / Bakkhu, the traditional attire of the Sherpa community of Nepal. This warm wrap-around dress is worn in the Himalayan region during festivals such as Lhosar.","एक महिलाले रातो र नीलो पोशाक लगाउँछिन्। यो चुबा / बखू हो, नेपालको शेर्पा समुदायको परम्परागत पोशाक हो। यो न्यानो वेप-अराउन्ड पोशाक हिमालय क्षेत्रमा लोसार जस्ता चाडहरूमा लगाइन्छ।"
nepali_dresses_augmented/sherpa_dress_chuba_bakkhu/6_aug3.jpg,"A woman wearing a red and blue dress. This is the Chuba / Bakkhu, the traditional attire of the Sherpa community of Nepal. This warm wrap-around dress is worn in the Himalayan region during festivals such as Lhosar.","एक महिलाले रातो र नीलो पोशाक लगाउँछिन्। यो चुबा / बखू हो, नेपालको शेर्पा समुदायको परम्परागत पोशाक हो। यो न्यानो वेप-अराउन्ड पोशाक हिमालय क्षेत्रमा लोसार जस्ता चाडहरूमा लगाइन्छ।"
nepali_dresses_augmented/sherpa_dress_chuba_bakkhu/7.jpg,"A woman standing on top of a mountain. This is the Chuba / Bakkhu, the traditional attire of the Sherpa community of Nepal. This warm wrap-around dress is worn in the Himalayan region during festivals such as Lhosar.",नेपालको शेर्पा समुदायको परम्परागत पोशाक चुबा/बखू हो। यो न्यानो लुगा हिमालय क्षेत्रमा लोसर जस्ता पर्वहरूमा लगाइन्छ।
nepali_dresses_augmented/sherpa_dress_chuba_bakkhu/70.jpg,"Two young girls in traditional chinese dress and hats. This is the Chuba / Bakkhu, the traditional attire of the Sherpa community of Nepal. This warm wrap-around dress is worn in the Himalayan region during festivals such as Lhosar.","दुई युवतीहरू परम्परागत चिनियाँ पोशाक र टोपीमा। यो Chuba / Bakkhu हो, नेपालको शेर्पा समुदायको परम्परागत पोशाक। यो न्यानो लुगा लगाउने पोशाक हिमालय क्षेत्रमा लोसार जस्ता चाडहरूमा लगाइन्छ।"
nepali_dresses_augmented/sherpa_dress_chuba_bakkhu/70_aug1.jpg,"Two young girls in traditional chinese dress and hats. This is the Chuba / Bakkhu, the traditional attire of the Sherpa community of Nepal. This warm wrap-around dress is worn in the Himalayan region during festivals such as Lhosar.","दुई युवतीहरू परम्परागत चिनियाँ पोशाक र टोपीमा। यो Chuba / Bakkhu हो, नेपालको शेर्पा समुदायको परम्परागत पोशाक। यो न्यानो लुगा लगाउने पोशाक हिमालय क्षेत्रमा लोसार जस्ता चाडहरूमा लगाइन्छ।"
nepali_dresses_augmented/sherpa_dress_chuba_bakkhu/70_aug2.jpg,"Two young girls in traditional chinese dress and hats. This is the Chuba / Bakkhu, the traditional attire of the Sherpa community of Nepal. This warm wrap-around dress is worn in the Himalayan region during festivals such as Lhosar.","दुई युवतीहरू परम्परागत चिनियाँ पोशाक र टोपीमा। यो Chuba / Bakkhu हो, नेपालको शेर्पा समुदायको परम्परागत पोशाक। यो न्यानो लुगा लगाउने पोशाक हिमालय क्षेत्रमा लोसार जस्ता चाडहरूमा लगाइन्छ।"
nepali_dresses_augmented/sherpa_dress_chuba_bakkhu/70_aug3.jpg,"Two young girls in traditional chinese dress and hats. This is the Chuba / Bakkhu, the traditional attire of the Sherpa community of Nepal. This warm wrap-around dress is worn in the Himalayan region during festivals such as Lhosar.","दुई युवतीहरू परम्परागत चिनियाँ पोशाक र टोपीमा। यो Chuba / Bakkhu हो, नेपालको शेर्पा समुदायको परम्परागत पोशाक। यो न्यानो लुगा लगाउने पोशाक हिमालय क्षेत्रमा लोसार जस्ता चाडहरूमा लगाइन्छ।"
nepali_dresses_augmented/sherpa_dress_chuba_bakkhu/71.jpg,"A man wearing a hat and vest. This is the Chuba / Bakkhu, the traditional attire of the Sherpa community of Nepal. This warm wrap-around dress is worn in the Himalayan region during festivals such as Lhosar.","एउटा टोपी र वेस्ट लगाउने मानिस। यो Chuba / Bakkhu हो, नेपालको शेर्पा समुदायको परम्परागत पोशाक हो। यो न्यानो लुगा लुगा लुगा जस्तै महोत्सवहरूमा हिमालय क्षेत्रमा लगाइन्छ।"
nepali_dresses_augmented/sherpa_dress_chuba_bakkhu/71_aug1.jpg,"A man wearing a hat and vest. This is the Chuba / Bakkhu, the traditional attire of the Sherpa community of Nepal. This warm wrap-around dress is worn in the Himalayan region during festivals such as Lhosar.","एउटा टोपी र वेस्ट लगाउने मानिस। यो Chuba / Bakkhu हो, नेपालको शेर्पा समुदायको परम्परागत पोशाक हो। यो न्यानो लुगा लुगा लुगा जस्तै महोत्सवहरूमा हिमालय क्षेत्रमा लगाइन्छ।"
nepali_dresses_augmented/sherpa_dress_chuba_bakkhu/71_aug2.jpg,"A man wearing a hat and vest. This is the Chuba / Bakkhu, the traditional attire of the Sherpa community of Nepal. This warm wrap-around dress is worn in the Himalayan region during festivals such as Lhosar.","एउटा टोपी र वेस्ट लगाउने मानिस। यो Chuba / Bakkhu हो, नेपालको शेर्पा समुदायको परम्परागत पोशाक हो। यो न्यानो लुगा लुगा लुगा जस्तै महोत्सवहरूमा हिमालय क्षेत्रमा लगाइन्छ।"
nepali_dresses_augmented/sherpa_dress_chuba_bakkhu/71_aug3.jpg,"A man wearing a hat and vest. This is the Chuba / Bakkhu, the traditional attire of the Sherpa community of Nepal. This warm wrap-around dress is worn in the Himalayan region during festivals such as Lhosar.","एउटा टोपी र वेस्ट लगाउने मानिस। यो Chuba / Bakkhu हो, नेपालको शेर्पा समुदायको परम्परागत पोशाक हो। यो न्यानो लुगा लुगा लुगा जस्तै महोत्सवहरूमा हिमालय क्षेत्रमा लगाइन्छ।"
nepali_dresses_augmented/sherpa_dress_chuba_bakkhu/72.jpg,"Two women in traditional clothing posing for the camera. This is the Chuba / Bakkhu, the traditional attire of the Sherpa community of Nepal. This warm wrap-around dress is worn in the Himalayan region during festivals such as Lhosar.","दुई महिला परम्परागत कपडामा क्यामेराको लागि पोज गर्दै छन्। यो Chuba / Bakkhu हो, नेपालको शेर्पा समुदायको परम्परागत पोशाक हो। यो न्यानो वेप-अराउन्ड पोशाक ल्होसर जस्ता चाडहरूमा हिमालय क्षेत्रमा लगाइन्छ।"
nepali_dresses_augmented/sherpa_dress_chuba_bakkhu/72_aug1.jpg,"Two women in traditional clothing posing for the camera. This is the Chuba / Bakkhu, the traditional attire of the Sherpa community of Nepal. This warm wrap-around dress is worn in the Himalayan region during festivals such as Lhosar.","दुई महिला परम्परागत कपडामा क्यामेराको लागि पोज गर्दै छन्। यो Chuba / Bakkhu हो, नेपालको शेर्पा समुदायको परम्परागत पोशाक हो। यो न्यानो वेप-अराउन्ड पोशाक ल्होसर जस्ता चाडहरूमा हिमालय क्षेत्रमा लगाइन्छ।"
nepali_dresses_augmented/sherpa_dress_chuba_bakkhu/72_aug2.jpg,"Two women in traditional clothing posing for the camera. This is the Chuba / Bakkhu, the traditional attire of the Sherpa community of Nepal. This warm wrap-around dress is worn in the Himalayan region during festivals such as Lhosar.","दुई महिला परम्परागत कपडामा क्यामेराको लागि पोज गर्दै छन्। यो Chuba / Bakkhu हो, नेपालको शेर्पा समुदायको परम्परागत पोशाक हो। यो न्यानो वेप-अराउन्ड पोशाक ल्होसर जस्ता चाडहरूमा हिमालय क्षेत्रमा लगाइन्छ।"
nepali_dresses_augmented/sherpa_dress_chuba_bakkhu/72_aug3.jpg,"Two women in traditional clothing posing for the camera. This is the Chuba / Bakkhu, the traditional attire of the Sherpa community of Nepal. This warm wrap-around dress is worn in the Himalayan region during festivals such as Lhosar.","दुई महिला परम्परागत कपडामा क्यामेराको लागि पोज गर्दै छन्। यो Chuba / Bakkhu हो, नेपालको शेर्पा समुदायको परम्परागत पोशाक हो। यो न्यानो वेप-अराउन्ड पोशाक ल्होसर जस्ता चाडहरूमा हिमालय क्षेत्रमा लगाइन्छ।"
nepali_dresses_augmented/sherpa_dress_chuba_bakkhu/73.jpg,"A group of women in traditional dress. This is the Chuba / Bakkhu, the traditional attire of the Sherpa community of Nepal. This warm wrap-around dress is worn in the Himalayan region during festivals such as Lhosar.","यो परम्परागत पोशाकमा महिलाहरूको समूह हो। यो Chuba / Bakkhu हो, नेपालको शेर्पा समुदायको परम्परागत पोशाक हो। यो न्यानो लुगा लुगा लगाउने पोशाक हिमालय क्षेत्रमा लोसार जस्ता चाडहरूमा लगाइन्छ।"
nepali_dresses_augmented/sherpa_dress_chuba_bakkhu/73_aug1.jpg,"A group of women in traditional dress. This is the Chuba / Bakkhu, the traditional attire of the Sherpa community of Nepal. This warm wrap-around dress is worn in the Himalayan region during festivals such as Lhosar.","यो परम्परागत पोशाकमा महिलाहरूको समूह हो। यो Chuba / Bakkhu हो, नेपालको शेर्पा समुदायको परम्परागत पोशाक हो। यो न्यानो लुगा लुगा लगाउने पोशाक हिमालय क्षेत्रमा लोसार जस्ता चाडहरूमा लगाइन्छ।"
nepali_dresses_augmented/sherpa_dress_chuba_bakkhu/73_aug2.jpg,"A group of women in traditional dress. This is the Chuba / Bakkhu, the traditional attire of the Sherpa community of Nepal. This warm wrap-around dress is worn in the Himalayan region during festivals such as Lhosar.","यो परम्परागत पोशाकमा महिलाहरूको समूह हो। यो Chuba / Bakkhu हो, नेपालको शेर्पा समुदायको परम्परागत पोशाक हो। यो न्यानो लुगा लुगा लगाउने पोशाक हिमालय क्षेत्रमा लोसार जस्ता चाडहरूमा लगाइन्छ।"
nepali_dresses_augmented/sherpa_dress_chuba_bakkhu/73_aug3.jpg,"A group of women in traditional dress. This is the Chuba / Bakkhu, the traditional attire of the Sherpa community of Nepal. This warm wrap-around dress is worn in the Himalayan region during festivals such as Lhosar.","यो परम्परागत पोशाकमा महिलाहरूको समूह हो। यो Chuba / Bakkhu हो, नेपालको शेर्पा समुदायको परम्परागत पोशाक हो। यो न्यानो लुगा लुगा लगाउने पोशाक हिमालय क्षेत्रमा लोसार जस्ता चाडहरूमा लगाइन्छ।"
nepali_dresses_augmented/sherpa_dress_chuba_bakkhu/74.jpg,"Two asian women in traditional clothing posing for the camera. This is the Chuba / Bakkhu, the traditional attire of the Sherpa community of Nepal. This warm wrap-around dress is worn in the Himalayan region during festivals such as Lhosar.","दुई एशियाली महिलाहरू परम्परागत कपडामा क्यामेराको लागि पोज गर्दै छन्। यो Chuba / Bakkhu हो, नेपालको शेर्पा समुदायको परम्परागत पोशाक हो। यो न्यानो वेप-अराउन्ड पोशाक ल्होसर जस्ता पर्वहरूमा हिमालय क्षेत्रमा लगाइन्छ।"
nepali_dresses_augmented/sherpa_dress_chuba_bakkhu/74_aug1.jpg,"Two asian women in traditional clothing posing for the camera. This is the Chuba / Bakkhu, the traditional attire of the Sherpa community of Nepal. This warm wrap-around dress is worn in the Himalayan region during festivals such as Lhosar.","दुई एशियाली महिलाहरू परम्परागत कपडामा क्यामेराको लागि पोज गर्दै छन्। यो Chuba / Bakkhu हो, नेपालको शेर्पा समुदायको परम्परागत पोशाक हो। यो न्यानो वेप-अराउन्ड पोशाक ल्होसर जस्ता पर्वहरूमा हिमालय क्षेत्रमा लगाइन्छ।"
nepali_dresses_augmented/sherpa_dress_chuba_bakkhu/74_aug2.jpg,"Two asian women in traditional clothing posing for the camera. This is the Chuba / Bakkhu, the traditional attire of the Sherpa community of Nepal. This warm wrap-around dress is worn in the Himalayan region during festivals such as Lhosar.","दुई एशियाली महिलाहरू परम्परागत कपडामा क्यामेराको लागि पोज गर्दै छन्। यो Chuba / Bakkhu हो, नेपालको शेर्पा समुदायको परम्परागत पोशाक हो। यो न्यानो वेप-अराउन्ड पोशाक ल्होसर जस्ता पर्वहरूमा हिमालय क्षेत्रमा लगाइन्छ।"
nepali_dresses_augmented/sherpa_dress_chuba_bakkhu/74_aug3.jpg,"Two asian women in traditional clothing posing for the camera. This is the Chuba / Bakkhu, the traditional attire of the Sherpa community of Nepal. This warm wrap-around dress is worn in the Himalayan region during festivals such as Lhosar.","दुई एशियाली महिलाहरू परम्परागत कपडामा क्यामेराको लागि पोज गर्दै छन्। यो Chuba / Bakkhu हो, नेपालको शेर्पा समुदायको परम्परागत पोशाक हो। यो न्यानो वेप-अराउन्ड पोशाक ल्होसर जस्ता पर्वहरूमा हिमालय क्षेत्रमा लगाइन्छ।"
nepali_dresses_augmented/sherpa_dress_chuba_bakkhu/75.jpg,"A group of people playing instruments on stage. This is the Chuba / Bakkhu, the traditional attire of the Sherpa community of Nepal. This warm wrap-around dress is worn in the Himalayan region during festivals such as Lhosar.",नेपालको शेर्पा समुदायको परम्परागत पोशाक चुबा/बखू हो। यो न्यानो लुगा हिमालय क्षेत्रमा लोसर जस्ता पर्वहरूमा लगाइन्छ।
nepali_dresses_augmented/sherpa_dress_chuba_bakkhu/75_aug1.jpg,"A group of people playing instruments on stage. This is the Chuba / Bakkhu, the traditional attire of the Sherpa community of Nepal. This warm wrap-around dress is worn in the Himalayan region during festivals such as Lhosar.",नेपालको शेर्पा समुदायको परम्परागत पोशाक चुबा/बखू हो। यो न्यानो लुगा हिमालय क्षेत्रमा लोसर जस्ता पर्वहरूमा लगाइन्छ।
nepali_dresses_augmented/sherpa_dress_chuba_bakkhu/75_aug2.jpg,"A group of people playing instruments on stage. This is the Chuba / Bakkhu, the traditional attire of the Sherpa community of Nepal. This warm wrap-around dress is worn in the Himalayan region during festivals such as Lhosar.",नेपालको शेर्पा समुदायको परम्परागत पोशाक चुबा/बखू हो। यो न्यानो लुगा हिमालय क्षेत्रमा लोसर जस्ता पर्वहरूमा लगाइन्छ।
nepali_dresses_augmented/sherpa_dress_chuba_bakkhu/75_aug3.jpg,"A group of people playing instruments on stage. This is the Chuba / Bakkhu, the traditional attire of the Sherpa community of Nepal. This warm wrap-around dress is worn in the Himalayan region during festivals such as Lhosar.",नेपालको शेर्पा समुदायको परम्परागत पोशाक चुबा/बखू हो। यो न्यानो लुगा हिमालय क्षेत्रमा लोसर जस्ता पर्वहरूमा लगाइन्छ।
nepali_dresses_augmented/sherpa_dress_chuba_bakkhu/76.jpg,"Three people standing in a field of flowers. This is the Chuba / Bakkhu, the traditional attire of the Sherpa community of Nepal. This warm wrap-around dress is worn in the Himalayan region during festivals such as Lhosar.","तीन जना फूलको खेतमा उभिरहेका छन्। यो Chuba / Bakkhu हो, नेपालको शेर्पा समुदायको परम्परागत पोशाक। यो न्यानो लुगा लुगा लगाउने लुगा लोसार जस्ता पर्वहरूमा हिमालय क्षेत्रमा लगाइन्छ।"
nepali_dresses_augmented/sherpa_dress_chuba_bakkhu/76_aug1.jpg,"Three people standing in a field of flowers. This is the Chuba / Bakkhu, the traditional attire of the Sherpa community of Nepal. This warm wrap-around dress is worn in the Himalayan region during festivals such as Lhosar.","तीन जना फूलको खेतमा उभिरहेका छन्। यो Chuba / Bakkhu हो, नेपालको शेर्पा समुदायको परम्परागत पोशाक। यो न्यानो लुगा लुगा लगाउने लुगा लोसार जस्ता पर्वहरूमा हिमालय क्षेत्रमा लगाइन्छ।"
nepali_dresses_augmented/sherpa_dress_chuba_bakkhu/76_aug2.jpg,"Three people standing in a field of flowers. This is the Chuba / Bakkhu, the traditional attire of the Sherpa community of Nepal. This warm wrap-around dress is worn in the Himalayan region during festivals such as Lhosar.","तीन जना फूलको खेतमा उभिरहेका छन्। यो Chuba / Bakkhu हो, नेपालको शेर्पा समुदायको परम्परागत पोशाक। यो न्यानो लुगा लुगा लगाउने लुगा लोसार जस्ता पर्वहरूमा हिमालय क्षेत्रमा लगाइन्छ।"
nepali_dresses_augmented/sherpa_dress_chuba_bakkhu/76_aug3.jpg,"Three people standing in a field of flowers. This is the Chuba / Bakkhu, the traditional attire of the Sherpa community of Nepal. This warm wrap-around dress is worn in the Himalayan region during festivals such as Lhosar.","तीन जना फूलको खेतमा उभिरहेका छन्। यो Chuba / Bakkhu हो, नेपालको शेर्पा समुदायको परम्परागत पोशाक। यो न्यानो लुगा लुगा लगाउने लुगा लोसार जस्ता पर्वहरूमा हिमालय क्षेत्रमा लगाइन्छ।"
nepali_dresses_augmented/sherpa_dress_chuba_bakkhu/77.jpg,"A group of people dressed in traditional clothing. This is the Chuba / Bakkhu, the traditional attire of the Sherpa community of Nepal. This warm wrap-around dress is worn in the Himalayan region during festivals such as Lhosar.",नेपालको शेर्पा समुदायको परम्परागत पोशाक चुबा / बखू हो। यो न्यानो लुगा लुगा लुगा लुगा लुगा लुगा लुगा लुगा लुगा लुगा लुगा लुगा लुगा लुगा लुगा लुगा लुगा लुगा लुगा लुगा लुगा लुगा लुगा लुगा लुगा लुगा लुगा लुगा लुगा लुगा लुगा लुगा लुगा लुगा लुगा लुगा लुगा लुगा लुगा लुगा लुगा लुगा लुगा लुगा लुगा लुगा लुगा लुगा लुगा लुगा लुगा लुगा लुगा लुगा लुगा लुगा लुगा लुगा लुगा लुगा लुगा लुगा लुगा लुगा लुगा लुगा लुगा लुगा लुगा लुगा लुगा लुगा लुगा लुगा लुगा लुगा लुगा लुगा लुगा लुगा लुगा लुगा लुगा लुगा लुगा लुगा लुगा लुगा लुगा लुगा लुगा लुगा लुगा लुगा लुगा लुगा लुगा लु
nepali_dresses_augmented/sherpa_dress_chuba_bakkhu/77_aug1.jpg,"A group of people dressed in traditional clothing. This is the Chuba / Bakkhu, the traditional attire of the Sherpa community of Nepal. This warm wrap-around dress is worn in the Himalayan region during festivals such as Lhosar.",नेपालको शेर्पा समुदायको परम्परागत पोशाक चुबा / बखू हो। यो न्यानो लुगा लुगा लुगा लुगा लुगा लुगा लुगा लुगा लुगा लुगा लुगा लुगा लुगा लुगा लुगा लुगा लुगा लुगा लुगा लुगा लुगा लुगा लुगा लुगा लुगा लुगा लुगा लुगा लुगा लुगा लुगा लुगा लुगा लुगा लुगा लुगा लुगा लुगा लुगा लुगा लुगा लुगा लुगा लुगा लुगा लुगा लुगा लुगा लुगा लुगा लुगा लुगा लुगा लुगा लुगा लुगा लुगा लुगा लुगा लुगा लुगा लुगा लुगा लुगा लुगा लुगा लुगा लुगा लुगा लुगा लुगा लुगा लुगा लुगा लुगा लुगा लुगा लुगा लुगा लुगा लुगा लुगा लुगा लुगा लुगा लुगा लुगा लुगा लुगा लुगा लुगा लुगा लुगा लुगा लुगा लुगा लुगा लु
nepali_dresses_augmented/sherpa_dress_chuba_bakkhu/77_aug2.jpg,"A group of people dressed in traditional clothing. This is the Chuba / Bakkhu, the traditional attire of the Sherpa community of Nepal. This warm wrap-around dress is worn in the Himalayan region during festivals such as Lhosar.",नेपालको शेर्पा समुदायको परम्परागत पोशाक चुबा / बखू हो। यो न्यानो लुगा लुगा लुगा लुगा लुगा लुगा लुगा लुगा लुगा लुगा लुगा लुगा लुगा लुगा लुगा लुगा लुगा लुगा लुगा लुगा लुगा लुगा लुगा लुगा लुगा लुगा लुगा लुगा लुगा लुगा लुगा लुगा लुगा लुगा लुगा लुगा लुगा लुगा लुगा लुगा लुगा लुगा लुगा लुगा लुगा लुगा लुगा लुगा लुगा लुगा लुगा लुगा लुगा लुगा लुगा लुगा लुगा लुगा लुगा लुगा लुगा लुगा लुगा लुगा लुगा लुगा लुगा लुगा लुगा लुगा लुगा लुगा लुगा लुगा लुगा लुगा लुगा लुगा लुगा लुगा लुगा लुगा लुगा लुगा लुगा लुगा लुगा लुगा लुगा लुगा लुगा लुगा लुगा लुगा लुगा लुगा लुगा लु
nepali_dresses_augmented/sherpa_dress_chuba_bakkhu/77_aug3.jpg,"A group of people dressed in traditional clothing. This is the Chuba / Bakkhu, the traditional attire of the Sherpa community of Nepal. This warm wrap-around dress is worn in the Himalayan region during festivals such as Lhosar.",नेपालको शेर्पा समुदायको परम्परागत पोशाक चुबा / बखू हो। यो न्यानो लुगा लुगा लुगा लुगा लुगा लुगा लुगा लुगा लुगा लुगा लुगा लुगा लुगा लुगा लुगा लुगा लुगा लुगा लुगा लुगा लुगा लुगा लुगा लुगा लुगा लुगा लुगा लुगा लुगा लुगा लुगा लुगा लुगा लुगा लुगा लुगा लुगा लुगा लुगा लुगा लुगा लुगा लुगा लुगा लुगा लुगा लुगा लुगा लुगा लुगा लुगा लुगा लुगा लुगा लुगा लुगा लुगा लुगा लुगा लुगा लुगा लुगा लुगा लुगा लुगा लुगा लुगा लुगा लुगा लुगा लुगा लुगा लुगा लुगा लुगा लुगा लुगा लुगा लुगा लुगा लुगा लुगा लुगा लुगा लुगा लुगा लुगा लुगा लुगा लुगा लुगा लुगा लुगा लुगा लुगा लुगा लुगा लु
nepali_dresses_augmented/sherpa_dress_chuba_bakkhu/78.jpg,"A woman from the ethnic tribe in the mountains of bhutan, india - stock image. This is the Chuba / Bakkhu, the traditional attire of the Sherpa community of Nepal. This warm wrap-around dress is worn in the Himalayan region during festivals such as Lhosar.","भुटान, भारतको पहाडको जातीय जनजातिकी एक महिला - स्टक छवि। यो Chuba / Bakkhu हो, नेपालको शेर्पा समुदायको परम्परागत पोशाक। यो न्यानो लुगा लगाउने पोशाक लोसर जस्ता चाडहरूमा हिमालय क्षेत्रमा लगाइन्छ।"
nepali_dresses_augmented/sherpa_dress_chuba_bakkhu/78_aug1.jpg,"A woman from the ethnic tribe in the mountains of bhutan, india - stock image. This is the Chuba / Bakkhu, the traditional attire of the Sherpa community of Nepal. This warm wrap-around dress is worn in the Himalayan region during festivals such as Lhosar.","भुटान, भारतको पहाडको जातीय जनजातिकी एक महिला - स्टक छवि। यो Chuba / Bakkhu हो, नेपालको शेर्पा समुदायको परम्परागत पोशाक। यो न्यानो लुगा लगाउने पोशाक लोसर जस्ता चाडहरूमा हिमालय क्षेत्रमा लगाइन्छ।"
nepali_dresses_augmented/sherpa_dress_chuba_bakkhu/78_aug2.jpg,"A woman from the ethnic tribe in the mountains of bhutan, india - stock image. This is the Chuba / Bakkhu, the traditional attire of the Sherpa community of Nepal. This warm wrap-around dress is worn in the Himalayan region during festivals such as Lhosar.","भुटान, भारतको पहाडको जातीय जनजातिकी एक महिला - स्टक छवि। यो Chuba / Bakkhu हो, नेपालको शेर्पा समुदायको परम्परागत पोशाक। यो न्यानो लुगा लगाउने पोशाक लोसर जस्ता चाडहरूमा हिमालय क्षेत्रमा लगाइन्छ।"
nepali_dresses_augmented/sherpa_dress_chuba_bakkhu/78_aug3.jpg,"A woman from the ethnic tribe in the mountains of bhutan, india - stock image. This is the Chuba / Bakkhu, the traditional attire of the Sherpa community of Nepal. This warm wrap-around dress is worn in the Himalayan region during festivals such as Lhosar.","भुटान, भारतको पहाडको जातीय जनजातिकी एक महिला - स्टक छवि। यो Chuba / Bakkhu हो, नेपालको शेर्पा समुदायको परम्परागत पोशाक। यो न्यानो लुगा लगाउने पोशाक लोसर जस्ता चाडहरूमा हिमालय क्षेत्रमा लगाइन्छ।"
nepali_dresses_augmented/sherpa_dress_chuba_bakkhu/79.jpg,"A group of people standing in front of a building. This is the Chuba / Bakkhu, the traditional attire of the Sherpa community of Nepal. This warm wrap-around dress is worn in the Himalayan region during festivals such as Lhosar.","एक भवनको अगाडि उभिएका मानिसहरूको समूह। यो Chuba / Bakkhu हो, नेपालको शेर्पा समुदायको परम्परागत पोशाक हो। यो न्यानो लुगा लुगा लुगा जस्तै महोत्सवहरूमा हिमालय क्षेत्रमा लगाइन्छ।"
nepali_dresses_augmented/sherpa_dress_chuba_bakkhu/79_aug1.jpg,"A group of people standing in front of a building. This is the Chuba / Bakkhu, the traditional attire of the Sherpa community of Nepal. This warm wrap-around dress is worn in the Himalayan region during festivals such as Lhosar.","एक भवनको अगाडि उभिएका मानिसहरूको समूह। यो Chuba / Bakkhu हो, नेपालको शेर्पा समुदायको परम्परागत पोशाक हो। यो न्यानो लुगा लुगा लुगा जस्तै महोत्सवहरूमा हिमालय क्षेत्रमा लगाइन्छ।"
nepali_dresses_augmented/sherpa_dress_chuba_bakkhu/79_aug2.jpg,"A group of people standing in front of a building. This is the Chuba / Bakkhu, the traditional attire of the Sherpa community of Nepal. This warm wrap-around dress is worn in the Himalayan region during festivals such as Lhosar.","एक भवनको अगाडि उभिएका मानिसहरूको समूह। यो Chuba / Bakkhu हो, नेपालको शेर्पा समुदायको परम्परागत पोशाक हो। यो न्यानो लुगा लुगा लुगा जस्तै महोत्सवहरूमा हिमालय क्षेत्रमा लगाइन्छ।"
nepali_dresses_augmented/sherpa_dress_chuba_bakkhu/79_aug3.jpg,"A group of people standing in front of a building. This is the Chuba / Bakkhu, the traditional attire of the Sherpa community of Nepal. This warm wrap-around dress is worn in the Himalayan region during festivals such as Lhosar.","एक भवनको अगाडि उभिएका मानिसहरूको समूह। यो Chuba / Bakkhu हो, नेपालको शेर्पा समुदायको परम्परागत पोशाक हो। यो न्यानो लुगा लुगा लुगा जस्तै महोत्सवहरूमा हिमालय क्षेत्रमा लगाइन्छ।"
nepali_dresses_augmented/sherpa_dress_chuba_bakkhu/7_aug1.jpg,"A woman standing on top of a mountain. This is the Chuba / Bakkhu, the traditional attire of the Sherpa community of Nepal. This warm wrap-around dress is worn in the Himalayan region during festivals such as Lhosar.",नेपालको शेर्पा समुदायको परम्परागत पोशाक चुबा/बखू हो। यो न्यानो लुगा हिमालय क्षेत्रमा लोसर जस्ता पर्वहरूमा लगाइन्छ।
nepali_dresses_augmented/sherpa_dress_chuba_bakkhu/7_aug2.jpg,"A woman standing on top of a mountain. This is the Chuba / Bakkhu, the traditional attire of the Sherpa community of Nepal. This warm wrap-around dress is worn in the Himalayan region during festivals such as Lhosar.",नेपालको शेर्पा समुदायको परम्परागत पोशाक चुबा/बखू हो। यो न्यानो लुगा हिमालय क्षेत्रमा लोसर जस्ता पर्वहरूमा लगाइन्छ।
nepali_dresses_augmented/sherpa_dress_chuba_bakkhu/7_aug3.jpg,"A woman standing on top of a mountain. This is the Chuba / Bakkhu, the traditional attire of the Sherpa community of Nepal. This warm wrap-around dress is worn in the Himalayan region during festivals such as Lhosar.",नेपालको शेर्पा समुदायको परम्परागत पोशाक चुबा/बखू हो। यो न्यानो लुगा हिमालय क्षेत्रमा लोसर जस्ता पर्वहरूमा लगाइन्छ।
nepali_dresses_augmented/sherpa_dress_chuba_bakkhu/8.jpg,"A woman from the ethnic tribe in the mountains of nepal - stock image. This is the Chuba / Bakkhu, the traditional attire of the Sherpa community of Nepal. This warm wrap-around dress is worn in the Himalayan region during festivals such as Lhosar.","नेपालको पहाडमा रहेको जातीय जनजातिकी एक महिलाको स्टक छवि। यो चुबा / बखू हो, नेपालको शेर्पा समुदायको परम्परागत पोशाक हो। यो न्यानो लुगा लगाउने पोशाक लोसर जस्ता पर्वहरूमा हिमालय क्षेत्रमा लगाइन्छ।"
nepali_dresses_augmented/sherpa_dress_chuba_bakkhu/80.jpg,"Two women in traditional clothing sitting on a rock. This is the Chuba / Bakkhu, the traditional attire of the Sherpa community of Nepal. This warm wrap-around dress is worn in the Himalayan region during festivals such as Lhosar.","दुई महिला परम्परागत कपडामा चट्टानमा बसिरहेका छन्। यो Chuba / Bakkhu हो, नेपालको शेर्पा समुदायको परम्परागत पोशाक। यो न्यानो लुगा लगाउने लुगा हिमालय क्षेत्रमा लोसार जस्ता चाडहरूमा लगाइन्छ।"
nepali_dresses_augmented/sherpa_dress_chuba_bakkhu/80_aug1.jpg,"Two women in traditional clothing sitting on a rock. This is the Chuba / Bakkhu, the traditional attire of the Sherpa community of Nepal. This warm wrap-around dress is worn in the Himalayan region during festivals such as Lhosar.","दुई महिला परम्परागत कपडामा चट्टानमा बसिरहेका छन्। यो Chuba / Bakkhu हो, नेपालको शेर्पा समुदायको परम्परागत पोशाक। यो न्यानो लुगा लगाउने लुगा हिमालय क्षेत्रमा लोसार जस्ता चाडहरूमा लगाइन्छ।"
nepali_dresses_augmented/sherpa_dress_chuba_bakkhu/80_aug2.jpg,"Two women in traditional clothing sitting on a rock. This is the Chuba / Bakkhu, the traditional attire of the Sherpa community of Nepal. This warm wrap-around dress is worn in the Himalayan region during festivals such as Lhosar.","दुई महिला परम्परागत कपडामा चट्टानमा बसिरहेका छन्। यो Chuba / Bakkhu हो, नेपालको शेर्पा समुदायको परम्परागत पोशाक। यो न्यानो लुगा लगाउने लुगा हिमालय क्षेत्रमा लोसार जस्ता चाडहरूमा लगाइन्छ।"
nepali_dresses_augmented/sherpa_dress_chuba_bakkhu/80_aug3.jpg,"Two women in traditional clothing sitting on a rock. This is the Chuba / Bakkhu, the traditional attire of the Sherpa community of Nepal. This warm wrap-around dress is worn in the Himalayan region during festivals such as Lhosar.","दुई महिला परम्परागत कपडामा चट्टानमा बसिरहेका छन्। यो Chuba / Bakkhu हो, नेपालको शेर्पा समुदायको परम्परागत पोशाक। यो न्यानो लुगा लगाउने लुगा हिमालय क्षेत्रमा लोसार जस्ता चाडहरूमा लगाइन्छ।"
nepali_dresses_augmented/sherpa_dress_chuba_bakkhu/81.jpg,"A group of people dressed in traditional clothing. This is the Chuba / Bakkhu, the traditional attire of the Sherpa community of Nepal. This warm wrap-around dress is worn in the Himalayan region during festivals such as Lhosar.",नेपालको शेर्पा समुदायको परम्परागत पोशाक चुबा / बखू हो। यो न्यानो लुगा लुगा लुगा लुगा लुगा लुगा लुगा लुगा लुगा लुगा लुगा लुगा लुगा लुगा लुगा लुगा लुगा लुगा लुगा लुगा लुगा लुगा लुगा लुगा लुगा लुगा लुगा लुगा लुगा लुगा लुगा लुगा लुगा लुगा लुगा लुगा लुगा लुगा लुगा लुगा लुगा लुगा लुगा लुगा लुगा लुगा लुगा लुगा लुगा लुगा लुगा लुगा लुगा लुगा लुगा लुगा लुगा लुगा लुगा लुगा लुगा लुगा लुगा लुगा लुगा लुगा लुगा लुगा लुगा लुगा लुगा लुगा लुगा लुगा लुगा लुगा लुगा लुगा लुगा लुगा लुगा लुगा लुगा लुगा लुगा लुगा लुगा लुगा लुगा लुगा लुगा लुगा लुगा लुगा लुगा लुगा लुगा लु
nepali_dresses_augmented/sherpa_dress_chuba_bakkhu/81_aug1.jpg,"A group of people dressed in traditional clothing. This is the Chuba / Bakkhu, the traditional attire of the Sherpa community of Nepal. This warm wrap-around dress is worn in the Himalayan region during festivals such as Lhosar.",नेपालको शेर्पा समुदायको परम्परागत पोशाक चुबा / बखू हो। यो न्यानो लुगा लुगा लुगा लुगा लुगा लुगा लुगा लुगा लुगा लुगा लुगा लुगा लुगा लुगा लुगा लुगा लुगा लुगा लुगा लुगा लुगा लुगा लुगा लुगा लुगा लुगा लुगा लुगा लुगा लुगा लुगा लुगा लुगा लुगा लुगा लुगा लुगा लुगा लुगा लुगा लुगा लुगा लुगा लुगा लुगा लुगा लुगा लुगा लुगा लुगा लुगा लुगा लुगा लुगा लुगा लुगा लुगा लुगा लुगा लुगा लुगा लुगा लुगा लुगा लुगा लुगा लुगा लुगा लुगा लुगा लुगा लुगा लुगा लुगा लुगा लुगा लुगा लुगा लुगा लुगा लुगा लुगा लुगा लुगा लुगा लुगा लुगा लुगा लुगा लुगा लुगा लुगा लुगा लुगा लुगा लुगा लुगा लु
nepali_dresses_augmented/sherpa_dress_chuba_bakkhu/81_aug2.jpg,"A group of people dressed in traditional clothing. This is the Chuba / Bakkhu, the traditional attire of the Sherpa community of Nepal. This warm wrap-around dress is worn in the Himalayan region during festivals such as Lhosar.",नेपालको शेर्पा समुदायको परम्परागत पोशाक चुबा / बखू हो। यो न्यानो लुगा लुगा लुगा लुगा लुगा लुगा लुगा लुगा लुगा लुगा लुगा लुगा लुगा लुगा लुगा लुगा लुगा लुगा लुगा लुगा लुगा लुगा लुगा लुगा लुगा लुगा लुगा लुगा लुगा लुगा लुगा लुगा लुगा लुगा लुगा लुगा लुगा लुगा लुगा लुगा लुगा लुगा लुगा लुगा लुगा लुगा लुगा लुगा लुगा लुगा लुगा लुगा लुगा लुगा लुगा लुगा लुगा लुगा लुगा लुगा लुगा लुगा लुगा लुगा लुगा लुगा लुगा लुगा लुगा लुगा लुगा लुगा लुगा लुगा लुगा लुगा लुगा लुगा लुगा लुगा लुगा लुगा लुगा लुगा लुगा लुगा लुगा लुगा लुगा लुगा लुगा लुगा लुगा लुगा लुगा लुगा लुगा लु
nepali_dresses_augmented/sherpa_dress_chuba_bakkhu/81_aug3.jpg,"A group of people dressed in traditional clothing. This is the Chuba / Bakkhu, the traditional attire of the Sherpa community of Nepal. This warm wrap-around dress is worn in the Himalayan region during festivals such as Lhosar.",नेपालको शेर्पा समुदायको परम्परागत पोशाक चुबा / बखू हो। यो न्यानो लुगा लुगा लुगा लुगा लुगा लुगा लुगा लुगा लुगा लुगा लुगा लुगा लुगा लुगा लुगा लुगा लुगा लुगा लुगा लुगा लुगा लुगा लुगा लुगा लुगा लुगा लुगा लुगा लुगा लुगा लुगा लुगा लुगा लुगा लुगा लुगा लुगा लुगा लुगा लुगा लुगा लुगा लुगा लुगा लुगा लुगा लुगा लुगा लुगा लुगा लुगा लुगा लुगा लुगा लुगा लुगा लुगा लुगा लुगा लुगा लुगा लुगा लुगा लुगा लुगा लुगा लुगा लुगा लुगा लुगा लुगा लुगा लुगा लुगा लुगा लुगा लुगा लुगा लुगा लुगा लुगा लुगा लुगा लुगा लुगा लुगा लुगा लुगा लुगा लुगा लुगा लुगा लुगा लुगा लुगा लुगा लुगा लु
nepali_dresses_augmented/sherpa_dress_chuba_bakkhu/82.jpg,"An old woman sitting in front of a white wall with her hands clasped - stock image. This is the Chuba / Bakkhu, the traditional attire of the Sherpa community of Nepal. This warm wrap-around dress is worn in the Himalayan region during festivals such as Lhosar.","एक बुढी महिला एक सेतो पर्खालको अगाडि हातहरू समातेर बसिरहेको छ - स्टक छवि। यो Chuba / Bakkhu हो, नेपालको शेर्पा समुदायको परम्परागत पोशाक। यो न्यानो लुगा लगाउने पोशाक हिमालय क्षेत्रमा लोसार जस्ता चाडहरूमा लगाइन्छ।"
nepali_dresses_augmented/sherpa_dress_chuba_bakkhu/82_aug1.jpg,"An old woman sitting in front of a white wall with her hands clasped - stock image. This is the Chuba / Bakkhu, the traditional attire of the Sherpa community of Nepal. This warm wrap-around dress is worn in the Himalayan region during festivals such as Lhosar.","एक बुढी महिला एक सेतो पर्खालको अगाडि हातहरू समातेर बसिरहेको छ - स्टक छवि। यो Chuba / Bakkhu हो, नेपालको शेर्पा समुदायको परम्परागत पोशाक। यो न्यानो लुगा लगाउने पोशाक हिमालय क्षेत्रमा लोसार जस्ता चाडहरूमा लगाइन्छ।"
nepali_dresses_augmented/sherpa_dress_chuba_bakkhu/82_aug2.jpg,"An old woman sitting in front of a white wall with her hands clasped - stock image. This is the Chuba / Bakkhu, the traditional attire of the Sherpa community of Nepal. This warm wrap-around dress is worn in the Himalayan region during festivals such as Lhosar.","एक बुढी महिला एक सेतो पर्खालको अगाडि हातहरू समातेर बसिरहेको छ - स्टक छवि। यो Chuba / Bakkhu हो, नेपालको शेर्पा समुदायको परम्परागत पोशाक। यो न्यानो लुगा लगाउने पोशाक हिमालय क्षेत्रमा लोसार जस्ता चाडहरूमा लगाइन्छ।"
nepali_dresses_augmented/sherpa_dress_chuba_bakkhu/82_aug3.jpg,"An old woman sitting in front of a white wall with her hands clasped - stock image. This is the Chuba / Bakkhu, the traditional attire of the Sherpa community of Nepal. This warm wrap-around dress is worn in the Himalayan region during festivals such as Lhosar.","एक बुढी महिला एक सेतो पर्खालको अगाडि हातहरू समातेर बसिरहेको छ - स्टक छवि। यो Chuba / Bakkhu हो, नेपालको शेर्पा समुदायको परम्परागत पोशाक। यो न्यानो लुगा लगाउने पोशाक हिमालय क्षेत्रमा लोसार जस्ता चाडहरूमा लगाइन्छ।"
nepali_dresses_augmented/sherpa_dress_chuba_bakkhu/83.jpg,"A group of women standing in front of a building. This is the Chuba / Bakkhu, the traditional attire of the Sherpa community of Nepal. This warm wrap-around dress is worn in the Himalayan region during festivals such as Lhosar.","एक भवनको अगाडि उभिएका महिलाहरूको समूह। यो Chuba / Bakkhu हो, नेपालको शेर्पा समुदायको परम्परागत पोशाक। यो न्यानो लुगा लुगा लुगाहरू जस्तै लोसर जस्ता पर्वहरूमा हिमालय क्षेत्रमा लगाइन्छ।"
nepali_dresses_augmented/sherpa_dress_chuba_bakkhu/83_aug1.jpg,"A group of women standing in front of a building. This is the Chuba / Bakkhu, the traditional attire of the Sherpa community of Nepal. This warm wrap-around dress is worn in the Himalayan region during festivals such as Lhosar.","एक भवनको अगाडि उभिएका महिलाहरूको समूह। यो Chuba / Bakkhu हो, नेपालको शेर्पा समुदायको परम्परागत पोशाक। यो न्यानो लुगा लुगा लुगाहरू जस्तै लोसर जस्ता पर्वहरूमा हिमालय क्षेत्रमा लगाइन्छ।"
nepali_dresses_augmented/sherpa_dress_chuba_bakkhu/83_aug2.jpg,"A group of women standing in front of a building. This is the Chuba / Bakkhu, the traditional attire of the Sherpa community of Nepal. This warm wrap-around dress is worn in the Himalayan region during festivals such as Lhosar.","एक भवनको अगाडि उभिएका महिलाहरूको समूह। यो Chuba / Bakkhu हो, नेपालको शेर्पा समुदायको परम्परागत पोशाक। यो न्यानो लुगा लुगा लुगाहरू जस्तै लोसर जस्ता पर्वहरूमा हिमालय क्षेत्रमा लगाइन्छ।"
nepali_dresses_augmented/sherpa_dress_chuba_bakkhu/83_aug3.jpg,"A group of women standing in front of a building. This is the Chuba / Bakkhu, the traditional attire of the Sherpa community of Nepal. This warm wrap-around dress is worn in the Himalayan region during festivals such as Lhosar.","एक भवनको अगाडि उभिएका महिलाहरूको समूह। यो Chuba / Bakkhu हो, नेपालको शेर्पा समुदायको परम्परागत पोशाक। यो न्यानो लुगा लुगा लुगाहरू जस्तै लोसर जस्ता पर्वहरूमा हिमालय क्षेत्रमा लगाइन्छ।"
nepali_dresses_augmented/sherpa_dress_chuba_bakkhu/84.jpg,"A woman sitting on the ground. This is the Chuba / Bakkhu, the traditional attire of the Sherpa community of Nepal. This warm wrap-around dress is worn in the Himalayan region during festivals such as Lhosar.","एक महिला जमिनमा बसिरहेको छ। यो Chuba / Bakkhu हो, नेपालको शेर्पा समुदायको परम्परागत पोशाक हो। यो न्यानो लुगा लुगा लुगा जस्तै महोत्सवहरूमा हिमालय क्षेत्रमा लगाइन्छ।"
nepali_dresses_augmented/sherpa_dress_chuba_bakkhu/84_aug1.jpg,"A woman sitting on the ground. This is the Chuba / Bakkhu, the traditional attire of the Sherpa community of Nepal. This warm wrap-around dress is worn in the Himalayan region during festivals such as Lhosar.","एक महिला जमिनमा बसिरहेको छ। यो Chuba / Bakkhu हो, नेपालको शेर्पा समुदायको परम्परागत पोशाक हो। यो न्यानो लुगा लुगा लुगा जस्तै महोत्सवहरूमा हिमालय क्षेत्रमा लगाइन्छ।"
nepali_dresses_augmented/sherpa_dress_chuba_bakkhu/84_aug2.jpg,"A woman sitting on the ground. This is the Chuba / Bakkhu, the traditional attire of the Sherpa community of Nepal. This warm wrap-around dress is worn in the Himalayan region during festivals such as Lhosar.","एक महिला जमिनमा बसिरहेको छ। यो Chuba / Bakkhu हो, नेपालको शेर्पा समुदायको परम्परागत पोशाक हो। यो न्यानो लुगा लुगा लुगा जस्तै महोत्सवहरूमा हिमालय क्षेत्रमा लगाइन्छ।"
nepali_dresses_augmented/sherpa_dress_chuba_bakkhu/84_aug3.jpg,"A woman sitting on the ground. This is the Chuba / Bakkhu, the traditional attire of the Sherpa community of Nepal. This warm wrap-around dress is worn in the Himalayan region during festivals such as Lhosar.","एक महिला जमिनमा बसिरहेको छ। यो Chuba / Bakkhu हो, नेपालको शेर्पा समुदायको परम्परागत पोशाक हो। यो न्यानो लुगा लुगा लुगा जस्तै महोत्सवहरूमा हिमालय क्षेत्रमा लगाइन्छ।"
nepali_dresses_augmented/sherpa_dress_chuba_bakkhu/85.jpg,"A group of people standing next to each other people. This is the Chuba / Bakkhu, the traditional attire of the Sherpa community of Nepal. This warm wrap-around dress is worn in the Himalayan region during festivals such as Lhosar.",नेपालको शेर्पा समुदायको परम्परागत पोशाक चुबा/बखू हो। यो न्यानो लुगा हिमालय क्षेत्रमा लोसर जस्ता पर्वहरूमा लगाइन्छ।
nepali_dresses_augmented/sherpa_dress_chuba_bakkhu/85_aug1.jpg,"A group of people standing next to each other people. This is the Chuba / Bakkhu, the traditional attire of the Sherpa community of Nepal. This warm wrap-around dress is worn in the Himalayan region during festivals such as Lhosar.",नेपालको शेर्पा समुदायको परम्परागत पोशाक चुबा/बखू हो। यो न्यानो लुगा हिमालय क्षेत्रमा लोसर जस्ता पर्वहरूमा लगाइन्छ।
nepali_dresses_augmented/sherpa_dress_chuba_bakkhu/85_aug2.jpg,"A group of people standing next to each other people. This is the Chuba / Bakkhu, the traditional attire of the Sherpa community of Nepal. This warm wrap-around dress is worn in the Himalayan region during festivals such as Lhosar.",नेपालको शेर्पा समुदायको परम्परागत पोशाक चुबा/बखू हो। यो न्यानो लुगा हिमालय क्षेत्रमा लोसर जस्ता पर्वहरूमा लगाइन्छ।
nepali_dresses_augmented/sherpa_dress_chuba_bakkhu/85_aug3.jpg,"A group of people standing next to each other people. This is the Chuba / Bakkhu, the traditional attire of the Sherpa community of Nepal. This warm wrap-around dress is worn in the Himalayan region during festivals such as Lhosar.",नेपालको शेर्पा समुदायको परम्परागत पोशाक चुबा/बखू हो। यो न्यानो लुगा हिमालय क्षेत्रमा लोसर जस्ता पर्वहरूमा लगाइन्छ।
nepali_dresses_augmented/sherpa_dress_chuba_bakkhu/86.jpg,"A woman feeding pigeons on the street. This is the Chuba / Bakkhu, the traditional attire of the Sherpa community of Nepal. This warm wrap-around dress is worn in the Himalayan region during festivals such as Lhosar.","एक महिलाले सडकमा ढुकुरलाई खुवाउँछिन्। यो Chuba / Bakkhu हो, नेपालको शेर्पा समुदायको परम्परागत पोशाक हो। यो न्यानो लुगा लगाउने पोशाक हिमालय क्षेत्रमा लोसार जस्ता चाडहरूमा लगाइन्छ।"
nepali_dresses_augmented/sherpa_dress_chuba_bakkhu/86_aug1.jpg,"A woman feeding pigeons on the street. This is the Chuba / Bakkhu, the traditional attire of the Sherpa community of Nepal. This warm wrap-around dress is worn in the Himalayan region during festivals such as Lhosar.","एक महिलाले सडकमा ढुकुरलाई खुवाउँछिन्। यो Chuba / Bakkhu हो, नेपालको शेर्पा समुदायको परम्परागत पोशाक हो। यो न्यानो लुगा लगाउने पोशाक हिमालय क्षेत्रमा लोसार जस्ता चाडहरूमा लगाइन्छ।"
nepali_dresses_augmented/sherpa_dress_chuba_bakkhu/86_aug2.jpg,"A woman feeding pigeons on the street. This is the Chuba / Bakkhu, the traditional attire of the Sherpa community of Nepal. This warm wrap-around dress is worn in the Himalayan region during festivals such as Lhosar.","एक महिलाले सडकमा ढुकुरलाई खुवाउँछिन्। यो Chuba / Bakkhu हो, नेपालको शेर्पा समुदायको परम्परागत पोशाक हो। यो न्यानो लुगा लगाउने पोशाक हिमालय क्षेत्रमा लोसार जस्ता चाडहरूमा लगाइन्छ।"
nepali_dresses_augmented/sherpa_dress_chuba_bakkhu/86_aug3.jpg,"A woman feeding pigeons on the street. This is the Chuba / Bakkhu, the traditional attire of the Sherpa community of Nepal. This warm wrap-around dress is worn in the Himalayan region during festivals such as Lhosar.","एक महिलाले सडकमा ढुकुरलाई खुवाउँछिन्। यो Chuba / Bakkhu हो, नेपालको शेर्पा समुदायको परम्परागत पोशाक हो। यो न्यानो लुगा लगाउने पोशाक हिमालय क्षेत्रमा लोसार जस्ता चाडहरूमा लगाइन्छ।"
nepali_dresses_augmented/sherpa_dress_chuba_bakkhu/87.jpg,"An old woman in traditional clothing and headdres on the streets of cuz, peru - stock image. This is the Chuba / Bakkhu, the traditional attire of the Sherpa community of Nepal. This warm wrap-around dress is worn in the Himalayan region during festivals such as Lhosar.",नेपालको शेर्पा समुदायको परम्परागत पोशाक चुबा / बखू हो। यो न्यानो लुगा लुगा लुगा लुगा लुगा लुगा लुगा लुगा लुगा लुगा लुगा लुगा लुगा लुगा लुगा लुगा लुगा लुगा लुगा लुगा लुगा लुगा लुगा लुगा लुगा लुगा लुगा लुगा लुगा लुगा लुगा लुगा लुगा लुगा लुगा लुगा लुगा लुगा लुगा लुगा लुगा लुगा लुगा लुगा लुगा लुगा लुगा लुगा लुगा लुगा लुगा लुगा लुगा लुगा लुगा लुगा लुगा लुगा लुगा लुगा लुगा लुगा लुगा लुगा लुगा लुगा लुगा लुगा लुगा लुगा लुगा लुगा लुगा लुगा लुगा लुगा लुगा लुगा लुगा लुगा लुगा लुगा लुगा लुगा लुगा लुगा लुगा लुगा लुगा लुगा लुगा लुगा लुगा लुगा लुगा लुगा लुगा लु
nepali_dresses_augmented/sherpa_dress_chuba_bakkhu/87_aug1.jpg,"An old woman in traditional clothing and headdres on the streets of cuz, peru - stock image. This is the Chuba / Bakkhu, the traditional attire of the Sherpa community of Nepal. This warm wrap-around dress is worn in the Himalayan region during festivals such as Lhosar.",नेपालको शेर्पा समुदायको परम्परागत पोशाक चुबा / बखू हो। यो न्यानो लुगा लुगा लुगा लुगा लुगा लुगा लुगा लुगा लुगा लुगा लुगा लुगा लुगा लुगा लुगा लुगा लुगा लुगा लुगा लुगा लुगा लुगा लुगा लुगा लुगा लुगा लुगा लुगा लुगा लुगा लुगा लुगा लुगा लुगा लुगा लुगा लुगा लुगा लुगा लुगा लुगा लुगा लुगा लुगा लुगा लुगा लुगा लुगा लुगा लुगा लुगा लुगा लुगा लुगा लुगा लुगा लुगा लुगा लुगा लुगा लुगा लुगा लुगा लुगा लुगा लुगा लुगा लुगा लुगा लुगा लुगा लुगा लुगा लुगा लुगा लुगा लुगा लुगा लुगा लुगा लुगा लुगा लुगा लुगा लुगा लुगा लुगा लुगा लुगा लुगा लुगा लुगा लुगा लुगा लुगा लुगा लुगा लु
nepali_dresses_augmented/sherpa_dress_chuba_bakkhu/87_aug2.jpg,"An old woman in traditional clothing and headdres on the streets of cuz, peru - stock image. This is the Chuba / Bakkhu, the traditional attire of the Sherpa community of Nepal. This warm wrap-around dress is worn in the Himalayan region during festivals such as Lhosar.",नेपालको शेर्पा समुदायको परम्परागत पोशाक चुबा / बखू हो। यो न्यानो लुगा लुगा लुगा लुगा लुगा लुगा लुगा लुगा लुगा लुगा लुगा लुगा लुगा लुगा लुगा लुगा लुगा लुगा लुगा लुगा लुगा लुगा लुगा लुगा लुगा लुगा लुगा लुगा लुगा लुगा लुगा लुगा लुगा लुगा लुगा लुगा लुगा लुगा लुगा लुगा लुगा लुगा लुगा लुगा लुगा लुगा लुगा लुगा लुगा लुगा लुगा लुगा लुगा लुगा लुगा लुगा लुगा लुगा लुगा लुगा लुगा लुगा लुगा लुगा लुगा लुगा लुगा लुगा लुगा लुगा लुगा लुगा लुगा लुगा लुगा लुगा लुगा लुगा लुगा लुगा लुगा लुगा लुगा लुगा लुगा लुगा लुगा लुगा लुगा लुगा लुगा लुगा लुगा लुगा लुगा लुगा लुगा लु
nepali_dresses_augmented/sherpa_dress_chuba_bakkhu/87_aug3.jpg,"An old woman in traditional clothing and headdres on the streets of cuz, peru - stock image. This is the Chuba / Bakkhu, the traditional attire of the Sherpa community of Nepal. This warm wrap-around dress is worn in the Himalayan region during festivals such as Lhosar.",नेपालको शेर्पा समुदायको परम्परागत पोशाक चुबा / बखू हो। यो न्यानो लुगा लुगा लुगा लुगा लुगा लुगा लुगा लुगा लुगा लुगा लुगा लुगा लुगा लुगा लुगा लुगा लुगा लुगा लुगा लुगा लुगा लुगा लुगा लुगा लुगा लुगा लुगा लुगा लुगा लुगा लुगा लुगा लुगा लुगा लुगा लुगा लुगा लुगा लुगा लुगा लुगा लुगा लुगा लुगा लुगा लुगा लुगा लुगा लुगा लुगा लुगा लुगा लुगा लुगा लुगा लुगा लुगा लुगा लुगा लुगा लुगा लुगा लुगा लुगा लुगा लुगा लुगा लुगा लुगा लुगा लुगा लुगा लुगा लुगा लुगा लुगा लुगा लुगा लुगा लुगा लुगा लुगा लुगा लुगा लुगा लुगा लुगा लुगा लुगा लुगा लुगा लुगा लुगा लुगा लुगा लुगा लुगा लु
nepali_dresses_augmented/sherpa_dress_chuba_bakkhu/88.jpg,"A man in traditional costume and hat walking down the street - stock image. This is the Chuba / Bakkhu, the traditional attire of the Sherpa community of Nepal. This warm wrap-around dress is worn in the Himalayan region during festivals such as Lhosar.","परम्परागत पोशाक र टोपीमा सडकमा हिड्ने मानिस - स्टक छवि। यो Chuba / Bakkhu हो, नेपालको शेर्पा समुदायको परम्परागत पोशाक। यो न्यानो लुगा लुगा लगाउने लुगा लोसार जस्ता पर्वहरूमा हिमालय क्षेत्रमा लगाइन्छ।"
nepali_dresses_augmented/sherpa_dress_chuba_bakkhu/88_aug1.jpg,"A man in traditional costume and hat walking down the street - stock image. This is the Chuba / Bakkhu, the traditional attire of the Sherpa community of Nepal. This warm wrap-around dress is worn in the Himalayan region during festivals such as Lhosar.","परम्परागत पोशाक र टोपीमा सडकमा हिड्ने मानिस - स्टक छवि। यो Chuba / Bakkhu हो, नेपालको शेर्पा समुदायको परम्परागत पोशाक। यो न्यानो लुगा लुगा लगाउने लुगा लोसार जस्ता पर्वहरूमा हिमालय क्षेत्रमा लगाइन्छ।"
nepali_dresses_augmented/sherpa_dress_chuba_bakkhu/88_aug2.jpg,"A man in traditional costume and hat walking down the street - stock image. This is the Chuba / Bakkhu, the traditional attire of the Sherpa community of Nepal. This warm wrap-around dress is worn in the Himalayan region during festivals such as Lhosar.","परम्परागत पोशाक र टोपीमा सडकमा हिड्ने मानिस - स्टक छवि। यो Chuba / Bakkhu हो, नेपालको शेर्पा समुदायको परम्परागत पोशाक। यो न्यानो लुगा लुगा लगाउने लुगा लोसार जस्ता पर्वहरूमा हिमालय क्षेत्रमा लगाइन्छ।"
nepali_dresses_augmented/sherpa_dress_chuba_bakkhu/88_aug3.jpg,"A man in traditional costume and hat walking down the street - stock image. This is the Chuba / Bakkhu, the traditional attire of the Sherpa community of Nepal. This warm wrap-around dress is worn in the Himalayan region during festivals such as Lhosar.","परम्परागत पोशाक र टोपीमा सडकमा हिड्ने मानिस - स्टक छवि। यो Chuba / Bakkhu हो, नेपालको शेर्पा समुदायको परम्परागत पोशाक। यो न्यानो लुगा लुगा लगाउने लुगा लोसार जस्ता पर्वहरूमा हिमालय क्षेत्रमा लगाइन्छ।"
nepali_dresses_augmented/sherpa_dress_chuba_bakkhu/89.jpg,"A woman in traditional clothing walking down a dirt road. This is the Chuba / Bakkhu, the traditional attire of the Sherpa community of Nepal. This warm wrap-around dress is worn in the Himalayan region during festivals such as Lhosar.",नेपालको शेर्पा समुदायको परम्परागत पोशाक चुबा/बखू हो । यो हिमालय क्षेत्रमा लोसर जस्ता चाडपर्वहरूमा यो न्यानो लुगा लगाइन्छ ।
nepali_dresses_augmented/sherpa_dress_chuba_bakkhu/89_aug1.jpg,"A woman in traditional clothing walking down a dirt road. This is the Chuba / Bakkhu, the traditional attire of the Sherpa community of Nepal. This warm wrap-around dress is worn in the Himalayan region during festivals such as Lhosar.",नेपालको शेर्पा समुदायको परम्परागत पोशाक चुबा/बखू हो । यो हिमालय क्षेत्रमा लोसर जस्ता चाडपर्वहरूमा यो न्यानो लुगा लगाइन्छ ।
nepali_dresses_augmented/sherpa_dress_chuba_bakkhu/89_aug2.jpg,"A woman in traditional clothing walking down a dirt road. This is the Chuba / Bakkhu, the traditional attire of the Sherpa community of Nepal. This warm wrap-around dress is worn in the Himalayan region during festivals such as Lhosar.",नेपालको शेर्पा समुदायको परम्परागत पोशाक चुबा/बखू हो । यो हिमालय क्षेत्रमा लोसर जस्ता चाडपर्वहरूमा यो न्यानो लुगा लगाइन्छ ।
nepali_dresses_augmented/sherpa_dress_chuba_bakkhu/89_aug3.jpg,"A woman in traditional clothing walking down a dirt road. This is the Chuba / Bakkhu, the traditional attire of the Sherpa community of Nepal. This warm wrap-around dress is worn in the Himalayan region during festivals such as Lhosar.",नेपालको शेर्पा समुदायको परम्परागत पोशाक चुबा/बखू हो । यो हिमालय क्षेत्रमा लोसर जस्ता चाडपर्वहरूमा यो न्यानो लुगा लगाइन्छ ।
nepali_dresses_augmented/sherpa_dress_chuba_bakkhu/8_aug1.jpg,"A woman from the ethnic tribe in the mountains of nepal - stock image. This is the Chuba / Bakkhu, the traditional attire of the Sherpa community of Nepal. This warm wrap-around dress is worn in the Himalayan region during festivals such as Lhosar.","नेपालको पहाडमा रहेको जातीय जनजातिकी एक महिलाको स्टक छवि। यो चुबा / बखू हो, नेपालको शेर्पा समुदायको परम्परागत पोशाक हो। यो न्यानो लुगा लगाउने पोशाक लोसर जस्ता पर्वहरूमा हिमालय क्षेत्रमा लगाइन्छ।"
nepali_dresses_augmented/sherpa_dress_chuba_bakkhu/8_aug2.jpg,"A woman from the ethnic tribe in the mountains of nepal - stock image. This is the Chuba / Bakkhu, the traditional attire of the Sherpa community of Nepal. This warm wrap-around dress is worn in the Himalayan region during festivals such as Lhosar.","नेपालको पहाडमा रहेको जातीय जनजातिकी एक महिलाको स्टक छवि। यो चुबा / बखू हो, नेपालको शेर्पा समुदायको परम्परागत पोशाक हो। यो न्यानो लुगा लगाउने पोशाक लोसर जस्ता पर्वहरूमा हिमालय क्षेत्रमा लगाइन्छ।"
nepali_dresses_augmented/sherpa_dress_chuba_bakkhu/8_aug3.jpg,"A woman from the ethnic tribe in the mountains of nepal - stock image. This is the Chuba / Bakkhu, the traditional attire of the Sherpa community of Nepal. This warm wrap-around dress is worn in the Himalayan region during festivals such as Lhosar.","नेपालको पहाडमा रहेको जातीय जनजातिकी एक महिलाको स्टक छवि। यो चुबा / बखू हो, नेपालको शेर्पा समुदायको परम्परागत पोशाक हो। यो न्यानो लुगा लगाउने पोशाक लोसर जस्ता पर्वहरूमा हिमालय क्षेत्रमा लगाइन्छ।"
nepali_dresses_augmented/sherpa_dress_chuba_bakkhu/9.jpg,"A group of people in traditional dress and hats. This is the Chuba / Bakkhu, the traditional attire of the Sherpa community of Nepal. This warm wrap-around dress is worn in the Himalayan region during festivals such as Lhosar.","यो परम्परागत पोशाक र टोपीमा मानिसहरूको समूह हो। यो Chuba / Bakkhu हो, नेपालको शेर्पा समुदायको परम्परागत पोशाक हो। यो न्यानो लुगा लगाउने पोशाक हिमालय क्षेत्रमा लोसार जस्ता चाडहरूमा लगाइन्छ।"
nepali_dresses_augmented/sherpa_dress_chuba_bakkhu/90.jpg,"A woman standing next to a pile of bags. This is the Chuba / Bakkhu, the traditional attire of the Sherpa community of Nepal. This warm wrap-around dress is worn in the Himalayan region during festivals such as Lhosar.","एक महिला बैगको ढेरको छेउमा उभिएकी छिन्। यो Chuba / Bakkhu हो, नेपालको शेर्पा समुदायको परम्परागत पोशाक हो। यो न्यानो लुगा लगाउने पोशाक ल्होसर जस्ता पर्वहरूमा हिमालय क्षेत्रमा लगाइन्छ।"
nepali_dresses_augmented/sherpa_dress_chuba_bakkhu/90_aug1.jpg,"A woman standing next to a pile of bags. This is the Chuba / Bakkhu, the traditional attire of the Sherpa community of Nepal. This warm wrap-around dress is worn in the Himalayan region during festivals such as Lhosar.","एक महिला बैगको ढेरको छेउमा उभिएकी छिन्। यो Chuba / Bakkhu हो, नेपालको शेर्पा समुदायको परम्परागत पोशाक हो। यो न्यानो लुगा लगाउने पोशाक ल्होसर जस्ता पर्वहरूमा हिमालय क्षेत्रमा लगाइन्छ।"
nepali_dresses_augmented/sherpa_dress_chuba_bakkhu/90_aug2.jpg,"A woman standing next to a pile of bags. This is the Chuba / Bakkhu, the traditional attire of the Sherpa community of Nepal. This warm wrap-around dress is worn in the Himalayan region during festivals such as Lhosar.","एक महिला बैगको ढेरको छेउमा उभिएकी छिन्। यो Chuba / Bakkhu हो, नेपालको शेर्पा समुदायको परम्परागत पोशाक हो। यो न्यानो लुगा लगाउने पोशाक ल्होसर जस्ता पर्वहरूमा हिमालय क्षेत्रमा लगाइन्छ।"
nepali_dresses_augmented/sherpa_dress_chuba_bakkhu/90_aug3.jpg,"A woman standing next to a pile of bags. This is the Chuba / Bakkhu, the traditional attire of the Sherpa community of Nepal. This warm wrap-around dress is worn in the Himalayan region during festivals such as Lhosar.","एक महिला बैगको ढेरको छेउमा उभिएकी छिन्। यो Chuba / Bakkhu हो, नेपालको शेर्पा समुदायको परम्परागत पोशाक हो। यो न्यानो लुगा लगाउने पोशाक ल्होसर जस्ता पर्वहरूमा हिमालय क्षेत्रमा लगाइन्छ।"
nepali_dresses_augmented/sherpa_dress_chuba_bakkhu/91.jpg,"A man in a green coat and sunglasses. This is the Chuba / Bakkhu, the traditional attire of the Sherpa community of Nepal. This warm wrap-around dress is worn in the Himalayan region during festivals such as Lhosar.","एक हरियो कोट र धूपको चश्मामा एक मानिस। यो Chuba / Bakkhu हो, नेपालको शेर्पा समुदायको परम्परागत पोशाक। यो न्यानो लुगा लुगा लगाउने लुगा लोसर जस्ता पर्वहरूमा हिमालय क्षेत्रमा लगाइन्छ।"
nepali_dresses_augmented/sherpa_dress_chuba_bakkhu/91_aug1.jpg,"A man in a green coat and sunglasses. This is the Chuba / Bakkhu, the traditional attire of the Sherpa community of Nepal. This warm wrap-around dress is worn in the Himalayan region during festivals such as Lhosar.","एक हरियो कोट र धूपको चश्मामा एक मानिस। यो Chuba / Bakkhu हो, नेपालको शेर्पा समुदायको परम्परागत पोशाक। यो न्यानो लुगा लुगा लगाउने लुगा लोसर जस्ता पर्वहरूमा हिमालय क्षेत्रमा लगाइन्छ।"
nepali_dresses_augmented/sherpa_dress_chuba_bakkhu/91_aug2.jpg,"A man in a green coat and sunglasses. This is the Chuba / Bakkhu, the traditional attire of the Sherpa community of Nepal. This warm wrap-around dress is worn in the Himalayan region during festivals such as Lhosar.","एक हरियो कोट र धूपको चश्मामा एक मानिस। यो Chuba / Bakkhu हो, नेपालको शेर्पा समुदायको परम्परागत पोशाक। यो न्यानो लुगा लुगा लगाउने लुगा लोसर जस्ता पर्वहरूमा हिमालय क्षेत्रमा लगाइन्छ।"
nepali_dresses_augmented/sherpa_dress_chuba_bakkhu/91_aug3.jpg,"A man in a green coat and sunglasses. This is the Chuba / Bakkhu, the traditional attire of the Sherpa community of Nepal. This warm wrap-around dress is worn in the Himalayan region during festivals such as Lhosar.","एक हरियो कोट र धूपको चश्मामा एक मानिस। यो Chuba / Bakkhu हो, नेपालको शेर्पा समुदायको परम्परागत पोशाक। यो न्यानो लुगा लुगा लगाउने लुगा लोसर जस्ता पर्वहरूमा हिमालय क्षेत्रमा लगाइन्छ।"
nepali_dresses_augmented/sherpa_dress_chuba_bakkhu/92.jpg,"A man wearing a fur coat and holding a rifle. This is the Chuba / Bakkhu, the traditional attire of the Sherpa community of Nepal. This warm wrap-around dress is worn in the Himalayan region during festivals such as Lhosar.","एक पुरुषले फरको कोट लगाएको र राइफल हातमा राखेको छ। यो Chuba / Bakkhu हो, नेपालको शेर्पा समुदायको परम्परागत पोशाक हो। यो न्यानो वेप-अराउन्ड पोशाक हिमालय क्षेत्रमा लोसर जस्ता चाडहरूमा लगाइन्छ।"
nepali_dresses_augmented/sherpa_dress_chuba_bakkhu/92_aug1.jpg,"A man wearing a fur coat and holding a rifle. This is the Chuba / Bakkhu, the traditional attire of the Sherpa community of Nepal. This warm wrap-around dress is worn in the Himalayan region during festivals such as Lhosar.","एक पुरुषले फरको कोट लगाएको र राइफल हातमा राखेको छ। यो Chuba / Bakkhu हो, नेपालको शेर्पा समुदायको परम्परागत पोशाक हो। यो न्यानो वेप-अराउन्ड पोशाक हिमालय क्षेत्रमा लोसर जस्ता चाडहरूमा लगाइन्छ।"
nepali_dresses_augmented/sherpa_dress_chuba_bakkhu/92_aug2.jpg,"A man wearing a fur coat and holding a rifle. This is the Chuba / Bakkhu, the traditional attire of the Sherpa community of Nepal. This warm wrap-around dress is worn in the Himalayan region during festivals such as Lhosar.","एक पुरुषले फरको कोट लगाएको र राइफल हातमा राखेको छ। यो Chuba / Bakkhu हो, नेपालको शेर्पा समुदायको परम्परागत पोशाक हो। यो न्यानो वेप-अराउन्ड पोशाक हिमालय क्षेत्रमा लोसर जस्ता चाडहरूमा लगाइन्छ।"
nepali_dresses_augmented/sherpa_dress_chuba_bakkhu/92_aug3.jpg,"A man wearing a fur coat and holding a rifle. This is the Chuba / Bakkhu, the traditional attire of the Sherpa community of Nepal. This warm wrap-around dress is worn in the Himalayan region during festivals such as Lhosar.","एक पुरुषले फरको कोट लगाएको र राइफल हातमा राखेको छ। यो Chuba / Bakkhu हो, नेपालको शेर्पा समुदायको परम्परागत पोशाक हो। यो न्यानो वेप-अराउन्ड पोशाक हिमालय क्षेत्रमा लोसर जस्ता चाडहरूमा लगाइन्छ।"
nepali_dresses_augmented/sherpa_dress_chuba_bakkhu/93.jpg,"A group of people dressed in traditional costumes. This is the Chuba / Bakkhu, the traditional attire of the Sherpa community of Nepal. This warm wrap-around dress is worn in the Himalayan region during festivals such as Lhosar.",नेपालको शेर्पा समुदायको परम्परागत पोशाक चुबा / बखू हो। यो न्यानो लुगा लुगा लुगा लुगा लुगा लुगा लुगा लुगा लुगा लुगा लुगा लुगा लुगा लुगा लुगा लुगा लुगा लुगा लुगा लुगा लुगा लुगा लुगा लुगा लुगा लुगा लुगा लुगा लुगा लुगा लुगा लुगा लुगा लुगा लुगा लुगा लुगा लुगा लुगा लुगा लुगा लुगा लुगा लुगा लुगा लुगा लुगा लुगा लुगा लुगा लुगा लुगा लुगा लुगा लुगा लुगा लुगा लुगा लुगा लुगा लुगा लुगा लुगा लुगा लुगा लुगा लुगा लुगा लुगा लुगा लुगा लुगा लुगा लुगा लुगा लुगा लुगा लुगा लुगा लुगा लुगा लुगा लुगा लुगा लुगा लुगा लुगा लुगा लुगा लुगा लुगा लुगा लुगा लुगा लुगा लुगा लुगा लु
nepali_dresses_augmented/sherpa_dress_chuba_bakkhu/93_aug1.jpg,"A group of people dressed in traditional costumes. This is the Chuba / Bakkhu, the traditional attire of the Sherpa community of Nepal. This warm wrap-around dress is worn in the Himalayan region during festivals such as Lhosar.",नेपालको शेर्पा समुदायको परम्परागत पोशाक चुबा / बखू हो। यो न्यानो लुगा लुगा लुगा लुगा लुगा लुगा लुगा लुगा लुगा लुगा लुगा लुगा लुगा लुगा लुगा लुगा लुगा लुगा लुगा लुगा लुगा लुगा लुगा लुगा लुगा लुगा लुगा लुगा लुगा लुगा लुगा लुगा लुगा लुगा लुगा लुगा लुगा लुगा लुगा लुगा लुगा लुगा लुगा लुगा लुगा लुगा लुगा लुगा लुगा लुगा लुगा लुगा लुगा लुगा लुगा लुगा लुगा लुगा लुगा लुगा लुगा लुगा लुगा लुगा लुगा लुगा लुगा लुगा लुगा लुगा लुगा लुगा लुगा लुगा लुगा लुगा लुगा लुगा लुगा लुगा लुगा लुगा लुगा लुगा लुगा लुगा लुगा लुगा लुगा लुगा लुगा लुगा लुगा लुगा लुगा लुगा लुगा लु
nepali_dresses_augmented/sherpa_dress_chuba_bakkhu/93_aug2.jpg,"A group of people dressed in traditional costumes. This is the Chuba / Bakkhu, the traditional attire of the Sherpa community of Nepal. This warm wrap-around dress is worn in the Himalayan region during festivals such as Lhosar.",नेपालको शेर्पा समुदायको परम्परागत पोशाक चुबा / बखू हो। यो न्यानो लुगा लुगा लुगा लुगा लुगा लुगा लुगा लुगा लुगा लुगा लुगा लुगा लुगा लुगा लुगा लुगा लुगा लुगा लुगा लुगा लुगा लुगा लुगा लुगा लुगा लुगा लुगा लुगा लुगा लुगा लुगा लुगा लुगा लुगा लुगा लुगा लुगा लुगा लुगा लुगा लुगा लुगा लुगा लुगा लुगा लुगा लुगा लुगा लुगा लुगा लुगा लुगा लुगा लुगा लुगा लुगा लुगा लुगा लुगा लुगा लुगा लुगा लुगा लुगा लुगा लुगा लुगा लुगा लुगा लुगा लुगा लुगा लुगा लुगा लुगा लुगा लुगा लुगा लुगा लुगा लुगा लुगा लुगा लुगा लुगा लुगा लुगा लुगा लुगा लुगा लुगा लुगा लुगा लुगा लुगा लुगा लुगा लु
nepali_dresses_augmented/sherpa_dress_chuba_bakkhu/93_aug3.jpg,"A group of people dressed in traditional costumes. This is the Chuba / Bakkhu, the traditional attire of the Sherpa community of Nepal. This warm wrap-around dress is worn in the Himalayan region during festivals such as Lhosar.",नेपालको शेर्पा समुदायको परम्परागत पोशाक चुबा / बखू हो। यो न्यानो लुगा लुगा लुगा लुगा लुगा लुगा लुगा लुगा लुगा लुगा लुगा लुगा लुगा लुगा लुगा लुगा लुगा लुगा लुगा लुगा लुगा लुगा लुगा लुगा लुगा लुगा लुगा लुगा लुगा लुगा लुगा लुगा लुगा लुगा लुगा लुगा लुगा लुगा लुगा लुगा लुगा लुगा लुगा लुगा लुगा लुगा लुगा लुगा लुगा लुगा लुगा लुगा लुगा लुगा लुगा लुगा लुगा लुगा लुगा लुगा लुगा लुगा लुगा लुगा लुगा लुगा लुगा लुगा लुगा लुगा लुगा लुगा लुगा लुगा लुगा लुगा लुगा लुगा लुगा लुगा लुगा लुगा लुगा लुगा लुगा लुगा लुगा लुगा लुगा लुगा लुगा लुगा लुगा लुगा लुगा लुगा लुगा लु
nepali_dresses_augmented/sherpa_dress_chuba_bakkhu/94.jpg,"A young boy wearing a black coat and hat. This is the Chuba / Bakkhu, the traditional attire of the Sherpa community of Nepal. This warm wrap-around dress is worn in the Himalayan region during festivals such as Lhosar.","एक जवान केटाले कालो कोट र टोपी लगाएको छ। यो Chuba / Bakkhu हो, नेपालको शेर्पा समुदायको परम्परागत पोशाक हो। यो न्यानो लुगा लगाउने पोशाक ल्होसर जस्ता पर्वहरूमा हिमालय क्षेत्रमा लगाइन्छ।"
nepali_dresses_augmented/sherpa_dress_chuba_bakkhu/94_aug1.jpg,"A young boy wearing a black coat and hat. This is the Chuba / Bakkhu, the traditional attire of the Sherpa community of Nepal. This warm wrap-around dress is worn in the Himalayan region during festivals such as Lhosar.","एक जवान केटाले कालो कोट र टोपी लगाएको छ। यो Chuba / Bakkhu हो, नेपालको शेर्पा समुदायको परम्परागत पोशाक हो। यो न्यानो लुगा लगाउने पोशाक ल्होसर जस्ता पर्वहरूमा हिमालय क्षेत्रमा लगाइन्छ।"
nepali_dresses_augmented/sherpa_dress_chuba_bakkhu/94_aug2.jpg,"A young boy wearing a black coat and hat. This is the Chuba / Bakkhu, the traditional attire of the Sherpa community of Nepal. This warm wrap-around dress is worn in the Himalayan region during festivals such as Lhosar.","एक जवान केटाले कालो कोट र टोपी लगाएको छ। यो Chuba / Bakkhu हो, नेपालको शेर्पा समुदायको परम्परागत पोशाक हो। यो न्यानो लुगा लगाउने पोशाक ल्होसर जस्ता पर्वहरूमा हिमालय क्षेत्रमा लगाइन्छ।"
nepali_dresses_augmented/sherpa_dress_chuba_bakkhu/94_aug3.jpg,"A young boy wearing a black coat and hat. This is the Chuba / Bakkhu, the traditional attire of the Sherpa community of Nepal. This warm wrap-around dress is worn in the Himalayan region during festivals such as Lhosar.","एक जवान केटाले कालो कोट र टोपी लगाएको छ। यो Chuba / Bakkhu हो, नेपालको शेर्पा समुदायको परम्परागत पोशाक हो। यो न्यानो लुगा लगाउने पोशाक ल्होसर जस्ता पर्वहरूमा हिमालय क्षेत्रमा लगाइन्छ।"
nepali_dresses_augmented/sherpa_dress_chuba_bakkhu/95.jpg,"Two women standing next to each other women. This is the Chuba / Bakkhu, the traditional attire of the Sherpa community of Nepal. This warm wrap-around dress is worn in the Himalayan region during festivals such as Lhosar.","दुई महिलाहरू एक अर्काको छेउमा उभिए। यो Chuba / Bakkhu हो, नेपालको शेर्पा समुदायको परम्परागत पोशाक हो। यो न्यानो लुगा लुगा लुगाहरू जस्तै लोसर जस्ता पर्वहरूमा हिमालय क्षेत्रमा लगाइन्छ।"
nepali_dresses_augmented/sherpa_dress_chuba_bakkhu/95_aug1.jpg,"Two women standing next to each other women. This is the Chuba / Bakkhu, the traditional attire of the Sherpa community of Nepal. This warm wrap-around dress is worn in the Himalayan region during festivals such as Lhosar.","दुई महिलाहरू एक अर्काको छेउमा उभिए। यो Chuba / Bakkhu हो, नेपालको शेर्पा समुदायको परम्परागत पोशाक हो। यो न्यानो लुगा लुगा लुगाहरू जस्तै लोसर जस्ता पर्वहरूमा हिमालय क्षेत्रमा लगाइन्छ।"
nepali_dresses_augmented/sherpa_dress_chuba_bakkhu/95_aug2.jpg,"Two women standing next to each other women. This is the Chuba / Bakkhu, the traditional attire of the Sherpa community of Nepal. This warm wrap-around dress is worn in the Himalayan region during festivals such as Lhosar.","दुई महिलाहरू एक अर्काको छेउमा उभिए। यो Chuba / Bakkhu हो, नेपालको शेर्पा समुदायको परम्परागत पोशाक हो। यो न्यानो लुगा लुगा लुगाहरू जस्तै लोसर जस्ता पर्वहरूमा हिमालय क्षेत्रमा लगाइन्छ।"
nepali_dresses_augmented/sherpa_dress_chuba_bakkhu/95_aug3.jpg,"Two women standing next to each other women. This is the Chuba / Bakkhu, the traditional attire of the Sherpa community of Nepal. This warm wrap-around dress is worn in the Himalayan region during festivals such as Lhosar.","दुई महिलाहरू एक अर्काको छेउमा उभिए। यो Chuba / Bakkhu हो, नेपालको शेर्पा समुदायको परम्परागत पोशाक हो। यो न्यानो लुगा लुगा लुगाहरू जस्तै लोसर जस्ता पर्वहरूमा हिमालय क्षेत्रमा लगाइन्छ।"
nepali_dresses_augmented/sherpa_dress_chuba_bakkhu/96.jpg,"Three women in traditional clothing are standing together. This is the Chuba / Bakkhu, the traditional attire of the Sherpa community of Nepal. This warm wrap-around dress is worn in the Himalayan region during festivals such as Lhosar.","परम्परागत कपडामा तीन महिलाहरू सँगै उभिरहेका छन्। यो Chuba / Bakkhu हो, नेपालको शेर्पा समुदायको परम्परागत पोशाक। यो न्यानो लुगा लुगा लगाउने लुगा लोसर जस्ता पर्वहरूमा हिमालय क्षेत्रमा लगाइन्छ।"
nepali_dresses_augmented/sherpa_dress_chuba_bakkhu/96_aug1.jpg,"Three women in traditional clothing are standing together. This is the Chuba / Bakkhu, the traditional attire of the Sherpa community of Nepal. This warm wrap-around dress is worn in the Himalayan region during festivals such as Lhosar.","परम्परागत कपडामा तीन महिलाहरू सँगै उभिरहेका छन्। यो Chuba / Bakkhu हो, नेपालको शेर्पा समुदायको परम्परागत पोशाक। यो न्यानो लुगा लुगा लगाउने लुगा लोसर जस्ता पर्वहरूमा हिमालय क्षेत्रमा लगाइन्छ।"
nepali_dresses_augmented/sherpa_dress_chuba_bakkhu/96_aug2.jpg,"Three women in traditional clothing are standing together. This is the Chuba / Bakkhu, the traditional attire of the Sherpa community of Nepal. This warm wrap-around dress is worn in the Himalayan region during festivals such as Lhosar.","परम्परागत कपडामा तीन महिलाहरू सँगै उभिरहेका छन्। यो Chuba / Bakkhu हो, नेपालको शेर्पा समुदायको परम्परागत पोशाक। यो न्यानो लुगा लुगा लगाउने लुगा लोसर जस्ता पर्वहरूमा हिमालय क्षेत्रमा लगाइन्छ।"
nepali_dresses_augmented/sherpa_dress_chuba_bakkhu/96_aug3.jpg,"Three women in traditional clothing are standing together. This is the Chuba / Bakkhu, the traditional attire of the Sherpa community of Nepal. This warm wrap-around dress is worn in the Himalayan region during festivals such as Lhosar.","परम्परागत कपडामा तीन महिलाहरू सँगै उभिरहेका छन्। यो Chuba / Bakkhu हो, नेपालको शेर्पा समुदायको परम्परागत पोशाक। यो न्यानो लुगा लुगा लगाउने लुगा लोसर जस्ता पर्वहरूमा हिमालय क्षेत्रमा लगाइन्छ।"
nepali_dresses_augmented/sherpa_dress_chuba_bakkhu/97.jpg,"A woman wearing a brown coat. This is the Chuba / Bakkhu, the traditional attire of the Sherpa community of Nepal. This warm wrap-around dress is worn in the Himalayan region during festivals such as Lhosar.",नेपालको शेर्पा समुदायको परम्परागत पोशाक चुबा/बखू हो। यो न्यानो लुगा हिमालय क्षेत्रमा लोसर जस्ता पर्वहरूमा लगाइन्छ।
nepali_dresses_augmented/sherpa_dress_chuba_bakkhu/97_aug1.jpg,"A woman wearing a brown coat. This is the Chuba / Bakkhu, the traditional attire of the Sherpa community of Nepal. This warm wrap-around dress is worn in the Himalayan region during festivals such as Lhosar.",नेपालको शेर्पा समुदायको परम्परागत पोशाक चुबा/बखू हो। यो न्यानो लुगा हिमालय क्षेत्रमा लोसर जस्ता पर्वहरूमा लगाइन्छ।
nepali_dresses_augmented/sherpa_dress_chuba_bakkhu/97_aug2.jpg,"A woman wearing a brown coat. This is the Chuba / Bakkhu, the traditional attire of the Sherpa community of Nepal. This warm wrap-around dress is worn in the Himalayan region during festivals such as Lhosar.",नेपालको शेर्पा समुदायको परम्परागत पोशाक चुबा/बखू हो। यो न्यानो लुगा हिमालय क्षेत्रमा लोसर जस्ता पर्वहरूमा लगाइन्छ।
nepali_dresses_augmented/sherpa_dress_chuba_bakkhu/97_aug3.jpg,"A woman wearing a brown coat. This is the Chuba / Bakkhu, the traditional attire of the Sherpa community of Nepal. This warm wrap-around dress is worn in the Himalayan region during festivals such as Lhosar.",नेपालको शेर्पा समुदायको परम्परागत पोशाक चुबा/बखू हो। यो न्यानो लुगा हिमालय क्षेत्रमा लोसर जस्ता पर्वहरूमा लगाइन्छ।
nepali_dresses_augmented/sherpa_dress_chuba_bakkhu/98.jpg,"A man and woman in traditional costumes. This is the Chuba / Bakkhu, the traditional attire of the Sherpa community of Nepal. This warm wrap-around dress is worn in the Himalayan region during festivals such as Lhosar.","एक पुरुष र महिला परम्परागत पोशाकमा। यो Chuba / Bakkhu हो, नेपालको शेर्पा समुदायको परम्परागत पोशाक। यो न्यानो लुगा लुगा लुगा जस्तै महोत्सवहरूमा हिमालय क्षेत्रमा लगाइन्छ।"
nepali_dresses_augmented/sherpa_dress_chuba_bakkhu/98_aug1.jpg,"A man and woman in traditional costumes. This is the Chuba / Bakkhu, the traditional attire of the Sherpa community of Nepal. This warm wrap-around dress is worn in the Himalayan region during festivals such as Lhosar.","एक पुरुष र महिला परम्परागत पोशाकमा। यो Chuba / Bakkhu हो, नेपालको शेर्पा समुदायको परम्परागत पोशाक। यो न्यानो लुगा लुगा लुगा जस्तै महोत्सवहरूमा हिमालय क्षेत्रमा लगाइन्छ।"
nepali_dresses_augmented/sherpa_dress_chuba_bakkhu/98_aug2.jpg,"A man and woman in traditional costumes. This is the Chuba / Bakkhu, the traditional attire of the Sherpa community of Nepal. This warm wrap-around dress is worn in the Himalayan region during festivals such as Lhosar.","एक पुरुष र महिला परम्परागत पोशाकमा। यो Chuba / Bakkhu हो, नेपालको शेर्पा समुदायको परम्परागत पोशाक। यो न्यानो लुगा लुगा लुगा जस्तै महोत्सवहरूमा हिमालय क्षेत्रमा लगाइन्छ।"
nepali_dresses_augmented/sherpa_dress_chuba_bakkhu/98_aug3.jpg,"A man and woman in traditional costumes. This is the Chuba / Bakkhu, the traditional attire of the Sherpa community of Nepal. This warm wrap-around dress is worn in the Himalayan region during festivals such as Lhosar.","एक पुरुष र महिला परम्परागत पोशाकमा। यो Chuba / Bakkhu हो, नेपालको शेर्पा समुदायको परम्परागत पोशाक। यो न्यानो लुगा लुगा लुगा जस्तै महोत्सवहरूमा हिमालय क्षेत्रमा लगाइन्छ।"
nepali_dresses_augmented/sherpa_dress_chuba_bakkhu/99.jpg,"A group of people in a village, nepal - stock image. This is the Chuba / Bakkhu, the traditional attire of the Sherpa community of Nepal. This warm wrap-around dress is worn in the Himalayan region during festivals such as Lhosar.","एक गाउँमा मानिसहरूको समूह, नेपाल - स्टक छवि। यो Chuba / Bakkhu हो, नेपालको शेर्पा समुदायको परम्परागत पोशाक। यो न्यानो लुगा लुगा लगाउने लुगा लोसर जस्ता चाडहरूमा हिमालय क्षेत्रमा लगाइन्छ।"
nepali_dresses_augmented/sherpa_dress_chuba_bakkhu/99_aug1.jpg,"A group of people in a village, nepal - stock image. This is the Chuba / Bakkhu, the traditional attire of the Sherpa community of Nepal. This warm wrap-around dress is worn in the Himalayan region during festivals such as Lhosar.","एक गाउँमा मानिसहरूको समूह, नेपाल - स्टक छवि। यो Chuba / Bakkhu हो, नेपालको शेर्पा समुदायको परम्परागत पोशाक। यो न्यानो लुगा लुगा लगाउने लुगा लोसर जस्ता चाडहरूमा हिमालय क्षेत्रमा लगाइन्छ।"
nepali_dresses_augmented/sherpa_dress_chuba_bakkhu/99_aug2.jpg,"A group of people in a village, nepal - stock image. This is the Chuba / Bakkhu, the traditional attire of the Sherpa community of Nepal. This warm wrap-around dress is worn in the Himalayan region during festivals such as Lhosar.","एक गाउँमा मानिसहरूको समूह, नेपाल - स्टक छवि। यो Chuba / Bakkhu हो, नेपालको शेर्पा समुदायको परम्परागत पोशाक। यो न्यानो लुगा लुगा लगाउने लुगा लोसर जस्ता चाडहरूमा हिमालय क्षेत्रमा लगाइन्छ।"
nepali_dresses_augmented/sherpa_dress_chuba_bakkhu/99_aug3.jpg,"A group of people in a village, nepal - stock image. This is the Chuba / Bakkhu, the traditional attire of the Sherpa community of Nepal. This warm wrap-around dress is worn in the Himalayan region during festivals such as Lhosar.","एक गाउँमा मानिसहरूको समूह, नेपाल - स्टक छवि। यो Chuba / Bakkhu हो, नेपालको शेर्पा समुदायको परम्परागत पोशाक। यो न्यानो लुगा लुगा लगाउने लुगा लोसर जस्ता चाडहरूमा हिमालय क्षेत्रमा लगाइन्छ।"
nepali_dresses_augmented/sherpa_dress_chuba_bakkhu/9_aug1.jpg,"A group of people in traditional dress and hats. This is the Chuba / Bakkhu, the traditional attire of the Sherpa community of Nepal. This warm wrap-around dress is worn in the Himalayan region during festivals such as Lhosar.","यो परम्परागत पोशाक र टोपीमा मानिसहरूको समूह हो। यो Chuba / Bakkhu हो, नेपालको शेर्पा समुदायको परम्परागत पोशाक हो। यो न्यानो लुगा लगाउने पोशाक हिमालय क्षेत्रमा लोसार जस्ता चाडहरूमा लगाइन्छ।"
nepali_dresses_augmented/sherpa_dress_chuba_bakkhu/9_aug2.jpg,"A group of people in traditional dress and hats. This is the Chuba / Bakkhu, the traditional attire of the Sherpa community of Nepal. This warm wrap-around dress is worn in the Himalayan region during festivals such as Lhosar.","यो परम्परागत पोशाक र टोपीमा मानिसहरूको समूह हो। यो Chuba / Bakkhu हो, नेपालको शेर्पा समुदायको परम्परागत पोशाक हो। यो न्यानो लुगा लगाउने पोशाक हिमालय क्षेत्रमा लोसार जस्ता चाडहरूमा लगाइन्छ।"
nepali_dresses_augmented/sherpa_dress_chuba_bakkhu/9_aug3.jpg,"A group of people in traditional dress and hats. This is the Chuba / Bakkhu, the traditional attire of the Sherpa community of Nepal. This warm wrap-around dress is worn in the Himalayan region during festivals such as Lhosar.","यो परम्परागत पोशाक र टोपीमा मानिसहरूको समूह हो। यो Chuba / Bakkhu हो, नेपालको शेर्पा समुदायको परम्परागत पोशाक हो। यो न्यानो लुगा लगाउने पोशाक हिमालय क्षेत्रमा लोसार जस्ता चाडहरूमा लगाइन्छ।"
