image_path,caption_en,caption_ne
nepali_dresses_augmented/tamang_dress/1.jpg,"A woman in a blue and yellow dress. This is the Tamang dress, the traditional attire of the Tamang community of Nepal. It is worn during festivals such as Sonam Lhosar and cultural performances.","निलो र पहेंलो पोशाकमा एक महिला। यो तामाङ पोशाक हो, नेपालको तामाङ समुदायको परम्परागत पोशाक। यो सोनम लोसार जस्ता चाडपर्व र सांस्कृतिक प्रदर्शनहरूमा लगाइन्छ।"
nepali_dresses_augmented/tamang_dress/10.jpg,"A girl in traditional dress playing the drum at a festival. This is the Tamang dress, the traditional attire of the Tamang community of Nepal. It is worn during festivals such as Sonam Lhosar and cultural performances.",नेपालको तामाङ समुदायको परम्परागत पोशाक तामाङ पोशाक हो । यो सोनाम लोसार जस्ता पर्वहरूमा र सांस्कृतिक प्रदर्शनहरूमा लगाइन्छ ।
nepali_dresses_augmented/tamang_dress/100.jpg,"Three young women in traditional dress at a festival in the himalayas, nepal - stock image. This is the Tamang dress, the traditional attire of the Tamang community of Nepal. It is worn during festivals such as Sonam Lhosar and cultural performances.",नेपालको तामाङ समुदायको परम्परागत पोशाक तामाङ समुदायको परम्परागत पोशाक तामाङ समुदायको परम्परागत पोशाक तामाङ समुदायको परम्परागत पोशाक तामाङ समुदायको परम्परागत पोशाक तामाङ समुदायको परम्परागत पोशाक तामाङ समुदायको परम्परागत पोशाक तामाङ समुदायको परम्परागत पोशाक तामाङ समुदायको परम्परागत पोशाक तामाङ समुदायको परम्परागत पोशाक तामाङ समुदायको परम्परागत पोशाक तामाङ समुदायको परम्परागत पोशाक तामाङ समुदायको परम्परागत पोशाक तामाङ समुदायको परम्परागत पोशाक तामाङ समुदायको परम्परागत पोशाक तामाङ समुदायको परम्परागत पोशाक तामाङ समुदायको परम्परागत पोशाक तामाङ समुदायको परम्परागत पोशाक तामाङ समुदायको परम्परागत पोशाक तामाङको परम्परागत पोशाक तामाङको परम्परागत पोशाक तामाङको परम्परागत पोशा
nepali_dresses_augmented/tamang_dress/100_aug1.jpg,"Three young women in traditional dress at a festival in the himalayas, nepal - stock image. This is the Tamang dress, the traditional attire of the Tamang community of Nepal. It is worn during festivals such as Sonam Lhosar and cultural performances.",नेपालको तामाङ समुदायको परम्परागत पोशाक तामाङ समुदायको परम्परागत पोशाक तामाङ समुदायको परम्परागत पोशाक तामाङ समुदायको परम्परागत पोशाक तामाङ समुदायको परम्परागत पोशाक तामाङ समुदायको परम्परागत पोशाक तामाङ समुदायको परम्परागत पोशाक तामाङ समुदायको परम्परागत पोशाक तामाङ समुदायको परम्परागत पोशाक तामाङ समुदायको परम्परागत पोशाक तामाङ समुदायको परम्परागत पोशाक तामाङ समुदायको परम्परागत पोशाक तामाङ समुदायको परम्परागत पोशाक तामाङ समुदायको परम्परागत पोशाक तामाङ समुदायको परम्परागत पोशाक तामाङ समुदायको परम्परागत पोशाक तामाङ समुदायको परम्परागत पोशाक तामाङ समुदायको परम्परागत पोशाक तामाङ समुदायको परम्परागत पोशाक तामाङको परम्परागत पोशाक तामाङको परम्परागत पोशाक तामाङको परम्परागत पोशा
nepali_dresses_augmented/tamang_dress/100_aug2.jpg,"Three young women in traditional dress at a festival in the himalayas, nepal - stock image. This is the Tamang dress, the traditional attire of the Tamang community of Nepal. It is worn during festivals such as Sonam Lhosar and cultural performances.",नेपालको तामाङ समुदायको परम्परागत पोशाक तामाङ समुदायको परम्परागत पोशाक तामाङ समुदायको परम्परागत पोशाक तामाङ समुदायको परम्परागत पोशाक तामाङ समुदायको परम्परागत पोशाक तामाङ समुदायको परम्परागत पोशाक तामाङ समुदायको परम्परागत पोशाक तामाङ समुदायको परम्परागत पोशाक तामाङ समुदायको परम्परागत पोशाक तामाङ समुदायको परम्परागत पोशाक तामाङ समुदायको परम्परागत पोशाक तामाङ समुदायको परम्परागत पोशाक तामाङ समुदायको परम्परागत पोशाक तामाङ समुदायको परम्परागत पोशाक तामाङ समुदायको परम्परागत पोशाक तामाङ समुदायको परम्परागत पोशाक तामाङ समुदायको परम्परागत पोशाक तामाङ समुदायको परम्परागत पोशाक तामाङ समुदायको परम्परागत पोशाक तामाङको परम्परागत पोशाक तामाङको परम्परागत पोशाक तामाङको परम्परागत पोशा
nepali_dresses_augmented/tamang_dress/100_aug3.jpg,"Three young women in traditional dress at a festival in the himalayas, nepal - stock image. This is the Tamang dress, the traditional attire of the Tamang community of Nepal. It is worn during festivals such as Sonam Lhosar and cultural performances.",नेपालको तामाङ समुदायको परम्परागत पोशाक तामाङ समुदायको परम्परागत पोशाक तामाङ समुदायको परम्परागत पोशाक तामाङ समुदायको परम्परागत पोशाक तामाङ समुदायको परम्परागत पोशाक तामाङ समुदायको परम्परागत पोशाक तामाङ समुदायको परम्परागत पोशाक तामाङ समुदायको परम्परागत पोशाक तामाङ समुदायको परम्परागत पोशाक तामाङ समुदायको परम्परागत पोशाक तामाङ समुदायको परम्परागत पोशाक तामाङ समुदायको परम्परागत पोशाक तामाङ समुदायको परम्परागत पोशाक तामाङ समुदायको परम्परागत पोशाक तामाङ समुदायको परम्परागत पोशाक तामाङ समुदायको परम्परागत पोशाक तामाङ समुदायको परम्परागत पोशाक तामाङ समुदायको परम्परागत पोशाक तामाङ समुदायको परम्परागत पोशाक तामाङको परम्परागत पोशाक तामाङको परम्परागत पोशाक तामाङको परम्परागत पोशा
nepali_dresses_augmented/tamang_dress/101.jpg,"A woman in a store with lots of clothes. This is the Tamang dress, the traditional attire of the Tamang community of Nepal. It is worn during festivals such as Sonam Lhosar and cultural performances.","एक महिला धेरै कपडाको साथ पसलमा। यो तामाङ पोशाक हो, नेपालको तामाङ समुदायको परम्परागत पोशाक। यो सोनम लोसार जस्ता पर्वहरूमा र सांस्कृतिक प्रदर्शनहरूमा लगाइन्छ।"
nepali_dresses_augmented/tamang_dress/101_aug1.jpg,"A woman in a store with lots of clothes. This is the Tamang dress, the traditional attire of the Tamang community of Nepal. It is worn during festivals such as Sonam Lhosar and cultural performances.","एक महिला धेरै कपडाको साथ पसलमा। यो तामाङ पोशाक हो, नेपालको तामाङ समुदायको परम्परागत पोशाक। यो सोनम लोसार जस्ता पर्वहरूमा र सांस्कृतिक प्रदर्शनहरूमा लगाइन्छ।"
nepali_dresses_augmented/tamang_dress/101_aug2.jpg,"A woman in a store with lots of clothes. This is the Tamang dress, the traditional attire of the Tamang community of Nepal. It is worn during festivals such as Sonam Lhosar and cultural performances.","एक महिला धेरै कपडाको साथ पसलमा। यो तामाङ पोशाक हो, नेपालको तामाङ समुदायको परम्परागत पोशाक। यो सोनम लोसार जस्ता पर्वहरूमा र सांस्कृतिक प्रदर्शनहरूमा लगाइन्छ।"
nepali_dresses_augmented/tamang_dress/101_aug3.jpg,"A woman in a store with lots of clothes. This is the Tamang dress, the traditional attire of the Tamang community of Nepal. It is worn during festivals such as Sonam Lhosar and cultural performances.","एक महिला धेरै कपडाको साथ पसलमा। यो तामाङ पोशाक हो, नेपालको तामाङ समुदायको परम्परागत पोशाक। यो सोनम लोसार जस्ता पर्वहरूमा र सांस्कृतिक प्रदर्शनहरूमा लगाइन्छ।"
nepali_dresses_augmented/tamang_dress/102.jpg,"A girl in a red dress sitting on a chair. This is the Tamang dress, the traditional attire of the Tamang community of Nepal. It is worn during festivals such as Sonam Lhosar and cultural performances.","एक रातो पोशाकमा एक केटी कुर्सीमा बसिरहेको छ। यो तामाङ पोशाक हो, नेपालको तामाङ समुदायको परम्परागत पोशाक हो। यो सोनम लोसार जस्ता चाडहरूमा र सांस्कृतिक प्रदर्शनहरूमा लगाइन्छ।"
nepali_dresses_augmented/tamang_dress/102_aug1.jpg,"A girl in a red dress sitting on a chair. This is the Tamang dress, the traditional attire of the Tamang community of Nepal. It is worn during festivals such as Sonam Lhosar and cultural performances.","एक रातो पोशाकमा एक केटी कुर्सीमा बसिरहेको छ। यो तामाङ पोशाक हो, नेपालको तामाङ समुदायको परम्परागत पोशाक हो। यो सोनम लोसार जस्ता चाडहरूमा र सांस्कृतिक प्रदर्शनहरूमा लगाइन्छ।"
nepali_dresses_augmented/tamang_dress/102_aug2.jpg,"A girl in a red dress sitting on a chair. This is the Tamang dress, the traditional attire of the Tamang community of Nepal. It is worn during festivals such as Sonam Lhosar and cultural performances.","एक रातो पोशाकमा एक केटी कुर्सीमा बसिरहेको छ। यो तामाङ पोशाक हो, नेपालको तामाङ समुदायको परम्परागत पोशाक हो। यो सोनम लोसार जस्ता चाडहरूमा र सांस्कृतिक प्रदर्शनहरूमा लगाइन्छ।"
nepali_dresses_augmented/tamang_dress/102_aug3.jpg,"A girl in a red dress sitting on a chair. This is the Tamang dress, the traditional attire of the Tamang community of Nepal. It is worn during festivals such as Sonam Lhosar and cultural performances.","एक रातो पोशाकमा एक केटी कुर्सीमा बसिरहेको छ। यो तामाङ पोशाक हो, नेपालको तामाङ समुदायको परम्परागत पोशाक हो। यो सोनम लोसार जस्ता चाडहरूमा र सांस्कृतिक प्रदर्शनहरूमा लगाइन्छ।"
nepali_dresses_augmented/tamang_dress/103.jpg,"Two young girls in traditional dress at a festival. This is the Tamang dress, the traditional attire of the Tamang community of Nepal. It is worn during festivals such as Sonam Lhosar and cultural performances.",नेपालको तामाङ समुदायको परम्परागत पोशाक तामाङको परम्परागत पोशाक हो । यो सोनाम लोसार जस्ता पर्वहरूमा र सांस्कृतिक प्रदर्शनहरूमा लगाइन्छ ।
nepali_dresses_augmented/tamang_dress/103_aug1.jpg,"Two young girls in traditional dress at a festival. This is the Tamang dress, the traditional attire of the Tamang community of Nepal. It is worn during festivals such as Sonam Lhosar and cultural performances.",नेपालको तामाङ समुदायको परम्परागत पोशाक तामाङको परम्परागत पोशाक हो । यो सोनाम लोसार जस्ता पर्वहरूमा र सांस्कृतिक प्रदर्शनहरूमा लगाइन्छ ।
nepali_dresses_augmented/tamang_dress/103_aug2.jpg,"Two young girls in traditional dress at a festival. This is the Tamang dress, the traditional attire of the Tamang community of Nepal. It is worn during festivals such as Sonam Lhosar and cultural performances.",नेपालको तामाङ समुदायको परम्परागत पोशाक तामाङको परम्परागत पोशाक हो । यो सोनाम लोसार जस्ता पर्वहरूमा र सांस्कृतिक प्रदर्शनहरूमा लगाइन्छ ।
nepali_dresses_augmented/tamang_dress/103_aug3.jpg,"Two young girls in traditional dress at a festival. This is the Tamang dress, the traditional attire of the Tamang community of Nepal. It is worn during festivals such as Sonam Lhosar and cultural performances.",नेपालको तामाङ समुदायको परम्परागत पोशाक तामाङको परम्परागत पोशाक हो । यो सोनाम लोसार जस्ता पर्वहरूमा र सांस्कृतिक प्रदर्शनहरूमा लगाइन्छ ।
nepali_dresses_augmented/tamang_dress/104.jpg,"An old woman in the village. This is the Tamang dress, the traditional attire of the Tamang community of Nepal. It is worn during festivals such as Sonam Lhosar and cultural performances.",यो तामाङ पोशाक नेपालको तामाङ समुदायको परम्परागत पोशाक हो। यो सोनम लोसार जस्ता पर्वहरूमा र सांस्कृतिक प्रदर्शनहरूमा लगाइन्छ।
nepali_dresses_augmented/tamang_dress/104_aug1.jpg,"An old woman in the village. This is the Tamang dress, the traditional attire of the Tamang community of Nepal. It is worn during festivals such as Sonam Lhosar and cultural performances.",यो तामाङ पोशाक नेपालको तामाङ समुदायको परम्परागत पोशाक हो। यो सोनम लोसार जस्ता पर्वहरूमा र सांस्कृतिक प्रदर्शनहरूमा लगाइन्छ।
nepali_dresses_augmented/tamang_dress/104_aug2.jpg,"An old woman in the village. This is the Tamang dress, the traditional attire of the Tamang community of Nepal. It is worn during festivals such as Sonam Lhosar and cultural performances.",यो तामाङ पोशाक नेपालको तामाङ समुदायको परम्परागत पोशाक हो। यो सोनम लोसार जस्ता पर्वहरूमा र सांस्कृतिक प्रदर्शनहरूमा लगाइन्छ।
nepali_dresses_augmented/tamang_dress/104_aug3.jpg,"An old woman in the village. This is the Tamang dress, the traditional attire of the Tamang community of Nepal. It is worn during festivals such as Sonam Lhosar and cultural performances.",यो तामाङ पोशाक नेपालको तामाङ समुदायको परम्परागत पोशाक हो। यो सोनम लोसार जस्ता पर्वहरूमा र सांस्कृतिक प्रदर्शनहरूमा लगाइन्छ।
nepali_dresses_augmented/tamang_dress/105.jpg,"A girl in traditional costume at festival. This is the Tamang dress, the traditional attire of the Tamang community of Nepal. It is worn during festivals such as Sonam Lhosar and cultural performances.","यो तामाङ पोशाक हो, नेपालको तामाङ समुदायको परम्परागत पोशाक हो। यो सोनाम लोसार जस्ता पर्वहरूमा र सांस्कृतिक प्रदर्शनहरूमा लगाइन्छ।"
nepali_dresses_augmented/tamang_dress/105_aug1.jpg,"A girl in traditional costume at festival. This is the Tamang dress, the traditional attire of the Tamang community of Nepal. It is worn during festivals such as Sonam Lhosar and cultural performances.","यो तामाङ पोशाक हो, नेपालको तामाङ समुदायको परम्परागत पोशाक हो। यो सोनाम लोसार जस्ता पर्वहरूमा र सांस्कृतिक प्रदर्शनहरूमा लगाइन्छ।"
nepali_dresses_augmented/tamang_dress/105_aug2.jpg,"A girl in traditional costume at festival. This is the Tamang dress, the traditional attire of the Tamang community of Nepal. It is worn during festivals such as Sonam Lhosar and cultural performances.","यो तामाङ पोशाक हो, नेपालको तामाङ समुदायको परम्परागत पोशाक हो। यो सोनाम लोसार जस्ता पर्वहरूमा र सांस्कृतिक प्रदर्शनहरूमा लगाइन्छ।"
nepali_dresses_augmented/tamang_dress/105_aug3.jpg,"A girl in traditional costume at festival. This is the Tamang dress, the traditional attire of the Tamang community of Nepal. It is worn during festivals such as Sonam Lhosar and cultural performances.","यो तामाङ पोशाक हो, नेपालको तामाङ समुदायको परम्परागत पोशाक हो। यो सोनाम लोसार जस्ता पर्वहरूमा र सांस्कृतिक प्रदर्शनहरूमा लगाइन्छ।"
nepali_dresses_augmented/tamang_dress/106.jpg,"An old woman in the mountains of yunnan, china - stock image. This is the Tamang dress, the traditional attire of the Tamang community of Nepal. It is worn during festivals such as Sonam Lhosar and cultural performances.","यो तामाङ पोशाक हो, नेपालको तामाङ समुदायको परम्परागत पोशाक हो। यो सोनम लोसार जस्ता पर्वहरूमा र सांस्कृतिक प्रदर्शनहरूमा लगाइन्छ।"
nepali_dresses_augmented/tamang_dress/106_aug1.jpg,"An old woman in the mountains of yunnan, china - stock image. This is the Tamang dress, the traditional attire of the Tamang community of Nepal. It is worn during festivals such as Sonam Lhosar and cultural performances.","यो तामाङ पोशाक हो, नेपालको तामाङ समुदायको परम्परागत पोशाक हो। यो सोनम लोसार जस्ता पर्वहरूमा र सांस्कृतिक प्रदर्शनहरूमा लगाइन्छ।"
nepali_dresses_augmented/tamang_dress/106_aug2.jpg,"An old woman in the mountains of yunnan, china - stock image. This is the Tamang dress, the traditional attire of the Tamang community of Nepal. It is worn during festivals such as Sonam Lhosar and cultural performances.","यो तामाङ पोशाक हो, नेपालको तामाङ समुदायको परम्परागत पोशाक हो। यो सोनम लोसार जस्ता पर्वहरूमा र सांस्कृतिक प्रदर्शनहरूमा लगाइन्छ।"
nepali_dresses_augmented/tamang_dress/106_aug3.jpg,"An old woman in the mountains of yunnan, china - stock image. This is the Tamang dress, the traditional attire of the Tamang community of Nepal. It is worn during festivals such as Sonam Lhosar and cultural performances.","यो तामाङ पोशाक हो, नेपालको तामाङ समुदायको परम्परागत पोशाक हो। यो सोनम लोसार जस्ता पर्वहरूमा र सांस्कृतिक प्रदर्शनहरूमा लगाइन्छ।"
nepali_dresses_augmented/tamang_dress/107.jpg,"A woman holds up her hands in front of a crowd during a protest against the government - stock photo. This is the Tamang dress, the traditional attire of the Tamang community of Nepal. It is worn during festivals such as Sonam Lhosar and cultural performances.",नेपालको तामाङ समुदायको परम्परागत पोशाक तामाङको पोशाक हो । यो सोनाम ल्होसार जस्ता पर्व तथा सांस्कृतिक प्रदर्शनमा लगाइन्छ ।
nepali_dresses_augmented/tamang_dress/107_aug1.jpg,"A woman holds up her hands in front of a crowd during a protest against the government - stock photo. This is the Tamang dress, the traditional attire of the Tamang community of Nepal. It is worn during festivals such as Sonam Lhosar and cultural performances.",नेपालको तामाङ समुदायको परम्परागत पोशाक तामाङको पोशाक हो । यो सोनाम ल्होसार जस्ता पर्व तथा सांस्कृतिक प्रदर्शनमा लगाइन्छ ।
nepali_dresses_augmented/tamang_dress/107_aug2.jpg,"A woman holds up her hands in front of a crowd during a protest against the government - stock photo. This is the Tamang dress, the traditional attire of the Tamang community of Nepal. It is worn during festivals such as Sonam Lhosar and cultural performances.",नेपालको तामाङ समुदायको परम्परागत पोशाक तामाङको पोशाक हो । यो सोनाम ल्होसार जस्ता पर्व तथा सांस्कृतिक प्रदर्शनमा लगाइन्छ ।
nepali_dresses_augmented/tamang_dress/107_aug3.jpg,"A woman holds up her hands in front of a crowd during a protest against the government - stock photo. This is the Tamang dress, the traditional attire of the Tamang community of Nepal. It is worn during festivals such as Sonam Lhosar and cultural performances.",नेपालको तामाङ समुदायको परम्परागत पोशाक तामाङको पोशाक हो । यो सोनाम ल्होसार जस्ता पर्व तथा सांस्कृतिक प्रदर्शनमा लगाइन्छ ।
nepali_dresses_augmented/tamang_dress/108.jpg,"A group of women in traditional dress dancing at the festival - stock image. This is the Tamang dress, the traditional attire of the Tamang community of Nepal. It is worn during festivals such as Sonam Lhosar and cultural performances.",नेपालको तामाङ समुदायको परम्परागत पोशाक तामाङ समुदायको परम्परागत पोशाक तामाङ समुदायको परम्परागत पोशाक तामाङ समुदायको परम्परागत पोशाक तामाङ समुदायको परम्परागत पोशाक तामाङ समुदायको परम्परागत पोशाक तामाङ समुदायको परम्परागत पोशाक तामाङ समुदायको परम्परागत पोशाक तामाङ समुदायको परम्परागत पोशाक तामाङ समुदायको परम्परागत पोशाक तामाङ समुदायको परम्परागत पोशाक तामाङ समुदायको परम्परागत पोशाक तामाङ समुदायको परम्परागत पोशाक तामाङ समुदायको परम्परागत पोशाक तामाङ समुदायको परम्परागत पोशाक तामाङ समुदायको परम्परागत पोशाक तामाङ समुदायको परम्परागत पोशाक तामाङ समुदायको परम्परागत पोशाक तामाङ समुदायको परम्परागत पोशाक तामाङको परम्परागत पोशाक तामाङको परम्परागत पोशाक तामाङको परम्परागत पोशा
nepali_dresses_augmented/tamang_dress/108_aug1.jpg,"A group of women in traditional dress dancing at the festival - stock image. This is the Tamang dress, the traditional attire of the Tamang community of Nepal. It is worn during festivals such as Sonam Lhosar and cultural performances.",नेपालको तामाङ समुदायको परम्परागत पोशाक तामाङ समुदायको परम्परागत पोशाक तामाङ समुदायको परम्परागत पोशाक तामाङ समुदायको परम्परागत पोशाक तामाङ समुदायको परम्परागत पोशाक तामाङ समुदायको परम्परागत पोशाक तामाङ समुदायको परम्परागत पोशाक तामाङ समुदायको परम्परागत पोशाक तामाङ समुदायको परम्परागत पोशाक तामाङ समुदायको परम्परागत पोशाक तामाङ समुदायको परम्परागत पोशाक तामाङ समुदायको परम्परागत पोशाक तामाङ समुदायको परम्परागत पोशाक तामाङ समुदायको परम्परागत पोशाक तामाङ समुदायको परम्परागत पोशाक तामाङ समुदायको परम्परागत पोशाक तामाङ समुदायको परम्परागत पोशाक तामाङ समुदायको परम्परागत पोशाक तामाङ समुदायको परम्परागत पोशाक तामाङको परम्परागत पोशाक तामाङको परम्परागत पोशाक तामाङको परम्परागत पोशा
nepali_dresses_augmented/tamang_dress/108_aug2.jpg,"A group of women in traditional dress dancing at the festival - stock image. This is the Tamang dress, the traditional attire of the Tamang community of Nepal. It is worn during festivals such as Sonam Lhosar and cultural performances.",नेपालको तामाङ समुदायको परम्परागत पोशाक तामाङ समुदायको परम्परागत पोशाक तामाङ समुदायको परम्परागत पोशाक तामाङ समुदायको परम्परागत पोशाक तामाङ समुदायको परम्परागत पोशाक तामाङ समुदायको परम्परागत पोशाक तामाङ समुदायको परम्परागत पोशाक तामाङ समुदायको परम्परागत पोशाक तामाङ समुदायको परम्परागत पोशाक तामाङ समुदायको परम्परागत पोशाक तामाङ समुदायको परम्परागत पोशाक तामाङ समुदायको परम्परागत पोशाक तामाङ समुदायको परम्परागत पोशाक तामाङ समुदायको परम्परागत पोशाक तामाङ समुदायको परम्परागत पोशाक तामाङ समुदायको परम्परागत पोशाक तामाङ समुदायको परम्परागत पोशाक तामाङ समुदायको परम्परागत पोशाक तामाङ समुदायको परम्परागत पोशाक तामाङको परम्परागत पोशाक तामाङको परम्परागत पोशाक तामाङको परम्परागत पोशा
nepali_dresses_augmented/tamang_dress/108_aug3.jpg,"A group of women in traditional dress dancing at the festival - stock image. This is the Tamang dress, the traditional attire of the Tamang community of Nepal. It is worn during festivals such as Sonam Lhosar and cultural performances.",नेपालको तामाङ समुदायको परम्परागत पोशाक तामाङ समुदायको परम्परागत पोशाक तामाङ समुदायको परम्परागत पोशाक तामाङ समुदायको परम्परागत पोशाक तामाङ समुदायको परम्परागत पोशाक तामाङ समुदायको परम्परागत पोशाक तामाङ समुदायको परम्परागत पोशाक तामाङ समुदायको परम्परागत पोशाक तामाङ समुदायको परम्परागत पोशाक तामाङ समुदायको परम्परागत पोशाक तामाङ समुदायको परम्परागत पोशाक तामाङ समुदायको परम्परागत पोशाक तामाङ समुदायको परम्परागत पोशाक तामाङ समुदायको परम्परागत पोशाक तामाङ समुदायको परम्परागत पोशाक तामाङ समुदायको परम्परागत पोशाक तामाङ समुदायको परम्परागत पोशाक तामाङ समुदायको परम्परागत पोशाक तामाङ समुदायको परम्परागत पोशाक तामाङको परम्परागत पोशाक तामाङको परम्परागत पोशाक तामाङको परम्परागत पोशा
nepali_dresses_augmented/tamang_dress/109.jpg,"A woman and two young girls in traditional clothing at the festival - stock image. This is the Tamang dress, the traditional attire of the Tamang community of Nepal. It is worn during festivals such as Sonam Lhosar and cultural performances.","महोत्सवमा परम्परागत कपडामा एक महिला र दुई युवती - स्टक छवि। यो तामाङ पोशाक हो, नेपालको तामाङ समुदायको परम्परागत पोशाक हो। यो सोनम लोसार जस्ता महोत्सव र सांस्कृतिक प्रदर्शनको समयमा लगाइन्छ।"
nepali_dresses_augmented/tamang_dress/109_aug1.jpg,"A woman and two young girls in traditional clothing at the festival - stock image. This is the Tamang dress, the traditional attire of the Tamang community of Nepal. It is worn during festivals such as Sonam Lhosar and cultural performances.","महोत्सवमा परम्परागत कपडामा एक महिला र दुई युवती - स्टक छवि। यो तामाङ पोशाक हो, नेपालको तामाङ समुदायको परम्परागत पोशाक हो। यो सोनम लोसार जस्ता महोत्सव र सांस्कृतिक प्रदर्शनको समयमा लगाइन्छ।"
nepali_dresses_augmented/tamang_dress/109_aug2.jpg,"A woman and two young girls in traditional clothing at the festival - stock image. This is the Tamang dress, the traditional attire of the Tamang community of Nepal. It is worn during festivals such as Sonam Lhosar and cultural performances.","महोत्सवमा परम्परागत कपडामा एक महिला र दुई युवती - स्टक छवि। यो तामाङ पोशाक हो, नेपालको तामाङ समुदायको परम्परागत पोशाक हो। यो सोनम लोसार जस्ता महोत्सव र सांस्कृतिक प्रदर्शनको समयमा लगाइन्छ।"
nepali_dresses_augmented/tamang_dress/109_aug3.jpg,"A woman and two young girls in traditional clothing at the festival - stock image. This is the Tamang dress, the traditional attire of the Tamang community of Nepal. It is worn during festivals such as Sonam Lhosar and cultural performances.","महोत्सवमा परम्परागत कपडामा एक महिला र दुई युवती - स्टक छवि। यो तामाङ पोशाक हो, नेपालको तामाङ समुदायको परम्परागत पोशाक हो। यो सोनम लोसार जस्ता महोत्सव र सांस्कृतिक प्रदर्शनको समयमा लगाइन्छ।"
nepali_dresses_augmented/tamang_dress/10_aug1.jpg,"A girl in traditional dress playing the drum at a festival. This is the Tamang dress, the traditional attire of the Tamang community of Nepal. It is worn during festivals such as Sonam Lhosar and cultural performances.",नेपालको तामाङ समुदायको परम्परागत पोशाक तामाङ पोशाक हो । यो सोनाम लोसार जस्ता पर्वहरूमा र सांस्कृतिक प्रदर्शनहरूमा लगाइन्छ ।
nepali_dresses_augmented/tamang_dress/10_aug2.jpg,"A girl in traditional dress playing the drum at a festival. This is the Tamang dress, the traditional attire of the Tamang community of Nepal. It is worn during festivals such as Sonam Lhosar and cultural performances.",नेपालको तामाङ समुदायको परम्परागत पोशाक तामाङ पोशाक हो । यो सोनाम लोसार जस्ता पर्वहरूमा र सांस्कृतिक प्रदर्शनहरूमा लगाइन्छ ।
nepali_dresses_augmented/tamang_dress/10_aug3.jpg,"A girl in traditional dress playing the drum at a festival. This is the Tamang dress, the traditional attire of the Tamang community of Nepal. It is worn during festivals such as Sonam Lhosar and cultural performances.",नेपालको तामाङ समुदायको परम्परागत पोशाक तामाङ पोशाक हो । यो सोनाम लोसार जस्ता पर्वहरूमा र सांस्कृतिक प्रदर्शनहरूमा लगाइन्छ ।
nepali_dresses_augmented/tamang_dress/11.jpg,"A young girl in a village in the mountains of nepal - stock image. This is the Tamang dress, the traditional attire of the Tamang community of Nepal. It is worn during festivals such as Sonam Lhosar and cultural performances.","नेपालको पहाडको एउटा गाउँमा एक युवतीको तस्बिर - यो तामाङ पोशाक हो, नेपालको तामाङ समुदायको परम्परागत पोशाक हो । यो सोनाम लोसार जस्ता चाडहरूमा र सांस्कृतिक प्रदर्शनहरूमा लगाइन्छ ।"
nepali_dresses_augmented/tamang_dress/110.jpg,"A group of young women in traditional clothing, wearing masks and holding hands - stock image. This is the Tamang dress, the traditional attire of the Tamang community of Nepal. It is worn during festivals such as Sonam Lhosar and cultural performances.","परम्परागत लुगा लगाउने, मास्क लगाउने र हात समात्ने युवा महिलाहरूको समूह - स्टक छवि। यो तामाङ ड्रेस हो, नेपालको तामाङ समुदायको परम्परागत पोशाक हो। यो सोनम लोसार जस्ता चाडहरूमा र सांस्कृतिक प्रदर्शनहरूमा लगाइन्छ।"
nepali_dresses_augmented/tamang_dress/110_aug1.jpg,"A group of young women in traditional clothing, wearing masks and holding hands - stock image. This is the Tamang dress, the traditional attire of the Tamang community of Nepal. It is worn during festivals such as Sonam Lhosar and cultural performances.","परम्परागत लुगा लगाउने, मास्क लगाउने र हात समात्ने युवा महिलाहरूको समूह - स्टक छवि। यो तामाङ ड्रेस हो, नेपालको तामाङ समुदायको परम्परागत पोशाक हो। यो सोनम लोसार जस्ता चाडहरूमा र सांस्कृतिक प्रदर्शनहरूमा लगाइन्छ।"
nepali_dresses_augmented/tamang_dress/110_aug2.jpg,"A group of young women in traditional clothing, wearing masks and holding hands - stock image. This is the Tamang dress, the traditional attire of the Tamang community of Nepal. It is worn during festivals such as Sonam Lhosar and cultural performances.","परम्परागत लुगा लगाउने, मास्क लगाउने र हात समात्ने युवा महिलाहरूको समूह - स्टक छवि। यो तामाङ ड्रेस हो, नेपालको तामाङ समुदायको परम्परागत पोशाक हो। यो सोनम लोसार जस्ता चाडहरूमा र सांस्कृतिक प्रदर्शनहरूमा लगाइन्छ।"
nepali_dresses_augmented/tamang_dress/110_aug3.jpg,"A group of young women in traditional clothing, wearing masks and holding hands - stock image. This is the Tamang dress, the traditional attire of the Tamang community of Nepal. It is worn during festivals such as Sonam Lhosar and cultural performances.","परम्परागत लुगा लगाउने, मास्क लगाउने र हात समात्ने युवा महिलाहरूको समूह - स्टक छवि। यो तामाङ ड्रेस हो, नेपालको तामाङ समुदायको परम्परागत पोशाक हो। यो सोनम लोसार जस्ता चाडहरूमा र सांस्कृतिक प्रदर्शनहरूमा लगाइन्छ।"
nepali_dresses_augmented/tamang_dress/111.jpg,"A group of young girls in traditional costume at a festival in the philippines - stock image. This is the Tamang dress, the traditional attire of the Tamang community of Nepal. It is worn during festivals such as Sonam Lhosar and cultural performances.",नेपालको तामाङ समुदायको परम्परागत पोशाक तामाङ पोशाक हो । यो सोनाम लोसार जस्ता पर्व र सांस्कृतिक प्रदर्शनको समयमा लगाइन्छ ।
nepali_dresses_augmented/tamang_dress/111_aug1.jpg,"A group of young girls in traditional costume at a festival in the philippines - stock image. This is the Tamang dress, the traditional attire of the Tamang community of Nepal. It is worn during festivals such as Sonam Lhosar and cultural performances.",नेपालको तामाङ समुदायको परम्परागत पोशाक तामाङ पोशाक हो । यो सोनाम लोसार जस्ता पर्व र सांस्कृतिक प्रदर्शनको समयमा लगाइन्छ ।
nepali_dresses_augmented/tamang_dress/111_aug2.jpg,"A group of young girls in traditional costume at a festival in the philippines - stock image. This is the Tamang dress, the traditional attire of the Tamang community of Nepal. It is worn during festivals such as Sonam Lhosar and cultural performances.",नेपालको तामाङ समुदायको परम्परागत पोशाक तामाङ पोशाक हो । यो सोनाम लोसार जस्ता पर्व र सांस्कृतिक प्रदर्शनको समयमा लगाइन्छ ।
nepali_dresses_augmented/tamang_dress/111_aug3.jpg,"A group of young girls in traditional costume at a festival in the philippines - stock image. This is the Tamang dress, the traditional attire of the Tamang community of Nepal. It is worn during festivals such as Sonam Lhosar and cultural performances.",नेपालको तामाङ समुदायको परम्परागत पोशाक तामाङ पोशाक हो । यो सोनाम लोसार जस्ता पर्व र सांस्कृतिक प्रदर्शनको समयमा लगाइन्छ ।
nepali_dresses_augmented/tamang_dress/112.jpg,"A man and a little girl playing drums. This is the Tamang dress, the traditional attire of the Tamang community of Nepal. It is worn during festivals such as Sonam Lhosar and cultural performances.","एक पुरुष र एक सानो केटी ड्रम खेल्दै। यो तामाङ पोशाक हो, नेपालको तामाङ समुदायको परम्परागत पोशाक। यो सोनम लोसार जस्ता चाडहरूमा र सांस्कृतिक प्रदर्शनहरूमा लगाइन्छ।"
nepali_dresses_augmented/tamang_dress/112_aug1.jpg,"A man and a little girl playing drums. This is the Tamang dress, the traditional attire of the Tamang community of Nepal. It is worn during festivals such as Sonam Lhosar and cultural performances.","एक पुरुष र एक सानो केटी ड्रम खेल्दै। यो तामाङ पोशाक हो, नेपालको तामाङ समुदायको परम्परागत पोशाक। यो सोनम लोसार जस्ता चाडहरूमा र सांस्कृतिक प्रदर्शनहरूमा लगाइन्छ।"
nepali_dresses_augmented/tamang_dress/112_aug2.jpg,"A man and a little girl playing drums. This is the Tamang dress, the traditional attire of the Tamang community of Nepal. It is worn during festivals such as Sonam Lhosar and cultural performances.","एक पुरुष र एक सानो केटी ड्रम खेल्दै। यो तामाङ पोशाक हो, नेपालको तामाङ समुदायको परम्परागत पोशाक। यो सोनम लोसार जस्ता चाडहरूमा र सांस्कृतिक प्रदर्शनहरूमा लगाइन्छ।"
nepali_dresses_augmented/tamang_dress/112_aug3.jpg,"A man and a little girl playing drums. This is the Tamang dress, the traditional attire of the Tamang community of Nepal. It is worn during festivals such as Sonam Lhosar and cultural performances.","एक पुरुष र एक सानो केटी ड्रम खेल्दै। यो तामाङ पोशाक हो, नेपालको तामाङ समुदायको परम्परागत पोशाक। यो सोनम लोसार जस्ता चाडहरूमा र सांस्कृतिक प्रदर्शनहरूमा लगाइन्छ।"
nepali_dresses_augmented/tamang_dress/113.jpg,"A woman wearing a blue and yellow jacket. This is the Tamang dress, the traditional attire of the Tamang community of Nepal. It is worn during festivals such as Sonam Lhosar and cultural performances.","निलो र पहेंलो ज्याकेट लगाउने एक महिला। यो तामाङ ड्रेस हो, नेपालको तामाङ समुदायको परम्परागत पोशाक। यो सोनम लोसार जस्ता चाडहरूमा र सांस्कृतिक प्रदर्शनहरूमा लगाइन्छ।"
nepali_dresses_augmented/tamang_dress/113_aug1.jpg,"A woman wearing a blue and yellow jacket. This is the Tamang dress, the traditional attire of the Tamang community of Nepal. It is worn during festivals such as Sonam Lhosar and cultural performances.","निलो र पहेंलो ज्याकेट लगाउने एक महिला। यो तामाङ ड्रेस हो, नेपालको तामाङ समुदायको परम्परागत पोशाक। यो सोनम लोसार जस्ता चाडहरूमा र सांस्कृतिक प्रदर्शनहरूमा लगाइन्छ।"
nepali_dresses_augmented/tamang_dress/113_aug2.jpg,"A woman wearing a blue and yellow jacket. This is the Tamang dress, the traditional attire of the Tamang community of Nepal. It is worn during festivals such as Sonam Lhosar and cultural performances.","निलो र पहेंलो ज्याकेट लगाउने एक महिला। यो तामाङ ड्रेस हो, नेपालको तामाङ समुदायको परम्परागत पोशाक। यो सोनम लोसार जस्ता चाडहरूमा र सांस्कृतिक प्रदर्शनहरूमा लगाइन्छ।"
nepali_dresses_augmented/tamang_dress/113_aug3.jpg,"A woman wearing a blue and yellow jacket. This is the Tamang dress, the traditional attire of the Tamang community of Nepal. It is worn during festivals such as Sonam Lhosar and cultural performances.","निलो र पहेंलो ज्याकेट लगाउने एक महिला। यो तामाङ ड्रेस हो, नेपालको तामाङ समुदायको परम्परागत पोशाक। यो सोनम लोसार जस्ता चाडहरूमा र सांस्कृतिक प्रदर्शनहरूमा लगाइन्छ।"
nepali_dresses_augmented/tamang_dress/114.jpg,"A woman in a dress and hat with her hands clasped. This is the Tamang dress, the traditional attire of the Tamang community of Nepal. It is worn during festivals such as Sonam Lhosar and cultural performances.","यो तामाङ पोशाक हो, नेपालको तामाङ समुदायको परम्परागत पोशाक हो । यो सोनाम लोसार जस्ता पर्वहरूमा र सांस्कृतिक प्रदर्शनहरूमा लगाइन्छ ।"
nepali_dresses_augmented/tamang_dress/114_aug1.jpg,"A woman in a dress and hat with her hands clasped. This is the Tamang dress, the traditional attire of the Tamang community of Nepal. It is worn during festivals such as Sonam Lhosar and cultural performances.","यो तामाङ पोशाक हो, नेपालको तामाङ समुदायको परम्परागत पोशाक हो । यो सोनाम लोसार जस्ता पर्वहरूमा र सांस्कृतिक प्रदर्शनहरूमा लगाइन्छ ।"
nepali_dresses_augmented/tamang_dress/114_aug2.jpg,"A woman in a dress and hat with her hands clasped. This is the Tamang dress, the traditional attire of the Tamang community of Nepal. It is worn during festivals such as Sonam Lhosar and cultural performances.","यो तामाङ पोशाक हो, नेपालको तामाङ समुदायको परम्परागत पोशाक हो । यो सोनाम लोसार जस्ता पर्वहरूमा र सांस्कृतिक प्रदर्शनहरूमा लगाइन्छ ।"
nepali_dresses_augmented/tamang_dress/114_aug3.jpg,"A woman in a dress and hat with her hands clasped. This is the Tamang dress, the traditional attire of the Tamang community of Nepal. It is worn during festivals such as Sonam Lhosar and cultural performances.","यो तामाङ पोशाक हो, नेपालको तामाङ समुदायको परम्परागत पोशाक हो । यो सोनाम लोसार जस्ता पर्वहरूमा र सांस्कृतिक प्रदर्शनहरूमा लगाइन्छ ।"
nepali_dresses_augmented/tamang_dress/115.jpg,"A young woman in traditional clothing taking a photo with her mobile phone - stock image. This is the Tamang dress, the traditional attire of the Tamang community of Nepal. It is worn during festivals such as Sonam Lhosar and cultural performances.","परम्परागत कपडामा एक युवती आफ्नो मोबाइल फोनको साथ फोटो खिच्दै - स्टक छवि। यो तामाङ पोशाक हो, नेपालको तामाङ समुदायको परम्परागत पोशाक हो। यो सोनम लोसार जस्ता चाडहरूमा र सांस्कृतिक प्रदर्शनहरूमा लगाइन्छ।"
nepali_dresses_augmented/tamang_dress/115_aug1.jpg,"A young woman in traditional clothing taking a photo with her mobile phone - stock image. This is the Tamang dress, the traditional attire of the Tamang community of Nepal. It is worn during festivals such as Sonam Lhosar and cultural performances.","परम्परागत कपडामा एक युवती आफ्नो मोबाइल फोनको साथ फोटो खिच्दै - स्टक छवि। यो तामाङ पोशाक हो, नेपालको तामाङ समुदायको परम्परागत पोशाक हो। यो सोनम लोसार जस्ता चाडहरूमा र सांस्कृतिक प्रदर्शनहरूमा लगाइन्छ।"
nepali_dresses_augmented/tamang_dress/115_aug2.jpg,"A young woman in traditional clothing taking a photo with her mobile phone - stock image. This is the Tamang dress, the traditional attire of the Tamang community of Nepal. It is worn during festivals such as Sonam Lhosar and cultural performances.","परम्परागत कपडामा एक युवती आफ्नो मोबाइल फोनको साथ फोटो खिच्दै - स्टक छवि। यो तामाङ पोशाक हो, नेपालको तामाङ समुदायको परम्परागत पोशाक हो। यो सोनम लोसार जस्ता चाडहरूमा र सांस्कृतिक प्रदर्शनहरूमा लगाइन्छ।"
nepali_dresses_augmented/tamang_dress/115_aug3.jpg,"A young woman in traditional clothing taking a photo with her mobile phone - stock image. This is the Tamang dress, the traditional attire of the Tamang community of Nepal. It is worn during festivals such as Sonam Lhosar and cultural performances.","परम्परागत कपडामा एक युवती आफ्नो मोबाइल फोनको साथ फोटो खिच्दै - स्टक छवि। यो तामाङ पोशाक हो, नेपालको तामाङ समुदायको परम्परागत पोशाक हो। यो सोनम लोसार जस्ता चाडहरूमा र सांस्कृतिक प्रदर्शनहरूमा लगाइन्छ।"
nepali_dresses_augmented/tamang_dress/116.jpg,"The wedding of person and person by person. This is the Tamang dress, the traditional attire of the Tamang community of Nepal. It is worn during festivals such as Sonam Lhosar and cultural performances.","यो तामाङ पोशाक हो, नेपालको तामाङ समुदायको परम्परागत पोशाक हो। यो सोनम लोसार जस्ता पर्वहरूमा र सांस्कृतिक प्रदर्शनहरूमा लगाइन्छ।"
nepali_dresses_augmented/tamang_dress/116_aug1.jpg,"The wedding of person and person by person. This is the Tamang dress, the traditional attire of the Tamang community of Nepal. It is worn during festivals such as Sonam Lhosar and cultural performances.","यो तामाङ पोशाक हो, नेपालको तामाङ समुदायको परम्परागत पोशाक हो। यो सोनम लोसार जस्ता पर्वहरूमा र सांस्कृतिक प्रदर्शनहरूमा लगाइन्छ।"
nepali_dresses_augmented/tamang_dress/116_aug2.jpg,"The wedding of person and person by person. This is the Tamang dress, the traditional attire of the Tamang community of Nepal. It is worn during festivals such as Sonam Lhosar and cultural performances.","यो तामाङ पोशाक हो, नेपालको तामाङ समुदायको परम्परागत पोशाक हो। यो सोनम लोसार जस्ता पर्वहरूमा र सांस्कृतिक प्रदर्शनहरूमा लगाइन्छ।"
nepali_dresses_augmented/tamang_dress/116_aug3.jpg,"The wedding of person and person by person. This is the Tamang dress, the traditional attire of the Tamang community of Nepal. It is worn during festivals such as Sonam Lhosar and cultural performances.","यो तामाङ पोशाक हो, नेपालको तामाङ समुदायको परम्परागत पोशाक हो। यो सोनम लोसार जस्ता पर्वहरूमा र सांस्कृतिक प्रदर्शनहरूमा लगाइन्छ।"
nepali_dresses_augmented/tamang_dress/117.jpg,"A man and woman in traditional clothing posing for the camera. This is the Tamang dress, the traditional attire of the Tamang community of Nepal. It is worn during festivals such as Sonam Lhosar and cultural performances.","एक पुरुष र महिलाले परम्परागत कपडा लगाएर क्यामेराको लागि पोज गर्दैछन्। यो तामाङ पोशाक हो, नेपालको तामाङ समुदायको परम्परागत पोशाक। यो सोनम लोसार जस्ता चाडपर्वहरू र सांस्कृतिक प्रदर्शनहरूमा लगाइन्छ।"
nepali_dresses_augmented/tamang_dress/117_aug1.jpg,"A man and woman in traditional clothing posing for the camera. This is the Tamang dress, the traditional attire of the Tamang community of Nepal. It is worn during festivals such as Sonam Lhosar and cultural performances.","एक पुरुष र महिलाले परम्परागत कपडा लगाएर क्यामेराको लागि पोज गर्दैछन्। यो तामाङ पोशाक हो, नेपालको तामाङ समुदायको परम्परागत पोशाक। यो सोनम लोसार जस्ता चाडपर्वहरू र सांस्कृतिक प्रदर्शनहरूमा लगाइन्छ।"
nepali_dresses_augmented/tamang_dress/117_aug2.jpg,"A man and woman in traditional clothing posing for the camera. This is the Tamang dress, the traditional attire of the Tamang community of Nepal. It is worn during festivals such as Sonam Lhosar and cultural performances.","एक पुरुष र महिलाले परम्परागत कपडा लगाएर क्यामेराको लागि पोज गर्दैछन्। यो तामाङ पोशाक हो, नेपालको तामाङ समुदायको परम्परागत पोशाक। यो सोनम लोसार जस्ता चाडपर्वहरू र सांस्कृतिक प्रदर्शनहरूमा लगाइन्छ।"
nepali_dresses_augmented/tamang_dress/117_aug3.jpg,"A man and woman in traditional clothing posing for the camera. This is the Tamang dress, the traditional attire of the Tamang community of Nepal. It is worn during festivals such as Sonam Lhosar and cultural performances.","एक पुरुष र महिलाले परम्परागत कपडा लगाएर क्यामेराको लागि पोज गर्दैछन्। यो तामाङ पोशाक हो, नेपालको तामाङ समुदायको परम्परागत पोशाक। यो सोनम लोसार जस्ता चाडपर्वहरू र सांस्कृतिक प्रदर्शनहरूमा लगाइन्छ।"
nepali_dresses_augmented/tamang_dress/118.jpg,"A little girl in a red and gold dress. This is the Tamang dress, the traditional attire of the Tamang community of Nepal. It is worn during festivals such as Sonam Lhosar and cultural performances.","लाल र सुनको पोशाकमा एक सानो केटी। यो तामाङ पोशाक हो, नेपालको तामाङ समुदायको परम्परागत पोशाक। यो सोनम लोसार जस्ता चाडहरूमा र सांस्कृतिक प्रदर्शनहरूमा लगाइन्छ।"
nepali_dresses_augmented/tamang_dress/118_aug1.jpg,"A little girl in a red and gold dress. This is the Tamang dress, the traditional attire of the Tamang community of Nepal. It is worn during festivals such as Sonam Lhosar and cultural performances.","लाल र सुनको पोशाकमा एक सानो केटी। यो तामाङ पोशाक हो, नेपालको तामाङ समुदायको परम्परागत पोशाक। यो सोनम लोसार जस्ता चाडहरूमा र सांस्कृतिक प्रदर्शनहरूमा लगाइन्छ।"
nepali_dresses_augmented/tamang_dress/118_aug2.jpg,"A little girl in a red and gold dress. This is the Tamang dress, the traditional attire of the Tamang community of Nepal. It is worn during festivals such as Sonam Lhosar and cultural performances.","लाल र सुनको पोशाकमा एक सानो केटी। यो तामाङ पोशाक हो, नेपालको तामाङ समुदायको परम्परागत पोशाक। यो सोनम लोसार जस्ता चाडहरूमा र सांस्कृतिक प्रदर्शनहरूमा लगाइन्छ।"
nepali_dresses_augmented/tamang_dress/118_aug3.jpg,"A little girl in a red and gold dress. This is the Tamang dress, the traditional attire of the Tamang community of Nepal. It is worn during festivals such as Sonam Lhosar and cultural performances.","लाल र सुनको पोशाकमा एक सानो केटी। यो तामाङ पोशाक हो, नेपालको तामाङ समुदायको परम्परागत पोशाक। यो सोनम लोसार जस्ता चाडहरूमा र सांस्कृतिक प्रदर्शनहरूमा लगाइन्छ।"
nepali_dresses_augmented/tamang_dress/119.jpg,"Two young girls in traditional dress standing next to a brick wall. This is the Tamang dress, the traditional attire of the Tamang community of Nepal. It is worn during festivals such as Sonam Lhosar and cultural performances.",नेपालको तामाङ समुदायको परम्परागत पोशाक तामाङ पोशाक हो । यो सोनाम लोसार जस्ता पर्व तथा सांस्कृतिक प्रदर्शनमा लगाइन्छ ।
nepali_dresses_augmented/tamang_dress/119_aug1.jpg,"Two young girls in traditional dress standing next to a brick wall. This is the Tamang dress, the traditional attire of the Tamang community of Nepal. It is worn during festivals such as Sonam Lhosar and cultural performances.",नेपालको तामाङ समुदायको परम्परागत पोशाक तामाङ पोशाक हो । यो सोनाम लोसार जस्ता पर्व तथा सांस्कृतिक प्रदर्शनमा लगाइन्छ ।
nepali_dresses_augmented/tamang_dress/119_aug2.jpg,"Two young girls in traditional dress standing next to a brick wall. This is the Tamang dress, the traditional attire of the Tamang community of Nepal. It is worn during festivals such as Sonam Lhosar and cultural performances.",नेपालको तामाङ समुदायको परम्परागत पोशाक तामाङ पोशाक हो । यो सोनाम लोसार जस्ता पर्व तथा सांस्कृतिक प्रदर्शनमा लगाइन्छ ।
nepali_dresses_augmented/tamang_dress/119_aug3.jpg,"Two young girls in traditional dress standing next to a brick wall. This is the Tamang dress, the traditional attire of the Tamang community of Nepal. It is worn during festivals such as Sonam Lhosar and cultural performances.",नेपालको तामाङ समुदायको परम्परागत पोशाक तामाङ पोशाक हो । यो सोनाम लोसार जस्ता पर्व तथा सांस्कृतिक प्रदर्शनमा लगाइन्छ ।
nepali_dresses_augmented/tamang_dress/11_aug1.jpg,"A young girl in a village in the mountains of nepal - stock image. This is the Tamang dress, the traditional attire of the Tamang community of Nepal. It is worn during festivals such as Sonam Lhosar and cultural performances.","नेपालको पहाडको एउटा गाउँमा एक युवतीको तस्बिर - यो तामाङ पोशाक हो, नेपालको तामाङ समुदायको परम्परागत पोशाक हो । यो सोनाम लोसार जस्ता चाडहरूमा र सांस्कृतिक प्रदर्शनहरूमा लगाइन्छ ।"
nepali_dresses_augmented/tamang_dress/11_aug2.jpg,"A young girl in a village in the mountains of nepal - stock image. This is the Tamang dress, the traditional attire of the Tamang community of Nepal. It is worn during festivals such as Sonam Lhosar and cultural performances.","नेपालको पहाडको एउटा गाउँमा एक युवतीको तस्बिर - यो तामाङ पोशाक हो, नेपालको तामाङ समुदायको परम्परागत पोशाक हो । यो सोनाम लोसार जस्ता चाडहरूमा र सांस्कृतिक प्रदर्शनहरूमा लगाइन्छ ।"
nepali_dresses_augmented/tamang_dress/11_aug3.jpg,"A young girl in a village in the mountains of nepal - stock image. This is the Tamang dress, the traditional attire of the Tamang community of Nepal. It is worn during festivals such as Sonam Lhosar and cultural performances.","नेपालको पहाडको एउटा गाउँमा एक युवतीको तस्बिर - यो तामाङ पोशाक हो, नेपालको तामाङ समुदायको परम्परागत पोशाक हो । यो सोनाम लोसार जस्ता चाडहरूमा र सांस्कृतिक प्रदर्शनहरूमा लगाइन्छ ।"
nepali_dresses_augmented/tamang_dress/12.jpg,"A group of young girls in traditional dress at a festival in india - stock image. This is the Tamang dress, the traditional attire of the Tamang community of Nepal. It is worn during festivals such as Sonam Lhosar and cultural performances.",नेपालको तामाङ समुदायको परम्परागत पोशाक तामाङ पोशाक हो । यो सोनाम ल्होसर जस्ता पर्व र सांस्कृतिक प्रदर्शनको समयमा लगाइन्छ ।
nepali_dresses_augmented/tamang_dress/120.jpg,"A woman in a red dress standing on a balcony. This is the Tamang dress, the traditional attire of the Tamang community of Nepal. It is worn during festivals such as Sonam Lhosar and cultural performances.","लाल रंगको पोशाकमा उभिएकी महिला । यो तामाङ पोशाक हो, नेपालको तामाङ समुदायको परम्परागत पोशाक हो । यो सोनम लोसार जस्ता चाडपर्व र सांस्कृतिक प्रदर्शनको समयमा लगाइन्छ ।"
nepali_dresses_augmented/tamang_dress/120_aug1.jpg,"A woman in a red dress standing on a balcony. This is the Tamang dress, the traditional attire of the Tamang community of Nepal. It is worn during festivals such as Sonam Lhosar and cultural performances.","लाल रंगको पोशाकमा उभिएकी महिला । यो तामाङ पोशाक हो, नेपालको तामाङ समुदायको परम्परागत पोशाक हो । यो सोनम लोसार जस्ता चाडपर्व र सांस्कृतिक प्रदर्शनको समयमा लगाइन्छ ।"
nepali_dresses_augmented/tamang_dress/120_aug2.jpg,"A woman in a red dress standing on a balcony. This is the Tamang dress, the traditional attire of the Tamang community of Nepal. It is worn during festivals such as Sonam Lhosar and cultural performances.","लाल रंगको पोशाकमा उभिएकी महिला । यो तामाङ पोशाक हो, नेपालको तामाङ समुदायको परम्परागत पोशाक हो । यो सोनम लोसार जस्ता चाडपर्व र सांस्कृतिक प्रदर्शनको समयमा लगाइन्छ ।"
nepali_dresses_augmented/tamang_dress/120_aug3.jpg,"A woman in a red dress standing on a balcony. This is the Tamang dress, the traditional attire of the Tamang community of Nepal. It is worn during festivals such as Sonam Lhosar and cultural performances.","लाल रंगको पोशाकमा उभिएकी महिला । यो तामाङ पोशाक हो, नेपालको तामाङ समुदायको परम्परागत पोशाक हो । यो सोनम लोसार जस्ता चाडपर्व र सांस्कृतिक प्रदर्शनको समयमा लगाइन्छ ।"
nepali_dresses_augmented/tamang_dress/121.jpg,"Three women in the mountains of nepal, nepal - stock image. This is the Tamang dress, the traditional attire of the Tamang community of Nepal. It is worn during festivals such as Sonam Lhosar and cultural performances.","नेपालको पहाडमा तीन महिलाहरू, नेपाल - स्टक छवि। यो तामाङ पोशाक हो, नेपालको तामाङ समुदायको परम्परागत पोशाक। यो सोनम लोसार जस्ता चाडहरूमा र सांस्कृतिक प्रदर्शनहरूमा लगाइन्छ।"
nepali_dresses_augmented/tamang_dress/121_aug1.jpg,"Three women in the mountains of nepal, nepal - stock image. This is the Tamang dress, the traditional attire of the Tamang community of Nepal. It is worn during festivals such as Sonam Lhosar and cultural performances.","नेपालको पहाडमा तीन महिलाहरू, नेपाल - स्टक छवि। यो तामाङ पोशाक हो, नेपालको तामाङ समुदायको परम्परागत पोशाक। यो सोनम लोसार जस्ता चाडहरूमा र सांस्कृतिक प्रदर्शनहरूमा लगाइन्छ।"
nepali_dresses_augmented/tamang_dress/121_aug2.jpg,"Three women in the mountains of nepal, nepal - stock image. This is the Tamang dress, the traditional attire of the Tamang community of Nepal. It is worn during festivals such as Sonam Lhosar and cultural performances.","नेपालको पहाडमा तीन महिलाहरू, नेपाल - स्टक छवि। यो तामाङ पोशाक हो, नेपालको तामाङ समुदायको परम्परागत पोशाक। यो सोनम लोसार जस्ता चाडहरूमा र सांस्कृतिक प्रदर्शनहरूमा लगाइन्छ।"
nepali_dresses_augmented/tamang_dress/121_aug3.jpg,"Three women in the mountains of nepal, nepal - stock image. This is the Tamang dress, the traditional attire of the Tamang community of Nepal. It is worn during festivals such as Sonam Lhosar and cultural performances.","नेपालको पहाडमा तीन महिलाहरू, नेपाल - स्टक छवि। यो तामाङ पोशाक हो, नेपालको तामाङ समुदायको परम्परागत पोशाक। यो सोनम लोसार जस्ता चाडहरूमा र सांस्कृतिक प्रदर्शनहरूमा लगाइन्छ।"
nepali_dresses_augmented/tamang_dress/122.jpg,"A group of people playing drums at a festival in nepal. This is the Tamang dress, the traditional attire of the Tamang community of Nepal. It is worn during festivals such as Sonam Lhosar and cultural performances.",नेपालको तामाङ समुदायको परम्परागत पोशाक तामाङको पोशाक हो। यो सोनाम लोसार जस्ता पर्वहरूमा र सांस्कृतिक प्रदर्शनहरूमा लगाइन्छ।
nepali_dresses_augmented/tamang_dress/122_aug1.jpg,"A group of people playing drums at a festival in nepal. This is the Tamang dress, the traditional attire of the Tamang community of Nepal. It is worn during festivals such as Sonam Lhosar and cultural performances.",नेपालको तामाङ समुदायको परम्परागत पोशाक तामाङको पोशाक हो। यो सोनाम लोसार जस्ता पर्वहरूमा र सांस्कृतिक प्रदर्शनहरूमा लगाइन्छ।
nepali_dresses_augmented/tamang_dress/122_aug2.jpg,"A group of people playing drums at a festival in nepal. This is the Tamang dress, the traditional attire of the Tamang community of Nepal. It is worn during festivals such as Sonam Lhosar and cultural performances.",नेपालको तामाङ समुदायको परम्परागत पोशाक तामाङको पोशाक हो। यो सोनाम लोसार जस्ता पर्वहरूमा र सांस्कृतिक प्रदर्शनहरूमा लगाइन्छ।
nepali_dresses_augmented/tamang_dress/122_aug3.jpg,"A group of people playing drums at a festival in nepal. This is the Tamang dress, the traditional attire of the Tamang community of Nepal. It is worn during festivals such as Sonam Lhosar and cultural performances.",नेपालको तामाङ समुदायको परम्परागत पोशाक तामाङको पोशाक हो। यो सोनाम लोसार जस्ता पर्वहरूमा र सांस्कृतिक प्रदर्शनहरूमा लगाइन्छ।
nepali_dresses_augmented/tamang_dress/123.jpg,"A group of young girls in traditional dress at the entrance to the mosque - stock image. This is the Tamang dress, the traditional attire of the Tamang community of Nepal. It is worn during festivals such as Sonam Lhosar and cultural performances.","मस्जिदको प्रवेशद्वारमा परम्परागत पोशाकमा युवा केटीहरूको समूह - स्टक छवि। यो तामाङ पोशाक हो, नेपालको तामाङ समुदायको परम्परागत पोशाक। यो सोनम लोसार जस्ता चाडहरूमा र सांस्कृतिक प्रदर्शनहरूमा लगाइन्छ।"
nepali_dresses_augmented/tamang_dress/123_aug1.jpg,"A group of young girls in traditional dress at the entrance to the mosque - stock image. This is the Tamang dress, the traditional attire of the Tamang community of Nepal. It is worn during festivals such as Sonam Lhosar and cultural performances.","मस्जिदको प्रवेशद्वारमा परम्परागत पोशाकमा युवा केटीहरूको समूह - स्टक छवि। यो तामाङ पोशाक हो, नेपालको तामाङ समुदायको परम्परागत पोशाक। यो सोनम लोसार जस्ता चाडहरूमा र सांस्कृतिक प्रदर्शनहरूमा लगाइन्छ।"
nepali_dresses_augmented/tamang_dress/123_aug2.jpg,"A group of young girls in traditional dress at the entrance to the mosque - stock image. This is the Tamang dress, the traditional attire of the Tamang community of Nepal. It is worn during festivals such as Sonam Lhosar and cultural performances.","मस्जिदको प्रवेशद्वारमा परम्परागत पोशाकमा युवा केटीहरूको समूह - स्टक छवि। यो तामाङ पोशाक हो, नेपालको तामाङ समुदायको परम्परागत पोशाक। यो सोनम लोसार जस्ता चाडहरूमा र सांस्कृतिक प्रदर्शनहरूमा लगाइन्छ।"
nepali_dresses_augmented/tamang_dress/123_aug3.jpg,"A group of young girls in traditional dress at the entrance to the mosque - stock image. This is the Tamang dress, the traditional attire of the Tamang community of Nepal. It is worn during festivals such as Sonam Lhosar and cultural performances.","मस्जिदको प्रवेशद्वारमा परम्परागत पोशाकमा युवा केटीहरूको समूह - स्टक छवि। यो तामाङ पोशाक हो, नेपालको तामाङ समुदायको परम्परागत पोशाक। यो सोनम लोसार जस्ता चाडहरूमा र सांस्कृतिक प्रदर्शनहरूमा लगाइन्छ।"
nepali_dresses_augmented/tamang_dress/12_aug1.jpg,"A group of young girls in traditional dress at a festival in india - stock image. This is the Tamang dress, the traditional attire of the Tamang community of Nepal. It is worn during festivals such as Sonam Lhosar and cultural performances.",नेपालको तामाङ समुदायको परम्परागत पोशाक तामाङ पोशाक हो । यो सोनाम ल्होसर जस्ता पर्व र सांस्कृतिक प्रदर्शनको समयमा लगाइन्छ ।
nepali_dresses_augmented/tamang_dress/12_aug2.jpg,"A group of young girls in traditional dress at a festival in india - stock image. This is the Tamang dress, the traditional attire of the Tamang community of Nepal. It is worn during festivals such as Sonam Lhosar and cultural performances.",नेपालको तामाङ समुदायको परम्परागत पोशाक तामाङ पोशाक हो । यो सोनाम ल्होसर जस्ता पर्व र सांस्कृतिक प्रदर्शनको समयमा लगाइन्छ ।
nepali_dresses_augmented/tamang_dress/12_aug3.jpg,"A group of young girls in traditional dress at a festival in india - stock image. This is the Tamang dress, the traditional attire of the Tamang community of Nepal. It is worn during festivals such as Sonam Lhosar and cultural performances.",नेपालको तामाङ समुदायको परम्परागत पोशाक तामाङ पोशाक हो । यो सोनाम ल्होसर जस्ता पर्व र सांस्कृतिक प्रदर्शनको समयमा लगाइन्छ ।
nepali_dresses_augmented/tamang_dress/13.jpg,"A woman in traditional dress and headdres is talking on her cell. This is the Tamang dress, the traditional attire of the Tamang community of Nepal. It is worn during festivals such as Sonam Lhosar and cultural performances.","एक महिला परम्परागत पोशाक र हेड्रेसमा आफ्नो सेलमा कुरा गर्दैछिन्। यो तामाङ पोशाक हो, नेपालको तामाङ समुदायको परम्परागत पोशाक हो। यो सोनम लोसार जस्ता चाडहरूमा र सांस्कृतिक प्रदर्शनहरूमा लगाइन्छ।"
nepali_dresses_augmented/tamang_dress/13_aug1.jpg,"A woman in traditional dress and headdres is talking on her cell. This is the Tamang dress, the traditional attire of the Tamang community of Nepal. It is worn during festivals such as Sonam Lhosar and cultural performances.","एक महिला परम्परागत पोशाक र हेड्रेसमा आफ्नो सेलमा कुरा गर्दैछिन्। यो तामाङ पोशाक हो, नेपालको तामाङ समुदायको परम्परागत पोशाक हो। यो सोनम लोसार जस्ता चाडहरूमा र सांस्कृतिक प्रदर्शनहरूमा लगाइन्छ।"
nepali_dresses_augmented/tamang_dress/13_aug2.jpg,"A woman in traditional dress and headdres is talking on her cell. This is the Tamang dress, the traditional attire of the Tamang community of Nepal. It is worn during festivals such as Sonam Lhosar and cultural performances.","एक महिला परम्परागत पोशाक र हेड्रेसमा आफ्नो सेलमा कुरा गर्दैछिन्। यो तामाङ पोशाक हो, नेपालको तामाङ समुदायको परम्परागत पोशाक हो। यो सोनम लोसार जस्ता चाडहरूमा र सांस्कृतिक प्रदर्शनहरूमा लगाइन्छ।"
nepali_dresses_augmented/tamang_dress/13_aug3.jpg,"A woman in traditional dress and headdres is talking on her cell. This is the Tamang dress, the traditional attire of the Tamang community of Nepal. It is worn during festivals such as Sonam Lhosar and cultural performances.","एक महिला परम्परागत पोशाक र हेड्रेसमा आफ्नो सेलमा कुरा गर्दैछिन्। यो तामाङ पोशाक हो, नेपालको तामाङ समुदायको परम्परागत पोशाक हो। यो सोनम लोसार जस्ता चाडहरूमा र सांस्कृतिक प्रदर्शनहरूमा लगाइन्छ।"
nepali_dresses_augmented/tamang_dress/14.jpg,"Two young girls in traditional costume at a festival, rajasthan, india - stock image. This is the Tamang dress, the traditional attire of the Tamang community of Nepal. It is worn during festivals such as Sonam Lhosar and cultural performances.",नेपालको तामाङ समुदायको परम्परागत पोशाक तामाङको पोशाक हो । यो सोनाम ल्होसर जस्ता पर्व र सांस्कृतिक प्रदर्शनको समयमा लगाइन्छ ।
nepali_dresses_augmented/tamang_dress/14_aug1.jpg,"Two young girls in traditional costume at a festival, rajasthan, india - stock image. This is the Tamang dress, the traditional attire of the Tamang community of Nepal. It is worn during festivals such as Sonam Lhosar and cultural performances.",नेपालको तामाङ समुदायको परम्परागत पोशाक तामाङको पोशाक हो । यो सोनाम ल्होसर जस्ता पर्व र सांस्कृतिक प्रदर्शनको समयमा लगाइन्छ ।
nepali_dresses_augmented/tamang_dress/14_aug2.jpg,"Two young girls in traditional costume at a festival, rajasthan, india - stock image. This is the Tamang dress, the traditional attire of the Tamang community of Nepal. It is worn during festivals such as Sonam Lhosar and cultural performances.",नेपालको तामाङ समुदायको परम्परागत पोशाक तामाङको पोशाक हो । यो सोनाम ल्होसर जस्ता पर्व र सांस्कृतिक प्रदर्शनको समयमा लगाइन्छ ।
nepali_dresses_augmented/tamang_dress/14_aug3.jpg,"Two young girls in traditional costume at a festival, rajasthan, india - stock image. This is the Tamang dress, the traditional attire of the Tamang community of Nepal. It is worn during festivals such as Sonam Lhosar and cultural performances.",नेपालको तामाङ समुदायको परम्परागत पोशाक तामाङको पोशाक हो । यो सोनाम ल्होसर जस्ता पर्व र सांस्कृतिक प्रदर्शनको समयमा लगाइन्छ ।
nepali_dresses_augmented/tamang_dress/15.jpg,"Two women standing in front of a statue. This is the Tamang dress, the traditional attire of the Tamang community of Nepal. It is worn during festivals such as Sonam Lhosar and cultural performances.","दुई महिला मूर्ति अगाडि उभिएकी छन्। यो तामाङ पोशाक हो, नेपालको तामाङ समुदायको परम्परागत पोशाक हो। यो सोनम लोसार जस्ता चाडहरूमा र सांस्कृतिक प्रदर्शनहरूमा लगाइन्छ।"
nepali_dresses_augmented/tamang_dress/15_aug1.jpg,"Two women standing in front of a statue. This is the Tamang dress, the traditional attire of the Tamang community of Nepal. It is worn during festivals such as Sonam Lhosar and cultural performances.","दुई महिला मूर्ति अगाडि उभिएकी छन्। यो तामाङ पोशाक हो, नेपालको तामाङ समुदायको परम्परागत पोशाक हो। यो सोनम लोसार जस्ता चाडहरूमा र सांस्कृतिक प्रदर्शनहरूमा लगाइन्छ।"
nepali_dresses_augmented/tamang_dress/15_aug2.jpg,"Two women standing in front of a statue. This is the Tamang dress, the traditional attire of the Tamang community of Nepal. It is worn during festivals such as Sonam Lhosar and cultural performances.","दुई महिला मूर्ति अगाडि उभिएकी छन्। यो तामाङ पोशाक हो, नेपालको तामाङ समुदायको परम्परागत पोशाक हो। यो सोनम लोसार जस्ता चाडहरूमा र सांस्कृतिक प्रदर्शनहरूमा लगाइन्छ।"
nepali_dresses_augmented/tamang_dress/15_aug3.jpg,"Two women standing in front of a statue. This is the Tamang dress, the traditional attire of the Tamang community of Nepal. It is worn during festivals such as Sonam Lhosar and cultural performances.","दुई महिला मूर्ति अगाडि उभिएकी छन्। यो तामाङ पोशाक हो, नेपालको तामाङ समुदायको परम्परागत पोशाक हो। यो सोनम लोसार जस्ता चाडहरूमा र सांस्कृतिक प्रदर्शनहरूमा लगाइन्छ।"
nepali_dresses_augmented/tamang_dress/16.jpg,"An old woman in traditional clothing and headdres - stock image. This is the Tamang dress, the traditional attire of the Tamang community of Nepal. It is worn during festivals such as Sonam Lhosar and cultural performances.","परम्परागत कपडा र हेड्रेसमा एक वृद्ध महिला - स्टक छवि। यो तामाङ पोशाक हो, नेपालको तामाङ समुदायको परम्परागत पोशाक। यो सोनम लोसार जस्ता चाडहरूमा र सांस्कृतिक प्रदर्शनहरूमा लगाइन्छ।"
nepali_dresses_augmented/tamang_dress/16_aug1.jpg,"An old woman in traditional clothing and headdres - stock image. This is the Tamang dress, the traditional attire of the Tamang community of Nepal. It is worn during festivals such as Sonam Lhosar and cultural performances.","परम्परागत कपडा र हेड्रेसमा एक वृद्ध महिला - स्टक छवि। यो तामाङ पोशाक हो, नेपालको तामाङ समुदायको परम्परागत पोशाक। यो सोनम लोसार जस्ता चाडहरूमा र सांस्कृतिक प्रदर्शनहरूमा लगाइन्छ।"
nepali_dresses_augmented/tamang_dress/16_aug2.jpg,"An old woman in traditional clothing and headdres - stock image. This is the Tamang dress, the traditional attire of the Tamang community of Nepal. It is worn during festivals such as Sonam Lhosar and cultural performances.","परम्परागत कपडा र हेड्रेसमा एक वृद्ध महिला - स्टक छवि। यो तामाङ पोशाक हो, नेपालको तामाङ समुदायको परम्परागत पोशाक। यो सोनम लोसार जस्ता चाडहरूमा र सांस्कृतिक प्रदर्शनहरूमा लगाइन्छ।"
nepali_dresses_augmented/tamang_dress/16_aug3.jpg,"An old woman in traditional clothing and headdres - stock image. This is the Tamang dress, the traditional attire of the Tamang community of Nepal. It is worn during festivals such as Sonam Lhosar and cultural performances.","परम्परागत कपडा र हेड्रेसमा एक वृद्ध महिला - स्टक छवि। यो तामाङ पोशाक हो, नेपालको तामाङ समुदायको परम्परागत पोशाक। यो सोनम लोसार जस्ता चाडहरूमा र सांस्कृतिक प्रदर्शनहरूमा लगाइन्छ।"
nepali_dresses_augmented/tamang_dress/17.jpg,"A young girl in traditional dress and headdres stands against a stone wall - stock image. This is the Tamang dress, the traditional attire of the Tamang community of Nepal. It is worn during festivals such as Sonam Lhosar and cultural performances.","परम्परागत पोशाक र हेड्रेसमा एक युवती ढुङ्गाको पर्खाल - स्टक छविको बिरूद्ध खडा छ। यो तामाङ पोशाक हो, नेपालको तामाङ समुदायको परम्परागत पोशाक हो। यो सोनम लोसार जस्ता चाडहरूमा र सांस्कृतिक प्रदर्शनहरूमा लगाइन्छ।"
nepali_dresses_augmented/tamang_dress/17_aug1.jpg,"A young girl in traditional dress and headdres stands against a stone wall - stock image. This is the Tamang dress, the traditional attire of the Tamang community of Nepal. It is worn during festivals such as Sonam Lhosar and cultural performances.","परम्परागत पोशाक र हेड्रेसमा एक युवती ढुङ्गाको पर्खाल - स्टक छविको बिरूद्ध खडा छ। यो तामाङ पोशाक हो, नेपालको तामाङ समुदायको परम्परागत पोशाक हो। यो सोनम लोसार जस्ता चाडहरूमा र सांस्कृतिक प्रदर्शनहरूमा लगाइन्छ।"
nepali_dresses_augmented/tamang_dress/17_aug2.jpg,"A young girl in traditional dress and headdres stands against a stone wall - stock image. This is the Tamang dress, the traditional attire of the Tamang community of Nepal. It is worn during festivals such as Sonam Lhosar and cultural performances.","परम्परागत पोशाक र हेड्रेसमा एक युवती ढुङ्गाको पर्खाल - स्टक छविको बिरूद्ध खडा छ। यो तामाङ पोशाक हो, नेपालको तामाङ समुदायको परम्परागत पोशाक हो। यो सोनम लोसार जस्ता चाडहरूमा र सांस्कृतिक प्रदर्शनहरूमा लगाइन्छ।"
nepali_dresses_augmented/tamang_dress/17_aug3.jpg,"A young girl in traditional dress and headdres stands against a stone wall - stock image. This is the Tamang dress, the traditional attire of the Tamang community of Nepal. It is worn during festivals such as Sonam Lhosar and cultural performances.","परम्परागत पोशाक र हेड्रेसमा एक युवती ढुङ्गाको पर्खाल - स्टक छविको बिरूद्ध खडा छ। यो तामाङ पोशाक हो, नेपालको तामाङ समुदायको परम्परागत पोशाक हो। यो सोनम लोसार जस्ता चाडहरूमा र सांस्कृतिक प्रदर्शनहरूमा लगाइन्छ।"
nepali_dresses_augmented/tamang_dress/18.jpg,"A little girl in a colorful skirt and hat. This is the Tamang dress, the traditional attire of the Tamang community of Nepal. It is worn during festivals such as Sonam Lhosar and cultural performances.","एक रंगीन स्कर्ट र टोपीमा एक सानो केटी। यो तामाङ पोशाक हो, नेपालको तामाङ समुदायको परम्परागत पोशाक। यो सोनम लोसार जस्ता पर्वहरूमा र सांस्कृतिक प्रदर्शनहरूमा लगाइन्छ।"
nepali_dresses_augmented/tamang_dress/18_aug1.jpg,"A little girl in a colorful skirt and hat. This is the Tamang dress, the traditional attire of the Tamang community of Nepal. It is worn during festivals such as Sonam Lhosar and cultural performances.","एक रंगीन स्कर्ट र टोपीमा एक सानो केटी। यो तामाङ पोशाक हो, नेपालको तामाङ समुदायको परम्परागत पोशाक। यो सोनम लोसार जस्ता पर्वहरूमा र सांस्कृतिक प्रदर्शनहरूमा लगाइन्छ।"
nepali_dresses_augmented/tamang_dress/18_aug2.jpg,"A little girl in a colorful skirt and hat. This is the Tamang dress, the traditional attire of the Tamang community of Nepal. It is worn during festivals such as Sonam Lhosar and cultural performances.","एक रंगीन स्कर्ट र टोपीमा एक सानो केटी। यो तामाङ पोशाक हो, नेपालको तामाङ समुदायको परम्परागत पोशाक। यो सोनम लोसार जस्ता पर्वहरूमा र सांस्कृतिक प्रदर्शनहरूमा लगाइन्छ।"
nepali_dresses_augmented/tamang_dress/18_aug3.jpg,"A little girl in a colorful skirt and hat. This is the Tamang dress, the traditional attire of the Tamang community of Nepal. It is worn during festivals such as Sonam Lhosar and cultural performances.","एक रंगीन स्कर्ट र टोपीमा एक सानो केटी। यो तामाङ पोशाक हो, नेपालको तामाङ समुदायको परम्परागत पोशाक। यो सोनम लोसार जस्ता पर्वहरूमा र सांस्कृतिक प्रदर्शनहरूमा लगाइन्छ।"
nepali_dresses_augmented/tamang_dress/19.jpg,"A young girl standing in front of a building. This is the Tamang dress, the traditional attire of the Tamang community of Nepal. It is worn during festivals such as Sonam Lhosar and cultural performances.",नेपालको तामाङ समुदायको परम्परागत पोशाक तामाङको पोशाक हो । यो सोनाम लोसार जस्ता पर्व तथा सांस्कृतिक प्रदर्शनमा लगाइन्छ ।
nepali_dresses_augmented/tamang_dress/19_aug1.jpg,"A young girl standing in front of a building. This is the Tamang dress, the traditional attire of the Tamang community of Nepal. It is worn during festivals such as Sonam Lhosar and cultural performances.",नेपालको तामाङ समुदायको परम्परागत पोशाक तामाङको पोशाक हो । यो सोनाम लोसार जस्ता पर्व तथा सांस्कृतिक प्रदर्शनमा लगाइन्छ ।
nepali_dresses_augmented/tamang_dress/19_aug2.jpg,"A young girl standing in front of a building. This is the Tamang dress, the traditional attire of the Tamang community of Nepal. It is worn during festivals such as Sonam Lhosar and cultural performances.",नेपालको तामाङ समुदायको परम्परागत पोशाक तामाङको पोशाक हो । यो सोनाम लोसार जस्ता पर्व तथा सांस्कृतिक प्रदर्शनमा लगाइन्छ ।
nepali_dresses_augmented/tamang_dress/19_aug3.jpg,"A young girl standing in front of a building. This is the Tamang dress, the traditional attire of the Tamang community of Nepal. It is worn during festivals such as Sonam Lhosar and cultural performances.",नेपालको तामाङ समुदायको परम्परागत पोशाक तामाङको पोशाक हो । यो सोनाम लोसार जस्ता पर्व तथा सांस्कृतिक प्रदर्शनमा लगाइन्छ ।
nepali_dresses_augmented/tamang_dress/1_aug1.jpg,"A woman in a blue and yellow dress. This is the Tamang dress, the traditional attire of the Tamang community of Nepal. It is worn during festivals such as Sonam Lhosar and cultural performances.","निलो र पहेंलो पोशाकमा एक महिला। यो तामाङ पोशाक हो, नेपालको तामाङ समुदायको परम्परागत पोशाक। यो सोनम लोसार जस्ता चाडपर्व र सांस्कृतिक प्रदर्शनहरूमा लगाइन्छ।"
nepali_dresses_augmented/tamang_dress/1_aug2.jpg,"A woman in a blue and yellow dress. This is the Tamang dress, the traditional attire of the Tamang community of Nepal. It is worn during festivals such as Sonam Lhosar and cultural performances.","निलो र पहेंलो पोशाकमा एक महिला। यो तामाङ पोशाक हो, नेपालको तामाङ समुदायको परम्परागत पोशाक। यो सोनम लोसार जस्ता चाडपर्व र सांस्कृतिक प्रदर्शनहरूमा लगाइन्छ।"
nepali_dresses_augmented/tamang_dress/1_aug3.jpg,"A woman in a blue and yellow dress. This is the Tamang dress, the traditional attire of the Tamang community of Nepal. It is worn during festivals such as Sonam Lhosar and cultural performances.","निलो र पहेंलो पोशाकमा एक महिला। यो तामाङ पोशाक हो, नेपालको तामाङ समुदायको परम्परागत पोशाक। यो सोनम लोसार जस्ता चाडपर्व र सांस्कृतिक प्रदर्शनहरूमा लगाइन्छ।"
nepali_dresses_augmented/tamang_dress/1_aug4.jpg,"A woman in a blue and yellow dress. This is the Tamang dress, the traditional attire of the Tamang community of Nepal. It is worn during festivals such as Sonam Lhosar and cultural performances.","निलो र पहेंलो पोशाकमा एक महिला। यो तामाङ पोशाक हो, नेपालको तामाङ समुदायको परम्परागत पोशाक। यो सोनम लोसार जस्ता चाडपर्व र सांस्कृतिक प्रदर्शनहरूमा लगाइन्छ।"
nepali_dresses_augmented/tamang_dress/2.jpg,"A woman in a red and black outfit. This is the Tamang dress, the traditional attire of the Tamang community of Nepal. It is worn during festivals such as Sonam Lhosar and cultural performances.","एक महिला रातो र कालो पोशाकमा। यो तामाङ पोशाक हो, नेपालको तामाङ समुदायको परम्परागत पोशाक। यो सोनम लोसार जस्ता चाडहरूमा र सांस्कृतिक प्रदर्शनहरूमा लगाइन्छ।"
nepali_dresses_augmented/tamang_dress/20.jpg,"A woman in a red dress standing next to a wall. This is the Tamang dress, the traditional attire of the Tamang community of Nepal. It is worn during festivals such as Sonam Lhosar and cultural performances.","एक रातो पोशाकमा एक महिला पर्खालको छेउमा उभिएको छ। यो तामाङ पोशाक हो, नेपालको तामाङ समुदायको परम्परागत पोशाक हो। यो सोनम लोसार जस्ता चाडहरूमा र सांस्कृतिक प्रदर्शनहरूमा लगाइन्छ।"
nepali_dresses_augmented/tamang_dress/20_aug1.jpg,"A woman in a red dress standing next to a wall. This is the Tamang dress, the traditional attire of the Tamang community of Nepal. It is worn during festivals such as Sonam Lhosar and cultural performances.","एक रातो पोशाकमा एक महिला पर्खालको छेउमा उभिएको छ। यो तामाङ पोशाक हो, नेपालको तामाङ समुदायको परम्परागत पोशाक हो। यो सोनम लोसार जस्ता चाडहरूमा र सांस्कृतिक प्रदर्शनहरूमा लगाइन्छ।"
nepali_dresses_augmented/tamang_dress/20_aug2.jpg,"A woman in a red dress standing next to a wall. This is the Tamang dress, the traditional attire of the Tamang community of Nepal. It is worn during festivals such as Sonam Lhosar and cultural performances.","एक रातो पोशाकमा एक महिला पर्खालको छेउमा उभिएको छ। यो तामाङ पोशाक हो, नेपालको तामाङ समुदायको परम्परागत पोशाक हो। यो सोनम लोसार जस्ता चाडहरूमा र सांस्कृतिक प्रदर्शनहरूमा लगाइन्छ।"
nepali_dresses_augmented/tamang_dress/20_aug3.jpg,"A woman in a red dress standing next to a wall. This is the Tamang dress, the traditional attire of the Tamang community of Nepal. It is worn during festivals such as Sonam Lhosar and cultural performances.","एक रातो पोशाकमा एक महिला पर्खालको छेउमा उभिएको छ। यो तामाङ पोशाक हो, नेपालको तामाङ समुदायको परम्परागत पोशाक हो। यो सोनम लोसार जस्ता चाडहरूमा र सांस्कृतिक प्रदर्शनहरूमा लगाइन्छ।"
nepali_dresses_augmented/tamang_dress/21.jpg,"A woman sitting in front of a pile of clothes. This is the Tamang dress, the traditional attire of the Tamang community of Nepal. It is worn during festivals such as Sonam Lhosar and cultural performances.","एक महिला कपडाको ढेरको अगाडि बसिरहेको छ। यो तामाङ पोशाक हो, नेपालको तामाङ समुदायको परम्परागत पोशाक हो। यो सोनम लोसार जस्ता चाडहरूमा र सांस्कृतिक प्रदर्शनहरूमा लगाइन्छ।"
nepali_dresses_augmented/tamang_dress/21_aug1.jpg,"A woman sitting in front of a pile of clothes. This is the Tamang dress, the traditional attire of the Tamang community of Nepal. It is worn during festivals such as Sonam Lhosar and cultural performances.","एक महिला कपडाको ढेरको अगाडि बसिरहेको छ। यो तामाङ पोशाक हो, नेपालको तामाङ समुदायको परम्परागत पोशाक हो। यो सोनम लोसार जस्ता चाडहरूमा र सांस्कृतिक प्रदर्शनहरूमा लगाइन्छ।"
nepali_dresses_augmented/tamang_dress/21_aug2.jpg,"A woman sitting in front of a pile of clothes. This is the Tamang dress, the traditional attire of the Tamang community of Nepal. It is worn during festivals such as Sonam Lhosar and cultural performances.","एक महिला कपडाको ढेरको अगाडि बसिरहेको छ। यो तामाङ पोशाक हो, नेपालको तामाङ समुदायको परम्परागत पोशाक हो। यो सोनम लोसार जस्ता चाडहरूमा र सांस्कृतिक प्रदर्शनहरूमा लगाइन्छ।"
nepali_dresses_augmented/tamang_dress/21_aug3.jpg,"A woman sitting in front of a pile of clothes. This is the Tamang dress, the traditional attire of the Tamang community of Nepal. It is worn during festivals such as Sonam Lhosar and cultural performances.","एक महिला कपडाको ढेरको अगाडि बसिरहेको छ। यो तामाङ पोशाक हो, नेपालको तामाङ समुदायको परम्परागत पोशाक हो। यो सोनम लोसार जस्ता चाडहरूमा र सांस्कृतिक प्रदर्शनहरूमा लगाइन्छ।"
nepali_dresses_augmented/tamang_dress/22.jpg,"A young girl dressed in traditional clothing. This is the Tamang dress, the traditional attire of the Tamang community of Nepal. It is worn during festivals such as Sonam Lhosar and cultural performances.","एक युवती परम्परागत कपडामा लुगा लगाउँछिन्। यो तामाङ पोशाक हो, नेपालको तामाङ समुदायको परम्परागत पोशाक हो। यो सोनम लोसार जस्ता चाडहरूमा र सांस्कृतिक प्रदर्शनहरूमा लगाइन्छ।"
nepali_dresses_augmented/tamang_dress/22_aug1.jpg,"A young girl dressed in traditional clothing. This is the Tamang dress, the traditional attire of the Tamang community of Nepal. It is worn during festivals such as Sonam Lhosar and cultural performances.","एक युवती परम्परागत कपडामा लुगा लगाउँछिन्। यो तामाङ पोशाक हो, नेपालको तामाङ समुदायको परम्परागत पोशाक हो। यो सोनम लोसार जस्ता चाडहरूमा र सांस्कृतिक प्रदर्शनहरूमा लगाइन्छ।"
nepali_dresses_augmented/tamang_dress/22_aug2.jpg,"A young girl dressed in traditional clothing. This is the Tamang dress, the traditional attire of the Tamang community of Nepal. It is worn during festivals such as Sonam Lhosar and cultural performances.","एक युवती परम्परागत कपडामा लुगा लगाउँछिन्। यो तामाङ पोशाक हो, नेपालको तामाङ समुदायको परम्परागत पोशाक हो। यो सोनम लोसार जस्ता चाडहरूमा र सांस्कृतिक प्रदर्शनहरूमा लगाइन्छ।"
nepali_dresses_augmented/tamang_dress/22_aug3.jpg,"A young girl dressed in traditional clothing. This is the Tamang dress, the traditional attire of the Tamang community of Nepal. It is worn during festivals such as Sonam Lhosar and cultural performances.","एक युवती परम्परागत कपडामा लुगा लगाउँछिन्। यो तामाङ पोशाक हो, नेपालको तामाङ समुदायको परम्परागत पोशाक हो। यो सोनम लोसार जस्ता चाडहरूमा र सांस्कृतिक प्रदर्शनहरूमा लगाइन्छ।"
nepali_dresses_augmented/tamang_dress/23.jpg,"A woman in a colorful dress sitting on the ground. This is the Tamang dress, the traditional attire of the Tamang community of Nepal. It is worn during festivals such as Sonam Lhosar and cultural performances.","यो तामाङ पोशाक हो, नेपालको तामाङ समुदायको परम्परागत पोशाक हो। यो सोनम लोसार जस्ता पर्वहरूमा र सांस्कृतिक प्रदर्शनहरूमा लगाइन्छ।"
nepali_dresses_augmented/tamang_dress/23_aug1.jpg,"A woman in a colorful dress sitting on the ground. This is the Tamang dress, the traditional attire of the Tamang community of Nepal. It is worn during festivals such as Sonam Lhosar and cultural performances.","यो तामाङ पोशाक हो, नेपालको तामाङ समुदायको परम्परागत पोशाक हो। यो सोनम लोसार जस्ता पर्वहरूमा र सांस्कृतिक प्रदर्शनहरूमा लगाइन्छ।"
nepali_dresses_augmented/tamang_dress/23_aug2.jpg,"A woman in a colorful dress sitting on the ground. This is the Tamang dress, the traditional attire of the Tamang community of Nepal. It is worn during festivals such as Sonam Lhosar and cultural performances.","यो तामाङ पोशाक हो, नेपालको तामाङ समुदायको परम्परागत पोशाक हो। यो सोनम लोसार जस्ता पर्वहरूमा र सांस्कृतिक प्रदर्शनहरूमा लगाइन्छ।"
nepali_dresses_augmented/tamang_dress/23_aug3.jpg,"A woman in a colorful dress sitting on the ground. This is the Tamang dress, the traditional attire of the Tamang community of Nepal. It is worn during festivals such as Sonam Lhosar and cultural performances.","यो तामाङ पोशाक हो, नेपालको तामाङ समुदायको परम्परागत पोशाक हो। यो सोनम लोसार जस्ता पर्वहरूमा र सांस्कृतिक प्रदर्शनहरूमा लगाइन्छ।"
nepali_dresses_augmented/tamang_dress/24.jpg,"A woman standing in front of a black cabinet. This is the Tamang dress, the traditional attire of the Tamang community of Nepal. It is worn during festivals such as Sonam Lhosar and cultural performances.",नेपालको तामाङ समुदायको परम्परागत पोशाक तामाङको पोशाक हो । यो सोनाम लोसार जस्ता पर्वहरूमा र सांस्कृतिक प्रदर्शनहरूमा लगाइन्छ ।
nepali_dresses_augmented/tamang_dress/24_aug1.jpg,"A woman standing in front of a black cabinet. This is the Tamang dress, the traditional attire of the Tamang community of Nepal. It is worn during festivals such as Sonam Lhosar and cultural performances.",नेपालको तामाङ समुदायको परम्परागत पोशाक तामाङको पोशाक हो । यो सोनाम लोसार जस्ता पर्वहरूमा र सांस्कृतिक प्रदर्शनहरूमा लगाइन्छ ।
nepali_dresses_augmented/tamang_dress/24_aug2.jpg,"A woman standing in front of a black cabinet. This is the Tamang dress, the traditional attire of the Tamang community of Nepal. It is worn during festivals such as Sonam Lhosar and cultural performances.",नेपालको तामाङ समुदायको परम्परागत पोशाक तामाङको पोशाक हो । यो सोनाम लोसार जस्ता पर्वहरूमा र सांस्कृतिक प्रदर्शनहरूमा लगाइन्छ ।
nepali_dresses_augmented/tamang_dress/24_aug3.jpg,"A woman standing in front of a black cabinet. This is the Tamang dress, the traditional attire of the Tamang community of Nepal. It is worn during festivals such as Sonam Lhosar and cultural performances.",नेपालको तामाङ समुदायको परम्परागत पोशाक तामाङको पोशाक हो । यो सोनाम लोसार जस्ता पर्वहरूमा र सांस्कृतिक प्रदर्शनहरूमा लगाइन्छ ।
nepali_dresses_augmented/tamang_dress/25.jpg,"A woman sitting on the floor in front of a pile of clothes. This is the Tamang dress, the traditional attire of the Tamang community of Nepal. It is worn during festivals such as Sonam Lhosar and cultural performances.","यो तामाङ पोशाक हो, नेपालको तामाङ समुदायको परम्परागत पोशाक हो। यो सोनाम लोसार जस्ता पर्वहरूमा र सांस्कृतिक प्रदर्शनहरूमा लगाइन्छ।"
nepali_dresses_augmented/tamang_dress/25_aug1.jpg,"A woman sitting on the floor in front of a pile of clothes. This is the Tamang dress, the traditional attire of the Tamang community of Nepal. It is worn during festivals such as Sonam Lhosar and cultural performances.","यो तामाङ पोशाक हो, नेपालको तामाङ समुदायको परम्परागत पोशाक हो। यो सोनाम लोसार जस्ता पर्वहरूमा र सांस्कृतिक प्रदर्शनहरूमा लगाइन्छ।"
nepali_dresses_augmented/tamang_dress/25_aug2.jpg,"A woman sitting on the floor in front of a pile of clothes. This is the Tamang dress, the traditional attire of the Tamang community of Nepal. It is worn during festivals such as Sonam Lhosar and cultural performances.","यो तामाङ पोशाक हो, नेपालको तामाङ समुदायको परम्परागत पोशाक हो। यो सोनाम लोसार जस्ता पर्वहरूमा र सांस्कृतिक प्रदर्शनहरूमा लगाइन्छ।"
nepali_dresses_augmented/tamang_dress/25_aug3.jpg,"A woman sitting on the floor in front of a pile of clothes. This is the Tamang dress, the traditional attire of the Tamang community of Nepal. It is worn during festivals such as Sonam Lhosar and cultural performances.","यो तामाङ पोशाक हो, नेपालको तामाङ समुदायको परम्परागत पोशाक हो। यो सोनाम लोसार जस्ता पर्वहरूमा र सांस्कृतिक प्रदर्शनहरूमा लगाइन्छ।"
nepali_dresses_augmented/tamang_dress/26.jpg,"A woman in a blue and red dress. This is the Tamang dress, the traditional attire of the Tamang community of Nepal. It is worn during festivals such as Sonam Lhosar and cultural performances.","निलो र रातो पोशाकमा एक महिला। यो तामाङ पोशाक हो, नेपालको तामाङ समुदायको परम्परागत पोशाक। यो सोनम लोसार जस्ता चाडहरूमा र सांस्कृतिक प्रदर्शनहरूमा लगाइन्छ।"
nepali_dresses_augmented/tamang_dress/26_aug1.jpg,"A woman in a blue and red dress. This is the Tamang dress, the traditional attire of the Tamang community of Nepal. It is worn during festivals such as Sonam Lhosar and cultural performances.","निलो र रातो पोशाकमा एक महिला। यो तामाङ पोशाक हो, नेपालको तामाङ समुदायको परम्परागत पोशाक। यो सोनम लोसार जस्ता चाडहरूमा र सांस्कृतिक प्रदर्शनहरूमा लगाइन्छ।"
nepali_dresses_augmented/tamang_dress/26_aug2.jpg,"A woman in a blue and red dress. This is the Tamang dress, the traditional attire of the Tamang community of Nepal. It is worn during festivals such as Sonam Lhosar and cultural performances.","निलो र रातो पोशाकमा एक महिला। यो तामाङ पोशाक हो, नेपालको तामाङ समुदायको परम्परागत पोशाक। यो सोनम लोसार जस्ता चाडहरूमा र सांस्कृतिक प्रदर्शनहरूमा लगाइन्छ।"
nepali_dresses_augmented/tamang_dress/26_aug3.jpg,"A woman in a blue and red dress. This is the Tamang dress, the traditional attire of the Tamang community of Nepal. It is worn during festivals such as Sonam Lhosar and cultural performances.","निलो र रातो पोशाकमा एक महिला। यो तामाङ पोशाक हो, नेपालको तामाङ समुदायको परम्परागत पोशाक। यो सोनम लोसार जस्ता चाडहरूमा र सांस्कृतिक प्रदर्शनहरूमा लगाइन्छ।"
nepali_dresses_augmented/tamang_dress/27.jpg,"A woman in traditional dress playing a drum at a festival. This is the Tamang dress, the traditional attire of the Tamang community of Nepal. It is worn during festivals such as Sonam Lhosar and cultural performances.","एक महिला परम्परागत पोशाकमा एक महोत्सवमा ड्रम बजाउँदै। यो तामाङ पोशाक हो, नेपालको तामाङ समुदायको परम्परागत पोशाक। यो सोनम लोसार जस्ता महोत्सवहरू र सांस्कृतिक प्रदर्शनहरूमा लगाइन्छ।"
nepali_dresses_augmented/tamang_dress/27_aug1.jpg,"A woman in traditional dress playing a drum at a festival. This is the Tamang dress, the traditional attire of the Tamang community of Nepal. It is worn during festivals such as Sonam Lhosar and cultural performances.","एक महिला परम्परागत पोशाकमा एक महोत्सवमा ड्रम बजाउँदै। यो तामाङ पोशाक हो, नेपालको तामाङ समुदायको परम्परागत पोशाक। यो सोनम लोसार जस्ता महोत्सवहरू र सांस्कृतिक प्रदर्शनहरूमा लगाइन्छ।"
nepali_dresses_augmented/tamang_dress/27_aug2.jpg,"A woman in traditional dress playing a drum at a festival. This is the Tamang dress, the traditional attire of the Tamang community of Nepal. It is worn during festivals such as Sonam Lhosar and cultural performances.","एक महिला परम्परागत पोशाकमा एक महोत्सवमा ड्रम बजाउँदै। यो तामाङ पोशाक हो, नेपालको तामाङ समुदायको परम्परागत पोशाक। यो सोनम लोसार जस्ता महोत्सवहरू र सांस्कृतिक प्रदर्शनहरूमा लगाइन्छ।"
nepali_dresses_augmented/tamang_dress/27_aug3.jpg,"A woman in traditional dress playing a drum at a festival. This is the Tamang dress, the traditional attire of the Tamang community of Nepal. It is worn during festivals such as Sonam Lhosar and cultural performances.","एक महिला परम्परागत पोशाकमा एक महोत्सवमा ड्रम बजाउँदै। यो तामाङ पोशाक हो, नेपालको तामाङ समुदायको परम्परागत पोशाक। यो सोनम लोसार जस्ता महोत्सवहरू र सांस्कृतिक प्रदर्शनहरूमा लगाइन्छ।"
nepali_dresses_augmented/tamang_dress/28.jpg,"A woman wearing a colorful dress and headpiece. This is the Tamang dress, the traditional attire of the Tamang community of Nepal. It is worn during festivals such as Sonam Lhosar and cultural performances.","एक महिलाले रंगीन पोशाक र हेडपीस लगाउँछिन्। यो तामाङ पोशाक हो, नेपालको तामाङ समुदायको परम्परागत पोशाक हो। यो सोनम लोसार जस्ता चाडहरूमा र सांस्कृतिक प्रदर्शनहरूमा लगाइन्छ।"
nepali_dresses_augmented/tamang_dress/28_aug1.jpg,"A woman wearing a colorful dress and headpiece. This is the Tamang dress, the traditional attire of the Tamang community of Nepal. It is worn during festivals such as Sonam Lhosar and cultural performances.","एक महिलाले रंगीन पोशाक र हेडपीस लगाउँछिन्। यो तामाङ पोशाक हो, नेपालको तामाङ समुदायको परम्परागत पोशाक हो। यो सोनम लोसार जस्ता चाडहरूमा र सांस्कृतिक प्रदर्शनहरूमा लगाइन्छ।"
nepali_dresses_augmented/tamang_dress/28_aug2.jpg,"A woman wearing a colorful dress and headpiece. This is the Tamang dress, the traditional attire of the Tamang community of Nepal. It is worn during festivals such as Sonam Lhosar and cultural performances.","एक महिलाले रंगीन पोशाक र हेडपीस लगाउँछिन्। यो तामाङ पोशाक हो, नेपालको तामाङ समुदायको परम्परागत पोशाक हो। यो सोनम लोसार जस्ता चाडहरूमा र सांस्कृतिक प्रदर्शनहरूमा लगाइन्छ।"
nepali_dresses_augmented/tamang_dress/28_aug3.jpg,"A woman wearing a colorful dress and headpiece. This is the Tamang dress, the traditional attire of the Tamang community of Nepal. It is worn during festivals such as Sonam Lhosar and cultural performances.","एक महिलाले रंगीन पोशाक र हेडपीस लगाउँछिन्। यो तामाङ पोशाक हो, नेपालको तामाङ समुदायको परम्परागत पोशाक हो। यो सोनम लोसार जस्ता चाडहरूमा र सांस्कृतिक प्रदर्शनहरूमा लगाइन्छ।"
nepali_dresses_augmented/tamang_dress/29.jpg,"A woman with her child at the annual festival in the town of kash, pakistan - stock image. This is the Tamang dress, the traditional attire of the Tamang community of Nepal. It is worn during festivals such as Sonam Lhosar and cultural performances.",नेपालको तामाङ समुदायको परम्परागत पोशाक तामाङको पोशाक हो । यो सोनाम लोसार जस्ता पर्व तथा सांस्कृतिक प्रदर्शनमा लगाइन्छ ।
nepali_dresses_augmented/tamang_dress/29_aug1.jpg,"A woman with her child at the annual festival in the town of kash, pakistan - stock image. This is the Tamang dress, the traditional attire of the Tamang community of Nepal. It is worn during festivals such as Sonam Lhosar and cultural performances.",नेपालको तामाङ समुदायको परम्परागत पोशाक तामाङको पोशाक हो । यो सोनाम लोसार जस्ता पर्व तथा सांस्कृतिक प्रदर्शनमा लगाइन्छ ।
nepali_dresses_augmented/tamang_dress/29_aug2.jpg,"A woman with her child at the annual festival in the town of kash, pakistan - stock image. This is the Tamang dress, the traditional attire of the Tamang community of Nepal. It is worn during festivals such as Sonam Lhosar and cultural performances.",नेपालको तामाङ समुदायको परम्परागत पोशाक तामाङको पोशाक हो । यो सोनाम लोसार जस्ता पर्व तथा सांस्कृतिक प्रदर्शनमा लगाइन्छ ।
nepali_dresses_augmented/tamang_dress/29_aug3.jpg,"A woman with her child at the annual festival in the town of kash, pakistan - stock image. This is the Tamang dress, the traditional attire of the Tamang community of Nepal. It is worn during festivals such as Sonam Lhosar and cultural performances.",नेपालको तामाङ समुदायको परम्परागत पोशाक तामाङको पोशाक हो । यो सोनाम लोसार जस्ता पर्व तथा सांस्कृतिक प्रदर्शनमा लगाइन्छ ।
nepali_dresses_augmented/tamang_dress/2_aug1.jpg,"A woman in a red and black outfit. This is the Tamang dress, the traditional attire of the Tamang community of Nepal. It is worn during festivals such as Sonam Lhosar and cultural performances.","एक महिला रातो र कालो पोशाकमा। यो तामाङ पोशाक हो, नेपालको तामाङ समुदायको परम्परागत पोशाक। यो सोनम लोसार जस्ता चाडहरूमा र सांस्कृतिक प्रदर्शनहरूमा लगाइन्छ।"
nepali_dresses_augmented/tamang_dress/2_aug2.jpg,"A woman in a red and black outfit. This is the Tamang dress, the traditional attire of the Tamang community of Nepal. It is worn during festivals such as Sonam Lhosar and cultural performances.","एक महिला रातो र कालो पोशाकमा। यो तामाङ पोशाक हो, नेपालको तामाङ समुदायको परम्परागत पोशाक। यो सोनम लोसार जस्ता चाडहरूमा र सांस्कृतिक प्रदर्शनहरूमा लगाइन्छ।"
nepali_dresses_augmented/tamang_dress/2_aug3.jpg,"A woman in a red and black outfit. This is the Tamang dress, the traditional attire of the Tamang community of Nepal. It is worn during festivals such as Sonam Lhosar and cultural performances.","एक महिला रातो र कालो पोशाकमा। यो तामाङ पोशाक हो, नेपालको तामाङ समुदायको परम्परागत पोशाक। यो सोनम लोसार जस्ता चाडहरूमा र सांस्कृतिक प्रदर्शनहरूमा लगाइन्छ।"
nepali_dresses_augmented/tamang_dress/2_aug4.jpg,"A woman in a red and black outfit. This is the Tamang dress, the traditional attire of the Tamang community of Nepal. It is worn during festivals such as Sonam Lhosar and cultural performances.","एक महिला रातो र कालो पोशाकमा। यो तामाङ पोशाक हो, नेपालको तामाङ समुदायको परम्परागत पोशाक। यो सोनम लोसार जस्ता चाडहरूमा र सांस्कृतिक प्रदर्शनहरूमा लगाइन्छ।"
nepali_dresses_augmented/tamang_dress/3.jpg,"A young girl in traditional clothing poses for the camera. This is the Tamang dress, the traditional attire of the Tamang community of Nepal. It is worn during festivals such as Sonam Lhosar and cultural performances.",नेपालको तामाङ समुदायको परम्परागत पोशाक तामाङको पोशाक हो । यो सोनाम लोसार जस्ता पर्व र सांस्कृतिक प्रदर्शनको समयमा लगाइन्छ ।
nepali_dresses_augmented/tamang_dress/30.jpg,"Two women in traditional dress walking down the street. This is the Tamang dress, the traditional attire of the Tamang community of Nepal. It is worn during festivals such as Sonam Lhosar and cultural performances.","दुई महिला परम्परागत पोशाकमा सडकमा हिंडिरहेका छन्। यो तामाङ पोशाक हो, नेपालको तामाङ समुदायको परम्परागत पोशाक। यो सोनम लोसार जस्ता चाडपर्वहरू र सांस्कृतिक प्रदर्शनहरूमा लगाइन्छ।"
nepali_dresses_augmented/tamang_dress/30_aug1.jpg,"Two women in traditional dress walking down the street. This is the Tamang dress, the traditional attire of the Tamang community of Nepal. It is worn during festivals such as Sonam Lhosar and cultural performances.","दुई महिला परम्परागत पोशाकमा सडकमा हिंडिरहेका छन्। यो तामाङ पोशाक हो, नेपालको तामाङ समुदायको परम्परागत पोशाक। यो सोनम लोसार जस्ता चाडपर्वहरू र सांस्कृतिक प्रदर्शनहरूमा लगाइन्छ।"
nepali_dresses_augmented/tamang_dress/30_aug2.jpg,"Two women in traditional dress walking down the street. This is the Tamang dress, the traditional attire of the Tamang community of Nepal. It is worn during festivals such as Sonam Lhosar and cultural performances.","दुई महिला परम्परागत पोशाकमा सडकमा हिंडिरहेका छन्। यो तामाङ पोशाक हो, नेपालको तामाङ समुदायको परम्परागत पोशाक। यो सोनम लोसार जस्ता चाडपर्वहरू र सांस्कृतिक प्रदर्शनहरूमा लगाइन्छ।"
nepali_dresses_augmented/tamang_dress/30_aug3.jpg,"Two women in traditional dress walking down the street. This is the Tamang dress, the traditional attire of the Tamang community of Nepal. It is worn during festivals such as Sonam Lhosar and cultural performances.","दुई महिला परम्परागत पोशाकमा सडकमा हिंडिरहेका छन्। यो तामाङ पोशाक हो, नेपालको तामाङ समुदायको परम्परागत पोशाक। यो सोनम लोसार जस्ता चाडपर्वहरू र सांस्कृतिक प्रदर्शनहरूमा लगाइन्छ।"
nepali_dresses_augmented/tamang_dress/31.jpg,"A group of people with umbrellas walking down the street. This is the Tamang dress, the traditional attire of the Tamang community of Nepal. It is worn during festivals such as Sonam Lhosar and cultural performances.","यो तामाङ पोशाक हो, नेपालको तामाङ समुदायको परम्परागत पोशाक हो। यो सोनाम लोसार जस्ता पर्वहरूमा र सांस्कृतिक प्रदर्शनहरूमा लगाइन्छ।"
nepali_dresses_augmented/tamang_dress/31_aug1.jpg,"A group of people with umbrellas walking down the street. This is the Tamang dress, the traditional attire of the Tamang community of Nepal. It is worn during festivals such as Sonam Lhosar and cultural performances.","यो तामाङ पोशाक हो, नेपालको तामाङ समुदायको परम्परागत पोशाक हो। यो सोनाम लोसार जस्ता पर्वहरूमा र सांस्कृतिक प्रदर्शनहरूमा लगाइन्छ।"
nepali_dresses_augmented/tamang_dress/31_aug2.jpg,"A group of people with umbrellas walking down the street. This is the Tamang dress, the traditional attire of the Tamang community of Nepal. It is worn during festivals such as Sonam Lhosar and cultural performances.","यो तामाङ पोशाक हो, नेपालको तामाङ समुदायको परम्परागत पोशाक हो। यो सोनाम लोसार जस्ता पर्वहरूमा र सांस्कृतिक प्रदर्शनहरूमा लगाइन्छ।"
nepali_dresses_augmented/tamang_dress/31_aug3.jpg,"A group of people with umbrellas walking down the street. This is the Tamang dress, the traditional attire of the Tamang community of Nepal. It is worn during festivals such as Sonam Lhosar and cultural performances.","यो तामाङ पोशाक हो, नेपालको तामाङ समुदायको परम्परागत पोशाक हो। यो सोनाम लोसार जस्ता पर्वहरूमा र सांस्कृतिक प्रदर्शनहरूमा लगाइन्छ।"
nepali_dresses_augmented/tamang_dress/32.jpg,"A young girl in a red dress smiles at the camera. This is the Tamang dress, the traditional attire of the Tamang community of Nepal. It is worn during festivals such as Sonam Lhosar and cultural performances.","रातो पोशाकमा एक युवती क्यामेरामा मुस्कुराउँछिन्। यो तामाङ पोशाक हो, नेपालको तामाङ समुदायको परम्परागत पोशाक हो। यो सोनम लोसार जस्ता पर्वहरूमा र सांस्कृतिक प्रदर्शनहरूमा लगाइन्छ।"
nepali_dresses_augmented/tamang_dress/32_aug1.jpg,"A young girl in a red dress smiles at the camera. This is the Tamang dress, the traditional attire of the Tamang community of Nepal. It is worn during festivals such as Sonam Lhosar and cultural performances.","रातो पोशाकमा एक युवती क्यामेरामा मुस्कुराउँछिन्। यो तामाङ पोशाक हो, नेपालको तामाङ समुदायको परम्परागत पोशाक हो। यो सोनम लोसार जस्ता पर्वहरूमा र सांस्कृतिक प्रदर्शनहरूमा लगाइन्छ।"
nepali_dresses_augmented/tamang_dress/32_aug2.jpg,"A young girl in a red dress smiles at the camera. This is the Tamang dress, the traditional attire of the Tamang community of Nepal. It is worn during festivals such as Sonam Lhosar and cultural performances.","रातो पोशाकमा एक युवती क्यामेरामा मुस्कुराउँछिन्। यो तामाङ पोशाक हो, नेपालको तामाङ समुदायको परम्परागत पोशाक हो। यो सोनम लोसार जस्ता पर्वहरूमा र सांस्कृतिक प्रदर्शनहरूमा लगाइन्छ।"
nepali_dresses_augmented/tamang_dress/32_aug3.jpg,"A young girl in a red dress smiles at the camera. This is the Tamang dress, the traditional attire of the Tamang community of Nepal. It is worn during festivals such as Sonam Lhosar and cultural performances.","रातो पोशाकमा एक युवती क्यामेरामा मुस्कुराउँछिन्। यो तामाङ पोशाक हो, नेपालको तामाङ समुदायको परम्परागत पोशाक हो। यो सोनम लोसार जस्ता पर्वहरूमा र सांस्कृतिक प्रदर्शनहरूमा लगाइन्छ।"
nepali_dresses_augmented/tamang_dress/33.jpg,"A group of women in traditional dress. This is the Tamang dress, the traditional attire of the Tamang community of Nepal. It is worn during festivals such as Sonam Lhosar and cultural performances.","परम्परागत पोशाकमा महिलाहरूको समूह। यो तामाङ पोशाक हो, नेपालको तामाङ समुदायको परम्परागत पोशाक। यो सोनम लोसार जस्ता चाडहरूमा र सांस्कृतिक प्रदर्शनहरूमा लगाइन्छ।"
nepali_dresses_augmented/tamang_dress/33_aug1.jpg,"A group of women in traditional dress. This is the Tamang dress, the traditional attire of the Tamang community of Nepal. It is worn during festivals such as Sonam Lhosar and cultural performances.","परम्परागत पोशाकमा महिलाहरूको समूह। यो तामाङ पोशाक हो, नेपालको तामाङ समुदायको परम्परागत पोशाक। यो सोनम लोसार जस्ता चाडहरूमा र सांस्कृतिक प्रदर्शनहरूमा लगाइन्छ।"
nepali_dresses_augmented/tamang_dress/33_aug2.jpg,"A group of women in traditional dress. This is the Tamang dress, the traditional attire of the Tamang community of Nepal. It is worn during festivals such as Sonam Lhosar and cultural performances.","परम्परागत पोशाकमा महिलाहरूको समूह। यो तामाङ पोशाक हो, नेपालको तामाङ समुदायको परम्परागत पोशाक। यो सोनम लोसार जस्ता चाडहरूमा र सांस्कृतिक प्रदर्शनहरूमा लगाइन्छ।"
nepali_dresses_augmented/tamang_dress/33_aug3.jpg,"A group of women in traditional dress. This is the Tamang dress, the traditional attire of the Tamang community of Nepal. It is worn during festivals such as Sonam Lhosar and cultural performances.","परम्परागत पोशाकमा महिलाहरूको समूह। यो तामाङ पोशाक हो, नेपालको तामाङ समुदायको परम्परागत पोशाक। यो सोनम लोसार जस्ता चाडहरूमा र सांस्कृतिक प्रदर्शनहरूमा लगाइन्छ।"
nepali_dresses_augmented/tamang_dress/34.jpg,"A woman in a blue sari sitting on a wooden table. This is the Tamang dress, the traditional attire of the Tamang community of Nepal. It is worn during festivals such as Sonam Lhosar and cultural performances.","नीलो साड़ीमा एक महिला काठको टेबलमा बसिरहेको छ। यो तामाङ पोशाक हो, नेपालको तामाङ समुदायको परम्परागत पोशाक हो। यो सोनम लोसार जस्ता चाडहरूमा र सांस्कृतिक प्रदर्शनहरूमा लगाइन्छ।"
nepali_dresses_augmented/tamang_dress/34_aug1.jpg,"A woman in a blue sari sitting on a wooden table. This is the Tamang dress, the traditional attire of the Tamang community of Nepal. It is worn during festivals such as Sonam Lhosar and cultural performances.","नीलो साड़ीमा एक महिला काठको टेबलमा बसिरहेको छ। यो तामाङ पोशाक हो, नेपालको तामाङ समुदायको परम्परागत पोशाक हो। यो सोनम लोसार जस्ता चाडहरूमा र सांस्कृतिक प्रदर्शनहरूमा लगाइन्छ।"
nepali_dresses_augmented/tamang_dress/34_aug2.jpg,"A woman in a blue sari sitting on a wooden table. This is the Tamang dress, the traditional attire of the Tamang community of Nepal. It is worn during festivals such as Sonam Lhosar and cultural performances.","नीलो साड़ीमा एक महिला काठको टेबलमा बसिरहेको छ। यो तामाङ पोशाक हो, नेपालको तामाङ समुदायको परम्परागत पोशाक हो। यो सोनम लोसार जस्ता चाडहरूमा र सांस्कृतिक प्रदर्शनहरूमा लगाइन्छ।"
nepali_dresses_augmented/tamang_dress/34_aug3.jpg,"A woman in a blue sari sitting on a wooden table. This is the Tamang dress, the traditional attire of the Tamang community of Nepal. It is worn during festivals such as Sonam Lhosar and cultural performances.","नीलो साड़ीमा एक महिला काठको टेबलमा बसिरहेको छ। यो तामाङ पोशाक हो, नेपालको तामाङ समुदायको परम्परागत पोशाक हो। यो सोनम लोसार जस्ता चाडहरूमा र सांस्कृतिक प्रदर्शनहरूमा लगाइन्छ।"
nepali_dresses_augmented/tamang_dress/35.jpg,"A group of young girls in traditional dress dance on the street. This is the Tamang dress, the traditional attire of the Tamang community of Nepal. It is worn during festivals such as Sonam Lhosar and cultural performances.",तामाङको परम्परागत पोशाक नेपालको तामाङ समुदायको परम्परागत पोशाक हो। यो सोनम लोसार जस्ता पर्वहरूमा र सांस्कृतिक प्रदर्शनहरूमा लगाइन्छ।
nepali_dresses_augmented/tamang_dress/35_aug1.jpg,"A group of young girls in traditional dress dance on the street. This is the Tamang dress, the traditional attire of the Tamang community of Nepal. It is worn during festivals such as Sonam Lhosar and cultural performances.",तामाङको परम्परागत पोशाक नेपालको तामाङ समुदायको परम्परागत पोशाक हो। यो सोनम लोसार जस्ता पर्वहरूमा र सांस्कृतिक प्रदर्शनहरूमा लगाइन्छ।
nepali_dresses_augmented/tamang_dress/35_aug2.jpg,"A group of young girls in traditional dress dance on the street. This is the Tamang dress, the traditional attire of the Tamang community of Nepal. It is worn during festivals such as Sonam Lhosar and cultural performances.",तामाङको परम्परागत पोशाक नेपालको तामाङ समुदायको परम्परागत पोशाक हो। यो सोनम लोसार जस्ता पर्वहरूमा र सांस्कृतिक प्रदर्शनहरूमा लगाइन्छ।
nepali_dresses_augmented/tamang_dress/35_aug3.jpg,"A group of young girls in traditional dress dance on the street. This is the Tamang dress, the traditional attire of the Tamang community of Nepal. It is worn during festivals such as Sonam Lhosar and cultural performances.",तामाङको परम्परागत पोशाक नेपालको तामाङ समुदायको परम्परागत पोशाक हो। यो सोनम लोसार जस्ता पर्वहरूमा र सांस्कृतिक प्रदर्शनहरूमा लगाइन्छ।
nepali_dresses_augmented/tamang_dress/36.jpg,"A group of women in traditional dress posing for the camera. This is the Tamang dress, the traditional attire of the Tamang community of Nepal. It is worn during festivals such as Sonam Lhosar and cultural performances.",नेपालको तामाङ समुदायको परम्परागत पोशाक तामाङको पोशाक हो । यो सोनाम लोसार जस्ता चाडपर्व र सांस्कृतिक प्रदर्शनको समयमा लगाइन्छ ।
nepali_dresses_augmented/tamang_dress/36_aug1.jpg,"A group of women in traditional dress posing for the camera. This is the Tamang dress, the traditional attire of the Tamang community of Nepal. It is worn during festivals such as Sonam Lhosar and cultural performances.",नेपालको तामाङ समुदायको परम्परागत पोशाक तामाङको पोशाक हो । यो सोनाम लोसार जस्ता चाडपर्व र सांस्कृतिक प्रदर्शनको समयमा लगाइन्छ ।
nepali_dresses_augmented/tamang_dress/36_aug2.jpg,"A group of women in traditional dress posing for the camera. This is the Tamang dress, the traditional attire of the Tamang community of Nepal. It is worn during festivals such as Sonam Lhosar and cultural performances.",नेपालको तामाङ समुदायको परम्परागत पोशाक तामाङको पोशाक हो । यो सोनाम लोसार जस्ता चाडपर्व र सांस्कृतिक प्रदर्शनको समयमा लगाइन्छ ।
nepali_dresses_augmented/tamang_dress/36_aug3.jpg,"A group of women in traditional dress posing for the camera. This is the Tamang dress, the traditional attire of the Tamang community of Nepal. It is worn during festivals such as Sonam Lhosar and cultural performances.",नेपालको तामाङ समुदायको परम्परागत पोशाक तामाङको पोशाक हो । यो सोनाम लोसार जस्ता चाडपर्व र सांस्कृतिक प्रदर्शनको समयमा लगाइन्छ ।
nepali_dresses_augmented/tamang_dress/37.jpg,"Two women sitting on the ground with flags in the background. This is the Tamang dress, the traditional attire of the Tamang community of Nepal. It is worn during festivals such as Sonam Lhosar and cultural performances.",नेपालको तामाङ समुदायको परम्परागत पोशाक तामाङको पोशाक हो । यो सोनाम लोसार जस्ता पर्व तथा सांस्कृतिक प्रदर्शनमा लगाइन्छ ।
nepali_dresses_augmented/tamang_dress/37_aug1.jpg,"Two women sitting on the ground with flags in the background. This is the Tamang dress, the traditional attire of the Tamang community of Nepal. It is worn during festivals such as Sonam Lhosar and cultural performances.",नेपालको तामाङ समुदायको परम्परागत पोशाक तामाङको पोशाक हो । यो सोनाम लोसार जस्ता पर्व तथा सांस्कृतिक प्रदर्शनमा लगाइन्छ ।
nepali_dresses_augmented/tamang_dress/37_aug2.jpg,"Two women sitting on the ground with flags in the background. This is the Tamang dress, the traditional attire of the Tamang community of Nepal. It is worn during festivals such as Sonam Lhosar and cultural performances.",नेपालको तामाङ समुदायको परम्परागत पोशाक तामाङको पोशाक हो । यो सोनाम लोसार जस्ता पर्व तथा सांस्कृतिक प्रदर्शनमा लगाइन्छ ।
nepali_dresses_augmented/tamang_dress/37_aug3.jpg,"Two women sitting on the ground with flags in the background. This is the Tamang dress, the traditional attire of the Tamang community of Nepal. It is worn during festivals such as Sonam Lhosar and cultural performances.",नेपालको तामाङ समुदायको परम्परागत पोशाक तामाङको पोशाक हो । यो सोनाम लोसार जस्ता पर्व तथा सांस्कृतिक प्रदर्शनमा लगाइन्छ ।
nepali_dresses_augmented/tamang_dress/38.jpg,"Two young girls in traditional dress at a festival, bhutan, asia - stock image. This is the Tamang dress, the traditional attire of the Tamang community of Nepal. It is worn during festivals such as Sonam Lhosar and cultural performances.",नेपालको तामाङ समुदायको परम्परागत पोशाक तामाङ पोशाक हो । यो सोनाम ल्होसर जस्ता पर्व र सांस्कृतिक प्रदर्शनको समयमा लगाइन्छ ।
nepali_dresses_augmented/tamang_dress/38_aug1.jpg,"Two young girls in traditional dress at a festival, bhutan, asia - stock image. This is the Tamang dress, the traditional attire of the Tamang community of Nepal. It is worn during festivals such as Sonam Lhosar and cultural performances.",नेपालको तामाङ समुदायको परम्परागत पोशाक तामाङ पोशाक हो । यो सोनाम ल्होसर जस्ता पर्व र सांस्कृतिक प्रदर्शनको समयमा लगाइन्छ ।
nepali_dresses_augmented/tamang_dress/38_aug2.jpg,"Two young girls in traditional dress at a festival, bhutan, asia - stock image. This is the Tamang dress, the traditional attire of the Tamang community of Nepal. It is worn during festivals such as Sonam Lhosar and cultural performances.",नेपालको तामाङ समुदायको परम्परागत पोशाक तामाङ पोशाक हो । यो सोनाम ल्होसर जस्ता पर्व र सांस्कृतिक प्रदर्शनको समयमा लगाइन्छ ।
nepali_dresses_augmented/tamang_dress/38_aug3.jpg,"Two young girls in traditional dress at a festival, bhutan, asia - stock image. This is the Tamang dress, the traditional attire of the Tamang community of Nepal. It is worn during festivals such as Sonam Lhosar and cultural performances.",नेपालको तामाङ समुदायको परम्परागत पोशाक तामाङ पोशाक हो । यो सोनाम ल्होसर जस्ता पर्व र सांस्कृतिक प्रदर्शनको समयमा लगाइन्छ ।
nepali_dresses_augmented/tamang_dress/39.jpg,"A man in a white shirt and hat standing in front of a pile of clothes. This is the Tamang dress, the traditional attire of the Tamang community of Nepal. It is worn during festivals such as Sonam Lhosar and cultural performances.","एक सेतो शर्ट र टोपीमा एक व्यक्ति कपडाको ढेरको अगाडि उभिरहेको छ। यो तामाङ पोशाक हो, नेपालको तामाङ समुदायको परम्परागत पोशाक हो। यो सोनम लोसार जस्ता चाडहरूमा र सांस्कृतिक प्रदर्शनहरूमा लगाइन्छ।"
nepali_dresses_augmented/tamang_dress/39_aug1.jpg,"A man in a white shirt and hat standing in front of a pile of clothes. This is the Tamang dress, the traditional attire of the Tamang community of Nepal. It is worn during festivals such as Sonam Lhosar and cultural performances.","एक सेतो शर्ट र टोपीमा एक व्यक्ति कपडाको ढेरको अगाडि उभिरहेको छ। यो तामाङ पोशाक हो, नेपालको तामाङ समुदायको परम्परागत पोशाक हो। यो सोनम लोसार जस्ता चाडहरूमा र सांस्कृतिक प्रदर्शनहरूमा लगाइन्छ।"
nepali_dresses_augmented/tamang_dress/39_aug2.jpg,"A man in a white shirt and hat standing in front of a pile of clothes. This is the Tamang dress, the traditional attire of the Tamang community of Nepal. It is worn during festivals such as Sonam Lhosar and cultural performances.","एक सेतो शर्ट र टोपीमा एक व्यक्ति कपडाको ढेरको अगाडि उभिरहेको छ। यो तामाङ पोशाक हो, नेपालको तामाङ समुदायको परम्परागत पोशाक हो। यो सोनम लोसार जस्ता चाडहरूमा र सांस्कृतिक प्रदर्शनहरूमा लगाइन्छ।"
nepali_dresses_augmented/tamang_dress/39_aug3.jpg,"A man in a white shirt and hat standing in front of a pile of clothes. This is the Tamang dress, the traditional attire of the Tamang community of Nepal. It is worn during festivals such as Sonam Lhosar and cultural performances.","एक सेतो शर्ट र टोपीमा एक व्यक्ति कपडाको ढेरको अगाडि उभिरहेको छ। यो तामाङ पोशाक हो, नेपालको तामाङ समुदायको परम्परागत पोशाक हो। यो सोनम लोसार जस्ता चाडहरूमा र सांस्कृतिक प्रदर्शनहरूमा लगाइन्छ।"
nepali_dresses_augmented/tamang_dress/3_aug1.jpg,"A young girl in traditional clothing poses for the camera. This is the Tamang dress, the traditional attire of the Tamang community of Nepal. It is worn during festivals such as Sonam Lhosar and cultural performances.",नेपालको तामाङ समुदायको परम्परागत पोशाक तामाङको पोशाक हो । यो सोनाम लोसार जस्ता पर्व र सांस्कृतिक प्रदर्शनको समयमा लगाइन्छ ।
nepali_dresses_augmented/tamang_dress/3_aug2.jpg,"A young girl in traditional clothing poses for the camera. This is the Tamang dress, the traditional attire of the Tamang community of Nepal. It is worn during festivals such as Sonam Lhosar and cultural performances.",नेपालको तामाङ समुदायको परम्परागत पोशाक तामाङको पोशाक हो । यो सोनाम लोसार जस्ता पर्व र सांस्कृतिक प्रदर्शनको समयमा लगाइन्छ ।
nepali_dresses_augmented/tamang_dress/3_aug3.jpg,"A young girl in traditional clothing poses for the camera. This is the Tamang dress, the traditional attire of the Tamang community of Nepal. It is worn during festivals such as Sonam Lhosar and cultural performances.",नेपालको तामाङ समुदायको परम्परागत पोशाक तामाङको पोशाक हो । यो सोनाम लोसार जस्ता पर्व र सांस्कृतिक प्रदर्शनको समयमा लगाइन्छ ।
nepali_dresses_augmented/tamang_dress/3_aug4.jpg,"A young girl in traditional clothing poses for the camera. This is the Tamang dress, the traditional attire of the Tamang community of Nepal. It is worn during festivals such as Sonam Lhosar and cultural performances.",नेपालको तामाङ समुदायको परम्परागत पोशाक तामाङको पोशाक हो । यो सोनाम लोसार जस्ता पर्व र सांस्कृतिक प्रदर्शनको समयमा लगाइन्छ ।
nepali_dresses_augmented/tamang_dress/4.jpg,"A woman in a blue and red chinese dress. This is the Tamang dress, the traditional attire of the Tamang community of Nepal. It is worn during festivals such as Sonam Lhosar and cultural performances.","एक महिला नीलो र रातो चिनियाँ पोशाकमा। यो तामाङ पोशाक हो, नेपालको तामाङ समुदायको परम्परागत पोशाक। यो सोनम लोसार जस्ता चाडहरूमा र सांस्कृतिक प्रदर्शनहरूमा लगाइन्छ।"
nepali_dresses_augmented/tamang_dress/40.jpg,"Two women standing in front of a stone house, yunnan, china - stock image. This is the Tamang dress, the traditional attire of the Tamang community of Nepal. It is worn during festivals such as Sonam Lhosar and cultural performances.","दुई महिला ढुङ्गाको घर, युनान, चीनको अगाडि उभिएकी छन्। यो तामाङ पोशाक हो, नेपालको तामाङ समुदायको परम्परागत पोशाक हो। यो सोनम लोसार जस्ता चाडपर्वहरू र सांस्कृतिक प्रदर्शनहरूमा लगाइन्छ।"
nepali_dresses_augmented/tamang_dress/40_aug1.jpg,"Two women standing in front of a stone house, yunnan, china - stock image. This is the Tamang dress, the traditional attire of the Tamang community of Nepal. It is worn during festivals such as Sonam Lhosar and cultural performances.","दुई महिला ढुङ्गाको घर, युनान, चीनको अगाडि उभिएकी छन्। यो तामाङ पोशाक हो, नेपालको तामाङ समुदायको परम्परागत पोशाक हो। यो सोनम लोसार जस्ता चाडपर्वहरू र सांस्कृतिक प्रदर्शनहरूमा लगाइन्छ।"
nepali_dresses_augmented/tamang_dress/40_aug2.jpg,"Two women standing in front of a stone house, yunnan, china - stock image. This is the Tamang dress, the traditional attire of the Tamang community of Nepal. It is worn during festivals such as Sonam Lhosar and cultural performances.","दुई महिला ढुङ्गाको घर, युनान, चीनको अगाडि उभिएकी छन्। यो तामाङ पोशाक हो, नेपालको तामाङ समुदायको परम्परागत पोशाक हो। यो सोनम लोसार जस्ता चाडपर्वहरू र सांस्कृतिक प्रदर्शनहरूमा लगाइन्छ।"
nepali_dresses_augmented/tamang_dress/40_aug3.jpg,"Two women standing in front of a stone house, yunnan, china - stock image. This is the Tamang dress, the traditional attire of the Tamang community of Nepal. It is worn during festivals such as Sonam Lhosar and cultural performances.","दुई महिला ढुङ्गाको घर, युनान, चीनको अगाडि उभिएकी छन्। यो तामाङ पोशाक हो, नेपालको तामाङ समुदायको परम्परागत पोशाक हो। यो सोनम लोसार जस्ता चाडपर्वहरू र सांस्कृतिक प्रदर्शनहरूमा लगाइन्छ।"
nepali_dresses_augmented/tamang_dress/41.jpg,"A young boy standing in front of a green wall. This is the Tamang dress, the traditional attire of the Tamang community of Nepal. It is worn during festivals such as Sonam Lhosar and cultural performances.","एक जवान बालक हरियो पर्खालको अगाडि उभिरहेको छ। यो तामाङ पोशाक हो, नेपालको तामाङ समुदायको परम्परागत पोशाक हो। यो सोनम लोसार जस्ता चाडहरूमा र सांस्कृतिक प्रदर्शनहरूमा लगाइन्छ।"
nepali_dresses_augmented/tamang_dress/41_aug1.jpg,"A young boy standing in front of a green wall. This is the Tamang dress, the traditional attire of the Tamang community of Nepal. It is worn during festivals such as Sonam Lhosar and cultural performances.","एक जवान बालक हरियो पर्खालको अगाडि उभिरहेको छ। यो तामाङ पोशाक हो, नेपालको तामाङ समुदायको परम्परागत पोशाक हो। यो सोनम लोसार जस्ता चाडहरूमा र सांस्कृतिक प्रदर्शनहरूमा लगाइन्छ।"
nepali_dresses_augmented/tamang_dress/41_aug2.jpg,"A young boy standing in front of a green wall. This is the Tamang dress, the traditional attire of the Tamang community of Nepal. It is worn during festivals such as Sonam Lhosar and cultural performances.","एक जवान बालक हरियो पर्खालको अगाडि उभिरहेको छ। यो तामाङ पोशाक हो, नेपालको तामाङ समुदायको परम्परागत पोशाक हो। यो सोनम लोसार जस्ता चाडहरूमा र सांस्कृतिक प्रदर्शनहरूमा लगाइन्छ।"
nepali_dresses_augmented/tamang_dress/41_aug3.jpg,"A young boy standing in front of a green wall. This is the Tamang dress, the traditional attire of the Tamang community of Nepal. It is worn during festivals such as Sonam Lhosar and cultural performances.","एक जवान बालक हरियो पर्खालको अगाडि उभिरहेको छ। यो तामाङ पोशाक हो, नेपालको तामाङ समुदायको परम्परागत पोशाक हो। यो सोनम लोसार जस्ता चाडहरूमा र सांस्कृतिक प्रदर्शनहरूमा लगाइन्छ।"
nepali_dresses_augmented/tamang_dress/42.jpg,"Three young girls in traditional dress posing for the camera. This is the Tamang dress, the traditional attire of the Tamang community of Nepal. It is worn during festivals such as Sonam Lhosar and cultural performances.",नेपालको तामाङ समुदायको परम्परागत पोशाक तामाङ पोशाक हो । यो सोनाम लोसार जस्ता पर्व तथा सांस्कृतिक प्रदर्शनमा लगाइन्छ ।
nepali_dresses_augmented/tamang_dress/42_aug1.jpg,"Three young girls in traditional dress posing for the camera. This is the Tamang dress, the traditional attire of the Tamang community of Nepal. It is worn during festivals such as Sonam Lhosar and cultural performances.",नेपालको तामाङ समुदायको परम्परागत पोशाक तामाङ पोशाक हो । यो सोनाम लोसार जस्ता पर्व तथा सांस्कृतिक प्रदर्शनमा लगाइन्छ ।
nepali_dresses_augmented/tamang_dress/42_aug2.jpg,"Three young girls in traditional dress posing for the camera. This is the Tamang dress, the traditional attire of the Tamang community of Nepal. It is worn during festivals such as Sonam Lhosar and cultural performances.",नेपालको तामाङ समुदायको परम्परागत पोशाक तामाङ पोशाक हो । यो सोनाम लोसार जस्ता पर्व तथा सांस्कृतिक प्रदर्शनमा लगाइन्छ ।
nepali_dresses_augmented/tamang_dress/42_aug3.jpg,"Three young girls in traditional dress posing for the camera. This is the Tamang dress, the traditional attire of the Tamang community of Nepal. It is worn during festivals such as Sonam Lhosar and cultural performances.",नेपालको तामाङ समुदायको परम्परागत पोशाक तामाङ पोशाक हो । यो सोनाम लोसार जस्ता पर्व तथा सांस्कृतिक प्रदर्शनमा लगाइन्छ ।
nepali_dresses_augmented/tamang_dress/43.jpg,"A man wearing a blue shirt and hat. This is the Tamang dress, the traditional attire of the Tamang community of Nepal. It is worn during festivals such as Sonam Lhosar and cultural performances.","निलो शर्ट र टोपी लगाउने एक पुरुष। यो तामाङ पोशाक हो, नेपालको तामाङ समुदायको परम्परागत पोशाक। यो सोनम लोसार जस्ता चाडहरूमा र सांस्कृतिक प्रदर्शनहरूमा लगाइन्छ।"
nepali_dresses_augmented/tamang_dress/43_aug1.jpg,"A man wearing a blue shirt and hat. This is the Tamang dress, the traditional attire of the Tamang community of Nepal. It is worn during festivals such as Sonam Lhosar and cultural performances.","निलो शर्ट र टोपी लगाउने एक पुरुष। यो तामाङ पोशाक हो, नेपालको तामाङ समुदायको परम्परागत पोशाक। यो सोनम लोसार जस्ता चाडहरूमा र सांस्कृतिक प्रदर्शनहरूमा लगाइन्छ।"
nepali_dresses_augmented/tamang_dress/43_aug2.jpg,"A man wearing a blue shirt and hat. This is the Tamang dress, the traditional attire of the Tamang community of Nepal. It is worn during festivals such as Sonam Lhosar and cultural performances.","निलो शर्ट र टोपी लगाउने एक पुरुष। यो तामाङ पोशाक हो, नेपालको तामाङ समुदायको परम्परागत पोशाक। यो सोनम लोसार जस्ता चाडहरूमा र सांस्कृतिक प्रदर्शनहरूमा लगाइन्छ।"
nepali_dresses_augmented/tamang_dress/43_aug3.jpg,"A man wearing a blue shirt and hat. This is the Tamang dress, the traditional attire of the Tamang community of Nepal. It is worn during festivals such as Sonam Lhosar and cultural performances.","निलो शर्ट र टोपी लगाउने एक पुरुष। यो तामाङ पोशाक हो, नेपालको तामाङ समुदायको परम्परागत पोशाक। यो सोनम लोसार जस्ता चाडहरूमा र सांस्कृतिक प्रदर्शनहरूमा लगाइन्छ।"
nepali_dresses_augmented/tamang_dress/44.jpg,"A group of people dressed in traditional clothing. This is the Tamang dress, the traditional attire of the Tamang community of Nepal. It is worn during festivals such as Sonam Lhosar and cultural performances.",नेपालको तामाङ समुदायको परम्परागत पोशाक तामाङ समुदायको परम्परागत पोशाक तामाङ समुदायको परम्परागत पोशाक तामाङ समुदायको परम्परागत पोशाक तामाङ समुदायको परम्परागत पोशाक तामाङ समुदायको परम्परागत पोशाक तामाङ समुदायको परम्परागत पोशाक तामाङ समुदायको परम्परागत पोशाक तामाङ समुदायको परम्परागत पोशाक तामाङ समुदायको परम्परागत पोशाक तामाङ समुदायको परम्परागत पोशाक तामाङ समुदायको परम्परागत पोशाक तामाङ समुदायको परम्परागत पोशाक तामाङ समुदायको परम्परागत पोशाक तामाङ समुदायको परम्परागत पोशाक तामाङ समुदायको परम्परागत पोशाक तामाङ समुदायको परम्परागत पोशाक तामाङ समुदायको परम्परागत पोशाक तामाङ समुदायको परम्परागत पोशाक तामाङ समुदायको परम्परागत पोशाक तामाङ समुदायको परम्परागत पोशाक तामाङ समुदायको परम्परा
nepali_dresses_augmented/tamang_dress/44_aug1.jpg,"A group of people dressed in traditional clothing. This is the Tamang dress, the traditional attire of the Tamang community of Nepal. It is worn during festivals such as Sonam Lhosar and cultural performances.",नेपालको तामाङ समुदायको परम्परागत पोशाक तामाङ समुदायको परम्परागत पोशाक तामाङ समुदायको परम्परागत पोशाक तामाङ समुदायको परम्परागत पोशाक तामाङ समुदायको परम्परागत पोशाक तामाङ समुदायको परम्परागत पोशाक तामाङ समुदायको परम्परागत पोशाक तामाङ समुदायको परम्परागत पोशाक तामाङ समुदायको परम्परागत पोशाक तामाङ समुदायको परम्परागत पोशाक तामाङ समुदायको परम्परागत पोशाक तामाङ समुदायको परम्परागत पोशाक तामाङ समुदायको परम्परागत पोशाक तामाङ समुदायको परम्परागत पोशाक तामाङ समुदायको परम्परागत पोशाक तामाङ समुदायको परम्परागत पोशाक तामाङ समुदायको परम्परागत पोशाक तामाङ समुदायको परम्परागत पोशाक तामाङ समुदायको परम्परागत पोशाक तामाङ समुदायको परम्परागत पोशाक तामाङ समुदायको परम्परागत पोशाक तामाङ समुदायको परम्परा
nepali_dresses_augmented/tamang_dress/44_aug2.jpg,"A group of people dressed in traditional clothing. This is the Tamang dress, the traditional attire of the Tamang community of Nepal. It is worn during festivals such as Sonam Lhosar and cultural performances.",नेपालको तामाङ समुदायको परम्परागत पोशाक तामाङ समुदायको परम्परागत पोशाक तामाङ समुदायको परम्परागत पोशाक तामाङ समुदायको परम्परागत पोशाक तामाङ समुदायको परम्परागत पोशाक तामाङ समुदायको परम्परागत पोशाक तामाङ समुदायको परम्परागत पोशाक तामाङ समुदायको परम्परागत पोशाक तामाङ समुदायको परम्परागत पोशाक तामाङ समुदायको परम्परागत पोशाक तामाङ समुदायको परम्परागत पोशाक तामाङ समुदायको परम्परागत पोशाक तामाङ समुदायको परम्परागत पोशाक तामाङ समुदायको परम्परागत पोशाक तामाङ समुदायको परम्परागत पोशाक तामाङ समुदायको परम्परागत पोशाक तामाङ समुदायको परम्परागत पोशाक तामाङ समुदायको परम्परागत पोशाक तामाङ समुदायको परम्परागत पोशाक तामाङ समुदायको परम्परागत पोशाक तामाङ समुदायको परम्परागत पोशाक तामाङ समुदायको परम्परा
nepali_dresses_augmented/tamang_dress/44_aug3.jpg,"A group of people dressed in traditional clothing. This is the Tamang dress, the traditional attire of the Tamang community of Nepal. It is worn during festivals such as Sonam Lhosar and cultural performances.",नेपालको तामाङ समुदायको परम्परागत पोशाक तामाङ समुदायको परम्परागत पोशाक तामाङ समुदायको परम्परागत पोशाक तामाङ समुदायको परम्परागत पोशाक तामाङ समुदायको परम्परागत पोशाक तामाङ समुदायको परम्परागत पोशाक तामाङ समुदायको परम्परागत पोशाक तामाङ समुदायको परम्परागत पोशाक तामाङ समुदायको परम्परागत पोशाक तामाङ समुदायको परम्परागत पोशाक तामाङ समुदायको परम्परागत पोशाक तामाङ समुदायको परम्परागत पोशाक तामाङ समुदायको परम्परागत पोशाक तामाङ समुदायको परम्परागत पोशाक तामाङ समुदायको परम्परागत पोशाक तामाङ समुदायको परम्परागत पोशाक तामाङ समुदायको परम्परागत पोशाक तामाङ समुदायको परम्परागत पोशाक तामाङ समुदायको परम्परागत पोशाक तामाङ समुदायको परम्परागत पोशाक तामाङ समुदायको परम्परागत पोशाक तामाङ समुदायको परम्परा
nepali_dresses_augmented/tamang_dress/45.jpg,"A group of young girls in traditional dress at the festival - stock image. This is the Tamang dress, the traditional attire of the Tamang community of Nepal. It is worn during festivals such as Sonam Lhosar and cultural performances.","महोत्सवमा परम्परागत पोशाकमा एक समूह युवतीहरू - स्टक छवि। यो तामाङ पोशाक हो, नेपालको तामाङ समुदायको परम्परागत पोशाक। यो सोनम लोसार जस्ता महोत्सवहरू र सांस्कृतिक प्रदर्शनहरूमा लगाइन्छ।"
nepali_dresses_augmented/tamang_dress/45_aug1.jpg,"A group of young girls in traditional dress at the festival - stock image. This is the Tamang dress, the traditional attire of the Tamang community of Nepal. It is worn during festivals such as Sonam Lhosar and cultural performances.","महोत्सवमा परम्परागत पोशाकमा एक समूह युवतीहरू - स्टक छवि। यो तामाङ पोशाक हो, नेपालको तामाङ समुदायको परम्परागत पोशाक। यो सोनम लोसार जस्ता महोत्सवहरू र सांस्कृतिक प्रदर्शनहरूमा लगाइन्छ।"
nepali_dresses_augmented/tamang_dress/45_aug2.jpg,"A group of young girls in traditional dress at the festival - stock image. This is the Tamang dress, the traditional attire of the Tamang community of Nepal. It is worn during festivals such as Sonam Lhosar and cultural performances.","महोत्सवमा परम्परागत पोशाकमा एक समूह युवतीहरू - स्टक छवि। यो तामाङ पोशाक हो, नेपालको तामाङ समुदायको परम्परागत पोशाक। यो सोनम लोसार जस्ता महोत्सवहरू र सांस्कृतिक प्रदर्शनहरूमा लगाइन्छ।"
nepali_dresses_augmented/tamang_dress/45_aug3.jpg,"A group of young girls in traditional dress at the festival - stock image. This is the Tamang dress, the traditional attire of the Tamang community of Nepal. It is worn during festivals such as Sonam Lhosar and cultural performances.","महोत्सवमा परम्परागत पोशाकमा एक समूह युवतीहरू - स्टक छवि। यो तामाङ पोशाक हो, नेपालको तामाङ समुदायको परम्परागत पोशाक। यो सोनम लोसार जस्ता महोत्सवहरू र सांस्कृतिक प्रदर्शनहरूमा लगाइन्छ।"
nepali_dresses_augmented/tamang_dress/46.jpg,"A group of people in traditional costumes playing drums. This is the Tamang dress, the traditional attire of the Tamang community of Nepal. It is worn during festivals such as Sonam Lhosar and cultural performances.",नेपालको तामाङ समुदायको परम्परागत पोशाक तामाङको पोशाक हो। यो सोनाम लोसार जस्ता पर्वहरूमा र सांस्कृतिक प्रदर्शनहरूमा लगाइन्छ।
nepali_dresses_augmented/tamang_dress/46_aug1.jpg,"A group of people in traditional costumes playing drums. This is the Tamang dress, the traditional attire of the Tamang community of Nepal. It is worn during festivals such as Sonam Lhosar and cultural performances.",नेपालको तामाङ समुदायको परम्परागत पोशाक तामाङको पोशाक हो। यो सोनाम लोसार जस्ता पर्वहरूमा र सांस्कृतिक प्रदर्शनहरूमा लगाइन्छ।
nepali_dresses_augmented/tamang_dress/46_aug2.jpg,"A group of people in traditional costumes playing drums. This is the Tamang dress, the traditional attire of the Tamang community of Nepal. It is worn during festivals such as Sonam Lhosar and cultural performances.",नेपालको तामाङ समुदायको परम्परागत पोशाक तामाङको पोशाक हो। यो सोनाम लोसार जस्ता पर्वहरूमा र सांस्कृतिक प्रदर्शनहरूमा लगाइन्छ।
nepali_dresses_augmented/tamang_dress/46_aug3.jpg,"A group of people in traditional costumes playing drums. This is the Tamang dress, the traditional attire of the Tamang community of Nepal. It is worn during festivals such as Sonam Lhosar and cultural performances.",नेपालको तामाङ समुदायको परम्परागत पोशाक तामाङको पोशाक हो। यो सोनाम लोसार जस्ता पर्वहरूमा र सांस्कृतिक प्रदर्शनहरूमा लगाइन्छ।
nepali_dresses_augmented/tamang_dress/47.jpg,"A woman in a red hat and scarf. This is the Tamang dress, the traditional attire of the Tamang community of Nepal. It is worn during festivals such as Sonam Lhosar and cultural performances.","लाल टोपी र स्कार्फमा एक महिला। यो तामाङ पोशाक हो, नेपालको तामाङ समुदायको परम्परागत पोशाक। यो सोनम लोसार जस्ता चाडहरूमा र सांस्कृतिक प्रदर्शनहरूमा लगाइन्छ।"
nepali_dresses_augmented/tamang_dress/47_aug1.jpg,"A woman in a red hat and scarf. This is the Tamang dress, the traditional attire of the Tamang community of Nepal. It is worn during festivals such as Sonam Lhosar and cultural performances.","लाल टोपी र स्कार्फमा एक महिला। यो तामाङ पोशाक हो, नेपालको तामाङ समुदायको परम्परागत पोशाक। यो सोनम लोसार जस्ता चाडहरूमा र सांस्कृतिक प्रदर्शनहरूमा लगाइन्छ।"
nepali_dresses_augmented/tamang_dress/47_aug2.jpg,"A woman in a red hat and scarf. This is the Tamang dress, the traditional attire of the Tamang community of Nepal. It is worn during festivals such as Sonam Lhosar and cultural performances.","लाल टोपी र स्कार्फमा एक महिला। यो तामाङ पोशाक हो, नेपालको तामाङ समुदायको परम्परागत पोशाक। यो सोनम लोसार जस्ता चाडहरूमा र सांस्कृतिक प्रदर्शनहरूमा लगाइन्छ।"
nepali_dresses_augmented/tamang_dress/47_aug3.jpg,"A woman in a red hat and scarf. This is the Tamang dress, the traditional attire of the Tamang community of Nepal. It is worn during festivals such as Sonam Lhosar and cultural performances.","लाल टोपी र स्कार्फमा एक महिला। यो तामाङ पोशाक हो, नेपालको तामाङ समुदायको परम्परागत पोशाक। यो सोनम लोसार जस्ता चाडहरूमा र सांस्कृतिक प्रदर्शनहरूमा लगाइन्छ।"
nepali_dresses_augmented/tamang_dress/48.jpg,"A little boy in a blue suit and hat. This is the Tamang dress, the traditional attire of the Tamang community of Nepal. It is worn during festivals such as Sonam Lhosar and cultural performances.","निलो सूट र टोपीमा सानो केटा। यो तामाङ पोशाक हो, नेपालको तामाङ समुदायको परम्परागत पोशाक। यो सोनम लोसार जस्ता चाडहरूमा र सांस्कृतिक प्रदर्शनहरूमा लगाइन्छ।"
nepali_dresses_augmented/tamang_dress/48_aug1.jpg,"A little boy in a blue suit and hat. This is the Tamang dress, the traditional attire of the Tamang community of Nepal. It is worn during festivals such as Sonam Lhosar and cultural performances.","निलो सूट र टोपीमा सानो केटा। यो तामाङ पोशाक हो, नेपालको तामाङ समुदायको परम्परागत पोशाक। यो सोनम लोसार जस्ता चाडहरूमा र सांस्कृतिक प्रदर्शनहरूमा लगाइन्छ।"
nepali_dresses_augmented/tamang_dress/48_aug2.jpg,"A little boy in a blue suit and hat. This is the Tamang dress, the traditional attire of the Tamang community of Nepal. It is worn during festivals such as Sonam Lhosar and cultural performances.","निलो सूट र टोपीमा सानो केटा। यो तामाङ पोशाक हो, नेपालको तामाङ समुदायको परम्परागत पोशाक। यो सोनम लोसार जस्ता चाडहरूमा र सांस्कृतिक प्रदर्शनहरूमा लगाइन्छ।"
nepali_dresses_augmented/tamang_dress/48_aug3.jpg,"A little boy in a blue suit and hat. This is the Tamang dress, the traditional attire of the Tamang community of Nepal. It is worn during festivals such as Sonam Lhosar and cultural performances.","निलो सूट र टोपीमा सानो केटा। यो तामाङ पोशाक हो, नेपालको तामाङ समुदायको परम्परागत पोशाक। यो सोनम लोसार जस्ता चाडहरूमा र सांस्कृतिक प्रदर्शनहरूमा लगाइन्छ।"
nepali_dresses_augmented/tamang_dress/49.jpg,"A woman wearing a traditional chinese costume in a store. This is the Tamang dress, the traditional attire of the Tamang community of Nepal. It is worn during festivals such as Sonam Lhosar and cultural performances.","एक महिलाले एक पसलमा परम्परागत चिनियाँ पोशाक लगाउँछिन्। यो तामाङ पोशाक हो, नेपालको तामाङ समुदायको परम्परागत पोशाक हो। यो सोनम लोसार जस्ता चाडहरूमा र सांस्कृतिक प्रदर्शनहरूमा लगाइन्छ।"
nepali_dresses_augmented/tamang_dress/49_aug1.jpg,"A woman wearing a traditional chinese costume in a store. This is the Tamang dress, the traditional attire of the Tamang community of Nepal. It is worn during festivals such as Sonam Lhosar and cultural performances.","एक महिलाले एक पसलमा परम्परागत चिनियाँ पोशाक लगाउँछिन्। यो तामाङ पोशाक हो, नेपालको तामाङ समुदायको परम्परागत पोशाक हो। यो सोनम लोसार जस्ता चाडहरूमा र सांस्कृतिक प्रदर्शनहरूमा लगाइन्छ।"
nepali_dresses_augmented/tamang_dress/49_aug2.jpg,"A woman wearing a traditional chinese costume in a store. This is the Tamang dress, the traditional attire of the Tamang community of Nepal. It is worn during festivals such as Sonam Lhosar and cultural performances.","एक महिलाले एक पसलमा परम्परागत चिनियाँ पोशाक लगाउँछिन्। यो तामाङ पोशाक हो, नेपालको तामाङ समुदायको परम्परागत पोशाक हो। यो सोनम लोसार जस्ता चाडहरूमा र सांस्कृतिक प्रदर्शनहरूमा लगाइन्छ।"
nepali_dresses_augmented/tamang_dress/49_aug3.jpg,"A woman wearing a traditional chinese costume in a store. This is the Tamang dress, the traditional attire of the Tamang community of Nepal. It is worn during festivals such as Sonam Lhosar and cultural performances.","एक महिलाले एक पसलमा परम्परागत चिनियाँ पोशाक लगाउँछिन्। यो तामाङ पोशाक हो, नेपालको तामाङ समुदायको परम्परागत पोशाक हो। यो सोनम लोसार जस्ता चाडहरूमा र सांस्कृतिक प्रदर्शनहरूमा लगाइन्छ।"
nepali_dresses_augmented/tamang_dress/4_aug1.jpg,"A woman in a blue and red chinese dress. This is the Tamang dress, the traditional attire of the Tamang community of Nepal. It is worn during festivals such as Sonam Lhosar and cultural performances.","एक महिला नीलो र रातो चिनियाँ पोशाकमा। यो तामाङ पोशाक हो, नेपालको तामाङ समुदायको परम्परागत पोशाक। यो सोनम लोसार जस्ता चाडहरूमा र सांस्कृतिक प्रदर्शनहरूमा लगाइन्छ।"
nepali_dresses_augmented/tamang_dress/4_aug2.jpg,"A woman in a blue and red chinese dress. This is the Tamang dress, the traditional attire of the Tamang community of Nepal. It is worn during festivals such as Sonam Lhosar and cultural performances.","एक महिला नीलो र रातो चिनियाँ पोशाकमा। यो तामाङ पोशाक हो, नेपालको तामाङ समुदायको परम्परागत पोशाक। यो सोनम लोसार जस्ता चाडहरूमा र सांस्कृतिक प्रदर्शनहरूमा लगाइन्छ।"
nepali_dresses_augmented/tamang_dress/4_aug3.jpg,"A woman in a blue and red chinese dress. This is the Tamang dress, the traditional attire of the Tamang community of Nepal. It is worn during festivals such as Sonam Lhosar and cultural performances.","एक महिला नीलो र रातो चिनियाँ पोशाकमा। यो तामाङ पोशाक हो, नेपालको तामाङ समुदायको परम्परागत पोशाक। यो सोनम लोसार जस्ता चाडहरूमा र सांस्कृतिक प्रदर्शनहरूमा लगाइन्छ।"
nepali_dresses_augmented/tamang_dress/4_aug4.jpg,"A woman in a blue and red chinese dress. This is the Tamang dress, the traditional attire of the Tamang community of Nepal. It is worn during festivals such as Sonam Lhosar and cultural performances.","एक महिला नीलो र रातो चिनियाँ पोशाकमा। यो तामाङ पोशाक हो, नेपालको तामाङ समुदायको परम्परागत पोशाक। यो सोनम लोसार जस्ता चाडहरूमा र सांस्कृतिक प्रदर्शनहरूमा लगाइन्छ।"
nepali_dresses_augmented/tamang_dress/5.jpg,"Two people are dressed in traditional clothing. This is the Tamang dress, the traditional attire of the Tamang community of Nepal. It is worn during festivals such as Sonam Lhosar and cultural performances.","दुई जनाले परम्परागत कपडा लगाएका छन्। यो तामाङ पोशाक हो, नेपालको तामाङ समुदायको परम्परागत पोशाक हो। यो सोनम लोसार जस्ता चाडहरूमा र सांस्कृतिक प्रदर्शनहरूमा लगाइन्छ।"
nepali_dresses_augmented/tamang_dress/50.jpg,"A red and yellow silk dress with blue flowers. This is the Tamang dress, the traditional attire of the Tamang community of Nepal. It is worn during festivals such as Sonam Lhosar and cultural performances.","लाल र पहेंलो रेशमको पोशाक नीलो फूलहरूको साथ। यो तामाङ पोशाक हो, नेपालको तामाङ समुदायको परम्परागत पोशाक। यो सोनम लोसार जस्ता चाडहरूमा र सांस्कृतिक प्रदर्शनहरूमा लगाइन्छ।"
nepali_dresses_augmented/tamang_dress/50_aug1.jpg,"A red and yellow silk dress with blue flowers. This is the Tamang dress, the traditional attire of the Tamang community of Nepal. It is worn during festivals such as Sonam Lhosar and cultural performances.","लाल र पहेंलो रेशमको पोशाक नीलो फूलहरूको साथ। यो तामाङ पोशाक हो, नेपालको तामाङ समुदायको परम्परागत पोशाक। यो सोनम लोसार जस्ता चाडहरूमा र सांस्कृतिक प्रदर्शनहरूमा लगाइन्छ।"
nepali_dresses_augmented/tamang_dress/50_aug2.jpg,"A red and yellow silk dress with blue flowers. This is the Tamang dress, the traditional attire of the Tamang community of Nepal. It is worn during festivals such as Sonam Lhosar and cultural performances.","लाल र पहेंलो रेशमको पोशाक नीलो फूलहरूको साथ। यो तामाङ पोशाक हो, नेपालको तामाङ समुदायको परम्परागत पोशाक। यो सोनम लोसार जस्ता चाडहरूमा र सांस्कृतिक प्रदर्शनहरूमा लगाइन्छ।"
nepali_dresses_augmented/tamang_dress/50_aug3.jpg,"A red and yellow silk dress with blue flowers. This is the Tamang dress, the traditional attire of the Tamang community of Nepal. It is worn during festivals such as Sonam Lhosar and cultural performances.","लाल र पहेंलो रेशमको पोशाक नीलो फूलहरूको साथ। यो तामाङ पोशाक हो, नेपालको तामाङ समुदायको परम्परागत पोशाक। यो सोनम लोसार जस्ता चाडहरूमा र सांस्कृतिक प्रदर्शनहरूमा लगाइन्छ।"
nepali_dresses_augmented/tamang_dress/51.jpg,"A woman standing in front of a green wall. This is the Tamang dress, the traditional attire of the Tamang community of Nepal. It is worn during festivals such as Sonam Lhosar and cultural performances.","एक महिला हरियो पर्खालको अगाडि उभिएकी छिन्। यो तामाङ पोशाक हो, नेपालको तामाङ समुदायको परम्परागत पोशाक हो। यो सोनम लोसार जस्ता चाडहरूमा र सांस्कृतिक प्रदर्शनहरूमा लगाइन्छ।"
nepali_dresses_augmented/tamang_dress/51_aug1.jpg,"A woman standing in front of a green wall. This is the Tamang dress, the traditional attire of the Tamang community of Nepal. It is worn during festivals such as Sonam Lhosar and cultural performances.","एक महिला हरियो पर्खालको अगाडि उभिएकी छिन्। यो तामाङ पोशाक हो, नेपालको तामाङ समुदायको परम्परागत पोशाक हो। यो सोनम लोसार जस्ता चाडहरूमा र सांस्कृतिक प्रदर्शनहरूमा लगाइन्छ।"
nepali_dresses_augmented/tamang_dress/51_aug2.jpg,"A woman standing in front of a green wall. This is the Tamang dress, the traditional attire of the Tamang community of Nepal. It is worn during festivals such as Sonam Lhosar and cultural performances.","एक महिला हरियो पर्खालको अगाडि उभिएकी छिन्। यो तामाङ पोशाक हो, नेपालको तामाङ समुदायको परम्परागत पोशाक हो। यो सोनम लोसार जस्ता चाडहरूमा र सांस्कृतिक प्रदर्शनहरूमा लगाइन्छ।"
nepali_dresses_augmented/tamang_dress/51_aug3.jpg,"A woman standing in front of a green wall. This is the Tamang dress, the traditional attire of the Tamang community of Nepal. It is worn during festivals such as Sonam Lhosar and cultural performances.","एक महिला हरियो पर्खालको अगाडि उभिएकी छिन्। यो तामाङ पोशाक हो, नेपालको तामाङ समुदायको परम्परागत पोशाक हो। यो सोनम लोसार जस्ता चाडहरूमा र सांस्कृतिक प्रदर्शनहरूमा लगाइन्छ।"
nepali_dresses_augmented/tamang_dress/52.jpg,"A woman wearing a green skirt and white blouse. This is the Tamang dress, the traditional attire of the Tamang community of Nepal. It is worn during festivals such as Sonam Lhosar and cultural performances.","एक महिलाले हरियो स्कर्ट र सेतो ब्लाउज लगाउँछिन्। यो तामाङ पोशाक हो, नेपालको तामाङ समुदायको परम्परागत पोशाक हो। यो सोनम लोसार जस्ता चाडहरूमा र सांस्कृतिक प्रदर्शनहरूमा लगाइन्छ।"
nepali_dresses_augmented/tamang_dress/52_aug1.jpg,"A woman wearing a green skirt and white blouse. This is the Tamang dress, the traditional attire of the Tamang community of Nepal. It is worn during festivals such as Sonam Lhosar and cultural performances.","एक महिलाले हरियो स्कर्ट र सेतो ब्लाउज लगाउँछिन्। यो तामाङ पोशाक हो, नेपालको तामाङ समुदायको परम्परागत पोशाक हो। यो सोनम लोसार जस्ता चाडहरूमा र सांस्कृतिक प्रदर्शनहरूमा लगाइन्छ।"
nepali_dresses_augmented/tamang_dress/52_aug2.jpg,"A woman wearing a green skirt and white blouse. This is the Tamang dress, the traditional attire of the Tamang community of Nepal. It is worn during festivals such as Sonam Lhosar and cultural performances.","एक महिलाले हरियो स्कर्ट र सेतो ब्लाउज लगाउँछिन्। यो तामाङ पोशाक हो, नेपालको तामाङ समुदायको परम्परागत पोशाक हो। यो सोनम लोसार जस्ता चाडहरूमा र सांस्कृतिक प्रदर्शनहरूमा लगाइन्छ।"
nepali_dresses_augmented/tamang_dress/52_aug3.jpg,"A woman wearing a green skirt and white blouse. This is the Tamang dress, the traditional attire of the Tamang community of Nepal. It is worn during festivals such as Sonam Lhosar and cultural performances.","एक महिलाले हरियो स्कर्ट र सेतो ब्लाउज लगाउँछिन्। यो तामाङ पोशाक हो, नेपालको तामाङ समुदायको परम्परागत पोशाक हो। यो सोनम लोसार जस्ता चाडहरूमा र सांस्कृतिक प्रदर्शनहरूमा लगाइन्छ।"
nepali_dresses_augmented/tamang_dress/53.jpg,"A woman in traditional dress. This is the Tamang dress, the traditional attire of the Tamang community of Nepal. It is worn during festivals such as Sonam Lhosar and cultural performances.","एक महिला परम्परागत पोशाकमा। यो तामाङ पोशाक हो, नेपालको तामाङ समुदायको परम्परागत पोशाक। यो सोनम लोसार जस्ता चाडहरूमा र सांस्कृतिक प्रदर्शनहरूमा लगाइन्छ।"
nepali_dresses_augmented/tamang_dress/53_aug1.jpg,"A woman in traditional dress. This is the Tamang dress, the traditional attire of the Tamang community of Nepal. It is worn during festivals such as Sonam Lhosar and cultural performances.","एक महिला परम्परागत पोशाकमा। यो तामाङ पोशाक हो, नेपालको तामाङ समुदायको परम्परागत पोशाक। यो सोनम लोसार जस्ता चाडहरूमा र सांस्कृतिक प्रदर्शनहरूमा लगाइन्छ।"
nepali_dresses_augmented/tamang_dress/53_aug2.jpg,"A woman in traditional dress. This is the Tamang dress, the traditional attire of the Tamang community of Nepal. It is worn during festivals such as Sonam Lhosar and cultural performances.","एक महिला परम्परागत पोशाकमा। यो तामाङ पोशाक हो, नेपालको तामाङ समुदायको परम्परागत पोशाक। यो सोनम लोसार जस्ता चाडहरूमा र सांस्कृतिक प्रदर्शनहरूमा लगाइन्छ।"
nepali_dresses_augmented/tamang_dress/53_aug3.jpg,"A woman in traditional dress. This is the Tamang dress, the traditional attire of the Tamang community of Nepal. It is worn during festivals such as Sonam Lhosar and cultural performances.","एक महिला परम्परागत पोशाकमा। यो तामाङ पोशाक हो, नेपालको तामाङ समुदायको परम्परागत पोशाक। यो सोनम लोसार जस्ता चाडहरूमा र सांस्कृतिक प्रदर्शनहरूमा लगाइन्छ।"
nepali_dresses_augmented/tamang_dress/54.jpg,"A woman in a white shirt and pink skirt. This is the Tamang dress, the traditional attire of the Tamang community of Nepal. It is worn during festivals such as Sonam Lhosar and cultural performances.",यो तामाङ पोशाक नेपालको तामाङ समुदायको परम्परागत पोशाक हो। यो सोनाम लोसार जस्ता पर्वहरूमा र सांस्कृतिक प्रदर्शनहरूमा लगाइन्छ।
nepali_dresses_augmented/tamang_dress/54_aug1.jpg,"A woman in a white shirt and pink skirt. This is the Tamang dress, the traditional attire of the Tamang community of Nepal. It is worn during festivals such as Sonam Lhosar and cultural performances.",यो तामाङ पोशाक नेपालको तामाङ समुदायको परम्परागत पोशाक हो। यो सोनाम लोसार जस्ता पर्वहरूमा र सांस्कृतिक प्रदर्शनहरूमा लगाइन्छ।
nepali_dresses_augmented/tamang_dress/54_aug2.jpg,"A woman in a white shirt and pink skirt. This is the Tamang dress, the traditional attire of the Tamang community of Nepal. It is worn during festivals such as Sonam Lhosar and cultural performances.",यो तामाङ पोशाक नेपालको तामाङ समुदायको परम्परागत पोशाक हो। यो सोनाम लोसार जस्ता पर्वहरूमा र सांस्कृतिक प्रदर्शनहरूमा लगाइन्छ।
nepali_dresses_augmented/tamang_dress/54_aug3.jpg,"A woman in a white shirt and pink skirt. This is the Tamang dress, the traditional attire of the Tamang community of Nepal. It is worn during festivals such as Sonam Lhosar and cultural performances.",यो तामाङ पोशाक नेपालको तामाङ समुदायको परम्परागत पोशाक हो। यो सोनाम लोसार जस्ता पर्वहरूमा र सांस्कृतिक प्रदर्शनहरूमा लगाइन्छ।
nepali_dresses_augmented/tamang_dress/55.jpg,"A woman in a green dress holding a medal. This is the Tamang dress, the traditional attire of the Tamang community of Nepal. It is worn during festivals such as Sonam Lhosar and cultural performances.","यो तामाङ पोशाक हो, नेपालको तामाङ समुदायको परम्परागत पोशाक हो। यो सोनम लोसार जस्ता पर्वहरूमा र सांस्कृतिक प्रदर्शनहरूमा लगाइन्छ।"
nepali_dresses_augmented/tamang_dress/55_aug1.jpg,"A woman in a green dress holding a medal. This is the Tamang dress, the traditional attire of the Tamang community of Nepal. It is worn during festivals such as Sonam Lhosar and cultural performances.","यो तामाङ पोशाक हो, नेपालको तामाङ समुदायको परम्परागत पोशाक हो। यो सोनम लोसार जस्ता पर्वहरूमा र सांस्कृतिक प्रदर्शनहरूमा लगाइन्छ।"
nepali_dresses_augmented/tamang_dress/55_aug2.jpg,"A woman in a green dress holding a medal. This is the Tamang dress, the traditional attire of the Tamang community of Nepal. It is worn during festivals such as Sonam Lhosar and cultural performances.","यो तामाङ पोशाक हो, नेपालको तामाङ समुदायको परम्परागत पोशाक हो। यो सोनम लोसार जस्ता पर्वहरूमा र सांस्कृतिक प्रदर्शनहरूमा लगाइन्छ।"
nepali_dresses_augmented/tamang_dress/55_aug3.jpg,"A woman in a green dress holding a medal. This is the Tamang dress, the traditional attire of the Tamang community of Nepal. It is worn during festivals such as Sonam Lhosar and cultural performances.","यो तामाङ पोशाक हो, नेपालको तामाङ समुदायको परम्परागत पोशाक हो। यो सोनम लोसार जस्ता पर्वहरूमा र सांस्कृतिक प्रदर्शनहरूमा लगाइन्छ।"
nepali_dresses_augmented/tamang_dress/56.jpg,"A woman standing in front of a window. This is the Tamang dress, the traditional attire of the Tamang community of Nepal. It is worn during festivals such as Sonam Lhosar and cultural performances.","एक महिला विन्डोको अगाडि उभिएकी छिन्। यो तामाङ पोशाक हो, नेपालको तामाङ समुदायको परम्परागत पोशाक हो। यो सोनम लोसार जस्ता चाडहरूमा र सांस्कृतिक प्रदर्शनहरूमा लगाइन्छ।"
nepali_dresses_augmented/tamang_dress/56_aug1.jpg,"A woman standing in front of a window. This is the Tamang dress, the traditional attire of the Tamang community of Nepal. It is worn during festivals such as Sonam Lhosar and cultural performances.","एक महिला विन्डोको अगाडि उभिएकी छिन्। यो तामाङ पोशाक हो, नेपालको तामाङ समुदायको परम्परागत पोशाक हो। यो सोनम लोसार जस्ता चाडहरूमा र सांस्कृतिक प्रदर्शनहरूमा लगाइन्छ।"
nepali_dresses_augmented/tamang_dress/56_aug2.jpg,"A woman standing in front of a window. This is the Tamang dress, the traditional attire of the Tamang community of Nepal. It is worn during festivals such as Sonam Lhosar and cultural performances.","एक महिला विन्डोको अगाडि उभिएकी छिन्। यो तामाङ पोशाक हो, नेपालको तामाङ समुदायको परम्परागत पोशाक हो। यो सोनम लोसार जस्ता चाडहरूमा र सांस्कृतिक प्रदर्शनहरूमा लगाइन्छ।"
nepali_dresses_augmented/tamang_dress/56_aug3.jpg,"A woman standing in front of a window. This is the Tamang dress, the traditional attire of the Tamang community of Nepal. It is worn during festivals such as Sonam Lhosar and cultural performances.","एक महिला विन्डोको अगाडि उभिएकी छिन्। यो तामाङ पोशाक हो, नेपालको तामाङ समुदायको परम्परागत पोशाक हो। यो सोनम लोसार जस्ता चाडहरूमा र सांस्कृतिक प्रदर्शनहरूमा लगाइन्छ।"
nepali_dresses_augmented/tamang_dress/57.jpg,"A woman in a black and white dress standing next to a wall. This is the Tamang dress, the traditional attire of the Tamang community of Nepal. It is worn during festivals such as Sonam Lhosar and cultural performances.",नेपालको तामाङ समुदायको परम्परागत पोशाक तामाङको पोशाक हो । यो सोनाम लोसार जस्ता पर्व र सांस्कृतिक प्रदर्शनको समयमा लगाइन्छ ।
nepali_dresses_augmented/tamang_dress/57_aug1.jpg,"A woman in a black and white dress standing next to a wall. This is the Tamang dress, the traditional attire of the Tamang community of Nepal. It is worn during festivals such as Sonam Lhosar and cultural performances.",नेपालको तामाङ समुदायको परम्परागत पोशाक तामाङको पोशाक हो । यो सोनाम लोसार जस्ता पर्व र सांस्कृतिक प्रदर्शनको समयमा लगाइन्छ ।
nepali_dresses_augmented/tamang_dress/57_aug2.jpg,"A woman in a black and white dress standing next to a wall. This is the Tamang dress, the traditional attire of the Tamang community of Nepal. It is worn during festivals such as Sonam Lhosar and cultural performances.",नेपालको तामाङ समुदायको परम्परागत पोशाक तामाङको पोशाक हो । यो सोनाम लोसार जस्ता पर्व र सांस्कृतिक प्रदर्शनको समयमा लगाइन्छ ।
nepali_dresses_augmented/tamang_dress/57_aug3.jpg,"A woman in a black and white dress standing next to a wall. This is the Tamang dress, the traditional attire of the Tamang community of Nepal. It is worn during festivals such as Sonam Lhosar and cultural performances.",नेपालको तामाङ समुदायको परम्परागत पोशाक तामाङको पोशाक हो । यो सोनाम लोसार जस्ता पर्व र सांस्कृतिक प्रदर्शनको समयमा लगाइन्छ ।
nepali_dresses_augmented/tamang_dress/58.jpg,"A woman in a red dress sitting on a bench. This is the Tamang dress, the traditional attire of the Tamang community of Nepal. It is worn during festivals such as Sonam Lhosar and cultural performances.","लाल रंगको पोशाकमा बैठी एक महिला. यो तामाङ पोशाक हो, नेपालको तामाङ समुदायको परम्परागत पोशाक हो। यो सोनम लोसार जस्ता पर्वहरूमा र सांस्कृतिक प्रदर्शनहरूमा लगाइन्छ।"
nepali_dresses_augmented/tamang_dress/58_aug1.jpg,"A woman in a red dress sitting on a bench. This is the Tamang dress, the traditional attire of the Tamang community of Nepal. It is worn during festivals such as Sonam Lhosar and cultural performances.","लाल रंगको पोशाकमा बैठी एक महिला. यो तामाङ पोशाक हो, नेपालको तामाङ समुदायको परम्परागत पोशाक हो। यो सोनम लोसार जस्ता पर्वहरूमा र सांस्कृतिक प्रदर्शनहरूमा लगाइन्छ।"
nepali_dresses_augmented/tamang_dress/58_aug2.jpg,"A woman in a red dress sitting on a bench. This is the Tamang dress, the traditional attire of the Tamang community of Nepal. It is worn during festivals such as Sonam Lhosar and cultural performances.","लाल रंगको पोशाकमा बैठी एक महिला. यो तामाङ पोशाक हो, नेपालको तामाङ समुदायको परम्परागत पोशाक हो। यो सोनम लोसार जस्ता पर्वहरूमा र सांस्कृतिक प्रदर्शनहरूमा लगाइन्छ।"
nepali_dresses_augmented/tamang_dress/58_aug3.jpg,"A woman in a red dress sitting on a bench. This is the Tamang dress, the traditional attire of the Tamang community of Nepal. It is worn during festivals such as Sonam Lhosar and cultural performances.","लाल रंगको पोशाकमा बैठी एक महिला. यो तामाङ पोशाक हो, नेपालको तामाङ समुदायको परम्परागत पोशाक हो। यो सोनम लोसार जस्ता पर्वहरूमा र सांस्कृतिक प्रदर्शनहरूमा लगाइन्छ।"
nepali_dresses_augmented/tamang_dress/59.jpg,"A little girl dressed in traditional costume. This is the Tamang dress, the traditional attire of the Tamang community of Nepal. It is worn during festivals such as Sonam Lhosar and cultural performances.","एक सानो केटी परम्परागत पोशाकमा लुगा लगाउँछिन्। यो तामाङ पोशाक हो, नेपालको तामाङ समुदायको परम्परागत पोशाक। यो सोनम लोसार जस्ता चाडहरूमा र सांस्कृतिक प्रदर्शनहरूमा लगाइन्छ।"
nepali_dresses_augmented/tamang_dress/59_aug1.jpg,"A little girl dressed in traditional costume. This is the Tamang dress, the traditional attire of the Tamang community of Nepal. It is worn during festivals such as Sonam Lhosar and cultural performances.","एक सानो केटी परम्परागत पोशाकमा लुगा लगाउँछिन्। यो तामाङ पोशाक हो, नेपालको तामाङ समुदायको परम्परागत पोशाक। यो सोनम लोसार जस्ता चाडहरूमा र सांस्कृतिक प्रदर्शनहरूमा लगाइन्छ।"
nepali_dresses_augmented/tamang_dress/59_aug2.jpg,"A little girl dressed in traditional costume. This is the Tamang dress, the traditional attire of the Tamang community of Nepal. It is worn during festivals such as Sonam Lhosar and cultural performances.","एक सानो केटी परम्परागत पोशाकमा लुगा लगाउँछिन्। यो तामाङ पोशाक हो, नेपालको तामाङ समुदायको परम्परागत पोशाक। यो सोनम लोसार जस्ता चाडहरूमा र सांस्कृतिक प्रदर्शनहरूमा लगाइन्छ।"
nepali_dresses_augmented/tamang_dress/59_aug3.jpg,"A little girl dressed in traditional costume. This is the Tamang dress, the traditional attire of the Tamang community of Nepal. It is worn during festivals such as Sonam Lhosar and cultural performances.","एक सानो केटी परम्परागत पोशाकमा लुगा लगाउँछिन्। यो तामाङ पोशाक हो, नेपालको तामाङ समुदायको परम्परागत पोशाक। यो सोनम लोसार जस्ता चाडहरूमा र सांस्कृतिक प्रदर्शनहरूमा लगाइन्छ।"
nepali_dresses_augmented/tamang_dress/5_aug1.jpg,"Two people are dressed in traditional clothing. This is the Tamang dress, the traditional attire of the Tamang community of Nepal. It is worn during festivals such as Sonam Lhosar and cultural performances.","दुई जनाले परम्परागत कपडा लगाएका छन्। यो तामाङ पोशाक हो, नेपालको तामाङ समुदायको परम्परागत पोशाक हो। यो सोनम लोसार जस्ता चाडहरूमा र सांस्कृतिक प्रदर्शनहरूमा लगाइन्छ।"
nepali_dresses_augmented/tamang_dress/5_aug2.jpg,"Two people are dressed in traditional clothing. This is the Tamang dress, the traditional attire of the Tamang community of Nepal. It is worn during festivals such as Sonam Lhosar and cultural performances.","दुई जनाले परम्परागत कपडा लगाएका छन्। यो तामाङ पोशाक हो, नेपालको तामाङ समुदायको परम्परागत पोशाक हो। यो सोनम लोसार जस्ता चाडहरूमा र सांस्कृतिक प्रदर्शनहरूमा लगाइन्छ।"
nepali_dresses_augmented/tamang_dress/5_aug3.jpg,"Two people are dressed in traditional clothing. This is the Tamang dress, the traditional attire of the Tamang community of Nepal. It is worn during festivals such as Sonam Lhosar and cultural performances.","दुई जनाले परम्परागत कपडा लगाएका छन्। यो तामाङ पोशाक हो, नेपालको तामाङ समुदायको परम्परागत पोशाक हो। यो सोनम लोसार जस्ता चाडहरूमा र सांस्कृतिक प्रदर्शनहरूमा लगाइन्छ।"
nepali_dresses_augmented/tamang_dress/5_aug4.jpg,"Two people are dressed in traditional clothing. This is the Tamang dress, the traditional attire of the Tamang community of Nepal. It is worn during festivals such as Sonam Lhosar and cultural performances.","दुई जनाले परम्परागत कपडा लगाएका छन्। यो तामाङ पोशाक हो, नेपालको तामाङ समुदायको परम्परागत पोशाक हो। यो सोनम लोसार जस्ता चाडहरूमा र सांस्कृतिक प्रदर्शनहरूमा लगाइन्छ।"
nepali_dresses_augmented/tamang_dress/6.jpg,"A woman in traditional costume. This is the Tamang dress, the traditional attire of the Tamang community of Nepal. It is worn during festivals such as Sonam Lhosar and cultural performances.","एक महिला परम्परागत पोशाकमा। यो तामाङ पोशाक हो, नेपालको तामाङ समुदायको परम्परागत पोशाक। यो सोनम लोसार जस्ता चाडहरूमा र सांस्कृतिक प्रदर्शनहरूमा लगाइन्छ।"
nepali_dresses_augmented/tamang_dress/60.jpg,"A little girl in a red dress and hat. This is the Tamang dress, the traditional attire of the Tamang community of Nepal. It is worn during festivals such as Sonam Lhosar and cultural performances.","एउटा सानो केटी रातो पोशाक र टोपीमा। यो तामाङ पोशाक हो, नेपालको तामाङ समुदायको परम्परागत पोशाक। यो सोनम लोसार जस्ता चाडहरूमा र सांस्कृतिक प्रदर्शनहरूमा लगाइन्छ।"
nepali_dresses_augmented/tamang_dress/60_aug1.jpg,"A little girl in a red dress and hat. This is the Tamang dress, the traditional attire of the Tamang community of Nepal. It is worn during festivals such as Sonam Lhosar and cultural performances.","एउटा सानो केटी रातो पोशाक र टोपीमा। यो तामाङ पोशाक हो, नेपालको तामाङ समुदायको परम्परागत पोशाक। यो सोनम लोसार जस्ता चाडहरूमा र सांस्कृतिक प्रदर्शनहरूमा लगाइन्छ।"
nepali_dresses_augmented/tamang_dress/60_aug2.jpg,"A little girl in a red dress and hat. This is the Tamang dress, the traditional attire of the Tamang community of Nepal. It is worn during festivals such as Sonam Lhosar and cultural performances.","एउटा सानो केटी रातो पोशाक र टोपीमा। यो तामाङ पोशाक हो, नेपालको तामाङ समुदायको परम्परागत पोशाक। यो सोनम लोसार जस्ता चाडहरूमा र सांस्कृतिक प्रदर्शनहरूमा लगाइन्छ।"
nepali_dresses_augmented/tamang_dress/60_aug3.jpg,"A little girl in a red dress and hat. This is the Tamang dress, the traditional attire of the Tamang community of Nepal. It is worn during festivals such as Sonam Lhosar and cultural performances.","एउटा सानो केटी रातो पोशाक र टोपीमा। यो तामाङ पोशाक हो, नेपालको तामाङ समुदायको परम्परागत पोशाक। यो सोनम लोसार जस्ता चाडहरूमा र सांस्कृतिक प्रदर्शनहरूमा लगाइन्छ।"
nepali_dresses_augmented/tamang_dress/61.jpg,"A little boy in a blue suit and hat. This is the Tamang dress, the traditional attire of the Tamang community of Nepal. It is worn during festivals such as Sonam Lhosar and cultural performances.","निलो सूट र टोपीमा सानो केटा। यो तामाङ पोशाक हो, नेपालको तामाङ समुदायको परम्परागत पोशाक। यो सोनम लोसार जस्ता चाडहरूमा र सांस्कृतिक प्रदर्शनहरूमा लगाइन्छ।"
nepali_dresses_augmented/tamang_dress/61_aug1.jpg,"A little boy in a blue suit and hat. This is the Tamang dress, the traditional attire of the Tamang community of Nepal. It is worn during festivals such as Sonam Lhosar and cultural performances.","निलो सूट र टोपीमा सानो केटा। यो तामाङ पोशाक हो, नेपालको तामाङ समुदायको परम्परागत पोशाक। यो सोनम लोसार जस्ता चाडहरूमा र सांस्कृतिक प्रदर्शनहरूमा लगाइन्छ।"
nepali_dresses_augmented/tamang_dress/61_aug2.jpg,"A little boy in a blue suit and hat. This is the Tamang dress, the traditional attire of the Tamang community of Nepal. It is worn during festivals such as Sonam Lhosar and cultural performances.","निलो सूट र टोपीमा सानो केटा। यो तामाङ पोशाक हो, नेपालको तामाङ समुदायको परम्परागत पोशाक। यो सोनम लोसार जस्ता चाडहरूमा र सांस्कृतिक प्रदर्शनहरूमा लगाइन्छ।"
nepali_dresses_augmented/tamang_dress/61_aug3.jpg,"A little boy in a blue suit and hat. This is the Tamang dress, the traditional attire of the Tamang community of Nepal. It is worn during festivals such as Sonam Lhosar and cultural performances.","निलो सूट र टोपीमा सानो केटा। यो तामाङ पोशाक हो, नेपालको तामाङ समुदायको परम्परागत पोशाक। यो सोनम लोसार जस्ता चाडहरूमा र सांस्कृतिक प्रदर्शनहरूमा लगाइन्छ।"
nepali_dresses_augmented/tamang_dress/62.jpg,"A young girl in traditional costume with painted face and headbands at the annual festival - stock photo. This is the Tamang dress, the traditional attire of the Tamang community of Nepal. It is worn during festivals such as Sonam Lhosar and cultural performances.",नेपालको तामाङ समुदायको परम्परागत पोशाक तामाङको पोशाक हो । यो सोनाम ल्होसार जस्ता पर्व तथा सांस्कृतिक प्रदर्शनमा लगाइन्छ ।
nepali_dresses_augmented/tamang_dress/62_aug1.jpg,"A young girl in traditional costume with painted face and headbands at the annual festival - stock photo. This is the Tamang dress, the traditional attire of the Tamang community of Nepal. It is worn during festivals such as Sonam Lhosar and cultural performances.",नेपालको तामाङ समुदायको परम्परागत पोशाक तामाङको पोशाक हो । यो सोनाम ल्होसार जस्ता पर्व तथा सांस्कृतिक प्रदर्शनमा लगाइन्छ ।
nepali_dresses_augmented/tamang_dress/62_aug2.jpg,"A young girl in traditional costume with painted face and headbands at the annual festival - stock photo. This is the Tamang dress, the traditional attire of the Tamang community of Nepal. It is worn during festivals such as Sonam Lhosar and cultural performances.",नेपालको तामाङ समुदायको परम्परागत पोशाक तामाङको पोशाक हो । यो सोनाम ल्होसार जस्ता पर्व तथा सांस्कृतिक प्रदर्शनमा लगाइन्छ ।
nepali_dresses_augmented/tamang_dress/62_aug3.jpg,"A young girl in traditional costume with painted face and headbands at the annual festival - stock photo. This is the Tamang dress, the traditional attire of the Tamang community of Nepal. It is worn during festivals such as Sonam Lhosar and cultural performances.",नेपालको तामाङ समुदायको परम्परागत पोशाक तामाङको पोशाक हो । यो सोनाम ल्होसार जस्ता पर्व तथा सांस्कृतिक प्रदर्शनमा लगाइन्छ ।
nepali_dresses_augmented/tamang_dress/63.jpg,"Two women sitting in front of a pile of clothes. This is the Tamang dress, the traditional attire of the Tamang community of Nepal. It is worn during festivals such as Sonam Lhosar and cultural performances.","दुई महिला कपडाको ढुङ्गाको अगाडि बसिरहेका छन्। यो तामाङ पोशाक हो, नेपालको तामाङ समुदायको परम्परागत पोशाक हो। यो सोनम लोसार जस्ता चाडहरूमा र सांस्कृतिक प्रदर्शनहरूमा लगाइन्छ।"
nepali_dresses_augmented/tamang_dress/63_aug1.jpg,"Two women sitting in front of a pile of clothes. This is the Tamang dress, the traditional attire of the Tamang community of Nepal. It is worn during festivals such as Sonam Lhosar and cultural performances.","दुई महिला कपडाको ढुङ्गाको अगाडि बसिरहेका छन्। यो तामाङ पोशाक हो, नेपालको तामाङ समुदायको परम्परागत पोशाक हो। यो सोनम लोसार जस्ता चाडहरूमा र सांस्कृतिक प्रदर्शनहरूमा लगाइन्छ।"
nepali_dresses_augmented/tamang_dress/63_aug2.jpg,"Two women sitting in front of a pile of clothes. This is the Tamang dress, the traditional attire of the Tamang community of Nepal. It is worn during festivals such as Sonam Lhosar and cultural performances.","दुई महिला कपडाको ढुङ्गाको अगाडि बसिरहेका छन्। यो तामाङ पोशाक हो, नेपालको तामाङ समुदायको परम्परागत पोशाक हो। यो सोनम लोसार जस्ता चाडहरूमा र सांस्कृतिक प्रदर्शनहरूमा लगाइन्छ।"
nepali_dresses_augmented/tamang_dress/63_aug3.jpg,"Two women sitting in front of a pile of clothes. This is the Tamang dress, the traditional attire of the Tamang community of Nepal. It is worn during festivals such as Sonam Lhosar and cultural performances.","दुई महिला कपडाको ढुङ्गाको अगाडि बसिरहेका छन्। यो तामाङ पोशाक हो, नेपालको तामाङ समुदायको परम्परागत पोशाक हो। यो सोनम लोसार जस्ता चाडहरूमा र सांस्कृतिक प्रदर्शनहरूमा लगाइन्छ।"
nepali_dresses_augmented/tamang_dress/64.jpg,"A woman in a traditional costume. This is the Tamang dress, the traditional attire of the Tamang community of Nepal. It is worn during festivals such as Sonam Lhosar and cultural performances.","एक महिला परम्परागत पोशाकमा। यो तामाङ पोशाक हो, नेपालको तामाङ समुदायको परम्परागत पोशाक। यो सोनम लोसार जस्ता चाडहरूमा र सांस्कृतिक प्रदर्शनहरूमा लगाइन्छ।"
nepali_dresses_augmented/tamang_dress/64_aug1.jpg,"A woman in a traditional costume. This is the Tamang dress, the traditional attire of the Tamang community of Nepal. It is worn during festivals such as Sonam Lhosar and cultural performances.","एक महिला परम्परागत पोशाकमा। यो तामाङ पोशाक हो, नेपालको तामाङ समुदायको परम्परागत पोशाक। यो सोनम लोसार जस्ता चाडहरूमा र सांस्कृतिक प्रदर्शनहरूमा लगाइन्छ।"
nepali_dresses_augmented/tamang_dress/64_aug2.jpg,"A woman in a traditional costume. This is the Tamang dress, the traditional attire of the Tamang community of Nepal. It is worn during festivals such as Sonam Lhosar and cultural performances.","एक महिला परम्परागत पोशाकमा। यो तामाङ पोशाक हो, नेपालको तामाङ समुदायको परम्परागत पोशाक। यो सोनम लोसार जस्ता चाडहरूमा र सांस्कृतिक प्रदर्शनहरूमा लगाइन्छ।"
nepali_dresses_augmented/tamang_dress/64_aug3.jpg,"A woman in a traditional costume. This is the Tamang dress, the traditional attire of the Tamang community of Nepal. It is worn during festivals such as Sonam Lhosar and cultural performances.","एक महिला परम्परागत पोशाकमा। यो तामाङ पोशाक हो, नेपालको तामाङ समुदायको परम्परागत पोशाक। यो सोनम लोसार जस्ता चाडहरूमा र सांस्कृतिक प्रदर्शनहरूमा लगाइन्छ।"
nepali_dresses_augmented/tamang_dress/65.jpg,"A woman in traditional dress. This is the Tamang dress, the traditional attire of the Tamang community of Nepal. It is worn during festivals such as Sonam Lhosar and cultural performances.","एक महिला परम्परागत पोशाकमा। यो तामाङ पोशाक हो, नेपालको तामाङ समुदायको परम्परागत पोशाक। यो सोनम लोसार जस्ता चाडहरूमा र सांस्कृतिक प्रदर्शनहरूमा लगाइन्छ।"
nepali_dresses_augmented/tamang_dress/65_aug1.jpg,"A woman in traditional dress. This is the Tamang dress, the traditional attire of the Tamang community of Nepal. It is worn during festivals such as Sonam Lhosar and cultural performances.","एक महिला परम्परागत पोशाकमा। यो तामाङ पोशाक हो, नेपालको तामाङ समुदायको परम्परागत पोशाक। यो सोनम लोसार जस्ता चाडहरूमा र सांस्कृतिक प्रदर्शनहरूमा लगाइन्छ।"
nepali_dresses_augmented/tamang_dress/65_aug2.jpg,"A woman in traditional dress. This is the Tamang dress, the traditional attire of the Tamang community of Nepal. It is worn during festivals such as Sonam Lhosar and cultural performances.","एक महिला परम्परागत पोशाकमा। यो तामाङ पोशाक हो, नेपालको तामाङ समुदायको परम्परागत पोशाक। यो सोनम लोसार जस्ता चाडहरूमा र सांस्कृतिक प्रदर्शनहरूमा लगाइन्छ।"
nepali_dresses_augmented/tamang_dress/65_aug3.jpg,"A woman in traditional dress. This is the Tamang dress, the traditional attire of the Tamang community of Nepal. It is worn during festivals such as Sonam Lhosar and cultural performances.","एक महिला परम्परागत पोशाकमा। यो तामाङ पोशाक हो, नेपालको तामाङ समुदायको परम्परागत पोशाक। यो सोनम लोसार जस्ता चाडहरूमा र सांस्कृतिक प्रदर्शनहरूमा लगाइन्छ।"
nepali_dresses_augmented/tamang_dress/66.jpg,"Two women in traditional clothing stand next to each other women. This is the Tamang dress, the traditional attire of the Tamang community of Nepal. It is worn during festivals such as Sonam Lhosar and cultural performances.","दुई महिला परम्परागत कपडामा एक अर्काको छेउमा उभिएका छन्। यो तामाङ पोशाक हो, नेपालको तामाङ समुदायको परम्परागत पोशाक हो। यो सोनम लोसार जस्ता चाडहरूमा र सांस्कृतिक प्रदर्शनहरूमा लगाइन्छ।"
nepali_dresses_augmented/tamang_dress/66_aug1.jpg,"Two women in traditional clothing stand next to each other women. This is the Tamang dress, the traditional attire of the Tamang community of Nepal. It is worn during festivals such as Sonam Lhosar and cultural performances.","दुई महिला परम्परागत कपडामा एक अर्काको छेउमा उभिएका छन्। यो तामाङ पोशाक हो, नेपालको तामाङ समुदायको परम्परागत पोशाक हो। यो सोनम लोसार जस्ता चाडहरूमा र सांस्कृतिक प्रदर्शनहरूमा लगाइन्छ।"
nepali_dresses_augmented/tamang_dress/66_aug2.jpg,"Two women in traditional clothing stand next to each other women. This is the Tamang dress, the traditional attire of the Tamang community of Nepal. It is worn during festivals such as Sonam Lhosar and cultural performances.","दुई महिला परम्परागत कपडामा एक अर्काको छेउमा उभिएका छन्। यो तामाङ पोशाक हो, नेपालको तामाङ समुदायको परम्परागत पोशाक हो। यो सोनम लोसार जस्ता चाडहरूमा र सांस्कृतिक प्रदर्शनहरूमा लगाइन्छ।"
nepali_dresses_augmented/tamang_dress/66_aug3.jpg,"Two women in traditional clothing stand next to each other women. This is the Tamang dress, the traditional attire of the Tamang community of Nepal. It is worn during festivals such as Sonam Lhosar and cultural performances.","दुई महिला परम्परागत कपडामा एक अर्काको छेउमा उभिएका छन्। यो तामाङ पोशाक हो, नेपालको तामाङ समुदायको परम्परागत पोशाक हो। यो सोनम लोसार जस्ता चाडहरूमा र सांस्कृतिक प्रदर्शनहरूमा लगाइन्छ।"
nepali_dresses_augmented/tamang_dress/67.jpg,"A young boy wearing a suit and bow tie. This is the Tamang dress, the traditional attire of the Tamang community of Nepal. It is worn during festivals such as Sonam Lhosar and cultural performances.","यो तामाङ पोशाक हो, नेपालको तामाङ समुदायको परम्परागत पोशाक हो। यो सोनाम लोसार जस्ता पर्वहरूमा र सांस्कृतिक प्रदर्शनहरूमा लगाइन्छ।"
nepali_dresses_augmented/tamang_dress/67_aug1.jpg,"A young boy wearing a suit and bow tie. This is the Tamang dress, the traditional attire of the Tamang community of Nepal. It is worn during festivals such as Sonam Lhosar and cultural performances.","यो तामाङ पोशाक हो, नेपालको तामाङ समुदायको परम्परागत पोशाक हो। यो सोनाम लोसार जस्ता पर्वहरूमा र सांस्कृतिक प्रदर्शनहरूमा लगाइन्छ।"
nepali_dresses_augmented/tamang_dress/67_aug2.jpg,"A young boy wearing a suit and bow tie. This is the Tamang dress, the traditional attire of the Tamang community of Nepal. It is worn during festivals such as Sonam Lhosar and cultural performances.","यो तामाङ पोशाक हो, नेपालको तामाङ समुदायको परम्परागत पोशाक हो। यो सोनाम लोसार जस्ता पर्वहरूमा र सांस्कृतिक प्रदर्शनहरूमा लगाइन्छ।"
nepali_dresses_augmented/tamang_dress/67_aug3.jpg,"A young boy wearing a suit and bow tie. This is the Tamang dress, the traditional attire of the Tamang community of Nepal. It is worn during festivals such as Sonam Lhosar and cultural performances.","यो तामाङ पोशाक हो, नेपालको तामाङ समुदायको परम्परागत पोशाक हो। यो सोनाम लोसार जस्ता पर्वहरूमा र सांस्कृतिक प्रदर्शनहरूमा लगाइन्छ।"
nepali_dresses_augmented/tamang_dress/68.jpg,"A woman in traditional costume. This is the Tamang dress, the traditional attire of the Tamang community of Nepal. It is worn during festivals such as Sonam Lhosar and cultural performances.","एक महिला परम्परागत पोशाकमा। यो तामाङ पोशाक हो, नेपालको तामाङ समुदायको परम्परागत पोशाक। यो सोनम लोसार जस्ता चाडहरूमा र सांस्कृतिक प्रदर्शनहरूमा लगाइन्छ।"
nepali_dresses_augmented/tamang_dress/68_aug1.jpg,"A woman in traditional costume. This is the Tamang dress, the traditional attire of the Tamang community of Nepal. It is worn during festivals such as Sonam Lhosar and cultural performances.","एक महिला परम्परागत पोशाकमा। यो तामाङ पोशाक हो, नेपालको तामाङ समुदायको परम्परागत पोशाक। यो सोनम लोसार जस्ता चाडहरूमा र सांस्कृतिक प्रदर्शनहरूमा लगाइन्छ।"
nepali_dresses_augmented/tamang_dress/68_aug2.jpg,"A woman in traditional costume. This is the Tamang dress, the traditional attire of the Tamang community of Nepal. It is worn during festivals such as Sonam Lhosar and cultural performances.","एक महिला परम्परागत पोशाकमा। यो तामाङ पोशाक हो, नेपालको तामाङ समुदायको परम्परागत पोशाक। यो सोनम लोसार जस्ता चाडहरूमा र सांस्कृतिक प्रदर्शनहरूमा लगाइन्छ।"
nepali_dresses_augmented/tamang_dress/68_aug3.jpg,"A woman in traditional costume. This is the Tamang dress, the traditional attire of the Tamang community of Nepal. It is worn during festivals such as Sonam Lhosar and cultural performances.","एक महिला परम्परागत पोशाकमा। यो तामाङ पोशाक हो, नेपालको तामाङ समुदायको परम्परागत पोशाक। यो सोनम लोसार जस्ता चाडहरूमा र सांस्कृतिक प्रदर्शनहरूमा लगाइन्छ।"
nepali_dresses_augmented/tamang_dress/69.jpg,"A young girl in traditional clothing. This is the Tamang dress, the traditional attire of the Tamang community of Nepal. It is worn during festivals such as Sonam Lhosar and cultural performances.","एक युवती परम्परागत कपडामा। यो तामाङ पोशाक हो, नेपालको तामाङ समुदायको परम्परागत पोशाक। यो सोनम लोसार जस्ता चाडहरूमा र सांस्कृतिक प्रदर्शनहरूमा लगाइन्छ।"
nepali_dresses_augmented/tamang_dress/69_aug1.jpg,"A young girl in traditional clothing. This is the Tamang dress, the traditional attire of the Tamang community of Nepal. It is worn during festivals such as Sonam Lhosar and cultural performances.","एक युवती परम्परागत कपडामा। यो तामाङ पोशाक हो, नेपालको तामाङ समुदायको परम्परागत पोशाक। यो सोनम लोसार जस्ता चाडहरूमा र सांस्कृतिक प्रदर्शनहरूमा लगाइन्छ।"
nepali_dresses_augmented/tamang_dress/69_aug2.jpg,"A young girl in traditional clothing. This is the Tamang dress, the traditional attire of the Tamang community of Nepal. It is worn during festivals such as Sonam Lhosar and cultural performances.","एक युवती परम्परागत कपडामा। यो तामाङ पोशाक हो, नेपालको तामाङ समुदायको परम्परागत पोशाक। यो सोनम लोसार जस्ता चाडहरूमा र सांस्कृतिक प्रदर्शनहरूमा लगाइन्छ।"
nepali_dresses_augmented/tamang_dress/69_aug3.jpg,"A young girl in traditional clothing. This is the Tamang dress, the traditional attire of the Tamang community of Nepal. It is worn during festivals such as Sonam Lhosar and cultural performances.","एक युवती परम्परागत कपडामा। यो तामाङ पोशाक हो, नेपालको तामाङ समुदायको परम्परागत पोशाक। यो सोनम लोसार जस्ता चाडहरूमा र सांस्कृतिक प्रदर्शनहरूमा लगाइन्छ।"
nepali_dresses_augmented/tamang_dress/6_aug1.jpg,"A woman in traditional costume. This is the Tamang dress, the traditional attire of the Tamang community of Nepal. It is worn during festivals such as Sonam Lhosar and cultural performances.","एक महिला परम्परागत पोशाकमा। यो तामाङ पोशाक हो, नेपालको तामाङ समुदायको परम्परागत पोशाक। यो सोनम लोसार जस्ता चाडहरूमा र सांस्कृतिक प्रदर्शनहरूमा लगाइन्छ।"
nepali_dresses_augmented/tamang_dress/6_aug2.jpg,"A woman in traditional costume. This is the Tamang dress, the traditional attire of the Tamang community of Nepal. It is worn during festivals such as Sonam Lhosar and cultural performances.","एक महिला परम्परागत पोशाकमा। यो तामाङ पोशाक हो, नेपालको तामाङ समुदायको परम्परागत पोशाक। यो सोनम लोसार जस्ता चाडहरूमा र सांस्कृतिक प्रदर्शनहरूमा लगाइन्छ।"
nepali_dresses_augmented/tamang_dress/6_aug3.jpg,"A woman in traditional costume. This is the Tamang dress, the traditional attire of the Tamang community of Nepal. It is worn during festivals such as Sonam Lhosar and cultural performances.","एक महिला परम्परागत पोशाकमा। यो तामाङ पोशाक हो, नेपालको तामाङ समुदायको परम्परागत पोशाक। यो सोनम लोसार जस्ता चाडहरूमा र सांस्कृतिक प्रदर्शनहरूमा लगाइन्छ।"
nepali_dresses_augmented/tamang_dress/6_aug4.jpg,"A woman in traditional costume. This is the Tamang dress, the traditional attire of the Tamang community of Nepal. It is worn during festivals such as Sonam Lhosar and cultural performances.","एक महिला परम्परागत पोशाकमा। यो तामाङ पोशाक हो, नेपालको तामाङ समुदायको परम्परागत पोशाक। यो सोनम लोसार जस्ता चाडहरूमा र सांस्कृतिक प्रदर्शनहरूमा लगाइन्छ।"
nepali_dresses_augmented/tamang_dress/7.jpg,"A group of people dressed in traditional clothing. This is the Tamang dress, the traditional attire of the Tamang community of Nepal. It is worn during festivals such as Sonam Lhosar and cultural performances.",नेपालको तामाङ समुदायको परम्परागत पोशाक तामाङ समुदायको परम्परागत पोशाक तामाङ समुदायको परम्परागत पोशाक तामाङ समुदायको परम्परागत पोशाक तामाङ समुदायको परम्परागत पोशाक तामाङ समुदायको परम्परागत पोशाक तामाङ समुदायको परम्परागत पोशाक तामाङ समुदायको परम्परागत पोशाक तामाङ समुदायको परम्परागत पोशाक तामाङ समुदायको परम्परागत पोशाक तामाङ समुदायको परम्परागत पोशाक तामाङ समुदायको परम्परागत पोशाक तामाङ समुदायको परम्परागत पोशाक तामाङ समुदायको परम्परागत पोशाक तामाङ समुदायको परम्परागत पोशाक तामाङ समुदायको परम्परागत पोशाक तामाङ समुदायको परम्परागत पोशाक तामाङ समुदायको परम्परागत पोशाक तामाङ समुदायको परम्परागत पोशाक तामाङ समुदायको परम्परागत पोशाक तामाङ समुदायको परम्परागत पोशाक तामाङ समुदायको परम्परा
nepali_dresses_augmented/tamang_dress/70.jpg,"A group of women in traditional dress walking down the street. This is the Tamang dress, the traditional attire of the Tamang community of Nepal. It is worn during festivals such as Sonam Lhosar and cultural performances.","परम्परागत पोशाकमा सडकमा हिड्ने महिलाहरूको समूह। यो तामाङ पोशाक हो, नेपालको तामाङ समुदायको परम्परागत पोशाक। यो सोनम लोसार जस्ता चाडहरूमा र सांस्कृतिक प्रदर्शनहरूमा लगाइन्छ।"
nepali_dresses_augmented/tamang_dress/70_aug1.jpg,"A group of women in traditional dress walking down the street. This is the Tamang dress, the traditional attire of the Tamang community of Nepal. It is worn during festivals such as Sonam Lhosar and cultural performances.","परम्परागत पोशाकमा सडकमा हिड्ने महिलाहरूको समूह। यो तामाङ पोशाक हो, नेपालको तामाङ समुदायको परम्परागत पोशाक। यो सोनम लोसार जस्ता चाडहरूमा र सांस्कृतिक प्रदर्शनहरूमा लगाइन्छ।"
nepali_dresses_augmented/tamang_dress/70_aug2.jpg,"A group of women in traditional dress walking down the street. This is the Tamang dress, the traditional attire of the Tamang community of Nepal. It is worn during festivals such as Sonam Lhosar and cultural performances.","परम्परागत पोशाकमा सडकमा हिड्ने महिलाहरूको समूह। यो तामाङ पोशाक हो, नेपालको तामाङ समुदायको परम्परागत पोशाक। यो सोनम लोसार जस्ता चाडहरूमा र सांस्कृतिक प्रदर्शनहरूमा लगाइन्छ।"
nepali_dresses_augmented/tamang_dress/70_aug3.jpg,"A group of women in traditional dress walking down the street. This is the Tamang dress, the traditional attire of the Tamang community of Nepal. It is worn during festivals such as Sonam Lhosar and cultural performances.","परम्परागत पोशाकमा सडकमा हिड्ने महिलाहरूको समूह। यो तामाङ पोशाक हो, नेपालको तामाङ समुदायको परम्परागत पोशाक। यो सोनम लोसार जस्ता चाडहरूमा र सांस्कृतिक प्रदर्शनहरूमा लगाइन्छ।"
nepali_dresses_augmented/tamang_dress/71.jpg,"A group of women in traditional costumes. This is the Tamang dress, the traditional attire of the Tamang community of Nepal. It is worn during festivals such as Sonam Lhosar and cultural performances.","परम्परागत पोशाकमा महिलाहरूको समूह। यो तामाङ पोशाक हो, नेपालको तामाङ समुदायको परम्परागत पोशाक। यो सोनम लोसार जस्ता चाडहरूमा र सांस्कृतिक प्रदर्शनहरूमा लगाइन्छ।"
nepali_dresses_augmented/tamang_dress/71_aug1.jpg,"A group of women in traditional costumes. This is the Tamang dress, the traditional attire of the Tamang community of Nepal. It is worn during festivals such as Sonam Lhosar and cultural performances.","परम्परागत पोशाकमा महिलाहरूको समूह। यो तामाङ पोशाक हो, नेपालको तामाङ समुदायको परम्परागत पोशाक। यो सोनम लोसार जस्ता चाडहरूमा र सांस्कृतिक प्रदर्शनहरूमा लगाइन्छ।"
nepali_dresses_augmented/tamang_dress/71_aug2.jpg,"A group of women in traditional costumes. This is the Tamang dress, the traditional attire of the Tamang community of Nepal. It is worn during festivals such as Sonam Lhosar and cultural performances.","परम्परागत पोशाकमा महिलाहरूको समूह। यो तामाङ पोशाक हो, नेपालको तामाङ समुदायको परम्परागत पोशाक। यो सोनम लोसार जस्ता चाडहरूमा र सांस्कृतिक प्रदर्शनहरूमा लगाइन्छ।"
nepali_dresses_augmented/tamang_dress/71_aug3.jpg,"A group of women in traditional costumes. This is the Tamang dress, the traditional attire of the Tamang community of Nepal. It is worn during festivals such as Sonam Lhosar and cultural performances.","परम्परागत पोशाकमा महिलाहरूको समूह। यो तामाङ पोशाक हो, नेपालको तामाङ समुदायको परम्परागत पोशाक। यो सोनम लोसार जस्ता चाडहरूमा र सांस्कृतिक प्रदर्शनहरूमा लगाइन्छ।"
nepali_dresses_augmented/tamang_dress/72.jpg,"A group of people dressed in traditional costumes. This is the Tamang dress, the traditional attire of the Tamang community of Nepal. It is worn during festivals such as Sonam Lhosar and cultural performances.",नेपालको तामाङ समुदायको परम्परागत पोशाक तामाङ समुदायको परम्परागत पोशाक तामाङ समुदायको परम्परागत पोशाक तामाङ समुदायको परम्परागत पोशाक तामाङ समुदायको परम्परागत पोशाक तामाङ समुदायको परम्परागत पोशाक तामाङ समुदायको परम्परागत पोशाक तामाङ समुदायको परम्परागत पोशाक तामाङ समुदायको परम्परागत पोशाक तामाङ समुदायको परम्परागत पोशाक तामाङ समुदायको परम्परागत पोशाक तामाङ समुदायको परम्परागत पोशाक तामाङ समुदायको परम्परागत पोशाक तामाङ समुदायको परम्परागत पोशाक तामाङ समुदायको परम्परागत पोशाक तामाङ समुदायको परम्परागत पोशाक तामाङ समुदायको परम्परागत पोशाक तामाङ समुदायको परम्परागत पोशाक तामाङ समुदायको परम्परागत पोशाक तामाङ समुदायको परम्परागत पोशाक तामाङ समुदायको परम्परागत पोशाक तामाङ समुदायको परम्परा
nepali_dresses_augmented/tamang_dress/72_aug1.jpg,"A group of people dressed in traditional costumes. This is the Tamang dress, the traditional attire of the Tamang community of Nepal. It is worn during festivals such as Sonam Lhosar and cultural performances.",नेपालको तामाङ समुदायको परम्परागत पोशाक तामाङ समुदायको परम्परागत पोशाक तामाङ समुदायको परम्परागत पोशाक तामाङ समुदायको परम्परागत पोशाक तामाङ समुदायको परम्परागत पोशाक तामाङ समुदायको परम्परागत पोशाक तामाङ समुदायको परम्परागत पोशाक तामाङ समुदायको परम्परागत पोशाक तामाङ समुदायको परम्परागत पोशाक तामाङ समुदायको परम्परागत पोशाक तामाङ समुदायको परम्परागत पोशाक तामाङ समुदायको परम्परागत पोशाक तामाङ समुदायको परम्परागत पोशाक तामाङ समुदायको परम्परागत पोशाक तामाङ समुदायको परम्परागत पोशाक तामाङ समुदायको परम्परागत पोशाक तामाङ समुदायको परम्परागत पोशाक तामाङ समुदायको परम्परागत पोशाक तामाङ समुदायको परम्परागत पोशाक तामाङ समुदायको परम्परागत पोशाक तामाङ समुदायको परम्परागत पोशाक तामाङ समुदायको परम्परा
nepali_dresses_augmented/tamang_dress/72_aug2.jpg,"A group of people dressed in traditional costumes. This is the Tamang dress, the traditional attire of the Tamang community of Nepal. It is worn during festivals such as Sonam Lhosar and cultural performances.",नेपालको तामाङ समुदायको परम्परागत पोशाक तामाङ समुदायको परम्परागत पोशाक तामाङ समुदायको परम्परागत पोशाक तामाङ समुदायको परम्परागत पोशाक तामाङ समुदायको परम्परागत पोशाक तामाङ समुदायको परम्परागत पोशाक तामाङ समुदायको परम्परागत पोशाक तामाङ समुदायको परम्परागत पोशाक तामाङ समुदायको परम्परागत पोशाक तामाङ समुदायको परम्परागत पोशाक तामाङ समुदायको परम्परागत पोशाक तामाङ समुदायको परम्परागत पोशाक तामाङ समुदायको परम्परागत पोशाक तामाङ समुदायको परम्परागत पोशाक तामाङ समुदायको परम्परागत पोशाक तामाङ समुदायको परम्परागत पोशाक तामाङ समुदायको परम्परागत पोशाक तामाङ समुदायको परम्परागत पोशाक तामाङ समुदायको परम्परागत पोशाक तामाङ समुदायको परम्परागत पोशाक तामाङ समुदायको परम्परागत पोशाक तामाङ समुदायको परम्परा
nepali_dresses_augmented/tamang_dress/72_aug3.jpg,"A group of people dressed in traditional costumes. This is the Tamang dress, the traditional attire of the Tamang community of Nepal. It is worn during festivals such as Sonam Lhosar and cultural performances.",नेपालको तामाङ समुदायको परम्परागत पोशाक तामाङ समुदायको परम्परागत पोशाक तामाङ समुदायको परम्परागत पोशाक तामाङ समुदायको परम्परागत पोशाक तामाङ समुदायको परम्परागत पोशाक तामाङ समुदायको परम्परागत पोशाक तामाङ समुदायको परम्परागत पोशाक तामाङ समुदायको परम्परागत पोशाक तामाङ समुदायको परम्परागत पोशाक तामाङ समुदायको परम्परागत पोशाक तामाङ समुदायको परम्परागत पोशाक तामाङ समुदायको परम्परागत पोशाक तामाङ समुदायको परम्परागत पोशाक तामाङ समुदायको परम्परागत पोशाक तामाङ समुदायको परम्परागत पोशाक तामाङ समुदायको परम्परागत पोशाक तामाङ समुदायको परम्परागत पोशाक तामाङ समुदायको परम्परागत पोशाक तामाङ समुदायको परम्परागत पोशाक तामाङ समुदायको परम्परागत पोशाक तामाङ समुदायको परम्परागत पोशाक तामाङ समुदायको परम्परा
nepali_dresses_augmented/tamang_dress/73.jpg,"A group of young girls playing drums in the street during a festival in india - stock image. This is the Tamang dress, the traditional attire of the Tamang community of Nepal. It is worn during festivals such as Sonam Lhosar and cultural performances.",नेपालको तामाङ समुदायको परम्परागत पोशाक तामाङको पोशाक हो । यो सोनाम ल्होसर जस्ता पर्व र सांस्कृतिक प्रदर्शनको समयमा लगाइन्छ ।
nepali_dresses_augmented/tamang_dress/73_aug1.jpg,"A group of young girls playing drums in the street during a festival in india - stock image. This is the Tamang dress, the traditional attire of the Tamang community of Nepal. It is worn during festivals such as Sonam Lhosar and cultural performances.",नेपालको तामाङ समुदायको परम्परागत पोशाक तामाङको पोशाक हो । यो सोनाम ल्होसर जस्ता पर्व र सांस्कृतिक प्रदर्शनको समयमा लगाइन्छ ।
nepali_dresses_augmented/tamang_dress/73_aug2.jpg,"A group of young girls playing drums in the street during a festival in india - stock image. This is the Tamang dress, the traditional attire of the Tamang community of Nepal. It is worn during festivals such as Sonam Lhosar and cultural performances.",नेपालको तामाङ समुदायको परम्परागत पोशाक तामाङको पोशाक हो । यो सोनाम ल्होसर जस्ता पर्व र सांस्कृतिक प्रदर्शनको समयमा लगाइन्छ ।
nepali_dresses_augmented/tamang_dress/73_aug3.jpg,"A group of young girls playing drums in the street during a festival in india - stock image. This is the Tamang dress, the traditional attire of the Tamang community of Nepal. It is worn during festivals such as Sonam Lhosar and cultural performances.",नेपालको तामाङ समुदायको परम्परागत पोशाक तामाङको पोशाक हो । यो सोनाम ल्होसर जस्ता पर्व र सांस्कृतिक प्रदर्शनको समयमा लगाइन्छ ।
nepali_dresses_augmented/tamang_dress/74.jpg,"A group of women in red and blue dresses holding drums. This is the Tamang dress, the traditional attire of the Tamang community of Nepal. It is worn during festivals such as Sonam Lhosar and cultural performances.",नेपालको तामाङ समुदायको परम्परागत पोशाक तामाङ पोशाक हो । यो सोनाम लोसार जस्ता पर्व तथा सांस्कृतिक प्रदर्शनको समयमा लगाइन्छ ।
nepali_dresses_augmented/tamang_dress/74_aug1.jpg,"A group of women in red and blue dresses holding drums. This is the Tamang dress, the traditional attire of the Tamang community of Nepal. It is worn during festivals such as Sonam Lhosar and cultural performances.",नेपालको तामाङ समुदायको परम्परागत पोशाक तामाङ पोशाक हो । यो सोनाम लोसार जस्ता पर्व तथा सांस्कृतिक प्रदर्शनको समयमा लगाइन्छ ।
nepali_dresses_augmented/tamang_dress/74_aug2.jpg,"A group of women in red and blue dresses holding drums. This is the Tamang dress, the traditional attire of the Tamang community of Nepal. It is worn during festivals such as Sonam Lhosar and cultural performances.",नेपालको तामाङ समुदायको परम्परागत पोशाक तामाङ पोशाक हो । यो सोनाम लोसार जस्ता पर्व तथा सांस्कृतिक प्रदर्शनको समयमा लगाइन्छ ।
nepali_dresses_augmented/tamang_dress/74_aug3.jpg,"A group of women in red and blue dresses holding drums. This is the Tamang dress, the traditional attire of the Tamang community of Nepal. It is worn during festivals such as Sonam Lhosar and cultural performances.",नेपालको तामाङ समुदायको परम्परागत पोशाक तामाङ पोशाक हो । यो सोनाम लोसार जस्ता पर्व तथा सांस्कृतिक प्रदर्शनको समयमा लगाइन्छ ।
nepali_dresses_augmented/tamang_dress/75.jpg,"A group of young girls in traditional costumes. This is the Tamang dress, the traditional attire of the Tamang community of Nepal. It is worn during festivals such as Sonam Lhosar and cultural performances.","परम्परागत पोशाकमा युवा युवतीहरूको समूह। यो तामाङ पोशाक हो, नेपालको तामाङ समुदायको परम्परागत पोशाक। यो सोनम लोसार जस्ता चाडहरूमा र सांस्कृतिक प्रदर्शनहरूमा लगाइन्छ।"
nepali_dresses_augmented/tamang_dress/75_aug1.jpg,"A group of young girls in traditional costumes. This is the Tamang dress, the traditional attire of the Tamang community of Nepal. It is worn during festivals such as Sonam Lhosar and cultural performances.","परम्परागत पोशाकमा युवा युवतीहरूको समूह। यो तामाङ पोशाक हो, नेपालको तामाङ समुदायको परम्परागत पोशाक। यो सोनम लोसार जस्ता चाडहरूमा र सांस्कृतिक प्रदर्शनहरूमा लगाइन्छ।"
nepali_dresses_augmented/tamang_dress/75_aug2.jpg,"A group of young girls in traditional costumes. This is the Tamang dress, the traditional attire of the Tamang community of Nepal. It is worn during festivals such as Sonam Lhosar and cultural performances.","परम्परागत पोशाकमा युवा युवतीहरूको समूह। यो तामाङ पोशाक हो, नेपालको तामाङ समुदायको परम्परागत पोशाक। यो सोनम लोसार जस्ता चाडहरूमा र सांस्कृतिक प्रदर्शनहरूमा लगाइन्छ।"
nepali_dresses_augmented/tamang_dress/75_aug3.jpg,"A group of young girls in traditional costumes. This is the Tamang dress, the traditional attire of the Tamang community of Nepal. It is worn during festivals such as Sonam Lhosar and cultural performances.","परम्परागत पोशाकमा युवा युवतीहरूको समूह। यो तामाङ पोशाक हो, नेपालको तामाङ समुदायको परम्परागत पोशाक। यो सोनम लोसार जस्ता चाडहरूमा र सांस्कृतिक प्रदर्शनहरूमा लगाइन्छ।"
nepali_dresses_augmented/tamang_dress/76.jpg,"A man and woman dressed in traditional costumes at the festival - stock image. This is the Tamang dress, the traditional attire of the Tamang community of Nepal. It is worn during festivals such as Sonam Lhosar and cultural performances.","महोत्सवमा परम्परागत पोशाक लगाएका पुरुष र महिला - स्टक छवि। यो तामाङ पोशाक हो, नेपालको तामाङ समुदायको परम्परागत पोशाक हो। यो सोनम लोसार जस्ता महोत्सव र सांस्कृतिक प्रदर्शनको समयमा लगाइन्छ।"
nepali_dresses_augmented/tamang_dress/76_aug1.jpg,"A man and woman dressed in traditional costumes at the festival - stock image. This is the Tamang dress, the traditional attire of the Tamang community of Nepal. It is worn during festivals such as Sonam Lhosar and cultural performances.","महोत्सवमा परम्परागत पोशाक लगाएका पुरुष र महिला - स्टक छवि। यो तामाङ पोशाक हो, नेपालको तामाङ समुदायको परम्परागत पोशाक हो। यो सोनम लोसार जस्ता महोत्सव र सांस्कृतिक प्रदर्शनको समयमा लगाइन्छ।"
nepali_dresses_augmented/tamang_dress/76_aug2.jpg,"A man and woman dressed in traditional costumes at the festival - stock image. This is the Tamang dress, the traditional attire of the Tamang community of Nepal. It is worn during festivals such as Sonam Lhosar and cultural performances.","महोत्सवमा परम्परागत पोशाक लगाएका पुरुष र महिला - स्टक छवि। यो तामाङ पोशाक हो, नेपालको तामाङ समुदायको परम्परागत पोशाक हो। यो सोनम लोसार जस्ता महोत्सव र सांस्कृतिक प्रदर्शनको समयमा लगाइन्छ।"
nepali_dresses_augmented/tamang_dress/76_aug3.jpg,"A man and woman dressed in traditional costumes at the festival - stock image. This is the Tamang dress, the traditional attire of the Tamang community of Nepal. It is worn during festivals such as Sonam Lhosar and cultural performances.","महोत्सवमा परम्परागत पोशाक लगाएका पुरुष र महिला - स्टक छवि। यो तामाङ पोशाक हो, नेपालको तामाङ समुदायको परम्परागत पोशाक हो। यो सोनम लोसार जस्ता महोत्सव र सांस्कृतिक प्रदर्शनको समयमा लगाइन्छ।"
nepali_dresses_augmented/tamang_dress/77.jpg,"Two young girls in traditional dress at the festival. This is the Tamang dress, the traditional attire of the Tamang community of Nepal. It is worn during festivals such as Sonam Lhosar and cultural performances.","महोत्सवमा परम्परागत पोशाकमा दुई युवतीहरू। यो तामाङ पोशाक हो, नेपालको तामाङ समुदायको परम्परागत पोशाक। यो सोनम लोसार जस्ता महोत्सवहरू र सांस्कृतिक प्रदर्शनहरूमा लगाइन्छ।"
nepali_dresses_augmented/tamang_dress/77_aug1.jpg,"Two young girls in traditional dress at the festival. This is the Tamang dress, the traditional attire of the Tamang community of Nepal. It is worn during festivals such as Sonam Lhosar and cultural performances.","महोत्सवमा परम्परागत पोशाकमा दुई युवतीहरू। यो तामाङ पोशाक हो, नेपालको तामाङ समुदायको परम्परागत पोशाक। यो सोनम लोसार जस्ता महोत्सवहरू र सांस्कृतिक प्रदर्शनहरूमा लगाइन्छ।"
nepali_dresses_augmented/tamang_dress/77_aug2.jpg,"Two young girls in traditional dress at the festival. This is the Tamang dress, the traditional attire of the Tamang community of Nepal. It is worn during festivals such as Sonam Lhosar and cultural performances.","महोत्सवमा परम्परागत पोशाकमा दुई युवतीहरू। यो तामाङ पोशाक हो, नेपालको तामाङ समुदायको परम्परागत पोशाक। यो सोनम लोसार जस्ता महोत्सवहरू र सांस्कृतिक प्रदर्शनहरूमा लगाइन्छ।"
nepali_dresses_augmented/tamang_dress/77_aug3.jpg,"Two young girls in traditional dress at the festival. This is the Tamang dress, the traditional attire of the Tamang community of Nepal. It is worn during festivals such as Sonam Lhosar and cultural performances.","महोत्सवमा परम्परागत पोशाकमा दुई युवतीहरू। यो तामाङ पोशाक हो, नेपालको तामाङ समुदायको परम्परागत पोशाक। यो सोनम लोसार जस्ता महोत्सवहरू र सांस्कृतिक प्रदर्शनहरूमा लगाइन्छ।"
nepali_dresses_augmented/tamang_dress/78.jpg,"A group of women in traditional dress. This is the Tamang dress, the traditional attire of the Tamang community of Nepal. It is worn during festivals such as Sonam Lhosar and cultural performances.","परम्परागत पोशाकमा महिलाहरूको समूह। यो तामाङ पोशाक हो, नेपालको तामाङ समुदायको परम्परागत पोशाक। यो सोनम लोसार जस्ता चाडहरूमा र सांस्कृतिक प्रदर्शनहरूमा लगाइन्छ।"
nepali_dresses_augmented/tamang_dress/78_aug1.jpg,"A group of women in traditional dress. This is the Tamang dress, the traditional attire of the Tamang community of Nepal. It is worn during festivals such as Sonam Lhosar and cultural performances.","परम्परागत पोशाकमा महिलाहरूको समूह। यो तामाङ पोशाक हो, नेपालको तामाङ समुदायको परम्परागत पोशाक। यो सोनम लोसार जस्ता चाडहरूमा र सांस्कृतिक प्रदर्शनहरूमा लगाइन्छ।"
nepali_dresses_augmented/tamang_dress/78_aug2.jpg,"A group of women in traditional dress. This is the Tamang dress, the traditional attire of the Tamang community of Nepal. It is worn during festivals such as Sonam Lhosar and cultural performances.","परम्परागत पोशाकमा महिलाहरूको समूह। यो तामाङ पोशाक हो, नेपालको तामाङ समुदायको परम्परागत पोशाक। यो सोनम लोसार जस्ता चाडहरूमा र सांस्कृतिक प्रदर्शनहरूमा लगाइन्छ।"
nepali_dresses_augmented/tamang_dress/78_aug3.jpg,"A group of women in traditional dress. This is the Tamang dress, the traditional attire of the Tamang community of Nepal. It is worn during festivals such as Sonam Lhosar and cultural performances.","परम्परागत पोशाकमा महिलाहरूको समूह। यो तामाङ पोशाक हो, नेपालको तामाङ समुदायको परम्परागत पोशाक। यो सोनम लोसार जस्ता चाडहरूमा र सांस्कृतिक प्रदर्शनहरूमा लगाइन्छ।"
nepali_dresses_augmented/tamang_dress/79.jpg,"A group of people standing in front of a stage. This is the Tamang dress, the traditional attire of the Tamang community of Nepal. It is worn during festivals such as Sonam Lhosar and cultural performances.","यो तामाङ पोशाक हो, नेपालको तामाङ समुदायको परम्परागत पोशाक हो। यो सोनम लोसार जस्ता चाडहरूमा र सांस्कृतिक प्रदर्शनहरूमा लगाइन्छ।"
nepali_dresses_augmented/tamang_dress/79_aug1.jpg,"A group of people standing in front of a stage. This is the Tamang dress, the traditional attire of the Tamang community of Nepal. It is worn during festivals such as Sonam Lhosar and cultural performances.","यो तामाङ पोशाक हो, नेपालको तामाङ समुदायको परम्परागत पोशाक हो। यो सोनम लोसार जस्ता चाडहरूमा र सांस्कृतिक प्रदर्शनहरूमा लगाइन्छ।"
nepali_dresses_augmented/tamang_dress/79_aug2.jpg,"A group of people standing in front of a stage. This is the Tamang dress, the traditional attire of the Tamang community of Nepal. It is worn during festivals such as Sonam Lhosar and cultural performances.","यो तामाङ पोशाक हो, नेपालको तामाङ समुदायको परम्परागत पोशाक हो। यो सोनम लोसार जस्ता चाडहरूमा र सांस्कृतिक प्रदर्शनहरूमा लगाइन्छ।"
nepali_dresses_augmented/tamang_dress/79_aug3.jpg,"A group of people standing in front of a stage. This is the Tamang dress, the traditional attire of the Tamang community of Nepal. It is worn during festivals such as Sonam Lhosar and cultural performances.","यो तामाङ पोशाक हो, नेपालको तामाङ समुदायको परम्परागत पोशाक हो। यो सोनम लोसार जस्ता चाडहरूमा र सांस्कृतिक प्रदर्शनहरूमा लगाइन्छ।"
nepali_dresses_augmented/tamang_dress/7_aug1.jpg,"A group of people dressed in traditional clothing. This is the Tamang dress, the traditional attire of the Tamang community of Nepal. It is worn during festivals such as Sonam Lhosar and cultural performances.",नेपालको तामाङ समुदायको परम्परागत पोशाक तामाङ समुदायको परम्परागत पोशाक तामाङ समुदायको परम्परागत पोशाक तामाङ समुदायको परम्परागत पोशाक तामाङ समुदायको परम्परागत पोशाक तामाङ समुदायको परम्परागत पोशाक तामाङ समुदायको परम्परागत पोशाक तामाङ समुदायको परम्परागत पोशाक तामाङ समुदायको परम्परागत पोशाक तामाङ समुदायको परम्परागत पोशाक तामाङ समुदायको परम्परागत पोशाक तामाङ समुदायको परम्परागत पोशाक तामाङ समुदायको परम्परागत पोशाक तामाङ समुदायको परम्परागत पोशाक तामाङ समुदायको परम्परागत पोशाक तामाङ समुदायको परम्परागत पोशाक तामाङ समुदायको परम्परागत पोशाक तामाङ समुदायको परम्परागत पोशाक तामाङ समुदायको परम्परागत पोशाक तामाङ समुदायको परम्परागत पोशाक तामाङ समुदायको परम्परागत पोशाक तामाङ समुदायको परम्परा
nepali_dresses_augmented/tamang_dress/7_aug2.jpg,"A group of people dressed in traditional clothing. This is the Tamang dress, the traditional attire of the Tamang community of Nepal. It is worn during festivals such as Sonam Lhosar and cultural performances.",नेपालको तामाङ समुदायको परम्परागत पोशाक तामाङ समुदायको परम्परागत पोशाक तामाङ समुदायको परम्परागत पोशाक तामाङ समुदायको परम्परागत पोशाक तामाङ समुदायको परम्परागत पोशाक तामाङ समुदायको परम्परागत पोशाक तामाङ समुदायको परम्परागत पोशाक तामाङ समुदायको परम्परागत पोशाक तामाङ समुदायको परम्परागत पोशाक तामाङ समुदायको परम्परागत पोशाक तामाङ समुदायको परम्परागत पोशाक तामाङ समुदायको परम्परागत पोशाक तामाङ समुदायको परम्परागत पोशाक तामाङ समुदायको परम्परागत पोशाक तामाङ समुदायको परम्परागत पोशाक तामाङ समुदायको परम्परागत पोशाक तामाङ समुदायको परम्परागत पोशाक तामाङ समुदायको परम्परागत पोशाक तामाङ समुदायको परम्परागत पोशाक तामाङ समुदायको परम्परागत पोशाक तामाङ समुदायको परम्परागत पोशाक तामाङ समुदायको परम्परा
nepali_dresses_augmented/tamang_dress/7_aug3.jpg,"A group of people dressed in traditional clothing. This is the Tamang dress, the traditional attire of the Tamang community of Nepal. It is worn during festivals such as Sonam Lhosar and cultural performances.",नेपालको तामाङ समुदायको परम्परागत पोशाक तामाङ समुदायको परम्परागत पोशाक तामाङ समुदायको परम्परागत पोशाक तामाङ समुदायको परम्परागत पोशाक तामाङ समुदायको परम्परागत पोशाक तामाङ समुदायको परम्परागत पोशाक तामाङ समुदायको परम्परागत पोशाक तामाङ समुदायको परम्परागत पोशाक तामाङ समुदायको परम्परागत पोशाक तामाङ समुदायको परम्परागत पोशाक तामाङ समुदायको परम्परागत पोशाक तामाङ समुदायको परम्परागत पोशाक तामाङ समुदायको परम्परागत पोशाक तामाङ समुदायको परम्परागत पोशाक तामाङ समुदायको परम्परागत पोशाक तामाङ समुदायको परम्परागत पोशाक तामाङ समुदायको परम्परागत पोशाक तामाङ समुदायको परम्परागत पोशाक तामाङ समुदायको परम्परागत पोशाक तामाङ समुदायको परम्परागत पोशाक तामाङ समुदायको परम्परागत पोशाक तामाङ समुदायको परम्परा
nepali_dresses_augmented/tamang_dress/7_aug4.jpg,"A group of people dressed in traditional clothing. This is the Tamang dress, the traditional attire of the Tamang community of Nepal. It is worn during festivals such as Sonam Lhosar and cultural performances.",नेपालको तामाङ समुदायको परम्परागत पोशाक तामाङ समुदायको परम्परागत पोशाक तामाङ समुदायको परम्परागत पोशाक तामाङ समुदायको परम्परागत पोशाक तामाङ समुदायको परम्परागत पोशाक तामाङ समुदायको परम्परागत पोशाक तामाङ समुदायको परम्परागत पोशाक तामाङ समुदायको परम्परागत पोशाक तामाङ समुदायको परम्परागत पोशाक तामाङ समुदायको परम्परागत पोशाक तामाङ समुदायको परम्परागत पोशाक तामाङ समुदायको परम्परागत पोशाक तामाङ समुदायको परम्परागत पोशाक तामाङ समुदायको परम्परागत पोशाक तामाङ समुदायको परम्परागत पोशाक तामाङ समुदायको परम्परागत पोशाक तामाङ समुदायको परम्परागत पोशाक तामाङ समुदायको परम्परागत पोशाक तामाङ समुदायको परम्परागत पोशाक तामाङ समुदायको परम्परागत पोशाक तामाङ समुदायको परम्परागत पोशाक तामाङ समुदायको परम्परा
nepali_dresses_augmented/tamang_dress/8.jpg,"A man and woman in traditional costumes. This is the Tamang dress, the traditional attire of the Tamang community of Nepal. It is worn during festivals such as Sonam Lhosar and cultural performances.","एक पुरुष र महिला परम्परागत पोशाकमा। यो तामाङ पोशाक हो, नेपालको तामाङ समुदायको परम्परागत पोशाक। यो सोनम लोसार जस्ता चाडहरूमा र सांस्कृतिक प्रदर्शनहरूमा लगाइन्छ।"
nepali_dresses_augmented/tamang_dress/80.jpg,"A young girl dressed in traditional costume. This is the Tamang dress, the traditional attire of the Tamang community of Nepal. It is worn during festivals such as Sonam Lhosar and cultural performances.","एक युवती परम्परागत पोशाकमा लुगा लगाउँछिन्। यो तामाङ पोशाक हो, नेपालको तामाङ समुदायको परम्परागत पोशाक हो। यो सोनम लोसार जस्ता चाडहरूमा र सांस्कृतिक प्रदर्शनहरूमा लगाइन्छ।"
nepali_dresses_augmented/tamang_dress/80_aug1.jpg,"A young girl dressed in traditional costume. This is the Tamang dress, the traditional attire of the Tamang community of Nepal. It is worn during festivals such as Sonam Lhosar and cultural performances.","एक युवती परम्परागत पोशाकमा लुगा लगाउँछिन्। यो तामाङ पोशाक हो, नेपालको तामाङ समुदायको परम्परागत पोशाक हो। यो सोनम लोसार जस्ता चाडहरूमा र सांस्कृतिक प्रदर्शनहरूमा लगाइन्छ।"
nepali_dresses_augmented/tamang_dress/80_aug2.jpg,"A young girl dressed in traditional costume. This is the Tamang dress, the traditional attire of the Tamang community of Nepal. It is worn during festivals such as Sonam Lhosar and cultural performances.","एक युवती परम्परागत पोशाकमा लुगा लगाउँछिन्। यो तामाङ पोशाक हो, नेपालको तामाङ समुदायको परम्परागत पोशाक हो। यो सोनम लोसार जस्ता चाडहरूमा र सांस्कृतिक प्रदर्शनहरूमा लगाइन्छ।"
nepali_dresses_augmented/tamang_dress/80_aug3.jpg,"A young girl dressed in traditional costume. This is the Tamang dress, the traditional attire of the Tamang community of Nepal. It is worn during festivals such as Sonam Lhosar and cultural performances.","एक युवती परम्परागत पोशाकमा लुगा लगाउँछिन्। यो तामाङ पोशाक हो, नेपालको तामाङ समुदायको परम्परागत पोशाक हो। यो सोनम लोसार जस्ता चाडहरूमा र सांस्कृतिक प्रदर्शनहरूमा लगाइन्छ।"
nepali_dresses_augmented/tamang_dress/81.jpg,"A woman holding a drum in front of a crowd. This is the Tamang dress, the traditional attire of the Tamang community of Nepal. It is worn during festivals such as Sonam Lhosar and cultural performances.","एक महिलाले भीडको अगाडि ढोल हालेकी छिन्। यो तामाङ पोशाक हो, नेपालको तामाङ समुदायको परम्परागत पोशाक हो। यो सोनम लोसार जस्ता चाडहरूमा र सांस्कृतिक प्रदर्शनहरूमा लगाइन्छ।"
nepali_dresses_augmented/tamang_dress/81_aug1.jpg,"A woman holding a drum in front of a crowd. This is the Tamang dress, the traditional attire of the Tamang community of Nepal. It is worn during festivals such as Sonam Lhosar and cultural performances.","एक महिलाले भीडको अगाडि ढोल हालेकी छिन्। यो तामाङ पोशाक हो, नेपालको तामाङ समुदायको परम्परागत पोशाक हो। यो सोनम लोसार जस्ता चाडहरूमा र सांस्कृतिक प्रदर्शनहरूमा लगाइन्छ।"
nepali_dresses_augmented/tamang_dress/81_aug2.jpg,"A woman holding a drum in front of a crowd. This is the Tamang dress, the traditional attire of the Tamang community of Nepal. It is worn during festivals such as Sonam Lhosar and cultural performances.","एक महिलाले भीडको अगाडि ढोल हालेकी छिन्। यो तामाङ पोशाक हो, नेपालको तामाङ समुदायको परम्परागत पोशाक हो। यो सोनम लोसार जस्ता चाडहरूमा र सांस्कृतिक प्रदर्शनहरूमा लगाइन्छ।"
nepali_dresses_augmented/tamang_dress/81_aug3.jpg,"A woman holding a drum in front of a crowd. This is the Tamang dress, the traditional attire of the Tamang community of Nepal. It is worn during festivals such as Sonam Lhosar and cultural performances.","एक महिलाले भीडको अगाडि ढोल हालेकी छिन्। यो तामाङ पोशाक हो, नेपालको तामाङ समुदायको परम्परागत पोशाक हो। यो सोनम लोसार जस्ता चाडहरूमा र सांस्कृतिक प्रदर्शनहरूमा लगाइन्छ।"
nepali_dresses_augmented/tamang_dress/82.jpg,"A group of women in traditional dress holding drums. This is the Tamang dress, the traditional attire of the Tamang community of Nepal. It is worn during festivals such as Sonam Lhosar and cultural performances.",नेपालको तामाङ समुदायको परम्परागत पोशाक तामाङ पोशाक हो । यो सोनाम लोसार जस्ता पर्वहरूमा र सांस्कृतिक प्रदर्शनहरूमा लगाइन्छ ।
nepali_dresses_augmented/tamang_dress/82_aug1.jpg,"A group of women in traditional dress holding drums. This is the Tamang dress, the traditional attire of the Tamang community of Nepal. It is worn during festivals such as Sonam Lhosar and cultural performances.",नेपालको तामाङ समुदायको परम्परागत पोशाक तामाङ पोशाक हो । यो सोनाम लोसार जस्ता पर्वहरूमा र सांस्कृतिक प्रदर्शनहरूमा लगाइन्छ ।
nepali_dresses_augmented/tamang_dress/82_aug2.jpg,"A group of women in traditional dress holding drums. This is the Tamang dress, the traditional attire of the Tamang community of Nepal. It is worn during festivals such as Sonam Lhosar and cultural performances.",नेपालको तामाङ समुदायको परम्परागत पोशाक तामाङ पोशाक हो । यो सोनाम लोसार जस्ता पर्वहरूमा र सांस्कृतिक प्रदर्शनहरूमा लगाइन्छ ।
nepali_dresses_augmented/tamang_dress/82_aug3.jpg,"A group of women in traditional dress holding drums. This is the Tamang dress, the traditional attire of the Tamang community of Nepal. It is worn during festivals such as Sonam Lhosar and cultural performances.",नेपालको तामाङ समुदायको परम्परागत पोशाक तामाङ पोशाक हो । यो सोनाम लोसार जस्ता पर्वहरूमा र सांस्कृतिक प्रदर्शनहरूमा लगाइन्छ ।
nepali_dresses_augmented/tamang_dress/83.jpg,"A young girl in traditional costume at the annual festival in china - stock image. This is the Tamang dress, the traditional attire of the Tamang community of Nepal. It is worn during festivals such as Sonam Lhosar and cultural performances.","चीनमा वार्षिक महोत्सवमा परम्परागत पोशाकमा एक युवती - स्टक छवि। यो तामाङ पोशाक हो, नेपालको तामाङ समुदायको परम्परागत पोशाक। यो सोनम लोसार जस्ता महोत्सव र सांस्कृतिक प्रदर्शनको समयमा लगाइन्छ।"
nepali_dresses_augmented/tamang_dress/83_aug1.jpg,"A young girl in traditional costume at the annual festival in china - stock image. This is the Tamang dress, the traditional attire of the Tamang community of Nepal. It is worn during festivals such as Sonam Lhosar and cultural performances.","चीनमा वार्षिक महोत्सवमा परम्परागत पोशाकमा एक युवती - स्टक छवि। यो तामाङ पोशाक हो, नेपालको तामाङ समुदायको परम्परागत पोशाक। यो सोनम लोसार जस्ता महोत्सव र सांस्कृतिक प्रदर्शनको समयमा लगाइन्छ।"
nepali_dresses_augmented/tamang_dress/83_aug2.jpg,"A young girl in traditional costume at the annual festival in china - stock image. This is the Tamang dress, the traditional attire of the Tamang community of Nepal. It is worn during festivals such as Sonam Lhosar and cultural performances.","चीनमा वार्षिक महोत्सवमा परम्परागत पोशाकमा एक युवती - स्टक छवि। यो तामाङ पोशाक हो, नेपालको तामाङ समुदायको परम्परागत पोशाक। यो सोनम लोसार जस्ता महोत्सव र सांस्कृतिक प्रदर्शनको समयमा लगाइन्छ।"
nepali_dresses_augmented/tamang_dress/83_aug3.jpg,"A young girl in traditional costume at the annual festival in china - stock image. This is the Tamang dress, the traditional attire of the Tamang community of Nepal. It is worn during festivals such as Sonam Lhosar and cultural performances.","चीनमा वार्षिक महोत्सवमा परम्परागत पोशाकमा एक युवती - स्टक छवि। यो तामाङ पोशाक हो, नेपालको तामाङ समुदायको परम्परागत पोशाक। यो सोनम लोसार जस्ता महोत्सव र सांस्कृतिक प्रदर्शनको समयमा लगाइन्छ।"
nepali_dresses_augmented/tamang_dress/84.jpg,"A group of women in traditional clothing singing. This is the Tamang dress, the traditional attire of the Tamang community of Nepal. It is worn during festivals such as Sonam Lhosar and cultural performances.","परम्परागत कपडामा गाउने महिलाहरूको समूह। यो तामाङ पोशाक हो, नेपालको तामाङ समुदायको परम्परागत पोशाक। यो सोनम लोसार जस्ता चाडहरूमा र सांस्कृतिक प्रदर्शनहरूमा लगाइन्छ।"
nepali_dresses_augmented/tamang_dress/84_aug1.jpg,"A group of women in traditional clothing singing. This is the Tamang dress, the traditional attire of the Tamang community of Nepal. It is worn during festivals such as Sonam Lhosar and cultural performances.","परम्परागत कपडामा गाउने महिलाहरूको समूह। यो तामाङ पोशाक हो, नेपालको तामाङ समुदायको परम्परागत पोशाक। यो सोनम लोसार जस्ता चाडहरूमा र सांस्कृतिक प्रदर्शनहरूमा लगाइन्छ।"
nepali_dresses_augmented/tamang_dress/84_aug2.jpg,"A group of women in traditional clothing singing. This is the Tamang dress, the traditional attire of the Tamang community of Nepal. It is worn during festivals such as Sonam Lhosar and cultural performances.","परम्परागत कपडामा गाउने महिलाहरूको समूह। यो तामाङ पोशाक हो, नेपालको तामाङ समुदायको परम्परागत पोशाक। यो सोनम लोसार जस्ता चाडहरूमा र सांस्कृतिक प्रदर्शनहरूमा लगाइन्छ।"
nepali_dresses_augmented/tamang_dress/84_aug3.jpg,"A group of women in traditional clothing singing. This is the Tamang dress, the traditional attire of the Tamang community of Nepal. It is worn during festivals such as Sonam Lhosar and cultural performances.","परम्परागत कपडामा गाउने महिलाहरूको समूह। यो तामाङ पोशाक हो, नेपालको तामाङ समुदायको परम्परागत पोशाक। यो सोनम लोसार जस्ता चाडहरूमा र सांस्कृतिक प्रदर्शनहरूमा लगाइन्छ।"
nepali_dresses_augmented/tamang_dress/85.jpg,"A group of women working on a hill in the andes, peru - stock image. This is the Tamang dress, the traditional attire of the Tamang community of Nepal. It is worn during festivals such as Sonam Lhosar and cultural performances.","एन्ड्समा पहाडमा काम गर्ने महिलाहरूको समूह, पेरू - स्टक छवि। यो तामाङ पोशाक हो, नेपालको तामाङ समुदायको परम्परागत पोशाक। यो सोनम लोसार जस्ता चाडहरूमा र सांस्कृतिक प्रदर्शनहरूमा लगाइन्छ।"
nepali_dresses_augmented/tamang_dress/85_aug1.jpg,"A group of women working on a hill in the andes, peru - stock image. This is the Tamang dress, the traditional attire of the Tamang community of Nepal. It is worn during festivals such as Sonam Lhosar and cultural performances.","एन्ड्समा पहाडमा काम गर्ने महिलाहरूको समूह, पेरू - स्टक छवि। यो तामाङ पोशाक हो, नेपालको तामाङ समुदायको परम्परागत पोशाक। यो सोनम लोसार जस्ता चाडहरूमा र सांस्कृतिक प्रदर्शनहरूमा लगाइन्छ।"
nepali_dresses_augmented/tamang_dress/85_aug2.jpg,"A group of women working on a hill in the andes, peru - stock image. This is the Tamang dress, the traditional attire of the Tamang community of Nepal. It is worn during festivals such as Sonam Lhosar and cultural performances.","एन्ड्समा पहाडमा काम गर्ने महिलाहरूको समूह, पेरू - स्टक छवि। यो तामाङ पोशाक हो, नेपालको तामाङ समुदायको परम्परागत पोशाक। यो सोनम लोसार जस्ता चाडहरूमा र सांस्कृतिक प्रदर्शनहरूमा लगाइन्छ।"
nepali_dresses_augmented/tamang_dress/85_aug3.jpg,"A group of women working on a hill in the andes, peru - stock image. This is the Tamang dress, the traditional attire of the Tamang community of Nepal. It is worn during festivals such as Sonam Lhosar and cultural performances.","एन्ड्समा पहाडमा काम गर्ने महिलाहरूको समूह, पेरू - स्टक छवि। यो तामाङ पोशाक हो, नेपालको तामाङ समुदायको परम्परागत पोशाक। यो सोनम लोसार जस्ता चाडहरूमा र सांस्कृतिक प्रदर्शनहरूमा लगाइन्छ।"
nepali_dresses_augmented/tamang_dress/86.jpg,"A group of people standing in front of a mountain. This is the Tamang dress, the traditional attire of the Tamang community of Nepal. It is worn during festivals such as Sonam Lhosar and cultural performances.","यो तामाङ पोशाक हो, नेपालको तामाङ समुदायको परम्परागत पोशाक हो। यो सोनम लोसार जस्ता पर्वहरूमा र सांस्कृतिक प्रदर्शनहरूमा लगाइन्छ।"
nepali_dresses_augmented/tamang_dress/86_aug1.jpg,"A group of people standing in front of a mountain. This is the Tamang dress, the traditional attire of the Tamang community of Nepal. It is worn during festivals such as Sonam Lhosar and cultural performances.","यो तामाङ पोशाक हो, नेपालको तामाङ समुदायको परम्परागत पोशाक हो। यो सोनम लोसार जस्ता पर्वहरूमा र सांस्कृतिक प्रदर्शनहरूमा लगाइन्छ।"
nepali_dresses_augmented/tamang_dress/86_aug2.jpg,"A group of people standing in front of a mountain. This is the Tamang dress, the traditional attire of the Tamang community of Nepal. It is worn during festivals such as Sonam Lhosar and cultural performances.","यो तामाङ पोशाक हो, नेपालको तामाङ समुदायको परम्परागत पोशाक हो। यो सोनम लोसार जस्ता पर्वहरूमा र सांस्कृतिक प्रदर्शनहरूमा लगाइन्छ।"
nepali_dresses_augmented/tamang_dress/86_aug3.jpg,"A group of people standing in front of a mountain. This is the Tamang dress, the traditional attire of the Tamang community of Nepal. It is worn during festivals such as Sonam Lhosar and cultural performances.","यो तामाङ पोशाक हो, नेपालको तामाङ समुदायको परम्परागत पोशाक हो। यो सोनम लोसार जस्ता पर्वहरूमा र सांस्कृतिक प्रदर्शनहरूमा लगाइन्छ।"
nepali_dresses_augmented/tamang_dress/87.jpg,"A young girl in traditional costume holding a lo candy - stock image. This is the Tamang dress, the traditional attire of the Tamang community of Nepal. It is worn during festivals such as Sonam Lhosar and cultural performances.","एक युवती परम्परागत पोशाकमा लो मिठाई - स्टक छवि पकडेर। यो तामाङ पोशाक हो, नेपालको तामाङ समुदायको परम्परागत पोशाक। यो सोनम लोसार जस्ता चाडहरूमा र सांस्कृतिक प्रदर्शनहरूमा लगाइन्छ।"
nepali_dresses_augmented/tamang_dress/87_aug1.jpg,"A young girl in traditional costume holding a lo candy - stock image. This is the Tamang dress, the traditional attire of the Tamang community of Nepal. It is worn during festivals such as Sonam Lhosar and cultural performances.","एक युवती परम्परागत पोशाकमा लो मिठाई - स्टक छवि पकडेर। यो तामाङ पोशाक हो, नेपालको तामाङ समुदायको परम्परागत पोशाक। यो सोनम लोसार जस्ता चाडहरूमा र सांस्कृतिक प्रदर्शनहरूमा लगाइन्छ।"
nepali_dresses_augmented/tamang_dress/87_aug2.jpg,"A young girl in traditional costume holding a lo candy - stock image. This is the Tamang dress, the traditional attire of the Tamang community of Nepal. It is worn during festivals such as Sonam Lhosar and cultural performances.","एक युवती परम्परागत पोशाकमा लो मिठाई - स्टक छवि पकडेर। यो तामाङ पोशाक हो, नेपालको तामाङ समुदायको परम्परागत पोशाक। यो सोनम लोसार जस्ता चाडहरूमा र सांस्कृतिक प्रदर्शनहरूमा लगाइन्छ।"
nepali_dresses_augmented/tamang_dress/87_aug3.jpg,"A young girl in traditional costume holding a lo candy - stock image. This is the Tamang dress, the traditional attire of the Tamang community of Nepal. It is worn during festivals such as Sonam Lhosar and cultural performances.","एक युवती परम्परागत पोशाकमा लो मिठाई - स्टक छवि पकडेर। यो तामाङ पोशाक हो, नेपालको तामाङ समुदायको परम्परागत पोशाक। यो सोनम लोसार जस्ता चाडहरूमा र सांस्कृतिक प्रदर्शनहरूमा लगाइन्छ।"
nepali_dresses_augmented/tamang_dress/88.jpg,"A group of women working on a hill in the mountains of peru - stock image. This is the Tamang dress, the traditional attire of the Tamang community of Nepal. It is worn during festivals such as Sonam Lhosar and cultural performances.","पेरूको पहाडमा पहाडमा काम गर्ने महिलाहरूको समूह - स्टक छवि। यो तामाङ पोशाक हो, नेपालको तामाङ समुदायको परम्परागत पोशाक। यो सोनम लोसार जस्ता चाडहरूमा र सांस्कृतिक प्रदर्शनहरूमा लगाइन्छ।"
nepali_dresses_augmented/tamang_dress/88_aug1.jpg,"A group of women working on a hill in the mountains of peru - stock image. This is the Tamang dress, the traditional attire of the Tamang community of Nepal. It is worn during festivals such as Sonam Lhosar and cultural performances.","पेरूको पहाडमा पहाडमा काम गर्ने महिलाहरूको समूह - स्टक छवि। यो तामाङ पोशाक हो, नेपालको तामाङ समुदायको परम्परागत पोशाक। यो सोनम लोसार जस्ता चाडहरूमा र सांस्कृतिक प्रदर्शनहरूमा लगाइन्छ।"
nepali_dresses_augmented/tamang_dress/88_aug2.jpg,"A group of women working on a hill in the mountains of peru - stock image. This is the Tamang dress, the traditional attire of the Tamang community of Nepal. It is worn during festivals such as Sonam Lhosar and cultural performances.","पेरूको पहाडमा पहाडमा काम गर्ने महिलाहरूको समूह - स्टक छवि। यो तामाङ पोशाक हो, नेपालको तामाङ समुदायको परम्परागत पोशाक। यो सोनम लोसार जस्ता चाडहरूमा र सांस्कृतिक प्रदर्शनहरूमा लगाइन्छ।"
nepali_dresses_augmented/tamang_dress/88_aug3.jpg,"A group of women working on a hill in the mountains of peru - stock image. This is the Tamang dress, the traditional attire of the Tamang community of Nepal. It is worn during festivals such as Sonam Lhosar and cultural performances.","पेरूको पहाडमा पहाडमा काम गर्ने महिलाहरूको समूह - स्टक छवि। यो तामाङ पोशाक हो, नेपालको तामाङ समुदायको परम्परागत पोशाक। यो सोनम लोसार जस्ता चाडहरूमा र सांस्कृतिक प्रदर्शनहरूमा लगाइन्छ।"
nepali_dresses_augmented/tamang_dress/89.jpg,"A little girl standing in front of a mural. This is the Tamang dress, the traditional attire of the Tamang community of Nepal. It is worn during festivals such as Sonam Lhosar and cultural performances.","एउटा सानो केटी भित्ता चित्रको अगाडि उभिएको छ। यो तामाङ पोशाक हो, नेपालको तामाङ समुदायको परम्परागत पोशाक हो। यो सोनम लोसार जस्ता चाडहरूमा र सांस्कृतिक प्रदर्शनहरूमा लगाइन्छ।"
nepali_dresses_augmented/tamang_dress/89_aug1.jpg,"A little girl standing in front of a mural. This is the Tamang dress, the traditional attire of the Tamang community of Nepal. It is worn during festivals such as Sonam Lhosar and cultural performances.","एउटा सानो केटी भित्ता चित्रको अगाडि उभिएको छ। यो तामाङ पोशाक हो, नेपालको तामाङ समुदायको परम्परागत पोशाक हो। यो सोनम लोसार जस्ता चाडहरूमा र सांस्कृतिक प्रदर्शनहरूमा लगाइन्छ।"
nepali_dresses_augmented/tamang_dress/89_aug2.jpg,"A little girl standing in front of a mural. This is the Tamang dress, the traditional attire of the Tamang community of Nepal. It is worn during festivals such as Sonam Lhosar and cultural performances.","एउटा सानो केटी भित्ता चित्रको अगाडि उभिएको छ। यो तामाङ पोशाक हो, नेपालको तामाङ समुदायको परम्परागत पोशाक हो। यो सोनम लोसार जस्ता चाडहरूमा र सांस्कृतिक प्रदर्शनहरूमा लगाइन्छ।"
nepali_dresses_augmented/tamang_dress/89_aug3.jpg,"A little girl standing in front of a mural. This is the Tamang dress, the traditional attire of the Tamang community of Nepal. It is worn during festivals such as Sonam Lhosar and cultural performances.","एउटा सानो केटी भित्ता चित्रको अगाडि उभिएको छ। यो तामाङ पोशाक हो, नेपालको तामाङ समुदायको परम्परागत पोशाक हो। यो सोनम लोसार जस्ता चाडहरूमा र सांस्कृतिक प्रदर्शनहरूमा लगाइन्छ।"
nepali_dresses_augmented/tamang_dress/8_aug1.jpg,"A man and woman in traditional costumes. This is the Tamang dress, the traditional attire of the Tamang community of Nepal. It is worn during festivals such as Sonam Lhosar and cultural performances.","एक पुरुष र महिला परम्परागत पोशाकमा। यो तामाङ पोशाक हो, नेपालको तामाङ समुदायको परम्परागत पोशाक। यो सोनम लोसार जस्ता चाडहरूमा र सांस्कृतिक प्रदर्शनहरूमा लगाइन्छ।"
nepali_dresses_augmented/tamang_dress/8_aug2.jpg,"A man and woman in traditional costumes. This is the Tamang dress, the traditional attire of the Tamang community of Nepal. It is worn during festivals such as Sonam Lhosar and cultural performances.","एक पुरुष र महिला परम्परागत पोशाकमा। यो तामाङ पोशाक हो, नेपालको तामाङ समुदायको परम्परागत पोशाक। यो सोनम लोसार जस्ता चाडहरूमा र सांस्कृतिक प्रदर्शनहरूमा लगाइन्छ।"
nepali_dresses_augmented/tamang_dress/8_aug3.jpg,"A man and woman in traditional costumes. This is the Tamang dress, the traditional attire of the Tamang community of Nepal. It is worn during festivals such as Sonam Lhosar and cultural performances.","एक पुरुष र महिला परम्परागत पोशाकमा। यो तामाङ पोशाक हो, नेपालको तामाङ समुदायको परम्परागत पोशाक। यो सोनम लोसार जस्ता चाडहरूमा र सांस्कृतिक प्रदर्शनहरूमा लगाइन्छ।"
nepali_dresses_augmented/tamang_dress/8_aug4.jpg,"A man and woman in traditional costumes. This is the Tamang dress, the traditional attire of the Tamang community of Nepal. It is worn during festivals such as Sonam Lhosar and cultural performances.","एक पुरुष र महिला परम्परागत पोशाकमा। यो तामाङ पोशाक हो, नेपालको तामाङ समुदायको परम्परागत पोशाक। यो सोनम लोसार जस्ता चाडहरूमा र सांस्कृतिक प्रदर्शनहरूमा लगाइन्छ।"
nepali_dresses_augmented/tamang_dress/9.jpg,"A woman wearing a colorful dress and headpiece. This is the Tamang dress, the traditional attire of the Tamang community of Nepal. It is worn during festivals such as Sonam Lhosar and cultural performances.","एक महिलाले रंगीन पोशाक र हेडपीस लगाउँछिन्। यो तामाङ पोशाक हो, नेपालको तामाङ समुदायको परम्परागत पोशाक हो। यो सोनम लोसार जस्ता चाडहरूमा र सांस्कृतिक प्रदर्शनहरूमा लगाइन्छ।"
nepali_dresses_augmented/tamang_dress/90.jpg,"A group of women in traditional dress posing for the camera. This is the Tamang dress, the traditional attire of the Tamang community of Nepal. It is worn during festivals such as Sonam Lhosar and cultural performances.",नेपालको तामाङ समुदायको परम्परागत पोशाक तामाङको पोशाक हो । यो सोनाम लोसार जस्ता चाडपर्व र सांस्कृतिक प्रदर्शनको समयमा लगाइन्छ ।
nepali_dresses_augmented/tamang_dress/90_aug1.jpg,"A group of women in traditional dress posing for the camera. This is the Tamang dress, the traditional attire of the Tamang community of Nepal. It is worn during festivals such as Sonam Lhosar and cultural performances.",नेपालको तामाङ समुदायको परम्परागत पोशाक तामाङको पोशाक हो । यो सोनाम लोसार जस्ता चाडपर्व र सांस्कृतिक प्रदर्शनको समयमा लगाइन्छ ।
nepali_dresses_augmented/tamang_dress/90_aug2.jpg,"A group of women in traditional dress posing for the camera. This is the Tamang dress, the traditional attire of the Tamang community of Nepal. It is worn during festivals such as Sonam Lhosar and cultural performances.",नेपालको तामाङ समुदायको परम्परागत पोशाक तामाङको पोशाक हो । यो सोनाम लोसार जस्ता चाडपर्व र सांस्कृतिक प्रदर्शनको समयमा लगाइन्छ ।
nepali_dresses_augmented/tamang_dress/90_aug3.jpg,"A group of women in traditional dress posing for the camera. This is the Tamang dress, the traditional attire of the Tamang community of Nepal. It is worn during festivals such as Sonam Lhosar and cultural performances.",नेपालको तामाङ समुदायको परम्परागत पोशाक तामाङको पोशाक हो । यो सोनाम लोसार जस्ता चाडपर्व र सांस्कृतिक प्रदर्शनको समयमा लगाइन्छ ।
nepali_dresses_augmented/tamang_dress/91.jpg,"A group of people posing for a photo. This is the Tamang dress, the traditional attire of the Tamang community of Nepal. It is worn during festivals such as Sonam Lhosar and cultural performances.","फोटोको लागि पोज गर्ने मानिसहरूको समूह। यो तामाङ पोशाक हो, नेपालको तामाङ समुदायको परम्परागत पोशाक। यो सोनम लोसार जस्ता चाडहरूमा र सांस्कृतिक प्रदर्शनहरूमा लगाइन्छ।"
nepali_dresses_augmented/tamang_dress/91_aug1.jpg,"A group of people posing for a photo. This is the Tamang dress, the traditional attire of the Tamang community of Nepal. It is worn during festivals such as Sonam Lhosar and cultural performances.","फोटोको लागि पोज गर्ने मानिसहरूको समूह। यो तामाङ पोशाक हो, नेपालको तामाङ समुदायको परम्परागत पोशाक। यो सोनम लोसार जस्ता चाडहरूमा र सांस्कृतिक प्रदर्शनहरूमा लगाइन्छ।"
nepali_dresses_augmented/tamang_dress/91_aug2.jpg,"A group of people posing for a photo. This is the Tamang dress, the traditional attire of the Tamang community of Nepal. It is worn during festivals such as Sonam Lhosar and cultural performances.","फोटोको लागि पोज गर्ने मानिसहरूको समूह। यो तामाङ पोशाक हो, नेपालको तामाङ समुदायको परम्परागत पोशाक। यो सोनम लोसार जस्ता चाडहरूमा र सांस्कृतिक प्रदर्शनहरूमा लगाइन्छ।"
nepali_dresses_augmented/tamang_dress/91_aug3.jpg,"A group of people posing for a photo. This is the Tamang dress, the traditional attire of the Tamang community of Nepal. It is worn during festivals such as Sonam Lhosar and cultural performances.","फोटोको लागि पोज गर्ने मानिसहरूको समूह। यो तामाङ पोशाक हो, नेपालको तामाङ समुदायको परम्परागत पोशाक। यो सोनम लोसार जस्ता चाडहरूमा र सांस्कृतिक प्रदर्शनहरूमा लगाइन्छ।"
nepali_dresses_augmented/tamang_dress/92.jpg,"Two women in traditional dress posing for the camera. This is the Tamang dress, the traditional attire of the Tamang community of Nepal. It is worn during festivals such as Sonam Lhosar and cultural performances.","दुई महिलाहरू परम्परागत पोशाकमा क्यामेराको लागि पोज गर्दैछन्। यो तामाङ पोशाक हो, नेपालको तामाङ समुदायको परम्परागत पोशाक। यो सोनम लोसार जस्ता चाडहरूमा र सांस्कृतिक प्रदर्शनहरूमा लगाइन्छ।"
nepali_dresses_augmented/tamang_dress/92_aug1.jpg,"Two women in traditional dress posing for the camera. This is the Tamang dress, the traditional attire of the Tamang community of Nepal. It is worn during festivals such as Sonam Lhosar and cultural performances.","दुई महिलाहरू परम्परागत पोशाकमा क्यामेराको लागि पोज गर्दैछन्। यो तामाङ पोशाक हो, नेपालको तामाङ समुदायको परम्परागत पोशाक। यो सोनम लोसार जस्ता चाडहरूमा र सांस्कृतिक प्रदर्शनहरूमा लगाइन्छ।"
nepali_dresses_augmented/tamang_dress/92_aug2.jpg,"Two women in traditional dress posing for the camera. This is the Tamang dress, the traditional attire of the Tamang community of Nepal. It is worn during festivals such as Sonam Lhosar and cultural performances.","दुई महिलाहरू परम्परागत पोशाकमा क्यामेराको लागि पोज गर्दैछन्। यो तामाङ पोशाक हो, नेपालको तामाङ समुदायको परम्परागत पोशाक। यो सोनम लोसार जस्ता चाडहरूमा र सांस्कृतिक प्रदर्शनहरूमा लगाइन्छ।"
nepali_dresses_augmented/tamang_dress/92_aug3.jpg,"Two women in traditional dress posing for the camera. This is the Tamang dress, the traditional attire of the Tamang community of Nepal. It is worn during festivals such as Sonam Lhosar and cultural performances.","दुई महिलाहरू परम्परागत पोशाकमा क्यामेराको लागि पोज गर्दैछन्। यो तामाङ पोशाक हो, नेपालको तामाङ समुदायको परम्परागत पोशाक। यो सोनम लोसार जस्ता चाडहरूमा र सांस्कृतिक प्रदर्शनहरूमा लगाइन्छ।"
nepali_dresses_augmented/tamang_dress/93.jpg,"A group of young girls in traditional dress. This is the Tamang dress, the traditional attire of the Tamang community of Nepal. It is worn during festivals such as Sonam Lhosar and cultural performances.","परम्परागत पोशाकमा युवा युवतीहरूको समूह। यो तामाङ पोशाक हो, नेपालको तामाङ समुदायको परम्परागत पोशाक। यो सोनम लोसार जस्ता चाडहरूमा र सांस्कृतिक प्रदर्शनहरूमा लगाइन्छ।"
nepali_dresses_augmented/tamang_dress/93_aug1.jpg,"A group of young girls in traditional dress. This is the Tamang dress, the traditional attire of the Tamang community of Nepal. It is worn during festivals such as Sonam Lhosar and cultural performances.","परम्परागत पोशाकमा युवा युवतीहरूको समूह। यो तामाङ पोशाक हो, नेपालको तामाङ समुदायको परम्परागत पोशाक। यो सोनम लोसार जस्ता चाडहरूमा र सांस्कृतिक प्रदर्शनहरूमा लगाइन्छ।"
nepali_dresses_augmented/tamang_dress/93_aug2.jpg,"A group of young girls in traditional dress. This is the Tamang dress, the traditional attire of the Tamang community of Nepal. It is worn during festivals such as Sonam Lhosar and cultural performances.","परम्परागत पोशाकमा युवा युवतीहरूको समूह। यो तामाङ पोशाक हो, नेपालको तामाङ समुदायको परम्परागत पोशाक। यो सोनम लोसार जस्ता चाडहरूमा र सांस्कृतिक प्रदर्शनहरूमा लगाइन्छ।"
nepali_dresses_augmented/tamang_dress/93_aug3.jpg,"A group of young girls in traditional dress. This is the Tamang dress, the traditional attire of the Tamang community of Nepal. It is worn during festivals such as Sonam Lhosar and cultural performances.","परम्परागत पोशाकमा युवा युवतीहरूको समूह। यो तामाङ पोशाक हो, नेपालको तामाङ समुदायको परम्परागत पोशाक। यो सोनम लोसार जस्ता चाडहरूमा र सांस्कृतिक प्रदर्शनहरूमा लगाइन्छ।"
nepali_dresses_augmented/tamang_dress/94.jpg,"A little boy wearing a hat and standing on the street. This is the Tamang dress, the traditional attire of the Tamang community of Nepal. It is worn during festivals such as Sonam Lhosar and cultural performances.","एउटा सानो केटा टोपी लगाएर सडकमा उभिरहेको छ। यो तामाङ पोशाक हो, नेपालको तामाङ समुदायको परम्परागत पोशाक हो। यो सोनम लोसार जस्ता पर्वहरूमा र सांस्कृतिक प्रदर्शनहरूमा लगाइन्छ।"
nepali_dresses_augmented/tamang_dress/94_aug1.jpg,"A little boy wearing a hat and standing on the street. This is the Tamang dress, the traditional attire of the Tamang community of Nepal. It is worn during festivals such as Sonam Lhosar and cultural performances.","एउटा सानो केटा टोपी लगाएर सडकमा उभिरहेको छ। यो तामाङ पोशाक हो, नेपालको तामाङ समुदायको परम्परागत पोशाक हो। यो सोनम लोसार जस्ता पर्वहरूमा र सांस्कृतिक प्रदर्शनहरूमा लगाइन्छ।"
nepali_dresses_augmented/tamang_dress/94_aug2.jpg,"A little boy wearing a hat and standing on the street. This is the Tamang dress, the traditional attire of the Tamang community of Nepal. It is worn during festivals such as Sonam Lhosar and cultural performances.","एउटा सानो केटा टोपी लगाएर सडकमा उभिरहेको छ। यो तामाङ पोशाक हो, नेपालको तामाङ समुदायको परम्परागत पोशाक हो। यो सोनम लोसार जस्ता पर्वहरूमा र सांस्कृतिक प्रदर्शनहरूमा लगाइन्छ।"
nepali_dresses_augmented/tamang_dress/94_aug3.jpg,"A little boy wearing a hat and standing on the street. This is the Tamang dress, the traditional attire of the Tamang community of Nepal. It is worn during festivals such as Sonam Lhosar and cultural performances.","एउटा सानो केटा टोपी लगाएर सडकमा उभिरहेको छ। यो तामाङ पोशाक हो, नेपालको तामाङ समुदायको परम्परागत पोशाक हो। यो सोनम लोसार जस्ता पर्वहरूमा र सांस्कृतिक प्रदर्शनहरूमा लगाइन्छ।"
nepali_dresses_augmented/tamang_dress/95.jpg,"Two young girls standing in a field. This is the Tamang dress, the traditional attire of the Tamang community of Nepal. It is worn during festivals such as Sonam Lhosar and cultural performances.",नेपालको तामाङ समुदायको परम्परागत पोशाक तामाङको पोशाक हो । यो सोनाम लोसार जस्ता पर्व तथा सांस्कृतिक प्रदर्शनमा लगाइन्छ ।
nepali_dresses_augmented/tamang_dress/95_aug1.jpg,"Two young girls standing in a field. This is the Tamang dress, the traditional attire of the Tamang community of Nepal. It is worn during festivals such as Sonam Lhosar and cultural performances.",नेपालको तामाङ समुदायको परम्परागत पोशाक तामाङको पोशाक हो । यो सोनाम लोसार जस्ता पर्व तथा सांस्कृतिक प्रदर्शनमा लगाइन्छ ।
nepali_dresses_augmented/tamang_dress/95_aug2.jpg,"Two young girls standing in a field. This is the Tamang dress, the traditional attire of the Tamang community of Nepal. It is worn during festivals such as Sonam Lhosar and cultural performances.",नेपालको तामाङ समुदायको परम्परागत पोशाक तामाङको पोशाक हो । यो सोनाम लोसार जस्ता पर्व तथा सांस्कृतिक प्रदर्शनमा लगाइन्छ ।
nepali_dresses_augmented/tamang_dress/95_aug3.jpg,"Two young girls standing in a field. This is the Tamang dress, the traditional attire of the Tamang community of Nepal. It is worn during festivals such as Sonam Lhosar and cultural performances.",नेपालको तामाङ समुदायको परम्परागत पोशाक तामाङको पोशाक हो । यो सोनाम लोसार जस्ता पर्व तथा सांस्कृतिक प्रदर्शनमा लगाइन्छ ।
nepali_dresses_augmented/tamang_dress/96.jpg,"Three women in colorful dresses. This is the Tamang dress, the traditional attire of the Tamang community of Nepal. It is worn during festivals such as Sonam Lhosar and cultural performances.","तीन महिला रंगीन पोशाकमा। यो तामाङ पोशाक हो, नेपालको तामाङ समुदायको परम्परागत पोशाक। यो सोनम लोसार जस्ता पर्वहरूमा र सांस्कृतिक प्रदर्शनहरूमा लगाइन्छ।"
nepali_dresses_augmented/tamang_dress/96_aug1.jpg,"Three women in colorful dresses. This is the Tamang dress, the traditional attire of the Tamang community of Nepal. It is worn during festivals such as Sonam Lhosar and cultural performances.","तीन महिला रंगीन पोशाकमा। यो तामाङ पोशाक हो, नेपालको तामाङ समुदायको परम्परागत पोशाक। यो सोनम लोसार जस्ता पर्वहरूमा र सांस्कृतिक प्रदर्शनहरूमा लगाइन्छ।"
nepali_dresses_augmented/tamang_dress/96_aug2.jpg,"Three women in colorful dresses. This is the Tamang dress, the traditional attire of the Tamang community of Nepal. It is worn during festivals such as Sonam Lhosar and cultural performances.","तीन महिला रंगीन पोशाकमा। यो तामाङ पोशाक हो, नेपालको तामाङ समुदायको परम्परागत पोशाक। यो सोनम लोसार जस्ता पर्वहरूमा र सांस्कृतिक प्रदर्शनहरूमा लगाइन्छ।"
nepali_dresses_augmented/tamang_dress/96_aug3.jpg,"Three women in colorful dresses. This is the Tamang dress, the traditional attire of the Tamang community of Nepal. It is worn during festivals such as Sonam Lhosar and cultural performances.","तीन महिला रंगीन पोशाकमा। यो तामाङ पोशाक हो, नेपालको तामाङ समुदायको परम्परागत पोशाक। यो सोनम लोसार जस्ता पर्वहरूमा र सांस्कृतिक प्रदर्शनहरूमा लगाइन्छ।"
nepali_dresses_augmented/tamang_dress/97.jpg,"A group of women dressed in traditional clothing and headdres at a festival - stock image. This is the Tamang dress, the traditional attire of the Tamang community of Nepal. It is worn during festivals such as Sonam Lhosar and cultural performances.",नेपालको तामाङ समुदायको परम्परागत पोशाक तामाङको पोशाक हो । यो सोनाम लोसार जस्ता पर्वहरूमा र सांस्कृतिक प्रदर्शनहरूमा लगाइन्छ ।
nepali_dresses_augmented/tamang_dress/97_aug1.jpg,"A group of women dressed in traditional clothing and headdres at a festival - stock image. This is the Tamang dress, the traditional attire of the Tamang community of Nepal. It is worn during festivals such as Sonam Lhosar and cultural performances.",नेपालको तामाङ समुदायको परम्परागत पोशाक तामाङको पोशाक हो । यो सोनाम लोसार जस्ता पर्वहरूमा र सांस्कृतिक प्रदर्शनहरूमा लगाइन्छ ।
nepali_dresses_augmented/tamang_dress/97_aug2.jpg,"A group of women dressed in traditional clothing and headdres at a festival - stock image. This is the Tamang dress, the traditional attire of the Tamang community of Nepal. It is worn during festivals such as Sonam Lhosar and cultural performances.",नेपालको तामाङ समुदायको परम्परागत पोशाक तामाङको पोशाक हो । यो सोनाम लोसार जस्ता पर्वहरूमा र सांस्कृतिक प्रदर्शनहरूमा लगाइन्छ ।
nepali_dresses_augmented/tamang_dress/97_aug3.jpg,"A group of women dressed in traditional clothing and headdres at a festival - stock image. This is the Tamang dress, the traditional attire of the Tamang community of Nepal. It is worn during festivals such as Sonam Lhosar and cultural performances.",नेपालको तामाङ समुदायको परम्परागत पोशाक तामाङको पोशाक हो । यो सोनाम लोसार जस्ता पर्वहरूमा र सांस्कृतिक प्रदर्शनहरूमा लगाइन्छ ।
nepali_dresses_augmented/tamang_dress/98.jpg,"A group of people dressed in traditional costumes. This is the Tamang dress, the traditional attire of the Tamang community of Nepal. It is worn during festivals such as Sonam Lhosar and cultural performances.",नेपालको तामाङ समुदायको परम्परागत पोशाक तामाङ समुदायको परम्परागत पोशाक तामाङ समुदायको परम्परागत पोशाक तामाङ समुदायको परम्परागत पोशाक तामाङ समुदायको परम्परागत पोशाक तामाङ समुदायको परम्परागत पोशाक तामाङ समुदायको परम्परागत पोशाक तामाङ समुदायको परम्परागत पोशाक तामाङ समुदायको परम्परागत पोशाक तामाङ समुदायको परम्परागत पोशाक तामाङ समुदायको परम्परागत पोशाक तामाङ समुदायको परम्परागत पोशाक तामाङ समुदायको परम्परागत पोशाक तामाङ समुदायको परम्परागत पोशाक तामाङ समुदायको परम्परागत पोशाक तामाङ समुदायको परम्परागत पोशाक तामाङ समुदायको परम्परागत पोशाक तामाङ समुदायको परम्परागत पोशाक तामाङ समुदायको परम्परागत पोशाक तामाङ समुदायको परम्परागत पोशाक तामाङ समुदायको परम्परागत पोशाक तामाङ समुदायको परम्परा
nepali_dresses_augmented/tamang_dress/98_aug1.jpg,"A group of people dressed in traditional costumes. This is the Tamang dress, the traditional attire of the Tamang community of Nepal. It is worn during festivals such as Sonam Lhosar and cultural performances.",नेपालको तामाङ समुदायको परम्परागत पोशाक तामाङ समुदायको परम्परागत पोशाक तामाङ समुदायको परम्परागत पोशाक तामाङ समुदायको परम्परागत पोशाक तामाङ समुदायको परम्परागत पोशाक तामाङ समुदायको परम्परागत पोशाक तामाङ समुदायको परम्परागत पोशाक तामाङ समुदायको परम्परागत पोशाक तामाङ समुदायको परम्परागत पोशाक तामाङ समुदायको परम्परागत पोशाक तामाङ समुदायको परम्परागत पोशाक तामाङ समुदायको परम्परागत पोशाक तामाङ समुदायको परम्परागत पोशाक तामाङ समुदायको परम्परागत पोशाक तामाङ समुदायको परम्परागत पोशाक तामाङ समुदायको परम्परागत पोशाक तामाङ समुदायको परम्परागत पोशाक तामाङ समुदायको परम्परागत पोशाक तामाङ समुदायको परम्परागत पोशाक तामाङ समुदायको परम्परागत पोशाक तामाङ समुदायको परम्परागत पोशाक तामाङ समुदायको परम्परा
nepali_dresses_augmented/tamang_dress/98_aug2.jpg,"A group of people dressed in traditional costumes. This is the Tamang dress, the traditional attire of the Tamang community of Nepal. It is worn during festivals such as Sonam Lhosar and cultural performances.",नेपालको तामाङ समुदायको परम्परागत पोशाक तामाङ समुदायको परम्परागत पोशाक तामाङ समुदायको परम्परागत पोशाक तामाङ समुदायको परम्परागत पोशाक तामाङ समुदायको परम्परागत पोशाक तामाङ समुदायको परम्परागत पोशाक तामाङ समुदायको परम्परागत पोशाक तामाङ समुदायको परम्परागत पोशाक तामाङ समुदायको परम्परागत पोशाक तामाङ समुदायको परम्परागत पोशाक तामाङ समुदायको परम्परागत पोशाक तामाङ समुदायको परम्परागत पोशाक तामाङ समुदायको परम्परागत पोशाक तामाङ समुदायको परम्परागत पोशाक तामाङ समुदायको परम्परागत पोशाक तामाङ समुदायको परम्परागत पोशाक तामाङ समुदायको परम्परागत पोशाक तामाङ समुदायको परम्परागत पोशाक तामाङ समुदायको परम्परागत पोशाक तामाङ समुदायको परम्परागत पोशाक तामाङ समुदायको परम्परागत पोशाक तामाङ समुदायको परम्परा
nepali_dresses_augmented/tamang_dress/98_aug3.jpg,"A group of people dressed in traditional costumes. This is the Tamang dress, the traditional attire of the Tamang community of Nepal. It is worn during festivals such as Sonam Lhosar and cultural performances.",नेपालको तामाङ समुदायको परम्परागत पोशाक तामाङ समुदायको परम्परागत पोशाक तामाङ समुदायको परम्परागत पोशाक तामाङ समुदायको परम्परागत पोशाक तामाङ समुदायको परम्परागत पोशाक तामाङ समुदायको परम्परागत पोशाक तामाङ समुदायको परम्परागत पोशाक तामाङ समुदायको परम्परागत पोशाक तामाङ समुदायको परम्परागत पोशाक तामाङ समुदायको परम्परागत पोशाक तामाङ समुदायको परम्परागत पोशाक तामाङ समुदायको परम्परागत पोशाक तामाङ समुदायको परम्परागत पोशाक तामाङ समुदायको परम्परागत पोशाक तामाङ समुदायको परम्परागत पोशाक तामाङ समुदायको परम्परागत पोशाक तामाङ समुदायको परम्परागत पोशाक तामाङ समुदायको परम्परागत पोशाक तामाङ समुदायको परम्परागत पोशाक तामाङ समुदायको परम्परागत पोशाक तामाङ समुदायको परम्परागत पोशाक तामाङ समुदायको परम्परा
nepali_dresses_augmented/tamang_dress/99.jpg,"A group of young girls in traditional dress. This is the Tamang dress, the traditional attire of the Tamang community of Nepal. It is worn during festivals such as Sonam Lhosar and cultural performances.","परम्परागत पोशाकमा युवा युवतीहरूको समूह। यो तामाङ पोशाक हो, नेपालको तामाङ समुदायको परम्परागत पोशाक। यो सोनम लोसार जस्ता चाडहरूमा र सांस्कृतिक प्रदर्शनहरूमा लगाइन्छ।"
nepali_dresses_augmented/tamang_dress/99_aug1.jpg,"A group of young girls in traditional dress. This is the Tamang dress, the traditional attire of the Tamang community of Nepal. It is worn during festivals such as Sonam Lhosar and cultural performances.","परम्परागत पोशाकमा युवा युवतीहरूको समूह। यो तामाङ पोशाक हो, नेपालको तामाङ समुदायको परम्परागत पोशाक। यो सोनम लोसार जस्ता चाडहरूमा र सांस्कृतिक प्रदर्शनहरूमा लगाइन्छ।"
nepali_dresses_augmented/tamang_dress/99_aug2.jpg,"A group of young girls in traditional dress. This is the Tamang dress, the traditional attire of the Tamang community of Nepal. It is worn during festivals such as Sonam Lhosar and cultural performances.","परम्परागत पोशाकमा युवा युवतीहरूको समूह। यो तामाङ पोशाक हो, नेपालको तामाङ समुदायको परम्परागत पोशाक। यो सोनम लोसार जस्ता चाडहरूमा र सांस्कृतिक प्रदर्शनहरूमा लगाइन्छ।"
nepali_dresses_augmented/tamang_dress/99_aug3.jpg,"A group of young girls in traditional dress. This is the Tamang dress, the traditional attire of the Tamang community of Nepal. It is worn during festivals such as Sonam Lhosar and cultural performances.","परम्परागत पोशाकमा युवा युवतीहरूको समूह। यो तामाङ पोशाक हो, नेपालको तामाङ समुदायको परम्परागत पोशाक। यो सोनम लोसार जस्ता चाडहरूमा र सांस्कृतिक प्रदर्शनहरूमा लगाइन्छ।"
nepali_dresses_augmented/tamang_dress/9_aug1.jpg,"A woman wearing a colorful dress and headpiece. This is the Tamang dress, the traditional attire of the Tamang community of Nepal. It is worn during festivals such as Sonam Lhosar and cultural performances.","एक महिलाले रंगीन पोशाक र हेडपीस लगाउँछिन्। यो तामाङ पोशाक हो, नेपालको तामाङ समुदायको परम्परागत पोशाक हो। यो सोनम लोसार जस्ता चाडहरूमा र सांस्कृतिक प्रदर्शनहरूमा लगाइन्छ।"
nepali_dresses_augmented/tamang_dress/9_aug2.jpg,"A woman wearing a colorful dress and headpiece. This is the Tamang dress, the traditional attire of the Tamang community of Nepal. It is worn during festivals such as Sonam Lhosar and cultural performances.","एक महिलाले रंगीन पोशाक र हेडपीस लगाउँछिन्। यो तामाङ पोशाक हो, नेपालको तामाङ समुदायको परम्परागत पोशाक हो। यो सोनम लोसार जस्ता चाडहरूमा र सांस्कृतिक प्रदर्शनहरूमा लगाइन्छ।"
nepali_dresses_augmented/tamang_dress/9_aug3.jpg,"A woman wearing a colorful dress and headpiece. This is the Tamang dress, the traditional attire of the Tamang community of Nepal. It is worn during festivals such as Sonam Lhosar and cultural performances.","एक महिलाले रंगीन पोशाक र हेडपीस लगाउँछिन्। यो तामाङ पोशाक हो, नेपालको तामाङ समुदायको परम्परागत पोशाक हो। यो सोनम लोसार जस्ता चाडहरूमा र सांस्कृतिक प्रदर्शनहरूमा लगाइन्छ।"
