image_path,caption_en,caption_ne
nepali_dresses_augmented/tharu_dress/1.jpg,"A woman in a colorful dress. This is the Tharu dress, the traditional attire of the Tharu community of Nepal. It is worn during festivals such as Maghi and community celebrations in the Terai region.","रंगीन पोशाकमा एक महिला। यो थारु पोशाक हो, नेपालको थारु समुदायको परम्परागत पोशाक। यो तराई क्षेत्रमा माघी र सामुदायिक उत्सव जस्ता चाडहरूमा लगाइन्छ।"
nepali_dresses_augmented/tharu_dress/10.jpg,"A group of women in traditional dress posing for the camera. This is the Tharu dress, the traditional attire of the Tharu community of Nepal. It is worn during festivals such as Maghi and community celebrations in the Terai region.","क्यामेराको लागि परम्परागत पोशाकमा महिलाहरूको समूह। यो थारु पोशाक हो, नेपालको थारु समुदायको परम्परागत पोशाक। यो तराई क्षेत्रमा माघी र सामुदायिक उत्सव जस्ता चाडहरूमा लगाइन्छ।"
nepali_dresses_augmented/tharu_dress/100.jpg,"A group of women carrying baskets on their heads. This is the Tharu dress, the traditional attire of the Tharu community of Nepal. It is worn during festivals such as Maghi and community celebrations in the Terai region.",नेपालको थारु समुदायको परम्परागत पोशाक थारु समुदायको परम्परागत पोशाक हो। यो तराई क्षेत्रको माघी र सामुदायिक उत्सवहरूमा लगाइन्छ।
nepali_dresses_augmented/tharu_dress/100_aug1.jpg,"A group of women carrying baskets on their heads. This is the Tharu dress, the traditional attire of the Tharu community of Nepal. It is worn during festivals such as Maghi and community celebrations in the Terai region.",नेपालको थारु समुदायको परम्परागत पोशाक थारु समुदायको परम्परागत पोशाक हो। यो तराई क्षेत्रको माघी र सामुदायिक उत्सवहरूमा लगाइन्छ।
nepali_dresses_augmented/tharu_dress/101.jpg,"A group of women dressed in traditional costumes. This is the Tharu dress, the traditional attire of the Tharu community of Nepal. It is worn during festivals such as Maghi and community celebrations in the Terai region.","परम्परागत पोशाक लगाउने महिलाहरूको समूह। यो थारु पोशाक हो, नेपालको थारु समुदायको परम्परागत पोशाक। यो तराई क्षेत्रमा माघी जस्ता चाडहरूमा र सामुदायिक उत्सवहरूमा लगाइन्छ।"
nepali_dresses_augmented/tharu_dress/101_aug1.jpg,"A group of women dressed in traditional costumes. This is the Tharu dress, the traditional attire of the Tharu community of Nepal. It is worn during festivals such as Maghi and community celebrations in the Terai region.","परम्परागत पोशाक लगाउने महिलाहरूको समूह। यो थारु पोशाक हो, नेपालको थारु समुदायको परम्परागत पोशाक। यो तराई क्षेत्रमा माघी जस्ता चाडहरूमा र सामुदायिक उत्सवहरूमा लगाइन्छ।"
nepali_dresses_augmented/tharu_dress/102.jpg,"A young girl in traditional costume at a festival. This is the Tharu dress, the traditional attire of the Tharu community of Nepal. It is worn during festivals such as Maghi and community celebrations in the Terai region.","महोत्सवमा परम्परागत पोशाकमा एक युवती। यो थारु पोशाक हो, नेपालको थारु समुदायको परम्परागत पोशाक। यो तराई क्षेत्रमा माघी जस्ता महोत्सव र सामुदायिक उत्सवहरूमा लगाइन्छ।"
nepali_dresses_augmented/tharu_dress/102_aug1.jpg,"A young girl in traditional costume at a festival. This is the Tharu dress, the traditional attire of the Tharu community of Nepal. It is worn during festivals such as Maghi and community celebrations in the Terai region.","महोत्सवमा परम्परागत पोशाकमा एक युवती। यो थारु पोशाक हो, नेपालको थारु समुदायको परम्परागत पोशाक। यो तराई क्षेत्रमा माघी जस्ता महोत्सव र सामुदायिक उत्सवहरूमा लगाइन्छ।"
nepali_dresses_augmented/tharu_dress/103.jpg,"A group of people walking down a street. This is the Tharu dress, the traditional attire of the Tharu community of Nepal. It is worn during festivals such as Maghi and community celebrations in the Terai region.","यो थारु पोशाक हो, नेपालको थारु समुदायको परम्परागत पोशाक हो। यो तराई क्षेत्रको माघी जस्ता चाडपर्व र सामुदायिक उत्सवहरूमा लगाइन्छ।"
nepali_dresses_augmented/tharu_dress/103_aug1.jpg,"A group of people walking down a street. This is the Tharu dress, the traditional attire of the Tharu community of Nepal. It is worn during festivals such as Maghi and community celebrations in the Terai region.","यो थारु पोशाक हो, नेपालको थारु समुदायको परम्परागत पोशाक हो। यो तराई क्षेत्रको माघी जस्ता चाडपर्व र सामुदायिक उत्सवहरूमा लगाइन्छ।"
nepali_dresses_augmented/tharu_dress/104.jpg,"A group of women in traditional attire standing against a brick wall - stock image. This is the Tharu dress, the traditional attire of the Tharu community of Nepal. It is worn during festivals such as Maghi and community celebrations in the Terai region.","परम्परागत पोशाकमा देखिने महिलाहरूको समूह ईंटको पर्खालमा उभिएको छ - स्टक छवि। यो थारु पोशाक हो, नेपालको थारु समुदायको परम्परागत पोशाक हो। यो तराई क्षेत्रमा माघी जस्ता चाडहरूमा र सामुदायिक उत्सवहरूमा लगाइन्छ।"
nepali_dresses_augmented/tharu_dress/104_aug1.jpg,"A group of women in traditional attire standing against a brick wall - stock image. This is the Tharu dress, the traditional attire of the Tharu community of Nepal. It is worn during festivals such as Maghi and community celebrations in the Terai region.","परम्परागत पोशाकमा देखिने महिलाहरूको समूह ईंटको पर्खालमा उभिएको छ - स्टक छवि। यो थारु पोशाक हो, नेपालको थारु समुदायको परम्परागत पोशाक हो। यो तराई क्षेत्रमा माघी जस्ता चाडहरूमा र सामुदायिक उत्सवहरूमा लगाइन्छ।"
nepali_dresses_augmented/tharu_dress/105.jpg,"A group of people sitting in front of a building. This is the Tharu dress, the traditional attire of the Tharu community of Nepal. It is worn during festivals such as Maghi and community celebrations in the Terai region.","एक भवनको अगाडि बसिरहेका मानिसहरूको समूह। यो थारु पोशाक हो, नेपालको थारु समुदायको परम्परागत पोशाक। यो तराई क्षेत्रमा माघी जस्ता चाडहरूमा र सामुदायिक उत्सवहरूमा लगाइन्छ।"
nepali_dresses_augmented/tharu_dress/105_aug1.jpg,"A group of people sitting in front of a building. This is the Tharu dress, the traditional attire of the Tharu community of Nepal. It is worn during festivals such as Maghi and community celebrations in the Terai region.","एक भवनको अगाडि बसिरहेका मानिसहरूको समूह। यो थारु पोशाक हो, नेपालको थारु समुदायको परम्परागत पोशाक। यो तराई क्षेत्रमा माघी जस्ता चाडहरूमा र सामुदायिक उत्सवहरूमा लगाइन्छ।"
nepali_dresses_augmented/tharu_dress/106.jpg,"A woman dressed in traditional costume and headdres walks down the street during the annual festival - stock photo. This is the Tharu dress, the traditional attire of the Tharu community of Nepal. It is worn during festivals such as Maghi and community celebrations in the Terai region.","एक महिलाले परम्परागत पोशाक र हेड्रेस लगाएर वार्षिक महोत्सवको समयमा सडकमा हिंड्छिन् - स्टक फोटो। यो थारु पोशाक हो, नेपालको थारु समुदायको परम्परागत पोशाक हो। यो तराई क्षेत्रमा माघी जस्ता महोत्सव र सामुदायिक उत्सवहरूमा लगाइन्छ।"
nepali_dresses_augmented/tharu_dress/106_aug1.jpg,"A woman dressed in traditional costume and headdres walks down the street during the annual festival - stock photo. This is the Tharu dress, the traditional attire of the Tharu community of Nepal. It is worn during festivals such as Maghi and community celebrations in the Terai region.","एक महिलाले परम्परागत पोशाक र हेड्रेस लगाएर वार्षिक महोत्सवको समयमा सडकमा हिंड्छिन् - स्टक फोटो। यो थारु पोशाक हो, नेपालको थारु समुदायको परम्परागत पोशाक हो। यो तराई क्षेत्रमा माघी जस्ता महोत्सव र सामुदायिक उत्सवहरूमा लगाइन्छ।"
nepali_dresses_augmented/tharu_dress/107.jpg,"A group of young girls dressed in traditional costumes take part of the procession. This is the Tharu dress, the traditional attire of the Tharu community of Nepal. It is worn during festivals such as Maghi and community celebrations in the Terai region.","परम्परागत पोशाक लगाएका एक समूह युवतीहरूले जुलुसमा भाग लिन्छन्। यो थारु पोशाक हो, नेपालको थारु समुदायको परम्परागत पोशाक हो। यो तराई क्षेत्रको माघी जस्ता चाडहरूमा र सामुदायिक उत्सवहरूमा लगाइन्छ।"
nepali_dresses_augmented/tharu_dress/107_aug1.jpg,"A group of young girls dressed in traditional costumes take part of the procession. This is the Tharu dress, the traditional attire of the Tharu community of Nepal. It is worn during festivals such as Maghi and community celebrations in the Terai region.","परम्परागत पोशाक लगाएका एक समूह युवतीहरूले जुलुसमा भाग लिन्छन्। यो थारु पोशाक हो, नेपालको थारु समुदायको परम्परागत पोशाक हो। यो तराई क्षेत्रको माघी जस्ता चाडहरूमा र सामुदायिक उत्सवहरूमा लगाइन्छ।"
nepali_dresses_augmented/tharu_dress/108.jpg,"A group of women dressed in traditional costumes. This is the Tharu dress, the traditional attire of the Tharu community of Nepal. It is worn during festivals such as Maghi and community celebrations in the Terai region.","परम्परागत पोशाक लगाउने महिलाहरूको समूह। यो थारु पोशाक हो, नेपालको थारु समुदायको परम्परागत पोशाक। यो तराई क्षेत्रमा माघी जस्ता चाडहरूमा र सामुदायिक उत्सवहरूमा लगाइन्छ।"
nepali_dresses_augmented/tharu_dress/108_aug1.jpg,"A group of women dressed in traditional costumes. This is the Tharu dress, the traditional attire of the Tharu community of Nepal. It is worn during festivals such as Maghi and community celebrations in the Terai region.","परम्परागत पोशाक लगाउने महिलाहरूको समूह। यो थारु पोशाक हो, नेपालको थारु समुदायको परम्परागत पोशाक। यो तराई क्षेत्रमा माघी जस्ता चाडहरूमा र सामुदायिक उत्सवहरूमा लगाइन्छ।"
nepali_dresses_augmented/tharu_dress/109.jpg,"Three young girls in traditional dress, rajasthan, india - stock image. This is the Tharu dress, the traditional attire of the Tharu community of Nepal. It is worn during festivals such as Maghi and community celebrations in the Terai region.","तीन युवतीहरू परम्परागत पोशाकमा, राजस्थान, भारत - स्टक छवि। यो थारु पोशाक हो, नेपालको थारु समुदायको परम्परागत पोशाक हो। यो तराई क्षेत्रमा माघी जस्ता चाडहरूमा र सामुदायिक उत्सवहरूमा लगाइन्छ।"
nepali_dresses_augmented/tharu_dress/109_aug1.jpg,"Three young girls in traditional dress, rajasthan, india - stock image. This is the Tharu dress, the traditional attire of the Tharu community of Nepal. It is worn during festivals such as Maghi and community celebrations in the Terai region.","तीन युवतीहरू परम्परागत पोशाकमा, राजस्थान, भारत - स्टक छवि। यो थारु पोशाक हो, नेपालको थारु समुदायको परम्परागत पोशाक हो। यो तराई क्षेत्रमा माघी जस्ता चाडहरूमा र सामुदायिक उत्सवहरूमा लगाइन्छ।"
nepali_dresses_augmented/tharu_dress/10_aug1.jpg,"A group of women in traditional dress posing for the camera. This is the Tharu dress, the traditional attire of the Tharu community of Nepal. It is worn during festivals such as Maghi and community celebrations in the Terai region.","क्यामेराको लागि परम्परागत पोशाकमा महिलाहरूको समूह। यो थारु पोशाक हो, नेपालको थारु समुदायको परम्परागत पोशाक। यो तराई क्षेत्रमा माघी र सामुदायिक उत्सव जस्ता चाडहरूमा लगाइन्छ।"
nepali_dresses_augmented/tharu_dress/10_aug2.jpg,"A group of women in traditional dress posing for the camera. This is the Tharu dress, the traditional attire of the Tharu community of Nepal. It is worn during festivals such as Maghi and community celebrations in the Terai region.","क्यामेराको लागि परम्परागत पोशाकमा महिलाहरूको समूह। यो थारु पोशाक हो, नेपालको थारु समुदायको परम्परागत पोशाक। यो तराई क्षेत्रमा माघी र सामुदायिक उत्सव जस्ता चाडहरूमा लगाइन्छ।"
nepali_dresses_augmented/tharu_dress/11.jpg,"A woman wearing a black blouse and silver jewellery. This is the Tharu dress, the traditional attire of the Tharu community of Nepal. It is worn during festivals such as Maghi and community celebrations in the Terai region.","एक महिलाले कालो ब्लाउज र चाँदीको गहना लगाएका छन्। यो थारु पोशाक हो, नेपालको थारु समुदायको परम्परागत पोशाक हो। यो तराई क्षेत्रको माघी जस्ता चाडहरूमा र सामुदायिक उत्सवहरूमा लगाइन्छ।"
nepali_dresses_augmented/tharu_dress/110.jpg,"A group of women in colorful dresses and hats. This is the Tharu dress, the traditional attire of the Tharu community of Nepal. It is worn during festivals such as Maghi and community celebrations in the Terai region.","रंगीन पोशाक र टोपीमा महिलाहरूको समूह। यो थारु पोशाक हो, नेपालको थारु समुदायको परम्परागत पोशाक। यो तराई क्षेत्रमा माघी जस्ता उत्सव र सामुदायिक उत्सवहरूमा लगाइन्छ।"
nepali_dresses_augmented/tharu_dress/110_aug1.jpg,"A group of women in colorful dresses and hats. This is the Tharu dress, the traditional attire of the Tharu community of Nepal. It is worn during festivals such as Maghi and community celebrations in the Terai region.","रंगीन पोशाक र टोपीमा महिलाहरूको समूह। यो थारु पोशाक हो, नेपालको थारु समुदायको परम्परागत पोशाक। यो तराई क्षेत्रमा माघी जस्ता उत्सव र सामुदायिक उत्सवहरूमा लगाइन्छ।"
nepali_dresses_augmented/tharu_dress/111.jpg,"A group of young girls in traditional dress. This is the Tharu dress, the traditional attire of the Tharu community of Nepal. It is worn during festivals such as Maghi and community celebrations in the Terai region.","परम्परागत पोशाकमा युवा युवतीहरूको समूह। यो थारु पोशाक हो, नेपालको थारु समुदायको परम्परागत पोशाक। यो तराई क्षेत्रमा माघी जस्ता पर्वहरू र सामुदायिक उत्सवहरूमा लगाइन्छ।"
nepali_dresses_augmented/tharu_dress/111_aug1.jpg,"A group of young girls in traditional dress. This is the Tharu dress, the traditional attire of the Tharu community of Nepal. It is worn during festivals such as Maghi and community celebrations in the Terai region.","परम्परागत पोशाकमा युवा युवतीहरूको समूह। यो थारु पोशाक हो, नेपालको थारु समुदायको परम्परागत पोशाक। यो तराई क्षेत्रमा माघी जस्ता पर्वहरू र सामुदायिक उत्सवहरूमा लगाइन्छ।"
nepali_dresses_augmented/tharu_dress/112.jpg,"A group of women dressed in traditional costumes take part of the parade. This is the Tharu dress, the traditional attire of the Tharu community of Nepal. It is worn during festivals such as Maghi and community celebrations in the Terai region.","परम्परागत पोशाक लगाएका महिलाहरूको समूह परेडमा भाग लिन्छन्। यो थारु पोशाक हो, नेपालको थारु समुदायको परम्परागत पोशाक हो। यो तराई क्षेत्रमा माघी जस्ता चाडहरूमा र सामुदायिक उत्सवहरूमा लगाइन्छ।"
nepali_dresses_augmented/tharu_dress/112_aug1.jpg,"A group of women dressed in traditional costumes take part of the parade. This is the Tharu dress, the traditional attire of the Tharu community of Nepal. It is worn during festivals such as Maghi and community celebrations in the Terai region.","परम्परागत पोशाक लगाएका महिलाहरूको समूह परेडमा भाग लिन्छन्। यो थारु पोशाक हो, नेपालको थारु समुदायको परम्परागत पोशाक हो। यो तराई क्षेत्रमा माघी जस्ता चाडहरूमा र सामुदायिक उत्सवहरूमा लगाइन्छ।"
nepali_dresses_augmented/tharu_dress/113.jpg,"A group of young girls in traditional costume at night time - stock image. This is the Tharu dress, the traditional attire of the Tharu community of Nepal. It is worn during festivals such as Maghi and community celebrations in the Terai region.",नेपालको थारु समुदायको परम्परागत पोशाक थारु समुदायको परम्परागत पोशाक थारु समुदायको परम्परागत पोशाक थारु समुदायको परम्परागत पोशाक थारु समुदायको परम्परागत पोशाक थारु समुदायको परम्परागत पोशाक थारु समुदायको परम्परागत पोशाक थारु समुदायको परम्परागत पोशाक थारु समुदायको परम्परागत पोशाक थारु समुदायको परम्परागत पोशाक थारु समुदायको परम्परागत पोशाक थारु समुदायको परम्परागत पोशाक थारु समुदायको परम्परागत पोशाक थारु समुदायको परम्परागत पोशाक थारु समुदायको परम्परागत पोशाक थारु समुदायको परम्परागत पोशाक थारु समुदायको परम्परागत पोशाक थारु समुदायको परम्परागत पोशाक थारु समुदायको परम्परागत पोशाक थारु समुदायको परम्परागत पोशाक थारु समुदायको परम्परागत पोशाक थारु समुदायको परम्परा
nepali_dresses_augmented/tharu_dress/113_aug1.jpg,"A group of young girls in traditional costume at night time - stock image. This is the Tharu dress, the traditional attire of the Tharu community of Nepal. It is worn during festivals such as Maghi and community celebrations in the Terai region.",नेपालको थारु समुदायको परम्परागत पोशाक थारु समुदायको परम्परागत पोशाक थारु समुदायको परम्परागत पोशाक थारु समुदायको परम्परागत पोशाक थारु समुदायको परम्परागत पोशाक थारु समुदायको परम्परागत पोशाक थारु समुदायको परम्परागत पोशाक थारु समुदायको परम्परागत पोशाक थारु समुदायको परम्परागत पोशाक थारु समुदायको परम्परागत पोशाक थारु समुदायको परम्परागत पोशाक थारु समुदायको परम्परागत पोशाक थारु समुदायको परम्परागत पोशाक थारु समुदायको परम्परागत पोशाक थारु समुदायको परम्परागत पोशाक थारु समुदायको परम्परागत पोशाक थारु समुदायको परम्परागत पोशाक थारु समुदायको परम्परागत पोशाक थारु समुदायको परम्परागत पोशाक थारु समुदायको परम्परागत पोशाक थारु समुदायको परम्परागत पोशाक थारु समुदायको परम्परा
nepali_dresses_augmented/tharu_dress/114.jpg,"A group of women standing in front of their house, with their children playing outside - stock image. This is the Tharu dress, the traditional attire of the Tharu community of Nepal. It is worn during festivals such as Maghi and community celebrations in the Terai region.","घरको अगाडि उभिएका महिलाहरूको समूह, उनीहरूका बच्चाहरू बाहिर खेल्दै - स्टक छवि। यो थारु पोशाक हो, नेपालको थारु समुदायको परम्परागत पोशाक हो। यो तराई क्षेत्रमा माघी जस्ता पर्वहरू र सामुदायिक उत्सवहरूमा लगाइन्छ।"
nepali_dresses_augmented/tharu_dress/114_aug1.jpg,"A group of women standing in front of their house, with their children playing outside - stock image. This is the Tharu dress, the traditional attire of the Tharu community of Nepal. It is worn during festivals such as Maghi and community celebrations in the Terai region.","घरको अगाडि उभिएका महिलाहरूको समूह, उनीहरूका बच्चाहरू बाहिर खेल्दै - स्टक छवि। यो थारु पोशाक हो, नेपालको थारु समुदायको परम्परागत पोशाक हो। यो तराई क्षेत्रमा माघी जस्ता पर्वहरू र सामुदायिक उत्सवहरूमा लगाइन्छ।"
nepali_dresses_augmented/tharu_dress/115.jpg,"A group of people dancing in a field at sunset - stock image. This is the Tharu dress, the traditional attire of the Tharu community of Nepal. It is worn during festivals such as Maghi and community celebrations in the Terai region.",नेपालको थारु समुदायको परम्परागत पोशाक थारु समुदायको परम्परागत पोशाक थारु समुदायको परम्परागत पोशाक थारु समुदायको परम्परागत पोशाक थारु समुदायको परम्परागत पोशाक थारु समुदायको परम्परागत पोशाक थारु समुदायको परम्परागत पोशाक थारु समुदायको परम्परागत पोशाक थारु समुदायको परम्परागत पोशाक थारु समुदायको परम्परागत पोशाक थारु समुदायको परम्परागत पोशाक थारु समुदायको परम्परागत पोशाक थारु समुदायको परम्परागत पोशाक थारु समुदायको परम्परागत पोशाक थारु समुदायको परम्परागत पोशाक थारु समुदायको परम्परागत पोशाक थारु समुदायको परम्परागत पोशाक थारु समुदायको परम्परागत पोशाक थारु समुदायको परम्परागत पोशाक थारु समुदायको परम्परागत पोशाक हो ।
nepali_dresses_augmented/tharu_dress/115_aug1.jpg,"A group of people dancing in a field at sunset - stock image. This is the Tharu dress, the traditional attire of the Tharu community of Nepal. It is worn during festivals such as Maghi and community celebrations in the Terai region.",नेपालको थारु समुदायको परम्परागत पोशाक थारु समुदायको परम्परागत पोशाक थारु समुदायको परम्परागत पोशाक थारु समुदायको परम्परागत पोशाक थारु समुदायको परम्परागत पोशाक थारु समुदायको परम्परागत पोशाक थारु समुदायको परम्परागत पोशाक थारु समुदायको परम्परागत पोशाक थारु समुदायको परम्परागत पोशाक थारु समुदायको परम्परागत पोशाक थारु समुदायको परम्परागत पोशाक थारु समुदायको परम्परागत पोशाक थारु समुदायको परम्परागत पोशाक थारु समुदायको परम्परागत पोशाक थारु समुदायको परम्परागत पोशाक थारु समुदायको परम्परागत पोशाक थारु समुदायको परम्परागत पोशाक थारु समुदायको परम्परागत पोशाक थारु समुदायको परम्परागत पोशाक थारु समुदायको परम्परागत पोशाक हो ।
nepali_dresses_augmented/tharu_dress/116.jpg,"A group of women from the tribe. This is the Tharu dress, the traditional attire of the Tharu community of Nepal. It is worn during festivals such as Maghi and community celebrations in the Terai region.",यो थारु पोशाक नेपालको थारु समुदायको परम्परागत पोशाक हो। यो तराई क्षेत्रको माघी जस्ता चाडपर्व र सामुदायिक उत्सवहरूमा लगाइन्छ।
nepali_dresses_augmented/tharu_dress/116_aug1.jpg,"A group of women from the tribe. This is the Tharu dress, the traditional attire of the Tharu community of Nepal. It is worn during festivals such as Maghi and community celebrations in the Terai region.",यो थारु पोशाक नेपालको थारु समुदायको परम्परागत पोशाक हो। यो तराई क्षेत्रको माघी जस्ता चाडपर्व र सामुदायिक उत्सवहरूमा लगाइन्छ।
nepali_dresses_augmented/tharu_dress/117.jpg,"A group of people standing in a field. This is the Tharu dress, the traditional attire of the Tharu community of Nepal. It is worn during festivals such as Maghi and community celebrations in the Terai region.","यो थारु पोशाक हो, नेपालको थारु समुदायको परम्परागत पोशाक हो। यो तराई क्षेत्रको माघी जस्ता चाडपर्व र सामुदायिक उत्सवहरूमा लगाइन्छ।"
nepali_dresses_augmented/tharu_dress/117_aug1.jpg,"A group of people standing in a field. This is the Tharu dress, the traditional attire of the Tharu community of Nepal. It is worn during festivals such as Maghi and community celebrations in the Terai region.","यो थारु पोशाक हो, नेपालको थारु समुदायको परम्परागत पोशाक हो। यो तराई क्षेत्रको माघी जस्ता चाडपर्व र सामुदायिक उत्सवहरूमा लगाइन्छ।"
nepali_dresses_augmented/tharu_dress/118.jpg,"A woman in traditional costume. This is the Tharu dress, the traditional attire of the Tharu community of Nepal. It is worn during festivals such as Maghi and community celebrations in the Terai region.","परम्परागत पोशाकमा महिला। यो थारु पोशाक हो, नेपालको थारु समुदायको परम्परागत पोशाक। यो तराई क्षेत्रको माघी जस्ता चाडहरूमा र सामुदायिक उत्सवहरूमा लगाइन्छ।"
nepali_dresses_augmented/tharu_dress/118_aug1.jpg,"A woman in traditional costume. This is the Tharu dress, the traditional attire of the Tharu community of Nepal. It is worn during festivals such as Maghi and community celebrations in the Terai region.","परम्परागत पोशाकमा महिला। यो थारु पोशाक हो, नेपालको थारु समुदायको परम्परागत पोशाक। यो तराई क्षेत्रको माघी जस्ता चाडहरूमा र सामुदायिक उत्सवहरूमा लगाइन्छ।"
nepali_dresses_augmented/tharu_dress/119.jpg,"A group of people standing in a room. This is the Tharu dress, the traditional attire of the Tharu community of Nepal. It is worn during festivals such as Maghi and community celebrations in the Terai region.","एक कोठामा उभिएका मानिसहरूको समूह। यो थारू पोशाक हो, नेपालको थारू समुदायको परम्परागत पोशाक। यो तराई क्षेत्रमा माघी जस्ता चाडहरूमा र सामुदायिक उत्सवहरूमा लगाइन्छ।"
nepali_dresses_augmented/tharu_dress/119_aug1.jpg,"A group of people standing in a room. This is the Tharu dress, the traditional attire of the Tharu community of Nepal. It is worn during festivals such as Maghi and community celebrations in the Terai region.","एक कोठामा उभिएका मानिसहरूको समूह। यो थारू पोशाक हो, नेपालको थारू समुदायको परम्परागत पोशाक। यो तराई क्षेत्रमा माघी जस्ता चाडहरूमा र सामुदायिक उत्सवहरूमा लगाइन्छ।"
nepali_dresses_augmented/tharu_dress/11_aug1.jpg,"A woman wearing a black blouse and silver jewellery. This is the Tharu dress, the traditional attire of the Tharu community of Nepal. It is worn during festivals such as Maghi and community celebrations in the Terai region.","एक महिलाले कालो ब्लाउज र चाँदीको गहना लगाएका छन्। यो थारु पोशाक हो, नेपालको थारु समुदायको परम्परागत पोशाक हो। यो तराई क्षेत्रको माघी जस्ता चाडहरूमा र सामुदायिक उत्सवहरूमा लगाइन्छ।"
nepali_dresses_augmented/tharu_dress/11_aug2.jpg,"A woman wearing a black blouse and silver jewellery. This is the Tharu dress, the traditional attire of the Tharu community of Nepal. It is worn during festivals such as Maghi and community celebrations in the Terai region.","एक महिलाले कालो ब्लाउज र चाँदीको गहना लगाएका छन्। यो थारु पोशाक हो, नेपालको थारु समुदायको परम्परागत पोशाक हो। यो तराई क्षेत्रको माघी जस्ता चाडहरूमा र सामुदायिक उत्सवहरूमा लगाइन्छ।"
nepali_dresses_augmented/tharu_dress/12.jpg,"A group of women in traditional dress posing for the camera. This is the Tharu dress, the traditional attire of the Tharu community of Nepal. It is worn during festivals such as Maghi and community celebrations in the Terai region.","क्यामेराको लागि परम्परागत पोशाकमा महिलाहरूको समूह। यो थारु पोशाक हो, नेपालको थारु समुदायको परम्परागत पोशाक। यो तराई क्षेत्रमा माघी र सामुदायिक उत्सव जस्ता चाडहरूमा लगाइन्छ।"
nepali_dresses_augmented/tharu_dress/120.jpg,"A group of women are getting their makeup done. This is the Tharu dress, the traditional attire of the Tharu community of Nepal. It is worn during festivals such as Maghi and community celebrations in the Terai region.",नेपालको थारु समुदायको परम्परागत पोशाक थारु समुदायको परम्परागत पोशाक थारु समुदायको परम्परागत पोशाक थारु समुदायको परम्परागत पोशाक थारु समुदायको परम्परागत पोशाक थारु समुदायको परम्परागत पोशाक थारु समुदायको परम्परागत पोशाक थारु समुदायको परम्परागत पोशाक थारु समुदायको परम्परागत पोशाक थारु समुदायको परम्परागत पोशाक थारु समुदायको परम्परागत पोशाक थारु समुदायको परम्परागत पोशाक थारु समुदायको परम्परागत पोशाक थारु समुदायको परम्परागत पोशाक थारु समुदायको परम्परागत पोशाक थारु समुदायको परम्परागत पोशाक थारु समुदायको परम्परागत पोशाक थारु समुदायको परम्परागत पोशाक थारु समुदायको परम्परागत पोशाक थारु समुदायको परम्परागत पोशाक थारु समुदायको परम्परागत पोशाक थारु समुदायको परम्परा
nepali_dresses_augmented/tharu_dress/120_aug1.jpg,"A group of women are getting their makeup done. This is the Tharu dress, the traditional attire of the Tharu community of Nepal. It is worn during festivals such as Maghi and community celebrations in the Terai region.",नेपालको थारु समुदायको परम्परागत पोशाक थारु समुदायको परम्परागत पोशाक थारु समुदायको परम्परागत पोशाक थारु समुदायको परम्परागत पोशाक थारु समुदायको परम्परागत पोशाक थारु समुदायको परम्परागत पोशाक थारु समुदायको परम्परागत पोशाक थारु समुदायको परम्परागत पोशाक थारु समुदायको परम्परागत पोशाक थारु समुदायको परम्परागत पोशाक थारु समुदायको परम्परागत पोशाक थारु समुदायको परम्परागत पोशाक थारु समुदायको परम्परागत पोशाक थारु समुदायको परम्परागत पोशाक थारु समुदायको परम्परागत पोशाक थारु समुदायको परम्परागत पोशाक थारु समुदायको परम्परागत पोशाक थारु समुदायको परम्परागत पोशाक थारु समुदायको परम्परागत पोशाक थारु समुदायको परम्परागत पोशाक थारु समुदायको परम्परागत पोशाक थारु समुदायको परम्परा
nepali_dresses_augmented/tharu_dress/121.jpg,"A group of people dressed in green and white. This is the Tharu dress, the traditional attire of the Tharu community of Nepal. It is worn during festivals such as Maghi and community celebrations in the Terai region.","यो थारु पोशाक हो, नेपालको थारु समुदायको परम्परागत पोशाक हो। यो तराई क्षेत्रमा माघी जस्ता चाडहरूमा र सामुदायिक उत्सवहरूमा लगाइन्छ।"
nepali_dresses_augmented/tharu_dress/121_aug1.jpg,"A group of people dressed in green and white. This is the Tharu dress, the traditional attire of the Tharu community of Nepal. It is worn during festivals such as Maghi and community celebrations in the Terai region.","यो थारु पोशाक हो, नेपालको थारु समुदायको परम्परागत पोशाक हो। यो तराई क्षेत्रमा माघी जस्ता चाडहरूमा र सामुदायिक उत्सवहरूमा लगाइन्छ।"
nepali_dresses_augmented/tharu_dress/122.jpg,"A group of people standing in a field. This is the Tharu dress, the traditional attire of the Tharu community of Nepal. It is worn during festivals such as Maghi and community celebrations in the Terai region.","यो थारु पोशाक हो, नेपालको थारु समुदायको परम्परागत पोशाक हो। यो तराई क्षेत्रको माघी जस्ता चाडपर्व र सामुदायिक उत्सवहरूमा लगाइन्छ।"
nepali_dresses_augmented/tharu_dress/122_aug1.jpg,"A group of people standing in a field. This is the Tharu dress, the traditional attire of the Tharu community of Nepal. It is worn during festivals such as Maghi and community celebrations in the Terai region.","यो थारु पोशाक हो, नेपालको थारु समुदायको परम्परागत पोशाक हो। यो तराई क्षेत्रको माघी जस्ता चाडपर्व र सामुदायिक उत्सवहरूमा लगाइन्छ।"
nepali_dresses_augmented/tharu_dress/123.jpg,"A group of people standing in a field. This is the Tharu dress, the traditional attire of the Tharu community of Nepal. It is worn during festivals such as Maghi and community celebrations in the Terai region.","यो थारु पोशाक हो, नेपालको थारु समुदायको परम्परागत पोशाक हो। यो तराई क्षेत्रको माघी जस्ता चाडपर्व र सामुदायिक उत्सवहरूमा लगाइन्छ।"
nepali_dresses_augmented/tharu_dress/123_aug1.jpg,"A group of people standing in a field. This is the Tharu dress, the traditional attire of the Tharu community of Nepal. It is worn during festivals such as Maghi and community celebrations in the Terai region.","यो थारु पोशाक हो, नेपालको थारु समुदायको परम्परागत पोशाक हो। यो तराई क्षेत्रको माघी जस्ता चाडपर्व र सामुदायिक उत्सवहरूमा लगाइन्छ।"
nepali_dresses_augmented/tharu_dress/124.jpg,"A group of women dressed in traditional costumes and headdres during a parade in the city - stock image. This is the Tharu dress, the traditional attire of the Tharu community of Nepal. It is worn during festivals such as Maghi and community celebrations in the Terai region.","शहरमा परेडको क्रममा परम्परागत पोशाक र हेड्रेस लगाएका महिलाहरूको समूह - स्टक छवि। यो थारु पोशाक हो, नेपालको थारु समुदायको परम्परागत पोशाक। यो तराई क्षेत्रमा माघी जस्ता चाडहरूमा र सामुदायिक उत्सवहरूमा लगाइन्छ।"
nepali_dresses_augmented/tharu_dress/124_aug1.jpg,"A group of women dressed in traditional costumes and headdres during a parade in the city - stock image. This is the Tharu dress, the traditional attire of the Tharu community of Nepal. It is worn during festivals such as Maghi and community celebrations in the Terai region.","शहरमा परेडको क्रममा परम्परागत पोशाक र हेड्रेस लगाएका महिलाहरूको समूह - स्टक छवि। यो थारु पोशाक हो, नेपालको थारु समुदायको परम्परागत पोशाक। यो तराई क्षेत्रमा माघी जस्ता चाडहरूमा र सामुदायिक उत्सवहरूमा लगाइन्छ।"
nepali_dresses_augmented/tharu_dress/125.jpg,"Dancers perform during the parade. This is the Tharu dress, the traditional attire of the Tharu community of Nepal. It is worn during festivals such as Maghi and community celebrations in the Terai region.","यस परेडको समयमा नर्तकहरू प्रदर्शन गर्छन्। यो थारु पोशाक हो, नेपालको थारु समुदायको परम्परागत पोशाक। यो तराई क्षेत्रमा माघी जस्ता चाडहरूमा र सामुदायिक उत्सवहरूमा लगाइन्छ।"
nepali_dresses_augmented/tharu_dress/125_aug1.jpg,"Dancers perform during the parade. This is the Tharu dress, the traditional attire of the Tharu community of Nepal. It is worn during festivals such as Maghi and community celebrations in the Terai region.","यस परेडको समयमा नर्तकहरू प्रदर्शन गर्छन्। यो थारु पोशाक हो, नेपालको थारु समुदायको परम्परागत पोशाक। यो तराई क्षेत्रमा माघी जस्ता चाडहरूमा र सामुदायिक उत्सवहरूमा लगाइन्छ।"
nepali_dresses_augmented/tharu_dress/126.jpg,"A group of people walking along a flooded street in the city of dhaka, bangladesh - stock photo. This is the Tharu dress, the traditional attire of the Tharu community of Nepal. It is worn during festivals such as Maghi and community celebrations in the Terai region.","बंगलादेशको ढाका शहरको बाढीले बगाएको सडकमा हिड्ने मानिसहरूको समूह - स्टक फोटो। यो थारु पोशाक हो, नेपालको थारु समुदायको परम्परागत पोशाक हो। यो तराई क्षेत्रमा माघी जस्ता चाडहरूमा र सामुदायिक उत्सवहरूमा लगाइन्छ।"
nepali_dresses_augmented/tharu_dress/126_aug1.jpg,"A group of people walking along a flooded street in the city of dhaka, bangladesh - stock photo. This is the Tharu dress, the traditional attire of the Tharu community of Nepal. It is worn during festivals such as Maghi and community celebrations in the Terai region.","बंगलादेशको ढाका शहरको बाढीले बगाएको सडकमा हिड्ने मानिसहरूको समूह - स्टक फोटो। यो थारु पोशाक हो, नेपालको थारु समुदायको परम्परागत पोशाक हो। यो तराई क्षेत्रमा माघी जस्ता चाडहरूमा र सामुदायिक उत्सवहरूमा लगाइन्छ।"
nepali_dresses_augmented/tharu_dress/127.jpg,"A group of young girls in traditional dress dancing at a school in india - stock image. This is the Tharu dress, the traditional attire of the Tharu community of Nepal. It is worn during festivals such as Maghi and community celebrations in the Terai region.",नेपालको थारु समुदायको परम्परागत पोशाक थारु समुदायको परम्परागत पोशाक थारु समुदायको परम्परागत पोशाक थारु समुदायको परम्परागत पोशाक थारु समुदायको परम्परागत पोशाक थारु समुदायको परम्परागत पोशाक थारु समुदायको परम्परागत पोशाक थारु समुदायको परम्परागत पोशाक थारु समुदायको परम्परागत पोशाक थारु समुदायको परम्परागत पोशाक थारु समुदायको परम्परागत पोशाक थारु समुदायको परम्परागत पोशाक थारु समुदायको परम्परागत पोशाक थारु समुदायको परम्परागत पोशाक थारु समुदायको परम्परागत पोशाक थारु समुदायको परम्परागत पोशाक थारु समुदायको परम्परागत पोशाक थारु समुदायको परम्परागत पोशाक थारु समुदायको परम्परागत पोशाक थारु समुदायको परम्परागत पोशाक थारु समुदायको परम्परागत पोशाक थारु समुदायको परम्परा
nepali_dresses_augmented/tharu_dress/127_aug1.jpg,"A group of young girls in traditional dress dancing at a school in india - stock image. This is the Tharu dress, the traditional attire of the Tharu community of Nepal. It is worn during festivals such as Maghi and community celebrations in the Terai region.",नेपालको थारु समुदायको परम्परागत पोशाक थारु समुदायको परम्परागत पोशाक थारु समुदायको परम्परागत पोशाक थारु समुदायको परम्परागत पोशाक थारु समुदायको परम्परागत पोशाक थारु समुदायको परम्परागत पोशाक थारु समुदायको परम्परागत पोशाक थारु समुदायको परम्परागत पोशाक थारु समुदायको परम्परागत पोशाक थारु समुदायको परम्परागत पोशाक थारु समुदायको परम्परागत पोशाक थारु समुदायको परम्परागत पोशाक थारु समुदायको परम्परागत पोशाक थारु समुदायको परम्परागत पोशाक थारु समुदायको परम्परागत पोशाक थारु समुदायको परम्परागत पोशाक थारु समुदायको परम्परागत पोशाक थारु समुदायको परम्परागत पोशाक थारु समुदायको परम्परागत पोशाक थारु समुदायको परम्परागत पोशाक थारु समुदायको परम्परागत पोशाक थारु समुदायको परम्परा
nepali_dresses_augmented/tharu_dress/128.jpg,"A group of people walking through a flooded street. This is the Tharu dress, the traditional attire of the Tharu community of Nepal. It is worn during festivals such as Maghi and community celebrations in the Terai region.","यो थारु पोशाक हो, नेपालको थारु समुदायको परम्परागत पोशाक हो। यो तराई क्षेत्रको माघी जस्ता चाडपर्व र सामुदायिक उत्सवहरूमा लगाइन्छ।"
nepali_dresses_augmented/tharu_dress/128_aug1.jpg,"A group of people walking through a flooded street. This is the Tharu dress, the traditional attire of the Tharu community of Nepal. It is worn during festivals such as Maghi and community celebrations in the Terai region.","यो थारु पोशाक हो, नेपालको थारु समुदायको परम्परागत पोशाक हो। यो तराई क्षेत्रको माघी जस्ता चाडपर्व र सामुदायिक उत्सवहरूमा लगाइन्छ।"
nepali_dresses_augmented/tharu_dress/129.jpg,"A woman in a colorful dress sitting on the floor. This is the Tharu dress, the traditional attire of the Tharu community of Nepal. It is worn during festivals such as Maghi and community celebrations in the Terai region.","यो थारु पोशाक हो, नेपालको थारु समुदायको परम्परागत पोशाक हो। यो तराई क्षेत्रको माघी र सामुदायिक उत्सवहरूमा लगाइन्छ।"
nepali_dresses_augmented/tharu_dress/129_aug1.jpg,"A woman in a colorful dress sitting on the floor. This is the Tharu dress, the traditional attire of the Tharu community of Nepal. It is worn during festivals such as Maghi and community celebrations in the Terai region.","यो थारु पोशाक हो, नेपालको थारु समुदायको परम्परागत पोशाक हो। यो तराई क्षेत्रको माघी र सामुदायिक उत्सवहरूमा लगाइन्छ।"
nepali_dresses_augmented/tharu_dress/12_aug1.jpg,"A group of women in traditional dress posing for the camera. This is the Tharu dress, the traditional attire of the Tharu community of Nepal. It is worn during festivals such as Maghi and community celebrations in the Terai region.","क्यामेराको लागि परम्परागत पोशाकमा महिलाहरूको समूह। यो थारु पोशाक हो, नेपालको थारु समुदायको परम्परागत पोशाक। यो तराई क्षेत्रमा माघी र सामुदायिक उत्सव जस्ता चाडहरूमा लगाइन्छ।"
nepali_dresses_augmented/tharu_dress/12_aug2.jpg,"A group of women in traditional dress posing for the camera. This is the Tharu dress, the traditional attire of the Tharu community of Nepal. It is worn during festivals such as Maghi and community celebrations in the Terai region.","क्यामेराको लागि परम्परागत पोशाकमा महिलाहरूको समूह। यो थारु पोशाक हो, नेपालको थारु समुदायको परम्परागत पोशाक। यो तराई क्षेत्रमा माघी र सामुदायिक उत्सव जस्ता चाडहरूमा लगाइन्छ।"
nepali_dresses_augmented/tharu_dress/13.jpg,"Two young girls in traditional dress at a festival in the mountains of nepal - stock image. This is the Tharu dress, the traditional attire of the Tharu community of Nepal. It is worn during festivals such as Maghi and community celebrations in the Terai region.","नेपालको पहाडमा एउटा पर्वमा परम्परागत पोशाकमा दुई युवतीहरू - स्टक छवि। यो थारु पोशाक हो, नेपालको थारु समुदायको परम्परागत पोशाक। यो तराई क्षेत्रमा माघी जस्ता पर्वहरू र सामुदायिक उत्सवहरूमा लगाइन्छ।"
nepali_dresses_augmented/tharu_dress/130.jpg,"A group of women dressed in traditional costumes take part of the parade. This is the Tharu dress, the traditional attire of the Tharu community of Nepal. It is worn during festivals such as Maghi and community celebrations in the Terai region.","परम्परागत पोशाक लगाएका महिलाहरूको समूह परेडमा भाग लिन्छन्। यो थारु पोशाक हो, नेपालको थारु समुदायको परम्परागत पोशाक हो। यो तराई क्षेत्रमा माघी जस्ता चाडहरूमा र सामुदायिक उत्सवहरूमा लगाइन्छ।"
nepali_dresses_augmented/tharu_dress/130_aug1.jpg,"A group of women dressed in traditional costumes take part of the parade. This is the Tharu dress, the traditional attire of the Tharu community of Nepal. It is worn during festivals such as Maghi and community celebrations in the Terai region.","परम्परागत पोशाक लगाएका महिलाहरूको समूह परेडमा भाग लिन्छन्। यो थारु पोशाक हो, नेपालको थारु समुदायको परम्परागत पोशाक हो। यो तराई क्षेत्रमा माघी जस्ता चाडहरूमा र सामुदायिक उत्सवहरूमा लगाइन्छ।"
nepali_dresses_augmented/tharu_dress/131.jpg,"Dancers perform during the parade. This is the Tharu dress, the traditional attire of the Tharu community of Nepal. It is worn during festivals such as Maghi and community celebrations in the Terai region.","यस परेडको समयमा नर्तकहरू प्रदर्शन गर्छन्। यो थारु पोशाक हो, नेपालको थारु समुदायको परम्परागत पोशाक। यो तराई क्षेत्रमा माघी जस्ता चाडहरूमा र सामुदायिक उत्सवहरूमा लगाइन्छ।"
nepali_dresses_augmented/tharu_dress/131_aug1.jpg,"Dancers perform during the parade. This is the Tharu dress, the traditional attire of the Tharu community of Nepal. It is worn during festivals such as Maghi and community celebrations in the Terai region.","यस परेडको समयमा नर्तकहरू प्रदर्शन गर्छन्। यो थारु पोशाक हो, नेपालको थारु समुदायको परम्परागत पोशाक। यो तराई क्षेत्रमा माघी जस्ता चाडहरूमा र सामुदायिक उत्सवहरूमा लगाइन्छ।"
nepali_dresses_augmented/tharu_dress/132.jpg,"A group of women in colorful dresses. This is the Tharu dress, the traditional attire of the Tharu community of Nepal. It is worn during festivals such as Maghi and community celebrations in the Terai region.","रंगीन पोशाकमा महिलाहरूको समूह। यो थारु पोशाक हो, नेपालको थारु समुदायको परम्परागत पोशाक। यो तराई क्षेत्रमा माघी र सामुदायिक उत्सव जस्ता चाडहरूमा लगाइन्छ।"
nepali_dresses_augmented/tharu_dress/132_aug1.jpg,"A group of women in colorful dresses. This is the Tharu dress, the traditional attire of the Tharu community of Nepal. It is worn during festivals such as Maghi and community celebrations in the Terai region.","रंगीन पोशाकमा महिलाहरूको समूह। यो थारु पोशाक हो, नेपालको थारु समुदायको परम्परागत पोशाक। यो तराई क्षेत्रमा माघी र सामुदायिक उत्सव जस्ता चाडहरूमा लगाइन्छ।"
nepali_dresses_augmented/tharu_dress/133.jpg,"A group of women in white dresses dancing on stage. This is the Tharu dress, the traditional attire of the Tharu community of Nepal. It is worn during festivals such as Maghi and community celebrations in the Terai region.",यो थारु पोशाक नेपालको थारु समुदायको परम्परागत पोशाक हो। यो तराई क्षेत्रको माघी र सामुदायिक उत्सवहरूमा लगाइन्छ।
nepali_dresses_augmented/tharu_dress/133_aug1.jpg,"A group of women in white dresses dancing on stage. This is the Tharu dress, the traditional attire of the Tharu community of Nepal. It is worn during festivals such as Maghi and community celebrations in the Terai region.",यो थारु पोशाक नेपालको थारु समुदायको परम्परागत पोशाक हो। यो तराई क्षेत्रको माघी र सामुदायिक उत्सवहरूमा लगाइन्छ।
nepali_dresses_augmented/tharu_dress/134.jpg,"A group of women sitting on the side of a road. This is the Tharu dress, the traditional attire of the Tharu community of Nepal. It is worn during festivals such as Maghi and community celebrations in the Terai region.",यो थारु पोशाक नेपालको थारु समुदायको परम्परागत पोशाक हो। यो तराई क्षेत्रको माघी जस्ता चाडहरूमा र सामुदायिक उत्सवहरूमा लगाइन्छ।
nepali_dresses_augmented/tharu_dress/134_aug1.jpg,"A group of women sitting on the side of a road. This is the Tharu dress, the traditional attire of the Tharu community of Nepal. It is worn during festivals such as Maghi and community celebrations in the Terai region.",यो थारु पोशाक नेपालको थारु समुदायको परम्परागत पोशाक हो। यो तराई क्षेत्रको माघी जस्ता चाडहरूमा र सामुदायिक उत्सवहरूमा लगाइन्छ।
nepali_dresses_augmented/tharu_dress/135.jpg,"A group of women in traditional dress and headdres. This is the Tharu dress, the traditional attire of the Tharu community of Nepal. It is worn during festivals such as Maghi and community celebrations in the Terai region.","परम्परागत पोशाक र हेड्रेसमा महिलाहरूको समूह। यो थारु पोशाक हो, नेपालको थारु समुदायको परम्परागत पोशाक। यो तराई क्षेत्रको माघी जस्ता चाडहरूमा र सामुदायिक उत्सवहरूमा लगाइन्छ।"
nepali_dresses_augmented/tharu_dress/135_aug1.jpg,"A group of women in traditional dress and headdres. This is the Tharu dress, the traditional attire of the Tharu community of Nepal. It is worn during festivals such as Maghi and community celebrations in the Terai region.","परम्परागत पोशाक र हेड्रेसमा महिलाहरूको समूह। यो थारु पोशाक हो, नेपालको थारु समुदायको परम्परागत पोशाक। यो तराई क्षेत्रको माघी जस्ता चाडहरूमा र सामुदायिक उत्सवहरूमा लगाइन्छ।"
nepali_dresses_augmented/tharu_dress/136.jpg,"A group of women carrying baskets of flowers. This is the Tharu dress, the traditional attire of the Tharu community of Nepal. It is worn during festivals such as Maghi and community celebrations in the Terai region.","फूलको टोकरी बोक्ने महिलाहरूको समूह। यो थारु पोशाक हो, नेपालको थारु समुदायको परम्परागत पोशाक। यो तराई क्षेत्रको माघी जस्ता चाडहरूमा र सामुदायिक उत्सवहरूमा लगाइन्छ।"
nepali_dresses_augmented/tharu_dress/136_aug1.jpg,"A group of women carrying baskets of flowers. This is the Tharu dress, the traditional attire of the Tharu community of Nepal. It is worn during festivals such as Maghi and community celebrations in the Terai region.","फूलको टोकरी बोक्ने महिलाहरूको समूह। यो थारु पोशाक हो, नेपालको थारु समुदायको परम्परागत पोशाक। यो तराई क्षेत्रको माघी जस्ता चाडहरूमा र सामुदायिक उत्सवहरूमा लगाइन्छ।"
nepali_dresses_augmented/tharu_dress/137.jpg,"A group of women in white dresses and headdres. This is the Tharu dress, the traditional attire of the Tharu community of Nepal. It is worn during festivals such as Maghi and community celebrations in the Terai region.","यो थारु पोशाक हो, नेपालको थारु समुदायको परम्परागत पोशाक हो। यो तराई क्षेत्रको माघी र सामुदायिक उत्सवहरूमा लगाइन्छ।"
nepali_dresses_augmented/tharu_dress/137_aug1.jpg,"A group of women in white dresses and headdres. This is the Tharu dress, the traditional attire of the Tharu community of Nepal. It is worn during festivals such as Maghi and community celebrations in the Terai region.","यो थारु पोशाक हो, नेपालको थारु समुदायको परम्परागत पोशाक हो। यो तराई क्षेत्रको माघी र सामुदायिक उत्सवहरूमा लगाइन्छ।"
nepali_dresses_augmented/tharu_dress/138.jpg,"A woman in a costume standing next to a tree. This is the Tharu dress, the traditional attire of the Tharu community of Nepal. It is worn during festivals such as Maghi and community celebrations in the Terai region.","एक महिलाको पोशाकमा एक रूखको छेउमा उभिएकी। यो थारु पोशाक हो, नेपालको थारु समुदायको परम्परागत पोशाक हो। यो तराई क्षेत्रमा माघी र सामुदायिक उत्सव जस्ता चाडहरूमा लगाइन्छ।"
nepali_dresses_augmented/tharu_dress/138_aug1.jpg,"A woman in a costume standing next to a tree. This is the Tharu dress, the traditional attire of the Tharu community of Nepal. It is worn during festivals such as Maghi and community celebrations in the Terai region.","एक महिलाको पोशाकमा एक रूखको छेउमा उभिएकी। यो थारु पोशाक हो, नेपालको थारु समुदायको परम्परागत पोशाक हो। यो तराई क्षेत्रमा माघी र सामुदायिक उत्सव जस्ता चाडहरूमा लगाइन्छ।"
nepali_dresses_augmented/tharu_dress/139.jpg,"A group of young girls in white dresses dancing on stage. This is the Tharu dress, the traditional attire of the Tharu community of Nepal. It is worn during festivals such as Maghi and community celebrations in the Terai region.",नेपालको थारु समुदायको परम्परागत पोशाक थारु समुदायको परम्परागत पोशाक थारु समुदायको परम्परागत पोशाक थारु समुदायको परम्परागत पोशाक थारु समुदायको परम्परागत पोशाक थारु समुदायको परम्परागत पोशाक थारु समुदायको परम्परागत पोशाक थारु समुदायको परम्परागत पोशाक थारु समुदायको परम्परागत पोशाक थारु समुदायको परम्परागत पोशाक थारु समुदायको परम्परागत पोशाक थारु समुदायको परम्परागत पोशाक थारु समुदायको परम्परागत पोशाक थारु समुदायको परम्परागत पोशाक थारु समुदायको परम्परागत पोशाक थारु समुदायको परम्परागत पोशाक थारु समुदायको परम्परागत पोशाक थारु समुदायको परम्परागत पोशाक थारु समुदायको परम्परागत पोशाक थारु समुदायको परम्परागत पोशाक थारु समुदायको परम्परागत पोशाक थारु समुदायको परम्परा
nepali_dresses_augmented/tharu_dress/139_aug1.jpg,"A group of young girls in white dresses dancing on stage. This is the Tharu dress, the traditional attire of the Tharu community of Nepal. It is worn during festivals such as Maghi and community celebrations in the Terai region.",नेपालको थारु समुदायको परम्परागत पोशाक थारु समुदायको परम्परागत पोशाक थारु समुदायको परम्परागत पोशाक थारु समुदायको परम्परागत पोशाक थारु समुदायको परम्परागत पोशाक थारु समुदायको परम्परागत पोशाक थारु समुदायको परम्परागत पोशाक थारु समुदायको परम्परागत पोशाक थारु समुदायको परम्परागत पोशाक थारु समुदायको परम्परागत पोशाक थारु समुदायको परम्परागत पोशाक थारु समुदायको परम्परागत पोशाक थारु समुदायको परम्परागत पोशाक थारु समुदायको परम्परागत पोशाक थारु समुदायको परम्परागत पोशाक थारु समुदायको परम्परागत पोशाक थारु समुदायको परम्परागत पोशाक थारु समुदायको परम्परागत पोशाक थारु समुदायको परम्परागत पोशाक थारु समुदायको परम्परागत पोशाक थारु समुदायको परम्परागत पोशाक थारु समुदायको परम्परा
nepali_dresses_augmented/tharu_dress/13_aug1.jpg,"Two young girls in traditional dress at a festival in the mountains of nepal - stock image. This is the Tharu dress, the traditional attire of the Tharu community of Nepal. It is worn during festivals such as Maghi and community celebrations in the Terai region.","नेपालको पहाडमा एउटा पर्वमा परम्परागत पोशाकमा दुई युवतीहरू - स्टक छवि। यो थारु पोशाक हो, नेपालको थारु समुदायको परम्परागत पोशाक। यो तराई क्षेत्रमा माघी जस्ता पर्वहरू र सामुदायिक उत्सवहरूमा लगाइन्छ।"
nepali_dresses_augmented/tharu_dress/13_aug2.jpg,"Two young girls in traditional dress at a festival in the mountains of nepal - stock image. This is the Tharu dress, the traditional attire of the Tharu community of Nepal. It is worn during festivals such as Maghi and community celebrations in the Terai region.","नेपालको पहाडमा एउटा पर्वमा परम्परागत पोशाकमा दुई युवतीहरू - स्टक छवि। यो थारु पोशाक हो, नेपालको थारु समुदायको परम्परागत पोशाक। यो तराई क्षेत्रमा माघी जस्ता पर्वहरू र सामुदायिक उत्सवहरूमा लगाइन्छ।"
nepali_dresses_augmented/tharu_dress/14.jpg,"A woman in traditional dress performing at an event. This is the Tharu dress, the traditional attire of the Tharu community of Nepal. It is worn during festivals such as Maghi and community celebrations in the Terai region.","परम्परागत पोशाकमा एक महिला एक कार्यक्रममा प्रदर्शन गर्दै। यो थारु पोशाक हो, नेपालको थारु समुदायको परम्परागत पोशाक हो। यो तराई क्षेत्रमा माघी र सामुदायिक उत्सव जस्ता चाडहरूमा लगाइन्छ।"
nepali_dresses_augmented/tharu_dress/140.jpg,"A group of women dressed in traditional costumes and headdres at the annual parade in mexico - stock photo. This is the Tharu dress, the traditional attire of the Tharu community of Nepal. It is worn during festivals such as Maghi and community celebrations in the Terai region.","मेक्सिकोको वार्षिक परेडमा परम्परागत पोशाक र हेड्रेस लगाएका महिलाहरूको समूह - स्टक फोटो। यो थारु पोशाक हो, नेपालको थारु समुदायको परम्परागत पोशाक। यो तराई क्षेत्रमा माघी जस्ता पर्वहरू र सामुदायिक उत्सवहरूमा लगाइन्छ।"
nepali_dresses_augmented/tharu_dress/140_aug1.jpg,"A group of women dressed in traditional costumes and headdres at the annual parade in mexico - stock photo. This is the Tharu dress, the traditional attire of the Tharu community of Nepal. It is worn during festivals such as Maghi and community celebrations in the Terai region.","मेक्सिकोको वार्षिक परेडमा परम्परागत पोशाक र हेड्रेस लगाएका महिलाहरूको समूह - स्टक फोटो। यो थारु पोशाक हो, नेपालको थारु समुदायको परम्परागत पोशाक। यो तराई क्षेत्रमा माघी जस्ता पर्वहरू र सामुदायिक उत्सवहरूमा लगाइन्छ।"
nepali_dresses_augmented/tharu_dress/141.jpg,"A group of women dressed in traditional costumes and headdres walking down the street - stock photo. This is the Tharu dress, the traditional attire of the Tharu community of Nepal. It is worn during festivals such as Maghi and community celebrations in the Terai region.","परम्परागत पोशाक र हेड्रेस लगाएर सडकमा हिड्ने महिलाहरूको समूह - स्टक फोटो। यो थारु पोशाक हो, नेपालको थारु समुदायको परम्परागत पोशाक हो। यो तराई क्षेत्रमा माघी जस्ता चाडहरूमा र सामुदायिक उत्सवहरूमा लगाइन्छ।"
nepali_dresses_augmented/tharu_dress/141_aug1.jpg,"A group of women dressed in traditional costumes and headdres walking down the street - stock photo. This is the Tharu dress, the traditional attire of the Tharu community of Nepal. It is worn during festivals such as Maghi and community celebrations in the Terai region.","परम्परागत पोशाक र हेड्रेस लगाएर सडकमा हिड्ने महिलाहरूको समूह - स्टक फोटो। यो थारु पोशाक हो, नेपालको थारु समुदायको परम्परागत पोशाक हो। यो तराई क्षेत्रमा माघी जस्ता चाडहरूमा र सामुदायिक उत्सवहरूमा लगाइन्छ।"
nepali_dresses_augmented/tharu_dress/142.jpg,"A group of women dancing in the street during a festival in mexico - stock image. This is the Tharu dress, the traditional attire of the Tharu community of Nepal. It is worn during festivals such as Maghi and community celebrations in the Terai region.","मेक्सिकोमा एउटा महोत्सवको समयमा सडकमा नाच्ने महिलाहरूको समूह - स्टक छवि। यो थारु पोशाक हो, नेपालको थारु समुदायको परम्परागत पोशाक। यो तराई क्षेत्रमा माघी जस्ता महोत्सव र सामुदायिक उत्सवहरूमा लगाइन्छ।"
nepali_dresses_augmented/tharu_dress/142_aug1.jpg,"A group of women dancing in the street during a festival in mexico - stock image. This is the Tharu dress, the traditional attire of the Tharu community of Nepal. It is worn during festivals such as Maghi and community celebrations in the Terai region.","मेक्सिकोमा एउटा महोत्सवको समयमा सडकमा नाच्ने महिलाहरूको समूह - स्टक छवि। यो थारु पोशाक हो, नेपालको थारु समुदायको परम्परागत पोशाक। यो तराई क्षेत्रमा माघी जस्ता महोत्सव र सामुदायिक उत्सवहरूमा लगाइन्छ।"
nepali_dresses_augmented/tharu_dress/143.jpg,"A group of women in traditional dress walking down the street with flags and flags - stock photo. This is the Tharu dress, the traditional attire of the Tharu community of Nepal. It is worn during festivals such as Maghi and community celebrations in the Terai region.","परम्परागत पोशाकमा झण्डा र झण्डासहित सडकमा हिड्ने महिलाहरूको समूह - स्टक फोटो। यो थारु पोशाक हो, नेपालको थारु समुदायको परम्परागत पोशाक हो। यो तराई क्षेत्रमा माघी जस्ता चाडहरूमा र सामुदायिक उत्सवहरूमा लगाइन्छ।"
nepali_dresses_augmented/tharu_dress/143_aug1.jpg,"A group of women in traditional dress walking down the street with flags and flags - stock photo. This is the Tharu dress, the traditional attire of the Tharu community of Nepal. It is worn during festivals such as Maghi and community celebrations in the Terai region.","परम्परागत पोशाकमा झण्डा र झण्डासहित सडकमा हिड्ने महिलाहरूको समूह - स्टक फोटो। यो थारु पोशाक हो, नेपालको थारु समुदायको परम्परागत पोशाक हो। यो तराई क्षेत्रमा माघी जस्ता चाडहरूमा र सामुदायिक उत्सवहरूमा लगाइन्छ।"
nepali_dresses_augmented/tharu_dress/144.jpg,"A group of women walking down a dirt road with their children in the background - stock image. This is the Tharu dress, the traditional attire of the Tharu community of Nepal. It is worn during festivals such as Maghi and community celebrations in the Terai region.",नेपालको थारु समुदायको परम्परागत पोशाक थारु समुदायको परम्परागत पोशाक हो। यो तराई क्षेत्रको माघी र सामुदायिक उत्सवहरूमा लगाइन्छ।
nepali_dresses_augmented/tharu_dress/144_aug1.jpg,"A group of women walking down a dirt road with their children in the background - stock image. This is the Tharu dress, the traditional attire of the Tharu community of Nepal. It is worn during festivals such as Maghi and community celebrations in the Terai region.",नेपालको थारु समुदायको परम्परागत पोशाक थारु समुदायको परम्परागत पोशाक हो। यो तराई क्षेत्रको माघी र सामुदायिक उत्सवहरूमा लगाइन्छ।
nepali_dresses_augmented/tharu_dress/145.jpg,"A group of young girls in traditional costumes dancing. This is the Tharu dress, the traditional attire of the Tharu community of Nepal. It is worn during festivals such as Maghi and community celebrations in the Terai region.","परम्परागत पोशाकमा नाच्ने युवा युवतीहरूको समूह। यो थारु पोशाक हो, नेपालको थारु समुदायको परम्परागत पोशाक। यो तराई क्षेत्रमा माघी र सामुदायिक उत्सव जस्ता चाडहरूमा लगाइन्छ।"
nepali_dresses_augmented/tharu_dress/145_aug1.jpg,"A group of young girls in traditional costumes dancing. This is the Tharu dress, the traditional attire of the Tharu community of Nepal. It is worn during festivals such as Maghi and community celebrations in the Terai region.","परम्परागत पोशाकमा नाच्ने युवा युवतीहरूको समूह। यो थारु पोशाक हो, नेपालको थारु समुदायको परम्परागत पोशाक। यो तराई क्षेत्रमा माघी र सामुदायिक उत्सव जस्ता चाडहरूमा लगाइन्छ।"
nepali_dresses_augmented/tharu_dress/146.jpg,"A woman wearing a colorful dress and headdre, with her back turned to the camera - stock image. This is the Tharu dress, the traditional attire of the Tharu community of Nepal. It is worn during festivals such as Maghi and community celebrations in the Terai region.","एक महिलाले रंगीन पोशाक र हेड्रे लगाएर आफ्नो पछाडि क्यामेरा - स्टक छवि तिर फर्केकी छिन्। यो थारु पोशाक हो, नेपालको थारु समुदायको परम्परागत पोशाक हो। यो तराई क्षेत्रको माघी जस्ता चाडहरूमा र सामुदायिक उत्सवहरूमा लगाइन्छ।"
nepali_dresses_augmented/tharu_dress/146_aug1.jpg,"A woman wearing a colorful dress and headdre, with her back turned to the camera - stock image. This is the Tharu dress, the traditional attire of the Tharu community of Nepal. It is worn during festivals such as Maghi and community celebrations in the Terai region.","एक महिलाले रंगीन पोशाक र हेड्रे लगाएर आफ्नो पछाडि क्यामेरा - स्टक छवि तिर फर्केकी छिन्। यो थारु पोशाक हो, नेपालको थारु समुदायको परम्परागत पोशाक हो। यो तराई क्षेत्रको माघी जस्ता चाडहरूमा र सामुदायिक उत्सवहरूमा लगाइन्छ।"
nepali_dresses_augmented/tharu_dress/147.jpg,"An indian woman in traditional dress. This is the Tharu dress, the traditional attire of the Tharu community of Nepal. It is worn during festivals such as Maghi and community celebrations in the Terai region.","परम्परागत पोशाकमा एक भारतीय महिला। यो थारु पोशाक हो, नेपालको थारु समुदायको परम्परागत पोशाक। यो माघी जस्ता चाडहरूमा र तराई क्षेत्रमा सामुदायिक उत्सवहरूमा लगाइन्छ।"
nepali_dresses_augmented/tharu_dress/147_aug1.jpg,"An indian woman in traditional dress. This is the Tharu dress, the traditional attire of the Tharu community of Nepal. It is worn during festivals such as Maghi and community celebrations in the Terai region.","परम्परागत पोशाकमा एक भारतीय महिला। यो थारु पोशाक हो, नेपालको थारु समुदायको परम्परागत पोशाक। यो माघी जस्ता चाडहरूमा र तराई क्षेत्रमा सामुदायिक उत्सवहरूमा लगाइन्छ।"
nepali_dresses_augmented/tharu_dress/148.jpg,"A group of women in traditional costumes dancing at the annual festival - stock image. This is the Tharu dress, the traditional attire of the Tharu community of Nepal. It is worn during festivals such as Maghi and community celebrations in the Terai region.","वार्षिक महोत्सवमा परम्परागत पोशाकमा नाच्ने महिलाहरूको समूह - स्टक छवि। यो थारु पोशाक हो, नेपालको थारु समुदायको परम्परागत पोशाक। यो तराई क्षेत्रमा माघी जस्ता महोत्सवहरू र सामुदायिक उत्सवहरूमा लगाइन्छ।"
nepali_dresses_augmented/tharu_dress/148_aug1.jpg,"A group of women in traditional costumes dancing at the annual festival - stock image. This is the Tharu dress, the traditional attire of the Tharu community of Nepal. It is worn during festivals such as Maghi and community celebrations in the Terai region.","वार्षिक महोत्सवमा परम्परागत पोशाकमा नाच्ने महिलाहरूको समूह - स्टक छवि। यो थारु पोशाक हो, नेपालको थारु समुदायको परम्परागत पोशाक। यो तराई क्षेत्रमा माघी जस्ता महोत्सवहरू र सामुदायिक उत्सवहरूमा लगाइन्छ।"
nepali_dresses_augmented/tharu_dress/149.jpg,"A young woman dressed in traditional costume and headdres stands on the bank of the river - stock photo. This is the Tharu dress, the traditional attire of the Tharu community of Nepal. It is worn during festivals such as Maghi and community celebrations in the Terai region.","परम्परागत पोशाक र हेड्रेस लगाएर नदी किनारमा उभिएकी एक युवती - स्टक फोटो। यो थारु पोशाक हो, नेपालको थारु समुदायको परम्परागत पोशाक हो। यो तराई क्षेत्रमा माघी जस्ता चाडहरूमा र सामुदायिक उत्सवहरूमा लगाइन्छ।"
nepali_dresses_augmented/tharu_dress/149_aug1.jpg,"A young woman dressed in traditional costume and headdres stands on the bank of the river - stock photo. This is the Tharu dress, the traditional attire of the Tharu community of Nepal. It is worn during festivals such as Maghi and community celebrations in the Terai region.","परम्परागत पोशाक र हेड्रेस लगाएर नदी किनारमा उभिएकी एक युवती - स्टक फोटो। यो थारु पोशाक हो, नेपालको थारु समुदायको परम्परागत पोशाक हो। यो तराई क्षेत्रमा माघी जस्ता चाडहरूमा र सामुदायिक उत्सवहरूमा लगाइन्छ।"
nepali_dresses_augmented/tharu_dress/14_aug1.jpg,"A woman in traditional dress performing at an event. This is the Tharu dress, the traditional attire of the Tharu community of Nepal. It is worn during festivals such as Maghi and community celebrations in the Terai region.","परम्परागत पोशाकमा एक महिला एक कार्यक्रममा प्रदर्शन गर्दै। यो थारु पोशाक हो, नेपालको थारु समुदायको परम्परागत पोशाक हो। यो तराई क्षेत्रमा माघी र सामुदायिक उत्सव जस्ता चाडहरूमा लगाइन्छ।"
nepali_dresses_augmented/tharu_dress/14_aug2.jpg,"A woman in traditional dress performing at an event. This is the Tharu dress, the traditional attire of the Tharu community of Nepal. It is worn during festivals such as Maghi and community celebrations in the Terai region.","परम्परागत पोशाकमा एक महिला एक कार्यक्रममा प्रदर्शन गर्दै। यो थारु पोशाक हो, नेपालको थारु समुदायको परम्परागत पोशाक हो। यो तराई क्षेत्रमा माघी र सामुदायिक उत्सव जस्ता चाडहरूमा लगाइन्छ।"
nepali_dresses_augmented/tharu_dress/15.jpg,"A woman in a colorful dress holding her hand out. This is the Tharu dress, the traditional attire of the Tharu community of Nepal. It is worn during festivals such as Maghi and community celebrations in the Terai region.","एक रंगीन पोशाकमा एक महिला आफ्नो हात उठाउँदै। यो थारु पोशाक हो, नेपालको थारु समुदायको परम्परागत पोशाक हो। यो तराई क्षेत्रमा माघी र सामुदायिक उत्सव जस्ता चाडहरूमा लगाइन्छ।"
nepali_dresses_augmented/tharu_dress/150.jpg,"A woman in traditional dress. This is the Tharu dress, the traditional attire of the Tharu community of Nepal. It is worn during festivals such as Maghi and community celebrations in the Terai region.","परम्परागत पोशाकमा महिला। यो थारु पोशाक हो, नेपालको थारु समुदायको परम्परागत पोशाक। यो तराई क्षेत्रको माघी जस्ता चाडहरूमा र सामुदायिक उत्सवहरूमा लगाइन्छ।"
nepali_dresses_augmented/tharu_dress/150_aug1.jpg,"A woman in traditional dress. This is the Tharu dress, the traditional attire of the Tharu community of Nepal. It is worn during festivals such as Maghi and community celebrations in the Terai region.","परम्परागत पोशाकमा महिला। यो थारु पोशाक हो, नेपालको थारु समुदायको परम्परागत पोशाक। यो तराई क्षेत्रको माघी जस्ता चाडहरूमा र सामुदायिक उत्सवहरूमा लगाइन्छ।"
nepali_dresses_augmented/tharu_dress/151.jpg,"A young indian woman in traditional dress and jewellery - stock image. This is the Tharu dress, the traditional attire of the Tharu community of Nepal. It is worn during festivals such as Maghi and community celebrations in the Terai region.","परम्परागत पोशाक र गहनामा एक भारतीय युवतीको स्टक छवि। यो थारु पोशाक हो, नेपालको थारु समुदायको परम्परागत पोशाक हो। यो तराई क्षेत्रमा माघी जस्ता चाडहरूमा र सामुदायिक उत्सवहरूमा लगाइन्छ।"
nepali_dresses_augmented/tharu_dress/151_aug1.jpg,"A young indian woman in traditional dress and jewellery - stock image. This is the Tharu dress, the traditional attire of the Tharu community of Nepal. It is worn during festivals such as Maghi and community celebrations in the Terai region.","परम्परागत पोशाक र गहनामा एक भारतीय युवतीको स्टक छवि। यो थारु पोशाक हो, नेपालको थारु समुदायको परम्परागत पोशाक हो। यो तराई क्षेत्रमा माघी जस्ता चाडहरूमा र सामुदायिक उत्सवहरूमा लगाइन्छ।"
nepali_dresses_augmented/tharu_dress/152.jpg,"A woman in a red and green dress. This is the Tharu dress, the traditional attire of the Tharu community of Nepal. It is worn during festivals such as Maghi and community celebrations in the Terai region.","रातो र हरियो पोशाकमा एक महिला। यो थारु पोशाक हो, नेपालको थारु समुदायको परम्परागत पोशाक। यो तराई क्षेत्रमा माघी र सामुदायिक उत्सव जस्ता चाडहरूमा लगाइन्छ।"
nepali_dresses_augmented/tharu_dress/152_aug1.jpg,"A woman in a red and green dress. This is the Tharu dress, the traditional attire of the Tharu community of Nepal. It is worn during festivals such as Maghi and community celebrations in the Terai region.","रातो र हरियो पोशाकमा एक महिला। यो थारु पोशाक हो, नेपालको थारु समुदायको परम्परागत पोशाक। यो तराई क्षेत्रमा माघी र सामुदायिक उत्सव जस्ता चाडहरूमा लगाइन्छ।"
nepali_dresses_augmented/tharu_dress/153.jpg,"A woman in a colorful dress sitting on the floor. This is the Tharu dress, the traditional attire of the Tharu community of Nepal. It is worn during festivals such as Maghi and community celebrations in the Terai region.","यो थारु पोशाक हो, नेपालको थारु समुदायको परम्परागत पोशाक हो। यो तराई क्षेत्रको माघी र सामुदायिक उत्सवहरूमा लगाइन्छ।"
nepali_dresses_augmented/tharu_dress/153_aug1.jpg,"A woman in a colorful dress sitting on the floor. This is the Tharu dress, the traditional attire of the Tharu community of Nepal. It is worn during festivals such as Maghi and community celebrations in the Terai region.","यो थारु पोशाक हो, नेपालको थारु समुदायको परम्परागत पोशाक हो। यो तराई क्षेत्रको माघी र सामुदायिक उत्सवहरूमा लगाइन्छ।"
nepali_dresses_augmented/tharu_dress/154.jpg,"A woman sitting on a wall with flowers in her hand. This is the Tharu dress, the traditional attire of the Tharu community of Nepal. It is worn during festivals such as Maghi and community celebrations in the Terai region.","एक महिला आफ्नो हातमा फूलहरूसहित पर्खालमा बसिरहेको छ। यो थारु पोशाक हो, नेपालको थारु समुदायको परम्परागत पोशाक हो। यो तराई क्षेत्रमा माघी जस्ता चाडहरूमा र सामुदायिक उत्सवहरूमा लगाइन्छ।"
nepali_dresses_augmented/tharu_dress/154_aug1.jpg,"A woman sitting on a wall with flowers in her hand. This is the Tharu dress, the traditional attire of the Tharu community of Nepal. It is worn during festivals such as Maghi and community celebrations in the Terai region.","एक महिला आफ्नो हातमा फूलहरूसहित पर्खालमा बसिरहेको छ। यो थारु पोशाक हो, नेपालको थारु समुदायको परम्परागत पोशाक हो। यो तराई क्षेत्रमा माघी जस्ता चाडहरूमा र सामुदायिक उत्सवहरूमा लगाइन्छ।"
nepali_dresses_augmented/tharu_dress/155.jpg,"Two women are sitting on the ground and smiling. This is the Tharu dress, the traditional attire of the Tharu community of Nepal. It is worn during festivals such as Maghi and community celebrations in the Terai region.","दुई महिला भुइँमा बसेर मुस्कुराइरहेका छन्। यो थारु पोशाक हो, नेपालको थारु समुदायको परम्परागत पोशाक हो। यो तराई क्षेत्रको माघी र सामुदायिक उत्सवहरूमा लगाइन्छ।"
nepali_dresses_augmented/tharu_dress/155_aug1.jpg,"Two women are sitting on the ground and smiling. This is the Tharu dress, the traditional attire of the Tharu community of Nepal. It is worn during festivals such as Maghi and community celebrations in the Terai region.","दुई महिला भुइँमा बसेर मुस्कुराइरहेका छन्। यो थारु पोशाक हो, नेपालको थारु समुदायको परम्परागत पोशाक हो। यो तराई क्षेत्रको माघी र सामुदायिक उत्सवहरूमा लगाइन्छ।"
nepali_dresses_augmented/tharu_dress/156.jpg,"A woman in a white dress walking down the street. This is the Tharu dress, the traditional attire of the Tharu community of Nepal. It is worn during festivals such as Maghi and community celebrations in the Terai region.","यो थारु पोशाक हो, नेपालको थारु समुदायको परम्परागत पोशाक हो। यो तराई क्षेत्रको माघी जस्ता चाडपर्व र सामुदायिक उत्सवहरूमा लगाइन्छ।"
nepali_dresses_augmented/tharu_dress/156_aug1.jpg,"A woman in a white dress walking down the street. This is the Tharu dress, the traditional attire of the Tharu community of Nepal. It is worn during festivals such as Maghi and community celebrations in the Terai region.","यो थारु पोशाक हो, नेपालको थारु समुदायको परम्परागत पोशाक हो। यो तराई क्षेत्रको माघी जस्ता चाडपर्व र सामुदायिक उत्सवहरूमा लगाइन्छ।"
nepali_dresses_augmented/tharu_dress/157.jpg,"A young girl wearing a flag during the parade. This is the Tharu dress, the traditional attire of the Tharu community of Nepal. It is worn during festivals such as Maghi and community celebrations in the Terai region.","परेडको क्रममा झण्डा लगाउने एक युवती। यो थारु पोशाक हो, नेपालको थारु समुदायको परम्परागत पोशाक हो। यो तराई क्षेत्रमा माघी जस्ता चाडहरूमा र सामुदायिक उत्सवहरूमा लगाइन्छ।"
nepali_dresses_augmented/tharu_dress/157_aug1.jpg,"A young girl wearing a flag during the parade. This is the Tharu dress, the traditional attire of the Tharu community of Nepal. It is worn during festivals such as Maghi and community celebrations in the Terai region.","परेडको क्रममा झण्डा लगाउने एक युवती। यो थारु पोशाक हो, नेपालको थारु समुदायको परम्परागत पोशाक हो। यो तराई क्षेत्रमा माघी जस्ता चाडहरूमा र सामुदायिक उत्सवहरूमा लगाइन्छ।"
nepali_dresses_augmented/tharu_dress/158.jpg,"A young girl in traditional costume poses for the camera during festival. This is the Tharu dress, the traditional attire of the Tharu community of Nepal. It is worn during festivals such as Maghi and community celebrations in the Terai region.","परम्परागत पोशाकमा एक युवतीले महोत्सवको समयमा क्यामेराको लागि पोज गर्दछ। यो थारु पोशाक हो, नेपालको थारु समुदायको परम्परागत पोशाक। यो तिराई क्षेत्रमा माघी जस्ता महोत्सवहरू र सामुदायिक उत्सवहरूमा लगाइन्छ।"
nepali_dresses_augmented/tharu_dress/158_aug1.jpg,"A young girl in traditional costume poses for the camera during festival. This is the Tharu dress, the traditional attire of the Tharu community of Nepal. It is worn during festivals such as Maghi and community celebrations in the Terai region.","परम्परागत पोशाकमा एक युवतीले महोत्सवको समयमा क्यामेराको लागि पोज गर्दछ। यो थारु पोशाक हो, नेपालको थारु समुदायको परम्परागत पोशाक। यो तिराई क्षेत्रमा माघी जस्ता महोत्सवहरू र सामुदायिक उत्सवहरूमा लगाइन्छ।"
nepali_dresses_augmented/tharu_dress/159.jpg,"An indian woman in traditional dress. This is the Tharu dress, the traditional attire of the Tharu community of Nepal. It is worn during festivals such as Maghi and community celebrations in the Terai region.","परम्परागत पोशाकमा एक भारतीय महिला। यो थारु पोशाक हो, नेपालको थारु समुदायको परम्परागत पोशाक। यो माघी जस्ता चाडहरूमा र तराई क्षेत्रमा सामुदायिक उत्सवहरूमा लगाइन्छ।"
nepali_dresses_augmented/tharu_dress/159_aug1.jpg,"An indian woman in traditional dress. This is the Tharu dress, the traditional attire of the Tharu community of Nepal. It is worn during festivals such as Maghi and community celebrations in the Terai region.","परम्परागत पोशाकमा एक भारतीय महिला। यो थारु पोशाक हो, नेपालको थारु समुदायको परम्परागत पोशाक। यो माघी जस्ता चाडहरूमा र तराई क्षेत्रमा सामुदायिक उत्सवहरूमा लगाइन्छ।"
nepali_dresses_augmented/tharu_dress/15_aug1.jpg,"A woman in a colorful dress holding her hand out. This is the Tharu dress, the traditional attire of the Tharu community of Nepal. It is worn during festivals such as Maghi and community celebrations in the Terai region.","एक रंगीन पोशाकमा एक महिला आफ्नो हात उठाउँदै। यो थारु पोशाक हो, नेपालको थारु समुदायको परम्परागत पोशाक हो। यो तराई क्षेत्रमा माघी र सामुदायिक उत्सव जस्ता चाडहरूमा लगाइन्छ।"
nepali_dresses_augmented/tharu_dress/15_aug2.jpg,"A woman in a colorful dress holding her hand out. This is the Tharu dress, the traditional attire of the Tharu community of Nepal. It is worn during festivals such as Maghi and community celebrations in the Terai region.","एक रंगीन पोशाकमा एक महिला आफ्नो हात उठाउँदै। यो थारु पोशाक हो, नेपालको थारु समुदायको परम्परागत पोशाक हो। यो तराई क्षेत्रमा माघी र सामुदायिक उत्सव जस्ता चाडहरूमा लगाइन्छ।"
nepali_dresses_augmented/tharu_dress/16.jpg,"A woman with headphones sitting on the floor. This is the Tharu dress, the traditional attire of the Tharu community of Nepal. It is worn during festivals such as Maghi and community celebrations in the Terai region.","यो थारु पोशाक हो, नेपालको थारु समुदायको परम्परागत पोशाक हो। यो तराई क्षेत्रको माघी र सामुदायिक उत्सवहरूमा लगाइन्छ।"
nepali_dresses_augmented/tharu_dress/160.jpg,"Three women in colorful costumes posing for the camera. This is the Tharu dress, the traditional attire of the Tharu community of Nepal. It is worn during festivals such as Maghi and community celebrations in the Terai region.","क्यामेराको लागि रंगीन पोशाकमा तीन महिलाहरू। यो थारु पोशाक हो, नेपालको थारु समुदायको परम्परागत पोशाक। यो तराई क्षेत्रमा माघी र सामुदायिक उत्सव जस्ता चाडहरूमा लगाइन्छ।"
nepali_dresses_augmented/tharu_dress/160_aug1.jpg,"Three women in colorful costumes posing for the camera. This is the Tharu dress, the traditional attire of the Tharu community of Nepal. It is worn during festivals such as Maghi and community celebrations in the Terai region.","क्यामेराको लागि रंगीन पोशाकमा तीन महिलाहरू। यो थारु पोशाक हो, नेपालको थारु समुदायको परम्परागत पोशाक। यो तराई क्षेत्रमा माघी र सामुदायिक उत्सव जस्ता चाडहरूमा लगाइन्छ।"
nepali_dresses_augmented/tharu_dress/161.jpg,"A woman in traditional costume and headdres walks down the street. This is the Tharu dress, the traditional attire of the Tharu community of Nepal. It is worn during festivals such as Maghi and community celebrations in the Terai region.","परम्परागत पोशाक र हेड्रेसमा एक महिला सडकमा हिंड्छिन्। यो थारु पोशाक हो, नेपालको थारु समुदायको परम्परागत पोशाक। यो तराई क्षेत्रमा माघी जस्ता पर्वहरू र सामुदायिक उत्सवहरूमा लगाइन्छ।"
nepali_dresses_augmented/tharu_dress/161_aug1.jpg,"A woman in traditional costume and headdres walks down the street. This is the Tharu dress, the traditional attire of the Tharu community of Nepal. It is worn during festivals such as Maghi and community celebrations in the Terai region.","परम्परागत पोशाक र हेड्रेसमा एक महिला सडकमा हिंड्छिन्। यो थारु पोशाक हो, नेपालको थारु समुदायको परम्परागत पोशाक। यो तराई क्षेत्रमा माघी जस्ता पर्वहरू र सामुदायिक उत्सवहरूमा लगाइन्छ।"
nepali_dresses_augmented/tharu_dress/162.jpg,"A group of women carrying pots on their heads. This is the Tharu dress, the traditional attire of the Tharu community of Nepal. It is worn during festivals such as Maghi and community celebrations in the Terai region.","यो थारु पोशाक हो, नेपालको थारु समुदायको परम्परागत पोशाक हो। यो तराई क्षेत्रको माघी जस्ता चाडहरूमा र सामुदायिक उत्सवहरूमा लगाइन्छ।"
nepali_dresses_augmented/tharu_dress/162_aug1.jpg,"A group of women carrying pots on their heads. This is the Tharu dress, the traditional attire of the Tharu community of Nepal. It is worn during festivals such as Maghi and community celebrations in the Terai region.","यो थारु पोशाक हो, नेपालको थारु समुदायको परम्परागत पोशाक हो। यो तराई क्षेत्रको माघी जस्ता चाडहरूमा र सामुदायिक उत्सवहरूमा लगाइन्छ।"
nepali_dresses_augmented/tharu_dress/163.jpg,"A group of young girls dressed in traditional costumes and holding flags during the parade - stock image. This is the Tharu dress, the traditional attire of the Tharu community of Nepal. It is worn during festivals such as Maghi and community celebrations in the Terai region.",नेपालको थारु समुदायको परम्परागत पोशाक थारु समुदायको परम्परागत पोशाक थारु समुदायको परम्परागत पोशाक थारु समुदायको परम्परागत पोशाक थारु समुदायको परम्परागत पोशाक थारु समुदायको परम्परागत पोशाक थारु समुदायको परम्परागत पोशाक थारु समुदायको परम्परागत पोशाक थारु समुदायको परम्परागत पोशाक थारु समुदायको परम्परागत पोशाक थारु समुदायको परम्परागत पोशाक थारु समुदायको परम्परागत पोशाक थारु समुदायको परम्परागत पोशाक थारु समुदायको परम्परागत पोशाक थारु समुदायको परम्परागत पोशाक थारु समुदायको परम्परागत पोशाक थारु समुदायको परम्परागत पोशाक थारु समुदायको परम्परागत पोशाक थारु समुदायको परम्परागत पोशाक थारु समुदायको परम्परागत पोशाक थारु समुदायको परम्परागत पोशाक थारु समुदायको परम्परा
nepali_dresses_augmented/tharu_dress/163_aug1.jpg,"A group of young girls dressed in traditional costumes and holding flags during the parade - stock image. This is the Tharu dress, the traditional attire of the Tharu community of Nepal. It is worn during festivals such as Maghi and community celebrations in the Terai region.",नेपालको थारु समुदायको परम्परागत पोशाक थारु समुदायको परम्परागत पोशाक थारु समुदायको परम्परागत पोशाक थारु समुदायको परम्परागत पोशाक थारु समुदायको परम्परागत पोशाक थारु समुदायको परम्परागत पोशाक थारु समुदायको परम्परागत पोशाक थारु समुदायको परम्परागत पोशाक थारु समुदायको परम्परागत पोशाक थारु समुदायको परम्परागत पोशाक थारु समुदायको परम्परागत पोशाक थारु समुदायको परम्परागत पोशाक थारु समुदायको परम्परागत पोशाक थारु समुदायको परम्परागत पोशाक थारु समुदायको परम्परागत पोशाक थारु समुदायको परम्परागत पोशाक थारु समुदायको परम्परागत पोशाक थारु समुदायको परम्परागत पोशाक थारु समुदायको परम्परागत पोशाक थारु समुदायको परम्परागत पोशाक थारु समुदायको परम्परागत पोशाक थारु समुदायको परम्परा
nepali_dresses_augmented/tharu_dress/164.jpg,"Two young girls in traditional dress and headdres at a festival, rajasthan, india - stock image. This is the Tharu dress, the traditional attire of the Tharu community of Nepal. It is worn during festivals such as Maghi and community celebrations in the Terai region.","दुई युवतीहरू परम्परागत पोशाक र महोत्सवमा हेड्रेसमा, राजस्थान, भारत - स्टक छवि। यो थारु पोशाक हो, नेपालको थारु समुदायको परम्परागत पोशाक। यो माघी जस्ता महोत्सवहरू र तराई क्षेत्रमा सामुदायिक उत्सवहरूमा लगाइन्छ।"
nepali_dresses_augmented/tharu_dress/164_aug1.jpg,"Two young girls in traditional dress and headdres at a festival, rajasthan, india - stock image. This is the Tharu dress, the traditional attire of the Tharu community of Nepal. It is worn during festivals such as Maghi and community celebrations in the Terai region.","दुई युवतीहरू परम्परागत पोशाक र महोत्सवमा हेड्रेसमा, राजस्थान, भारत - स्टक छवि। यो थारु पोशाक हो, नेपालको थारु समुदायको परम्परागत पोशाक। यो माघी जस्ता महोत्सवहरू र तराई क्षेत्रमा सामुदायिक उत्सवहरूमा लगाइन्छ।"
nepali_dresses_augmented/tharu_dress/165.jpg,"Women dressed in traditional costumes hold a banner as they take part of the procession during the annual festival. This is the Tharu dress, the traditional attire of the Tharu community of Nepal. It is worn during festivals such as Maghi and community celebrations in the Terai region.","परम्परागत पोशाकमा लुगा लगाएका महिलाहरूले वार्षिक महोत्सवको समयमा जुलुसमा भाग लिने क्रममा ब्यानर राख्छन्। यो थारु पोशाक हो, नेपालको थारु समुदायको परम्परागत पोशाक हो। यो तराई क्षेत्रमा माघी जस्ता महोत्सवहरू र सामुदायिक उत्सवहरूमा लगाइन्छ।"
nepali_dresses_augmented/tharu_dress/165_aug1.jpg,"Women dressed in traditional costumes hold a banner as they take part of the procession during the annual festival. This is the Tharu dress, the traditional attire of the Tharu community of Nepal. It is worn during festivals such as Maghi and community celebrations in the Terai region.","परम्परागत पोशाकमा लुगा लगाएका महिलाहरूले वार्षिक महोत्सवको समयमा जुलुसमा भाग लिने क्रममा ब्यानर राख्छन्। यो थारु पोशाक हो, नेपालको थारु समुदायको परम्परागत पोशाक हो। यो तराई क्षेत्रमा माघी जस्ता महोत्सवहरू र सामुदायिक उत्सवहरूमा लगाइन्छ।"
nepali_dresses_augmented/tharu_dress/166.jpg,"A group of women in traditional dress at the festival. This is the Tharu dress, the traditional attire of the Tharu community of Nepal. It is worn during festivals such as Maghi and community celebrations in the Terai region.","महोत्सवमा परम्परागत पोशाकमा महिलाहरूको समूह। यो थारु पोशाक हो, नेपालको थारु समुदायको परम्परागत पोशाक। यो तराई क्षेत्रमा माघी जस्ता महोत्सवहरू र सामुदायिक उत्सवहरूमा लगाइन्छ।"
nepali_dresses_augmented/tharu_dress/166_aug1.jpg,"A group of women in traditional dress at the festival. This is the Tharu dress, the traditional attire of the Tharu community of Nepal. It is worn during festivals such as Maghi and community celebrations in the Terai region.","महोत्सवमा परम्परागत पोशाकमा महिलाहरूको समूह। यो थारु पोशाक हो, नेपालको थारु समुदायको परम्परागत पोशाक। यो तराई क्षेत्रमा माघी जस्ता महोत्सवहरू र सामुदायिक उत्सवहरूमा लगाइन्छ।"
nepali_dresses_augmented/tharu_dress/167.jpg,"Dancers perform during the celebrations. This is the Tharu dress, the traditional attire of the Tharu community of Nepal. It is worn during festivals such as Maghi and community celebrations in the Terai region.","यस पर्वमा नर्तकहरू प्रदर्शन गर्छन्। यो थारु पोशाक हो, नेपालको थारु समुदायको परम्परागत पोशाक हो। यो तराई क्षेत्रमा माघी र सामुदायिक उत्सव जस्ता चाडहरूमा लगाइन्छ।"
nepali_dresses_augmented/tharu_dress/167_aug1.jpg,"Dancers perform during the celebrations. This is the Tharu dress, the traditional attire of the Tharu community of Nepal. It is worn during festivals such as Maghi and community celebrations in the Terai region.","यस पर्वमा नर्तकहरू प्रदर्शन गर्छन्। यो थारु पोशाक हो, नेपालको थारु समुदायको परम्परागत पोशाक हो। यो तराई क्षेत्रमा माघी र सामुदायिक उत्सव जस्ता चाडहरूमा लगाइन्छ।"
nepali_dresses_augmented/tharu_dress/168.jpg,"A group of people dressed in traditional costumes take part of festival. This is the Tharu dress, the traditional attire of the Tharu community of Nepal. It is worn during festivals such as Maghi and community celebrations in the Terai region.","परम्परागत पोशाकमा लुगा लगाएका मानिसहरूको समूहले महोत्सवको भाग लिन्छन्। यो थारु पोशाक हो, नेपालको थारु समुदायको परम्परागत पोशाक हो। यो तराई क्षेत्रमा माघी जस्ता महोत्सवहरू र सामुदायिक उत्सवहरूमा लगाइन्छ।"
nepali_dresses_augmented/tharu_dress/168_aug1.jpg,"A group of people dressed in traditional costumes take part of festival. This is the Tharu dress, the traditional attire of the Tharu community of Nepal. It is worn during festivals such as Maghi and community celebrations in the Terai region.","परम्परागत पोशाकमा लुगा लगाएका मानिसहरूको समूहले महोत्सवको भाग लिन्छन्। यो थारु पोशाक हो, नेपालको थारु समुदायको परम्परागत पोशाक हो। यो तराई क्षेत्रमा माघी जस्ता महोत्सवहरू र सामुदायिक उत्सवहरूमा लगाइन्छ।"
nepali_dresses_augmented/tharu_dress/169.jpg,"A group of people performing a traditional dance in front of a sign that reads the culture program - stock photo. This is the Tharu dress, the traditional attire of the Tharu community of Nepal. It is worn during festivals such as Maghi and community celebrations in the Terai region.",नेपालको थारु समुदायको परम्परागत पोशाक थारुको पोशाक हो। यो तराई क्षेत्रको माघी र सामुदायिक उत्सवहरूमा लगाइन्छ।
nepali_dresses_augmented/tharu_dress/169_aug1.jpg,"A group of people performing a traditional dance in front of a sign that reads the culture program - stock photo. This is the Tharu dress, the traditional attire of the Tharu community of Nepal. It is worn during festivals such as Maghi and community celebrations in the Terai region.",नेपालको थारु समुदायको परम्परागत पोशाक थारुको पोशाक हो। यो तराई क्षेत्रको माघी र सामुदायिक उत्सवहरूमा लगाइन्छ।
nepali_dresses_augmented/tharu_dress/16_aug1.jpg,"A woman with headphones sitting on the floor. This is the Tharu dress, the traditional attire of the Tharu community of Nepal. It is worn during festivals such as Maghi and community celebrations in the Terai region.","यो थारु पोशाक हो, नेपालको थारु समुदायको परम्परागत पोशाक हो। यो तराई क्षेत्रको माघी र सामुदायिक उत्सवहरूमा लगाइन्छ।"
nepali_dresses_augmented/tharu_dress/16_aug2.jpg,"A woman with headphones sitting on the floor. This is the Tharu dress, the traditional attire of the Tharu community of Nepal. It is worn during festivals such as Maghi and community celebrations in the Terai region.","यो थारु पोशाक हो, नेपालको थारु समुदायको परम्परागत पोशाक हो। यो तराई क्षेत्रको माघी र सामुदायिक उत्सवहरूमा लगाइन्छ।"
nepali_dresses_augmented/tharu_dress/17.jpg,"An indian woman in traditional dress at night. This is the Tharu dress, the traditional attire of the Tharu community of Nepal. It is worn during festivals such as Maghi and community celebrations in the Terai region.","राती परम्परागत पोशाकमा एक भारतीय महिला। यो थारु पोशाक हो, नेपालको थारु समुदायको परम्परागत पोशाक। यो माघी जस्ता चाडहरूमा र तराई क्षेत्रमा सामुदायिक उत्सवहरूमा लगाइन्छ।"
nepali_dresses_augmented/tharu_dress/170.jpg,"A group of young girls performing a folk dance in front of a mural on the wall of an old building - stock photo. This is the Tharu dress, the traditional attire of the Tharu community of Nepal. It is worn during festivals such as Maghi and community celebrations in the Terai region.","पुरानो भवनको पर्खालमा भित्ता चित्रको अगाडि युवा केटीहरूको समूहले लोक नृत्य गरिरहेका छन् - स्टक फोटो। यो थारु पोशाक हो, नेपालको थारु समुदायको परम्परागत पोशाक हो। यो तराई क्षेत्रको माघी जस्ता चाडहरूमा र सामुदायिक उत्सवहरूमा लगाइन्छ।"
nepali_dresses_augmented/tharu_dress/170_aug1.jpg,"A group of young girls performing a folk dance in front of a mural on the wall of an old building - stock photo. This is the Tharu dress, the traditional attire of the Tharu community of Nepal. It is worn during festivals such as Maghi and community celebrations in the Terai region.","पुरानो भवनको पर्खालमा भित्ता चित्रको अगाडि युवा केटीहरूको समूहले लोक नृत्य गरिरहेका छन् - स्टक फोटो। यो थारु पोशाक हो, नेपालको थारु समुदायको परम्परागत पोशाक हो। यो तराई क्षेत्रको माघी जस्ता चाडहरूमा र सामुदायिक उत्सवहरूमा लगाइन्छ।"
nepali_dresses_augmented/tharu_dress/171.jpg,"A group of women dressed in colorful costumes. This is the Tharu dress, the traditional attire of the Tharu community of Nepal. It is worn during festivals such as Maghi and community celebrations in the Terai region.",नेपालको थारु समुदायको परम्परागत पोशाक थारु समुदायको परम्परागत पोशाक हो। यो तराई क्षेत्रको माघी र सामुदायिक उत्सवहरूमा लगाइन्छ।
nepali_dresses_augmented/tharu_dress/171_aug1.jpg,"A group of women dressed in colorful costumes. This is the Tharu dress, the traditional attire of the Tharu community of Nepal. It is worn during festivals such as Maghi and community celebrations in the Terai region.",नेपालको थारु समुदायको परम्परागत पोशाक थारु समुदायको परम्परागत पोशाक हो। यो तराई क्षेत्रको माघी र सामुदायिक उत्सवहरूमा लगाइन्छ।
nepali_dresses_augmented/tharu_dress/172.jpg,"A group of young men performing a traditional dance in front of a school building - stock image. This is the Tharu dress, the traditional attire of the Tharu community of Nepal. It is worn during festivals such as Maghi and community celebrations in the Terai region.",नेपालको थारु समुदायको परम्परागत पोशाक थारु समुदायको परम्परागत पोशाक थारु समुदायको परम्परागत पोशाक थारु समुदायको परम्परागत पोशाक थारु समुदायको परम्परागत पोशाक थारु समुदायको परम्परागत पोशाक थारु समुदायको परम्परागत पोशाक थारु समुदायको परम्परागत पोशाक थारु समुदायको परम्परागत पोशाक थारु समुदायको परम्परागत पोशाक थारु समुदायको परम्परागत पोशाक थारु समुदायको परम्परागत पोशाक थारु समुदायको परम्परागत पोशाक थारु समुदायको परम्परागत पोशाक थारु समुदायको परम्परागत पोशाक थारु समुदायको परम्परागत पोशाक थारु समुदायको परम्परागत पोशाक थारु समुदायको परम्परागत पोशाक हो ।
nepali_dresses_augmented/tharu_dress/172_aug1.jpg,"A group of young men performing a traditional dance in front of a school building - stock image. This is the Tharu dress, the traditional attire of the Tharu community of Nepal. It is worn during festivals such as Maghi and community celebrations in the Terai region.",नेपालको थारु समुदायको परम्परागत पोशाक थारु समुदायको परम्परागत पोशाक थारु समुदायको परम्परागत पोशाक थारु समुदायको परम्परागत पोशाक थारु समुदायको परम्परागत पोशाक थारु समुदायको परम्परागत पोशाक थारु समुदायको परम्परागत पोशाक थारु समुदायको परम्परागत पोशाक थारु समुदायको परम्परागत पोशाक थारु समुदायको परम्परागत पोशाक थारु समुदायको परम्परागत पोशाक थारु समुदायको परम्परागत पोशाक थारु समुदायको परम्परागत पोशाक थारु समुदायको परम्परागत पोशाक थारु समुदायको परम्परागत पोशाक थारु समुदायको परम्परागत पोशाक थारु समुदायको परम्परागत पोशाक थारु समुदायको परम्परागत पोशाक हो ।
nepali_dresses_augmented/tharu_dress/173.jpg,"A group of girls in white dresses dancing on stage. This is the Tharu dress, the traditional attire of the Tharu community of Nepal. It is worn during festivals such as Maghi and community celebrations in the Terai region.",यो थारु पोशाक नेपालको थारु समुदायको परम्परागत पोशाक हो। यो तराई क्षेत्रको माघी र सामुदायिक उत्सवहरूमा लगाइन्छ।
nepali_dresses_augmented/tharu_dress/173_aug1.jpg,"A group of girls in white dresses dancing on stage. This is the Tharu dress, the traditional attire of the Tharu community of Nepal. It is worn during festivals such as Maghi and community celebrations in the Terai region.",यो थारु पोशाक नेपालको थारु समुदायको परम्परागत पोशाक हो। यो तराई क्षेत्रको माघी र सामुदायिक उत्सवहरूमा लगाइन्छ।
nepali_dresses_augmented/tharu_dress/174.jpg,"A group of dancers performing at the festival in bali, indonesia - stock image. This is the Tharu dress, the traditional attire of the Tharu community of Nepal. It is worn during festivals such as Maghi and community celebrations in the Terai region.","इन्डोनेसियाको बालीमा भएको महोत्सवमा नाचिरहेका नर्तकहरूको समूह - स्टक छवि। यो थारु पोशाक हो, नेपालको थारु समुदायको परम्परागत पोशाक हो। यो तराई क्षेत्रमा माघी जस्ता महोत्सव र सामुदायिक उत्सवहरूमा लगाइन्छ।"
nepali_dresses_augmented/tharu_dress/174_aug1.jpg,"A group of dancers performing at the festival in bali, indonesia - stock image. This is the Tharu dress, the traditional attire of the Tharu community of Nepal. It is worn during festivals such as Maghi and community celebrations in the Terai region.","इन्डोनेसियाको बालीमा भएको महोत्सवमा नाचिरहेका नर्तकहरूको समूह - स्टक छवि। यो थारु पोशाक हो, नेपालको थारु समुदायको परम्परागत पोशाक हो। यो तराई क्षेत्रमा माघी जस्ता महोत्सव र सामुदायिक उत्सवहरूमा लगाइन्छ।"
nepali_dresses_augmented/tharu_dress/175.jpg,"A group of people are dancing in the grass. This is the Tharu dress, the traditional attire of the Tharu community of Nepal. It is worn during festivals such as Maghi and community celebrations in the Terai region.","एक समूह मानिस घाँसमा नाच्दैछन्। यो थारु पोशाक हो, नेपालको थारु समुदायको परम्परागत पोशाक हो। यो तराई क्षेत्रमा माघी जस्ता चाडहरूमा र सामुदायिक उत्सवहरूमा लगाइन्छ।"
nepali_dresses_augmented/tharu_dress/175_aug1.jpg,"A group of people are dancing in the grass. This is the Tharu dress, the traditional attire of the Tharu community of Nepal. It is worn during festivals such as Maghi and community celebrations in the Terai region.","एक समूह मानिस घाँसमा नाच्दैछन्। यो थारु पोशाक हो, नेपालको थारु समुदायको परम्परागत पोशाक हो। यो तराई क्षेत्रमा माघी जस्ता चाडहरूमा र सामुदायिक उत्सवहरूमा लगाइन्छ।"
nepali_dresses_augmented/tharu_dress/176.jpg,"A group of people performing a traditional dance in front of a sign. This is the Tharu dress, the traditional attire of the Tharu community of Nepal. It is worn during festivals such as Maghi and community celebrations in the Terai region.",नेपालको थारु समुदायको परम्परागत पोशाक थारु समुदायको परम्परागत पोशाक थारु समुदायको परम्परागत पोशाक थारु समुदायको परम्परागत पोशाक थारु समुदायको परम्परागत पोशाक थारु समुदायको परम्परागत पोशाक थारु समुदायको परम्परागत पोशाक थारु समुदायको परम्परागत पोशाक थारु समुदायको परम्परागत पोशाक थारु समुदायको परम्परागत पोशाक थारु समुदायको परम्परागत पोशाक थारु समुदायको परम्परागत पोशाक थारु समुदायको परम्परागत पोशाक थारु समुदायको परम्परागत पोशाक थारु समुदायको परम्परागत पोशाक थारु समुदायको परम्परागत पोशाक थारु समुदायको परम्परागत पोशाक थारु समुदायको परम्परागत पोशाक थारु समुदायको परम्परागत पोशाक थारु समुदायको परम्परागत पोशाक थारु समुदायको परम्परागत पोशाक थारु समुदायको परम्परा
nepali_dresses_augmented/tharu_dress/176_aug1.jpg,"A group of people performing a traditional dance in front of a sign. This is the Tharu dress, the traditional attire of the Tharu community of Nepal. It is worn during festivals such as Maghi and community celebrations in the Terai region.",नेपालको थारु समुदायको परम्परागत पोशाक थारु समुदायको परम्परागत पोशाक थारु समुदायको परम्परागत पोशाक थारु समुदायको परम्परागत पोशाक थारु समुदायको परम्परागत पोशाक थारु समुदायको परम्परागत पोशाक थारु समुदायको परम्परागत पोशाक थारु समुदायको परम्परागत पोशाक थारु समुदायको परम्परागत पोशाक थारु समुदायको परम्परागत पोशाक थारु समुदायको परम्परागत पोशाक थारु समुदायको परम्परागत पोशाक थारु समुदायको परम्परागत पोशाक थारु समुदायको परम्परागत पोशाक थारु समुदायको परम्परागत पोशाक थारु समुदायको परम्परागत पोशाक थारु समुदायको परम्परागत पोशाक थारु समुदायको परम्परागत पोशाक थारु समुदायको परम्परागत पोशाक थारु समुदायको परम्परागत पोशाक थारु समुदायको परम्परागत पोशाक थारु समुदायको परम्परा
nepali_dresses_augmented/tharu_dress/177.jpg,"A group of women in traditional dress dancing at night. This is the Tharu dress, the traditional attire of the Tharu community of Nepal. It is worn during festivals such as Maghi and community celebrations in the Terai region.","परम्परागत पोशाकमा राती नाच्ने महिलाहरूको समूह। यो थारु पोशाक हो, नेपालको थारु समुदायको परम्परागत पोशाक हो। यो तराई क्षेत्रमा माघी जस्ता पर्वहरू र सामुदायिक उत्सवहरूमा लगाइन्छ।"
nepali_dresses_augmented/tharu_dress/177_aug1.jpg,"A group of women in traditional dress dancing at night. This is the Tharu dress, the traditional attire of the Tharu community of Nepal. It is worn during festivals such as Maghi and community celebrations in the Terai region.","परम्परागत पोशाकमा राती नाच्ने महिलाहरूको समूह। यो थारु पोशाक हो, नेपालको थारु समुदायको परम्परागत पोशाक हो। यो तराई क्षेत्रमा माघी जस्ता पर्वहरू र सामुदायिक उत्सवहरूमा लगाइन्छ।"
nepali_dresses_augmented/tharu_dress/178.jpg,"A group of women dancing in front of a white building - stock image. This is the Tharu dress, the traditional attire of the Tharu community of Nepal. It is worn during festivals such as Maghi and community celebrations in the Terai region.",नेपालको थारु समुदायको परम्परागत पोशाक थारु समुदायको परम्परागत पोशाक थारु समुदायको परम्परागत पोशाक थारु समुदायको परम्परागत पोशाक थारु समुदायको परम्परागत पोशाक थारु समुदायको परम्परागत पोशाक थारु समुदायको परम्परागत पोशाक थारु समुदायको परम्परागत पोशाक थारु समुदायको परम्परागत पोशाक थारु समुदायको परम्परागत पोशाक थारु समुदायको परम्परागत पोशाक थारु समुदायको परम्परागत पोशाक थारु समुदायको परम्परागत पोशाक थारु समुदायको परम्परागत पोशाक थारु समुदायको परम्परागत पोशाक थारु समुदायको परम्परागत पोशाक थारु समुदायको परम्परागत पोशाक थारु समुदायको परम्परागत पोशाक थारु समुदायको परम्परागत पोशाक थारु समुदायको परम्परागत पोशाक हो ।
nepali_dresses_augmented/tharu_dress/178_aug1.jpg,"A group of women dancing in front of a white building - stock image. This is the Tharu dress, the traditional attire of the Tharu community of Nepal. It is worn during festivals such as Maghi and community celebrations in the Terai region.",नेपालको थारु समुदायको परम्परागत पोशाक थारु समुदायको परम्परागत पोशाक थारु समुदायको परम्परागत पोशाक थारु समुदायको परम्परागत पोशाक थारु समुदायको परम्परागत पोशाक थारु समुदायको परम्परागत पोशाक थारु समुदायको परम्परागत पोशाक थारु समुदायको परम्परागत पोशाक थारु समुदायको परम्परागत पोशाक थारु समुदायको परम्परागत पोशाक थारु समुदायको परम्परागत पोशाक थारु समुदायको परम्परागत पोशाक थारु समुदायको परम्परागत पोशाक थारु समुदायको परम्परागत पोशाक थारु समुदायको परम्परागत पोशाक थारु समुदायको परम्परागत पोशाक थारु समुदायको परम्परागत पोशाक थारु समुदायको परम्परागत पोशाक थारु समुदायको परम्परागत पोशाक थारु समुदायको परम्परागत पोशाक हो ।
nepali_dresses_augmented/tharu_dress/179.jpg,"Women dressed in traditional costumes take part of the parade. This is the Tharu dress, the traditional attire of the Tharu community of Nepal. It is worn during festivals such as Maghi and community celebrations in the Terai region.","परम्परागत पोशाक लगाएका महिलाहरूले परेडमा भाग लिन्छन्। यो थारु पोशाक हो, नेपालको थारु समुदायको परम्परागत पोशाक हो। यो तराई क्षेत्रमा माघी र सामुदायिक उत्सव जस्ता चाडहरूमा लगाइन्छ।"
nepali_dresses_augmented/tharu_dress/179_aug1.jpg,"Women dressed in traditional costumes take part of the parade. This is the Tharu dress, the traditional attire of the Tharu community of Nepal. It is worn during festivals such as Maghi and community celebrations in the Terai region.","परम्परागत पोशाक लगाएका महिलाहरूले परेडमा भाग लिन्छन्। यो थारु पोशाक हो, नेपालको थारु समुदायको परम्परागत पोशाक हो। यो तराई क्षेत्रमा माघी र सामुदायिक उत्सव जस्ता चाडहरूमा लगाइन्छ।"
nepali_dresses_augmented/tharu_dress/17_aug1.jpg,"An indian woman in traditional dress at night. This is the Tharu dress, the traditional attire of the Tharu community of Nepal. It is worn during festivals such as Maghi and community celebrations in the Terai region.","राती परम्परागत पोशाकमा एक भारतीय महिला। यो थारु पोशाक हो, नेपालको थारु समुदायको परम्परागत पोशाक। यो माघी जस्ता चाडहरूमा र तराई क्षेत्रमा सामुदायिक उत्सवहरूमा लगाइन्छ।"
nepali_dresses_augmented/tharu_dress/17_aug2.jpg,"An indian woman in traditional dress at night. This is the Tharu dress, the traditional attire of the Tharu community of Nepal. It is worn during festivals such as Maghi and community celebrations in the Terai region.","राती परम्परागत पोशाकमा एक भारतीय महिला। यो थारु पोशाक हो, नेपालको थारु समुदायको परम्परागत पोशाक। यो माघी जस्ता चाडहरूमा र तराई क्षेत्रमा सामुदायिक उत्सवहरूमा लगाइन्छ।"
nepali_dresses_augmented/tharu_dress/18.jpg,"A man and woman dressed in traditional clothing. This is the Tharu dress, the traditional attire of the Tharu community of Nepal. It is worn during festivals such as Maghi and community celebrations in the Terai region.","परम्परागत कपडा लगाएका पुरुष र महिला. यो थारु पोशाक हो, नेपालको थारु समुदायको परम्परागत पोशाक। यो तराई क्षेत्रमा माघी जस्ता चाडहरूमा र सामुदायिक उत्सवहरूमा लगाइन्छ।"
nepali_dresses_augmented/tharu_dress/180.jpg,"A group of people standing next to each other people. This is the Tharu dress, the traditional attire of the Tharu community of Nepal. It is worn during festivals such as Maghi and community celebrations in the Terai region.","यो थारु पोशाक हो, नेपालको थारु समुदायको परम्परागत पोशाक हो। यो तराई क्षेत्रको माघी जस्ता चाडहरूमा र सामुदायिक उत्सवहरूमा लगाइन्छ।"
nepali_dresses_augmented/tharu_dress/180_aug1.jpg,"A group of people standing next to each other people. This is the Tharu dress, the traditional attire of the Tharu community of Nepal. It is worn during festivals such as Maghi and community celebrations in the Terai region.","यो थारु पोशाक हो, नेपालको थारु समुदायको परम्परागत पोशाक हो। यो तराई क्षेत्रको माघी जस्ता चाडहरूमा र सामुदायिक उत्सवहरूमा लगाइन्छ।"
nepali_dresses_augmented/tharu_dress/181.jpg,"Two women standing in front of a house. This is the Tharu dress, the traditional attire of the Tharu community of Nepal. It is worn during festivals such as Maghi and community celebrations in the Terai region.","दुई महिला एक घरको अगाडि उभिरहेका छन्। यो थारु पोशाक हो, नेपालको थारु समुदायको परम्परागत पोशाक हो। यो तराई क्षेत्रमा माघी जस्ता चाडहरूमा र सामुदायिक उत्सवहरूमा लगाइन्छ।"
nepali_dresses_augmented/tharu_dress/181_aug1.jpg,"Two women standing in front of a house. This is the Tharu dress, the traditional attire of the Tharu community of Nepal. It is worn during festivals such as Maghi and community celebrations in the Terai region.","दुई महिला एक घरको अगाडि उभिरहेका छन्। यो थारु पोशाक हो, नेपालको थारु समुदायको परम्परागत पोशाक हो। यो तराई क्षेत्रमा माघी जस्ता चाडहरूमा र सामुदायिक उत्सवहरूमा लगाइन्छ।"
nepali_dresses_augmented/tharu_dress/182.jpg,"A woman carrying a casket in the streets of kathmandu, nepal - stock image. This is the Tharu dress, the traditional attire of the Tharu community of Nepal. It is worn during festivals such as Maghi and community celebrations in the Terai region.","काठमाण्डौको सडकमा एउटा ताबूत बोकेको महिला, नेपाल - स्टक छवि। यो थारु पोशाक हो, नेपालको थारु समुदायको परम्परागत पोशाक हो। यो तराई क्षेत्रमा माघी जस्ता चाडहरूमा र सामुदायिक उत्सवहरूमा लगाइन्छ।"
nepali_dresses_augmented/tharu_dress/182_aug1.jpg,"A woman carrying a casket in the streets of kathmandu, nepal - stock image. This is the Tharu dress, the traditional attire of the Tharu community of Nepal. It is worn during festivals such as Maghi and community celebrations in the Terai region.","काठमाण्डौको सडकमा एउटा ताबूत बोकेको महिला, नेपाल - स्टक छवि। यो थारु पोशाक हो, नेपालको थारु समुदायको परम्परागत पोशाक हो। यो तराई क्षेत्रमा माघी जस्ता चाडहरूमा र सामुदायिक उत्सवहरूमा लगाइन्छ।"
nepali_dresses_augmented/tharu_dress/183.jpg,"A group of people dancing in front of the kathmandu temple, kathmandu, nepal - stock image. This is the Tharu dress, the traditional attire of the Tharu community of Nepal. It is worn during festivals such as Maghi and community celebrations in the Terai region.","काठमाण्डौ मन्दिर, काठमाण्डौ, नेपालको थारु समुदायको परम्परागत पोशाक थारु समुदायको परम्परागत पोशाक हो। यो तराई क्षेत्रको माघी जस्ता चाडपर्व र सामुदायिक उत्सवहरूमा लगाइन्छ।"
nepali_dresses_augmented/tharu_dress/183_aug1.jpg,"A group of people dancing in front of the kathmandu temple, kathmandu, nepal - stock image. This is the Tharu dress, the traditional attire of the Tharu community of Nepal. It is worn during festivals such as Maghi and community celebrations in the Terai region.","काठमाण्डौ मन्दिर, काठमाण्डौ, नेपालको थारु समुदायको परम्परागत पोशाक थारु समुदायको परम्परागत पोशाक हो। यो तराई क्षेत्रको माघी जस्ता चाडपर्व र सामुदायिक उत्सवहरूमा लगाइन्छ।"
nepali_dresses_augmented/tharu_dress/184.jpg,"A group of women in traditional costumes dancing at the annual festival in oaxaca, mexico - stock photo. This is the Tharu dress, the traditional attire of the Tharu community of Nepal. It is worn during festivals such as Maghi and community celebrations in the Terai region.","मेक्सिकोको ओक्साकाको वार्षिक महोत्सवमा परम्परागत पोशाकमा नाच्ने महिलाहरूको समूह - स्टक फोटो। यो थारु पोशाक हो, नेपालको थारु समुदायको परम्परागत पोशाक। यो तराई क्षेत्रमा माघी जस्ता महोत्सव र सामुदायिक उत्सवहरूमा लगाइन्छ।"
nepali_dresses_augmented/tharu_dress/184_aug1.jpg,"A group of women in traditional costumes dancing at the annual festival in oaxaca, mexico - stock photo. This is the Tharu dress, the traditional attire of the Tharu community of Nepal. It is worn during festivals such as Maghi and community celebrations in the Terai region.","मेक्सिकोको ओक्साकाको वार्षिक महोत्सवमा परम्परागत पोशाकमा नाच्ने महिलाहरूको समूह - स्टक फोटो। यो थारु पोशाक हो, नेपालको थारु समुदायको परम्परागत पोशाक। यो तराई क्षेत्रमा माघी जस्ता महोत्सव र सामुदायिक उत्सवहरूमा लगाइन्छ।"
nepali_dresses_augmented/tharu_dress/185.jpg,"A group of women dressed in traditional costumes. This is the Tharu dress, the traditional attire of the Tharu community of Nepal. It is worn during festivals such as Maghi and community celebrations in the Terai region.","परम्परागत पोशाक लगाउने महिलाहरूको समूह। यो थारु पोशाक हो, नेपालको थारु समुदायको परम्परागत पोशाक। यो तराई क्षेत्रमा माघी जस्ता चाडहरूमा र सामुदायिक उत्सवहरूमा लगाइन्छ।"
nepali_dresses_augmented/tharu_dress/185_aug1.jpg,"A group of women dressed in traditional costumes. This is the Tharu dress, the traditional attire of the Tharu community of Nepal. It is worn during festivals such as Maghi and community celebrations in the Terai region.","परम्परागत पोशाक लगाउने महिलाहरूको समूह। यो थारु पोशाक हो, नेपालको थारु समुदायको परम्परागत पोशाक। यो तराई क्षेत्रमा माघी जस्ता चाडहरूमा र सामुदायिक उत्सवहरूमा लगाइन्छ।"
nepali_dresses_augmented/tharu_dress/186.jpg,"A group of women dressed in colorful costumes. This is the Tharu dress, the traditional attire of the Tharu community of Nepal. It is worn during festivals such as Maghi and community celebrations in the Terai region.",नेपालको थारु समुदायको परम्परागत पोशाक थारु समुदायको परम्परागत पोशाक हो। यो तराई क्षेत्रको माघी र सामुदायिक उत्सवहरूमा लगाइन्छ।
nepali_dresses_augmented/tharu_dress/186_aug1.jpg,"A group of women dressed in colorful costumes. This is the Tharu dress, the traditional attire of the Tharu community of Nepal. It is worn during festivals such as Maghi and community celebrations in the Terai region.",नेपालको थारु समुदायको परम्परागत पोशाक थारु समुदायको परम्परागत पोशाक हो। यो तराई क्षेत्रको माघी र सामुदायिक उत्सवहरूमा लगाइन्छ।
nepali_dresses_augmented/tharu_dress/187.jpg,"A group of women dressed in traditional costumes pose for the camera. This is the Tharu dress, the traditional attire of the Tharu community of Nepal. It is worn during festivals such as Maghi and community celebrations in the Terai region.",नेपालको थारु समुदायको परम्परागत पोशाक थारु समुदायको परम्परागत पोशाक थारु समुदायको परम्परागत पोशाक थारु समुदायको परम्परागत पोशाक थारु समुदायको परम्परागत पोशाक थारु समुदायको परम्परागत पोशाक थारु समुदायको परम्परागत पोशाक थारु समुदायको परम्परागत पोशाक थारु समुदायको परम्परागत पोशाक थारु समुदायको परम्परागत पोशाक थारु समुदायको परम्परागत पोशाक थारु समुदायको परम्परागत पोशाक थारु समुदायको परम्परागत पोशाक थारु समुदायको परम्परागत पोशाक थारु समुदायको परम्परागत पोशाक थारु समुदायको परम्परागत पोशाक थारु समुदायको परम्परागत पोशाक थारु समुदायको परम्परागत पोशाक थारु समुदायको परम्परागत पोशाक थारु समुदायको परम्परागत पोशाक थारु समुदायको परम्परागत पोशाक थारु समुदायको परम्परा
nepali_dresses_augmented/tharu_dress/187_aug1.jpg,"A group of women dressed in traditional costumes pose for the camera. This is the Tharu dress, the traditional attire of the Tharu community of Nepal. It is worn during festivals such as Maghi and community celebrations in the Terai region.",नेपालको थारु समुदायको परम्परागत पोशाक थारु समुदायको परम्परागत पोशाक थारु समुदायको परम्परागत पोशाक थारु समुदायको परम्परागत पोशाक थारु समुदायको परम्परागत पोशाक थारु समुदायको परम्परागत पोशाक थारु समुदायको परम्परागत पोशाक थारु समुदायको परम्परागत पोशाक थारु समुदायको परम्परागत पोशाक थारु समुदायको परम्परागत पोशाक थारु समुदायको परम्परागत पोशाक थारु समुदायको परम्परागत पोशाक थारु समुदायको परम्परागत पोशाक थारु समुदायको परम्परागत पोशाक थारु समुदायको परम्परागत पोशाक थारु समुदायको परम्परागत पोशाक थारु समुदायको परम्परागत पोशाक थारु समुदायको परम्परागत पोशाक थारु समुदायको परम्परागत पोशाक थारु समुदायको परम्परागत पोशाक थारु समुदायको परम्परागत पोशाक थारु समुदायको परम्परा
nepali_dresses_augmented/tharu_dress/188.jpg,"A group of people in costume. This is the Tharu dress, the traditional attire of the Tharu community of Nepal. It is worn during festivals such as Maghi and community celebrations in the Terai region.","यो थारु पोशाक हो, नेपालको थारु समुदायको परम्परागत पोशाक हो। यो तराई क्षेत्रको माघी जस्ता चाडहरूमा र सामुदायिक उत्सवहरूमा लगाइन्छ।"
nepali_dresses_augmented/tharu_dress/188_aug1.jpg,"A group of people in costume. This is the Tharu dress, the traditional attire of the Tharu community of Nepal. It is worn during festivals such as Maghi and community celebrations in the Terai region.","यो थारु पोशाक हो, नेपालको थारु समुदायको परम्परागत पोशाक हो। यो तराई क्षेत्रको माघी जस्ता चाडहरूमा र सामुदायिक उत्सवहरूमा लगाइन्छ।"
nepali_dresses_augmented/tharu_dress/189.jpg,"A group of women dressed in traditional indian clothing, india - stock image. This is the Tharu dress, the traditional attire of the Tharu community of Nepal. It is worn during festivals such as Maghi and community celebrations in the Terai region.","परम्परागत भारतीय कपडा लगाउने महिलाहरूको समूह, भारत - स्टक छवि। यो थारु पोशाक हो, नेपालको थारु समुदायको परम्परागत पोशाक। यो तराई क्षेत्रमा माघी जस्ता चाडहरूमा र सामुदायिक उत्सवहरूमा लगाइन्छ।"
nepali_dresses_augmented/tharu_dress/189_aug1.jpg,"A group of women dressed in traditional indian clothing, india - stock image. This is the Tharu dress, the traditional attire of the Tharu community of Nepal. It is worn during festivals such as Maghi and community celebrations in the Terai region.","परम्परागत भारतीय कपडा लगाउने महिलाहरूको समूह, भारत - स्टक छवि। यो थारु पोशाक हो, नेपालको थारु समुदायको परम्परागत पोशाक। यो तराई क्षेत्रमा माघी जस्ता चाडहरूमा र सामुदायिक उत्सवहरूमा लगाइन्छ।"
nepali_dresses_augmented/tharu_dress/18_aug1.jpg,"A man and woman dressed in traditional clothing. This is the Tharu dress, the traditional attire of the Tharu community of Nepal. It is worn during festivals such as Maghi and community celebrations in the Terai region.","परम्परागत कपडा लगाएका पुरुष र महिला. यो थारु पोशाक हो, नेपालको थारु समुदायको परम्परागत पोशाक। यो तराई क्षेत्रमा माघी जस्ता चाडहरूमा र सामुदायिक उत्सवहरूमा लगाइन्छ।"
nepali_dresses_augmented/tharu_dress/18_aug2.jpg,"A man and woman dressed in traditional clothing. This is the Tharu dress, the traditional attire of the Tharu community of Nepal. It is worn during festivals such as Maghi and community celebrations in the Terai region.","परम्परागत कपडा लगाएका पुरुष र महिला. यो थारु पोशाक हो, नेपालको थारु समुदायको परम्परागत पोशाक। यो तराई क्षेत्रमा माघी जस्ता चाडहरूमा र सामुदायिक उत्सवहरूमा लगाइन्छ।"
nepali_dresses_augmented/tharu_dress/19.jpg,"Two people standing in front of a house. This is the Tharu dress, the traditional attire of the Tharu community of Nepal. It is worn during festivals such as Maghi and community celebrations in the Terai region.","एक घरको अगाडि दुई जना व्यक्ति उभिरहेका छन्। यो थारु पोशाक हो, नेपालको थारु समुदायको परम्परागत पोशाक हो। यो तराई क्षेत्रमा माघी जस्ता चाडहरूमा र सामुदायिक उत्सवहरूमा लगाइन्छ।"
nepali_dresses_augmented/tharu_dress/190.jpg,"A group of women in colorful costumes dancing on the street. This is the Tharu dress, the traditional attire of the Tharu community of Nepal. It is worn during festivals such as Maghi and community celebrations in the Terai region.","यो थारु पोशाक हो, नेपालको थारु समुदायको परम्परागत पोशाक हो। यो तराई क्षेत्रको माघी जस्ता उत्सव र सामुदायिक उत्सवहरूमा लगाइन्छ।"
nepali_dresses_augmented/tharu_dress/190_aug1.jpg,"A group of women in colorful costumes dancing on the street. This is the Tharu dress, the traditional attire of the Tharu community of Nepal. It is worn during festivals such as Maghi and community celebrations in the Terai region.","यो थारु पोशाक हो, नेपालको थारु समुदायको परम्परागत पोशाक हो। यो तराई क्षेत्रको माघी जस्ता उत्सव र सामुदायिक उत्सवहरूमा लगाइन्छ।"
nepali_dresses_augmented/tharu_dress/191.jpg,"A group of women dancing in the streets. This is the Tharu dress, the traditional attire of the Tharu community of Nepal. It is worn during festivals such as Maghi and community celebrations in the Terai region.","सडकमा नाच्ने महिलाहरूको समूह। यो थारु पोशाक हो, नेपालको थारु समुदायको परम्परागत पोशाक। यो तराई क्षेत्रको माघी जस्ता चाडहरूमा र सामुदायिक उत्सवहरूमा लगाइन्छ।"
nepali_dresses_augmented/tharu_dress/191_aug1.jpg,"A group of women dancing in the streets. This is the Tharu dress, the traditional attire of the Tharu community of Nepal. It is worn during festivals such as Maghi and community celebrations in the Terai region.","सडकमा नाच्ने महिलाहरूको समूह। यो थारु पोशाक हो, नेपालको थारु समुदायको परम्परागत पोशाक। यो तराई क्षेत्रको माघी जस्ता चाडहरूमा र सामुदायिक उत्सवहरूमा लगाइन्छ।"
nepali_dresses_augmented/tharu_dress/192.jpg,"A group of women dressed in traditional costumes at the annual festival - stock image. This is the Tharu dress, the traditional attire of the Tharu community of Nepal. It is worn during festivals such as Maghi and community celebrations in the Terai region.","वार्षिक महोत्सवमा परम्परागत पोशाक लगाउने महिलाहरूको समूह - स्टक छवि। यो थारु पोशाक हो, नेपालको थारु समुदायको परम्परागत पोशाक। यो तराई क्षेत्रमा माघी जस्ता महोत्सवहरू र सामुदायिक उत्सवहरूमा लगाइन्छ।"
nepali_dresses_augmented/tharu_dress/192_aug1.jpg,"A group of women dressed in traditional costumes at the annual festival - stock image. This is the Tharu dress, the traditional attire of the Tharu community of Nepal. It is worn during festivals such as Maghi and community celebrations in the Terai region.","वार्षिक महोत्सवमा परम्परागत पोशाक लगाउने महिलाहरूको समूह - स्टक छवि। यो थारु पोशाक हो, नेपालको थारु समुदायको परम्परागत पोशाक। यो तराई क्षेत्रमा माघी जस्ता महोत्सवहरू र सामुदायिक उत्सवहरूमा लगाइन्छ।"
nepali_dresses_augmented/tharu_dress/193.jpg,"A group of people dressed in traditional costumes and headdres. This is the Tharu dress, the traditional attire of the Tharu community of Nepal. It is worn during festivals such as Maghi and community celebrations in the Terai region.","परम्परागत पोशाक र हेड्रेस लगाएका मानिसहरूको समूह। यो थारु पोशाक हो, नेपालको थारु समुदायको परम्परागत पोशाक। यो तराई क्षेत्रको माघी जस्ता चाडहरूमा र सामुदायिक उत्सवहरूमा लगाइन्छ।"
nepali_dresses_augmented/tharu_dress/193_aug1.jpg,"A group of people dressed in traditional costumes and headdres. This is the Tharu dress, the traditional attire of the Tharu community of Nepal. It is worn during festivals such as Maghi and community celebrations in the Terai region.","परम्परागत पोशाक र हेड्रेस लगाएका मानिसहरूको समूह। यो थारु पोशाक हो, नेपालको थारु समुदायको परम्परागत पोशाक। यो तराई क्षेत्रको माघी जस्ता चाडहरूमा र सामुदायिक उत्सवहरूमा लगाइन्छ।"
nepali_dresses_augmented/tharu_dress/194.jpg,"A woman wearing a colorful headdre with feathers on her head - stock image. This is the Tharu dress, the traditional attire of the Tharu community of Nepal. It is worn during festivals such as Maghi and community celebrations in the Terai region.","एक महिलाले आफ्नो टाउकोमा पखेटाको साथ रंगीन हेड्रे लगाउँछिन् - स्टक छवि। यो थारु पोशाक हो, नेपालको थारु समुदायको परम्परागत पोशाक हो। यो तराई क्षेत्रमा माघी र सामुदायिक उत्सवहरूमा लगाइन्छ।"
nepali_dresses_augmented/tharu_dress/194_aug1.jpg,"A woman wearing a colorful headdre with feathers on her head - stock image. This is the Tharu dress, the traditional attire of the Tharu community of Nepal. It is worn during festivals such as Maghi and community celebrations in the Terai region.","एक महिलाले आफ्नो टाउकोमा पखेटाको साथ रंगीन हेड्रे लगाउँछिन् - स्टक छवि। यो थारु पोशाक हो, नेपालको थारु समुदायको परम्परागत पोशाक हो। यो तराई क्षेत्रमा माघी र सामुदायिक उत्सवहरूमा लगाइन्छ।"
nepali_dresses_augmented/tharu_dress/195.jpg,"A group of women dressed in traditional attire. This is the Tharu dress, the traditional attire of the Tharu community of Nepal. It is worn during festivals such as Maghi and community celebrations in the Terai region.","परम्परागत पोशाक लगाउने महिलाहरूको समूह। यो थारु पोशाक हो, नेपालको थारु समुदायको परम्परागत पोशाक। यो तराई क्षेत्रको माघी जस्ता चाडहरूमा र सामुदायिक उत्सवहरूमा लगाइन्छ।"
nepali_dresses_augmented/tharu_dress/195_aug1.jpg,"A group of women dressed in traditional attire. This is the Tharu dress, the traditional attire of the Tharu community of Nepal. It is worn during festivals such as Maghi and community celebrations in the Terai region.","परम्परागत पोशाक लगाउने महिलाहरूको समूह। यो थारु पोशाक हो, नेपालको थारु समुदायको परम्परागत पोशाक। यो तराई क्षेत्रको माघी जस्ता चाडहरूमा र सामुदायिक उत्सवहरूमा लगाइन्छ।"
nepali_dresses_augmented/tharu_dress/196.jpg,"A group of women dressed in traditional costumes walking down the street with flags and flags - stock image. This is the Tharu dress, the traditional attire of the Tharu community of Nepal. It is worn during festivals such as Maghi and community celebrations in the Terai region.","परम्परागत पोशाकमा लुगा लगाएका महिलाहरूको समूहले झण्डा र झण्डाको साथ सडकमा हिँडिरहेका छन् - स्टक छवि। यो थारु पोशाक हो, नेपालको थारु समुदायको परम्परागत पोशाक हो। यो तराई क्षेत्रमा माघी जस्ता चाडहरूमा र सामुदायिक उत्सवहरूमा लगाइन्छ।"
nepali_dresses_augmented/tharu_dress/196_aug1.jpg,"A group of women dressed in traditional costumes walking down the street with flags and flags - stock image. This is the Tharu dress, the traditional attire of the Tharu community of Nepal. It is worn during festivals such as Maghi and community celebrations in the Terai region.","परम्परागत पोशाकमा लुगा लगाएका महिलाहरूको समूहले झण्डा र झण्डाको साथ सडकमा हिँडिरहेका छन् - स्टक छवि। यो थारु पोशाक हो, नेपालको थारु समुदायको परम्परागत पोशाक हो। यो तराई क्षेत्रमा माघी जस्ता चाडहरूमा र सामुदायिक उत्सवहरूमा लगाइन्छ।"
nepali_dresses_augmented/tharu_dress/197.jpg,"A woman in a white dress with colorful patterns on it. This is the Tharu dress, the traditional attire of the Tharu community of Nepal. It is worn during festivals such as Maghi and community celebrations in the Terai region.","यो थारु पोशाक हो, नेपालको थारु समुदायको परम्परागत पोशाक हो। यो तराई क्षेत्रको माघी जस्ता चाडपर्व र सामुदायिक उत्सवहरूमा लगाइन्छ।"
nepali_dresses_augmented/tharu_dress/197_aug1.jpg,"A woman in a white dress with colorful patterns on it. This is the Tharu dress, the traditional attire of the Tharu community of Nepal. It is worn during festivals such as Maghi and community celebrations in the Terai region.","यो थारु पोशाक हो, नेपालको थारु समुदायको परम्परागत पोशाक हो। यो तराई क्षेत्रको माघी जस्ता चाडपर्व र सामुदायिक उत्सवहरूमा लगाइन्छ।"
nepali_dresses_augmented/tharu_dress/198.jpg,"A group of women in traditional dress. This is the Tharu dress, the traditional attire of the Tharu community of Nepal. It is worn during festivals such as Maghi and community celebrations in the Terai region.","परम्परागत पोशाकमा महिलाहरूको समूह। यो थारु पोशाक हो, नेपालको थारु समुदायको परम्परागत पोशाक। यो तराई क्षेत्रमा माघी जस्ता चाडहरूमा र सामुदायिक उत्सवहरूमा लगाइन्छ।"
nepali_dresses_augmented/tharu_dress/198_aug1.jpg,"A group of women in traditional dress. This is the Tharu dress, the traditional attire of the Tharu community of Nepal. It is worn during festivals such as Maghi and community celebrations in the Terai region.","परम्परागत पोशाकमा महिलाहरूको समूह। यो थारु पोशाक हो, नेपालको थारु समुदायको परम्परागत पोशाक। यो तराई क्षेत्रमा माघी जस्ता चाडहरूमा र सामुदायिक उत्सवहरूमा लगाइन्छ।"
nepali_dresses_augmented/tharu_dress/199.jpg,"A group of women dancing in a room. This is the Tharu dress, the traditional attire of the Tharu community of Nepal. It is worn during festivals such as Maghi and community celebrations in the Terai region.","एक कोठामा नाच्ने महिलाहरूको समूह। यो थारु पोशाक हो, नेपालको थारु समुदायको परम्परागत पोशाक। यो तराई क्षेत्रमा माघी र सामुदायिक उत्सव जस्ता चाडहरूमा लगाइन्छ।"
nepali_dresses_augmented/tharu_dress/199_aug1.jpg,"A group of women dancing in a room. This is the Tharu dress, the traditional attire of the Tharu community of Nepal. It is worn during festivals such as Maghi and community celebrations in the Terai region.","एक कोठामा नाच्ने महिलाहरूको समूह। यो थारु पोशाक हो, नेपालको थारु समुदायको परम्परागत पोशाक। यो तराई क्षेत्रमा माघी र सामुदायिक उत्सव जस्ता चाडहरूमा लगाइन्छ।"
nepali_dresses_augmented/tharu_dress/19_aug1.jpg,"Two people standing in front of a house. This is the Tharu dress, the traditional attire of the Tharu community of Nepal. It is worn during festivals such as Maghi and community celebrations in the Terai region.","एक घरको अगाडि दुई जना व्यक्ति उभिरहेका छन्। यो थारु पोशाक हो, नेपालको थारु समुदायको परम्परागत पोशाक हो। यो तराई क्षेत्रमा माघी जस्ता चाडहरूमा र सामुदायिक उत्सवहरूमा लगाइन्छ।"
nepali_dresses_augmented/tharu_dress/19_aug2.jpg,"Two people standing in front of a house. This is the Tharu dress, the traditional attire of the Tharu community of Nepal. It is worn during festivals such as Maghi and community celebrations in the Terai region.","एक घरको अगाडि दुई जना व्यक्ति उभिरहेका छन्। यो थारु पोशाक हो, नेपालको थारु समुदायको परम्परागत पोशाक हो। यो तराई क्षेत्रमा माघी जस्ता चाडहरूमा र सामुदायिक उत्सवहरूमा लगाइन्छ।"
nepali_dresses_augmented/tharu_dress/1_aug1.jpg,"A woman in a colorful dress. This is the Tharu dress, the traditional attire of the Tharu community of Nepal. It is worn during festivals such as Maghi and community celebrations in the Terai region.","रंगीन पोशाकमा एक महिला। यो थारु पोशाक हो, नेपालको थारु समुदायको परम्परागत पोशाक। यो तराई क्षेत्रमा माघी र सामुदायिक उत्सव जस्ता चाडहरूमा लगाइन्छ।"
nepali_dresses_augmented/tharu_dress/1_aug2.jpg,"A woman in a colorful dress. This is the Tharu dress, the traditional attire of the Tharu community of Nepal. It is worn during festivals such as Maghi and community celebrations in the Terai region.","रंगीन पोशाकमा एक महिला। यो थारु पोशाक हो, नेपालको थारु समुदायको परम्परागत पोशाक। यो तराई क्षेत्रमा माघी र सामुदायिक उत्सव जस्ता चाडहरूमा लगाइन्छ।"
nepali_dresses_augmented/tharu_dress/2.jpg,"A young girl dressed in traditional costume poses for the camera. This is the Tharu dress, the traditional attire of the Tharu community of Nepal. It is worn during festivals such as Maghi and community celebrations in the Terai region.","क्यामेराको लागि परम्परागत पोशाक लगाउने एक युवती। यो थारु पोशाक हो, नेपालको थारु समुदायको परम्परागत पोशाक हो। यो तराई क्षेत्रमा माघी जस्ता पर्वहरू र सामुदायिक उत्सवहरूमा लगाइन्छ।"
nepali_dresses_augmented/tharu_dress/20.jpg,"A young girl dressed in traditional costume. This is the Tharu dress, the traditional attire of the Tharu community of Nepal. It is worn during festivals such as Maghi and community celebrations in the Terai region.","परम्परागत पोशाक लगाउने एक युवती. यो थारु पोशाक हो, नेपालको थारु समुदायको परम्परागत पोशाक। यो तराई क्षेत्रमा माघी जस्ता पर्व र सामुदायिक उत्सवहरूमा लगाइन्छ।"
nepali_dresses_augmented/tharu_dress/200.jpg,"A group of people dancing in a room. This is the Tharu dress, the traditional attire of the Tharu community of Nepal. It is worn during festivals such as Maghi and community celebrations in the Terai region.","एक कोठामा नाच्ने मानिसहरूको समूह। यो थारु पोशाक हो, नेपालको थारु समुदायको परम्परागत पोशाक। यो तराई क्षेत्रमा माघी र सामुदायिक उत्सव जस्ता चाडहरूमा लगाइन्छ।"
nepali_dresses_augmented/tharu_dress/200_aug1.jpg,"A group of people dancing in a room. This is the Tharu dress, the traditional attire of the Tharu community of Nepal. It is worn during festivals such as Maghi and community celebrations in the Terai region.","एक कोठामा नाच्ने मानिसहरूको समूह। यो थारु पोशाक हो, नेपालको थारु समुदायको परम्परागत पोशाक। यो तराई क्षेत्रमा माघी र सामुदायिक उत्सव जस्ता चाडहरूमा लगाइन्छ।"
nepali_dresses_augmented/tharu_dress/201.jpg,"A group of women sitting on the ground. This is the Tharu dress, the traditional attire of the Tharu community of Nepal. It is worn during festivals such as Maghi and community celebrations in the Terai region.",यो थारु पोशाक नेपालको थारु समुदायको परम्परागत पोशाक हो। यो तराई क्षेत्रको माघी जस्ता पर्व र सामुदायिक उत्सवहरूमा लगाइन्छ।
nepali_dresses_augmented/tharu_dress/201_aug1.jpg,"A group of women sitting on the ground. This is the Tharu dress, the traditional attire of the Tharu community of Nepal. It is worn during festivals such as Maghi and community celebrations in the Terai region.",यो थारु पोशाक नेपालको थारु समुदायको परम्परागत पोशाक हो। यो तराई क्षेत्रको माघी जस्ता पर्व र सामुदायिक उत्सवहरूमा लगाइन्छ।
nepali_dresses_augmented/tharu_dress/202.jpg,"A group of women dressed in traditional costumes. This is the Tharu dress, the traditional attire of the Tharu community of Nepal. It is worn during festivals such as Maghi and community celebrations in the Terai region.","परम्परागत पोशाक लगाउने महिलाहरूको समूह। यो थारु पोशाक हो, नेपालको थारु समुदायको परम्परागत पोशाक। यो तराई क्षेत्रमा माघी जस्ता चाडहरूमा र सामुदायिक उत्सवहरूमा लगाइन्छ।"
nepali_dresses_augmented/tharu_dress/202_aug1.jpg,"A group of women dressed in traditional costumes. This is the Tharu dress, the traditional attire of the Tharu community of Nepal. It is worn during festivals such as Maghi and community celebrations in the Terai region.","परम्परागत पोशाक लगाउने महिलाहरूको समूह। यो थारु पोशाक हो, नेपालको थारु समुदायको परम्परागत पोशाक। यो तराई क्षेत्रमा माघी जस्ता चाडहरूमा र सामुदायिक उत्सवहरूमा लगाइन्छ।"
nepali_dresses_augmented/tharu_dress/203.jpg,"A group of women in traditional dress dancing at the festival - stock image. This is the Tharu dress, the traditional attire of the Tharu community of Nepal. It is worn during festivals such as Maghi and community celebrations in the Terai region.","महोत्सवमा परम्परागत पोशाकमा नाच्ने महिलाहरूको समूह - स्टक छवि। यो थारु पोशाक हो, नेपालको थारु समुदायको परम्परागत पोशाक। यो तराई क्षेत्रमा माघी जस्ता महोत्सव र सामुदायिक उत्सवहरूमा लगाइन्छ।"
nepali_dresses_augmented/tharu_dress/203_aug1.jpg,"A group of women in traditional dress dancing at the festival - stock image. This is the Tharu dress, the traditional attire of the Tharu community of Nepal. It is worn during festivals such as Maghi and community celebrations in the Terai region.","महोत्सवमा परम्परागत पोशाकमा नाच्ने महिलाहरूको समूह - स्टक छवि। यो थारु पोशाक हो, नेपालको थारु समुदायको परम्परागत पोशाक। यो तराई क्षेत्रमा माघी जस्ता महोत्सव र सामुदायिक उत्सवहरूमा लगाइन्छ।"
nepali_dresses_augmented/tharu_dress/204.jpg,"A man and woman posing for the camera. This is the Tharu dress, the traditional attire of the Tharu community of Nepal. It is worn during festivals such as Maghi and community celebrations in the Terai region.","एक पुरुष र एक महिला क्यामेराको लागि पोज गर्दैछन्। यो थारु पोशाक हो, नेपालको थारु समुदायको परम्परागत पोशाक। यो तराई क्षेत्रमा माघी जस्ता पर्वहरू र सामुदायिक उत्सवहरूमा लगाइन्छ।"
nepali_dresses_augmented/tharu_dress/204_aug1.jpg,"A man and woman posing for the camera. This is the Tharu dress, the traditional attire of the Tharu community of Nepal. It is worn during festivals such as Maghi and community celebrations in the Terai region.","एक पुरुष र एक महिला क्यामेराको लागि पोज गर्दैछन्। यो थारु पोशाक हो, नेपालको थारु समुदायको परम्परागत पोशाक। यो तराई क्षेत्रमा माघी जस्ता पर्वहरू र सामुदायिक उत्सवहरूमा लगाइन्छ।"
nepali_dresses_augmented/tharu_dress/205.jpg,"A group of people playing drums at night. This is the Tharu dress, the traditional attire of the Tharu community of Nepal. It is worn during festivals such as Maghi and community celebrations in the Terai region.","यो थारु पोशाक हो, नेपालको थारु समुदायको परम्परागत पोशाक हो। यो तराई क्षेत्रको माघी जस्ता चाडपर्व र सामुदायिक उत्सवहरूमा लगाइन्छ।"
nepali_dresses_augmented/tharu_dress/205_aug1.jpg,"A group of people playing drums at night. This is the Tharu dress, the traditional attire of the Tharu community of Nepal. It is worn during festivals such as Maghi and community celebrations in the Terai region.","यो थारु पोशाक हो, नेपालको थारु समुदायको परम्परागत पोशाक हो। यो तराई क्षेत्रको माघी जस्ता चाडपर्व र सामुदायिक उत्सवहरूमा लगाइन्छ।"
nepali_dresses_augmented/tharu_dress/206.jpg,"A group of people dancing at night. This is the Tharu dress, the traditional attire of the Tharu community of Nepal. It is worn during festivals such as Maghi and community celebrations in the Terai region.",यो थारु पोशाक नेपालको थारु समुदायको परम्परागत पोशाक हो। यो तराई क्षेत्रको माघी जस्ता पर्व र सामुदायिक उत्सवहरूमा लगाइन्छ।
nepali_dresses_augmented/tharu_dress/206_aug1.jpg,"A group of people dancing at night. This is the Tharu dress, the traditional attire of the Tharu community of Nepal. It is worn during festivals such as Maghi and community celebrations in the Terai region.",यो थारु पोशाक नेपालको थारु समुदायको परम्परागत पोशाक हो। यो तराई क्षेत्रको माघी जस्ता पर्व र सामुदायिक उत्सवहरूमा लगाइन्छ।
nepali_dresses_augmented/tharu_dress/207.jpg,"Women dressed in traditional costumes take part of a procession during holiday. This is the Tharu dress, the traditional attire of the Tharu community of Nepal. It is worn during festivals such as Maghi and community celebrations in the Terai region.","परम्परागत पोशाक लगाएका महिलाहरूले छुट्टीको समयमा जुलूसको भाग लिन्छन्। यो थारु पोशाक हो, नेपालको थारु समुदायको परम्परागत पोशाक हो। यो तराई क्षेत्रमा माघी जस्ता चाडहरूमा र सामुदायिक उत्सवहरूमा लगाइन्छ।"
nepali_dresses_augmented/tharu_dress/207_aug1.jpg,"Women dressed in traditional costumes take part of a procession during holiday. This is the Tharu dress, the traditional attire of the Tharu community of Nepal. It is worn during festivals such as Maghi and community celebrations in the Terai region.","परम्परागत पोशाक लगाएका महिलाहरूले छुट्टीको समयमा जुलूसको भाग लिन्छन्। यो थारु पोशाक हो, नेपालको थारु समुदायको परम्परागत पोशाक हो। यो तराई क्षेत्रमा माघी जस्ता चाडहरूमा र सामुदायिक उत्सवहरूमा लगाइन्छ।"
nepali_dresses_augmented/tharu_dress/208.jpg,"A group of people dancing at night. This is the Tharu dress, the traditional attire of the Tharu community of Nepal. It is worn during festivals such as Maghi and community celebrations in the Terai region.",यो थारु पोशाक नेपालको थारु समुदायको परम्परागत पोशाक हो। यो तराई क्षेत्रको माघी जस्ता पर्व र सामुदायिक उत्सवहरूमा लगाइन्छ।
nepali_dresses_augmented/tharu_dress/208_aug1.jpg,"A group of people dancing at night. This is the Tharu dress, the traditional attire of the Tharu community of Nepal. It is worn during festivals such as Maghi and community celebrations in the Terai region.",यो थारु पोशाक नेपालको थारु समुदायको परम्परागत पोशाक हो। यो तराई क्षेत्रको माघी जस्ता पर्व र सामुदायिक उत्सवहरूमा लगाइन्छ।
nepali_dresses_augmented/tharu_dress/209.jpg,"A woman in traditional dress dances during the festival. This is the Tharu dress, the traditional attire of the Tharu community of Nepal. It is worn during festivals such as Maghi and community celebrations in the Terai region.","महोत्सवको समयमा परम्परागत पोशाकमा महिला नाच्छिन्। यो थारु पोशाक हो, नेपालको थारु समुदायको परम्परागत पोशाक हो। यो तराई क्षेत्रमा माघी जस्ता महोत्सव र सामुदायिक उत्सवहरूमा लगाइन्छ।"
nepali_dresses_augmented/tharu_dress/209_aug1.jpg,"A woman in traditional dress dances during the festival. This is the Tharu dress, the traditional attire of the Tharu community of Nepal. It is worn during festivals such as Maghi and community celebrations in the Terai region.","महोत्सवको समयमा परम्परागत पोशाकमा महिला नाच्छिन्। यो थारु पोशाक हो, नेपालको थारु समुदायको परम्परागत पोशाक हो। यो तराई क्षेत्रमा माघी जस्ता महोत्सव र सामुदायिक उत्सवहरूमा लगाइन्छ।"
nepali_dresses_augmented/tharu_dress/20_aug1.jpg,"A young girl dressed in traditional costume. This is the Tharu dress, the traditional attire of the Tharu community of Nepal. It is worn during festivals such as Maghi and community celebrations in the Terai region.","परम्परागत पोशाक लगाउने एक युवती. यो थारु पोशाक हो, नेपालको थारु समुदायको परम्परागत पोशाक। यो तराई क्षेत्रमा माघी जस्ता पर्व र सामुदायिक उत्सवहरूमा लगाइन्छ।"
nepali_dresses_augmented/tharu_dress/20_aug2.jpg,"A young girl dressed in traditional costume. This is the Tharu dress, the traditional attire of the Tharu community of Nepal. It is worn during festivals such as Maghi and community celebrations in the Terai region.","परम्परागत पोशाक लगाउने एक युवती. यो थारु पोशाक हो, नेपालको थारु समुदायको परम्परागत पोशाक। यो तराई क्षेत्रमा माघी जस्ता पर्व र सामुदायिक उत्सवहरूमा लगाइन्छ।"
nepali_dresses_augmented/tharu_dress/21.jpg,"A group of women dancing in a street. This is the Tharu dress, the traditional attire of the Tharu community of Nepal. It is worn during festivals such as Maghi and community celebrations in the Terai region.","यो थारु पोशाक हो, नेपालको थारु समुदायको परम्परागत पोशाक हो। यो तराई क्षेत्रको माघी र सामुदायिक उत्सवहरूमा लगाइन्छ।"
nepali_dresses_augmented/tharu_dress/210.jpg,"A group of people dressed in green and white costumes dancing at night. This is the Tharu dress, the traditional attire of the Tharu community of Nepal. It is worn during festivals such as Maghi and community celebrations in the Terai region.","राती हरियो र सेतो पोशाक लगाएर नाच्ने मानिसहरूको समूह। यो थारू पोशाक हो, नेपालको थारू समुदायको परम्परागत पोशाक हो। यो तराई क्षेत्रमा माघी जस्ता चाडहरूमा र सामुदायिक उत्सवहरूमा लगाइन्छ।"
nepali_dresses_augmented/tharu_dress/210_aug1.jpg,"A group of people dressed in green and white costumes dancing at night. This is the Tharu dress, the traditional attire of the Tharu community of Nepal. It is worn during festivals such as Maghi and community celebrations in the Terai region.","राती हरियो र सेतो पोशाक लगाएर नाच्ने मानिसहरूको समूह। यो थारू पोशाक हो, नेपालको थारू समुदायको परम्परागत पोशाक हो। यो तराई क्षेत्रमा माघी जस्ता चाडहरूमा र सामुदायिक उत्सवहरूमा लगाइन्छ।"
nepali_dresses_augmented/tharu_dress/211.jpg,"A group of people in green dresses dancing at night. This is the Tharu dress, the traditional attire of the Tharu community of Nepal. It is worn during festivals such as Maghi and community celebrations in the Terai region.","राती हरियो पोशाकमा नाच्ने मानिसहरूको समूह। यो थारु पोशाक हो, नेपालको थारु समुदायको परम्परागत पोशाक हो। यो तराई क्षेत्रमा माघी जस्ता चाडहरूमा र सामुदायिक उत्सवहरूमा लगाइन्छ।"
nepali_dresses_augmented/tharu_dress/211_aug1.jpg,"A group of people in green dresses dancing at night. This is the Tharu dress, the traditional attire of the Tharu community of Nepal. It is worn during festivals such as Maghi and community celebrations in the Terai region.","राती हरियो पोशाकमा नाच्ने मानिसहरूको समूह। यो थारु पोशाक हो, नेपालको थारु समुदायको परम्परागत पोशाक हो। यो तराई क्षेत्रमा माघी जस्ता चाडहरूमा र सामुदायिक उत्सवहरूमा लगाइन्छ।"
nepali_dresses_augmented/tharu_dress/212.jpg,"A group of young women in traditional costume at the annual festival - stock image. This is the Tharu dress, the traditional attire of the Tharu community of Nepal. It is worn during festivals such as Maghi and community celebrations in the Terai region.","वार्षिक महोत्सवमा परम्परागत पोशाकमा युवा महिलाहरूको समूह - स्टक छवि। यो थारु पोशाक हो, नेपालको थारु समुदायको परम्परागत पोशाक। यो तराई क्षेत्रको माघी जस्ता महोत्सवहरू र सामुदायिक उत्सवहरूमा लगाइन्छ।"
nepali_dresses_augmented/tharu_dress/212_aug1.jpg,"A group of young women in traditional costume at the annual festival - stock image. This is the Tharu dress, the traditional attire of the Tharu community of Nepal. It is worn during festivals such as Maghi and community celebrations in the Terai region.","वार्षिक महोत्सवमा परम्परागत पोशाकमा युवा महिलाहरूको समूह - स्टक छवि। यो थारु पोशाक हो, नेपालको थारु समुदायको परम्परागत पोशाक। यो तराई क्षेत्रको माघी जस्ता महोत्सवहरू र सामुदायिक उत्सवहरूमा लगाइन्छ।"
nepali_dresses_augmented/tharu_dress/213.jpg,"A group of young girls in traditional dress at night stock photo. This is the Tharu dress, the traditional attire of the Tharu community of Nepal. It is worn during festivals such as Maghi and community celebrations in the Terai region.","राती स्टक फोटोमा परम्परागत पोशाकमा युवा केटीहरूको समूह। यो थारु पोशाक हो, नेपालको थारु समुदायको परम्परागत पोशाक हो। यो तराई क्षेत्रमा माघी जस्ता चाडहरूमा र सामुदायिक उत्सवहरूमा लगाइन्छ।"
nepali_dresses_augmented/tharu_dress/213_aug1.jpg,"A group of young girls in traditional dress at night stock photo. This is the Tharu dress, the traditional attire of the Tharu community of Nepal. It is worn during festivals such as Maghi and community celebrations in the Terai region.","राती स्टक फोटोमा परम्परागत पोशाकमा युवा केटीहरूको समूह। यो थारु पोशाक हो, नेपालको थारु समुदायको परम्परागत पोशाक हो। यो तराई क्षेत्रमा माघी जस्ता चाडहरूमा र सामुदायिक उत्सवहरूमा लगाइन्छ।"
nepali_dresses_augmented/tharu_dress/214.jpg,"A group of women sitting on a bench looking at their phones. This is the Tharu dress, the traditional attire of the Tharu community of Nepal. It is worn during festivals such as Maghi and community celebrations in the Terai region.",नेपालको थारु समुदायको परम्परागत पोशाक थारु समुदायको परम्परागत पोशाक थारु समुदायको परम्परागत पोशाक थारु समुदायको परम्परागत पोशाक थारु समुदायको परम्परागत पोशाक थारु समुदायको परम्परागत पोशाक थारु समुदायको परम्परागत पोशाक थारु समुदायको परम्परागत पोशाक थारु समुदायको परम्परागत पोशाक थारु समुदायको परम्परागत पोशाक थारु समुदायको परम्परागत पोशाक थारु समुदायको परम्परागत पोशाक थारु समुदायको परम्परागत पोशाक थारु समुदायको परम्परागत पोशाक थारु समुदायको परम्परागत पोशाक थारु समुदायको परम्परागत पोशाक थारु समुदायको परम्परागत पोशाक थारु समुदायको परम्परागत पोशाक थारु समुदायको परम्परागत पोशाक थारु समुदायको परम्परागत पोशाक थारु समुदायको परम्परागत पोशाक थारु समुदायको परम्परा
nepali_dresses_augmented/tharu_dress/214_aug1.jpg,"A group of women sitting on a bench looking at their phones. This is the Tharu dress, the traditional attire of the Tharu community of Nepal. It is worn during festivals such as Maghi and community celebrations in the Terai region.",नेपालको थारु समुदायको परम्परागत पोशाक थारु समुदायको परम्परागत पोशाक थारु समुदायको परम्परागत पोशाक थारु समुदायको परम्परागत पोशाक थारु समुदायको परम्परागत पोशाक थारु समुदायको परम्परागत पोशाक थारु समुदायको परम्परागत पोशाक थारु समुदायको परम्परागत पोशाक थारु समुदायको परम्परागत पोशाक थारु समुदायको परम्परागत पोशाक थारु समुदायको परम्परागत पोशाक थारु समुदायको परम्परागत पोशाक थारु समुदायको परम्परागत पोशाक थारु समुदायको परम्परागत पोशाक थारु समुदायको परम्परागत पोशाक थारु समुदायको परम्परागत पोशाक थारु समुदायको परम्परागत पोशाक थारु समुदायको परम्परागत पोशाक थारु समुदायको परम्परागत पोशाक थारु समुदायको परम्परागत पोशाक थारु समुदायको परम्परागत पोशाक थारु समुदायको परम्परा
nepali_dresses_augmented/tharu_dress/215.jpg,"A group of people playing instruments in the dark. This is the Tharu dress, the traditional attire of the Tharu community of Nepal. It is worn during festivals such as Maghi and community celebrations in the Terai region.","यो थारु पोशाक हो, नेपालको थारु समुदायको परम्परागत पोशाक हो। यो तराई क्षेत्रको माघी जस्ता चाडहरूमा र सामुदायिक उत्सवहरूमा लगाइन्छ।"
nepali_dresses_augmented/tharu_dress/215_aug1.jpg,"A group of people playing instruments in the dark. This is the Tharu dress, the traditional attire of the Tharu community of Nepal. It is worn during festivals such as Maghi and community celebrations in the Terai region.","यो थारु पोशाक हो, नेपालको थारु समुदायको परम्परागत पोशाक हो। यो तराई क्षेत्रको माघी जस्ता चाडहरूमा र सामुदायिक उत्सवहरूमा लगाइन्छ।"
nepali_dresses_augmented/tharu_dress/216.jpg,"A group of women performing a traditional dance in india - stock image. This is the Tharu dress, the traditional attire of the Tharu community of Nepal. It is worn during festivals such as Maghi and community celebrations in the Terai region.",नेपालको थारु समुदायको परम्परागत पोशाक थारु समुदायको परम्परागत पोशाक थारु समुदायको परम्परागत पोशाक थारु समुदायको परम्परागत पोशाक थारु समुदायको परम्परागत पोशाक थारु समुदायको परम्परागत पोशाक थारु समुदायको परम्परागत पोशाक थारु समुदायको परम्परागत पोशाक थारु समुदायको परम्परागत पोशाक थारु समुदायको परम्परागत पोशाक थारु समुदायको परम्परागत पोशाक थारु समुदायको परम्परागत पोशाक थारु समुदायको परम्परागत पोशाक थारु समुदायको परम्परागत पोशाक थारु समुदायको परम्परागत पोशाक थारु समुदायको परम्परागत पोशाक थारु समुदायको परम्परागत पोशाक थारु समुदायको परम्परागत पोशाक थारु समुदायको परम्परागत पोशाक थारु समुदायको परम्परागत पोशाक थारु समुदायको परम्परागत पोशाक थारु समुदायको परम्परा
nepali_dresses_augmented/tharu_dress/216_aug1.jpg,"A group of women performing a traditional dance in india - stock image. This is the Tharu dress, the traditional attire of the Tharu community of Nepal. It is worn during festivals such as Maghi and community celebrations in the Terai region.",नेपालको थारु समुदायको परम्परागत पोशाक थारु समुदायको परम्परागत पोशाक थारु समुदायको परम्परागत पोशाक थारु समुदायको परम्परागत पोशाक थारु समुदायको परम्परागत पोशाक थारु समुदायको परम्परागत पोशाक थारु समुदायको परम्परागत पोशाक थारु समुदायको परम्परागत पोशाक थारु समुदायको परम्परागत पोशाक थारु समुदायको परम्परागत पोशाक थारु समुदायको परम्परागत पोशाक थारु समुदायको परम्परागत पोशाक थारु समुदायको परम्परागत पोशाक थारु समुदायको परम्परागत पोशाक थारु समुदायको परम्परागत पोशाक थारु समुदायको परम्परागत पोशाक थारु समुदायको परम्परागत पोशाक थारु समुदायको परम्परागत पोशाक थारु समुदायको परम्परागत पोशाक थारु समुदायको परम्परागत पोशाक थारु समुदायको परम्परागत पोशाक थारु समुदायको परम्परा
nepali_dresses_augmented/tharu_dress/217.jpg,"A group of dancers performing at night. This is the Tharu dress, the traditional attire of the Tharu community of Nepal. It is worn during festivals such as Maghi and community celebrations in the Terai region.","यो थारु पोशाक हो, नेपालको थारु समुदायको परम्परागत पोशाक हो। यो तराई क्षेत्रको माघी र सामुदायिक उत्सवहरूमा लगाइन्छ।"
nepali_dresses_augmented/tharu_dress/217_aug1.jpg,"A group of dancers performing at night. This is the Tharu dress, the traditional attire of the Tharu community of Nepal. It is worn during festivals such as Maghi and community celebrations in the Terai region.","यो थारु पोशाक हो, नेपालको थारु समुदायको परम्परागत पोशाक हो। यो तराई क्षेत्रको माघी र सामुदायिक उत्सवहरूमा लगाइन्छ।"
nepali_dresses_augmented/tharu_dress/218.jpg,"A group of young boys performing a traditional dance stock images. This is the Tharu dress, the traditional attire of the Tharu community of Nepal. It is worn during festivals such as Maghi and community celebrations in the Terai region.",नेपालको थारु समुदायको परम्परागत पोशाक थारु समुदायको परम्परागत पोशाक थारु समुदायको परम्परागत पोशाक थारु समुदायको परम्परागत पोशाक थारु समुदायको परम्परागत पोशाक थारु समुदायको परम्परागत पोशाक थारु समुदायको परम्परागत पोशाक थारु समुदायको परम्परागत पोशाक थारु समुदायको परम्परागत पोशाक थारु समुदायको परम्परागत पोशाक थारु समुदायको परम्परागत पोशाक थारु समुदायको परम्परागत पोशाक थारु समुदायको परम्परागत पोशाक थारु समुदायको परम्परागत पोशाक थारु समुदायको परम्परागत पोशाक थारु समुदायको परम्परागत पोशाक थारु समुदायको परम्परागत पोशाक थारु समुदायको परम्परागत पोशाक थारु समुदायको परम्परागत पोशाक थारु समुदायको परम्परागत पोशाक थारु समुदायको परम्परागत पोशाक थारु समुदायको परम्परा
nepali_dresses_augmented/tharu_dress/218_aug1.jpg,"A group of young boys performing a traditional dance stock images. This is the Tharu dress, the traditional attire of the Tharu community of Nepal. It is worn during festivals such as Maghi and community celebrations in the Terai region.",नेपालको थारु समुदायको परम्परागत पोशाक थारु समुदायको परम्परागत पोशाक थारु समुदायको परम्परागत पोशाक थारु समुदायको परम्परागत पोशाक थारु समुदायको परम्परागत पोशाक थारु समुदायको परम्परागत पोशाक थारु समुदायको परम्परागत पोशाक थारु समुदायको परम्परागत पोशाक थारु समुदायको परम्परागत पोशाक थारु समुदायको परम्परागत पोशाक थारु समुदायको परम्परागत पोशाक थारु समुदायको परम्परागत पोशाक थारु समुदायको परम्परागत पोशाक थारु समुदायको परम्परागत पोशाक थारु समुदायको परम्परागत पोशाक थारु समुदायको परम्परागत पोशाक थारु समुदायको परम्परागत पोशाक थारु समुदायको परम्परागत पोशाक थारु समुदायको परम्परागत पोशाक थारु समुदायको परम्परागत पोशाक थारु समुदायको परम्परागत पोशाक थारु समुदायको परम्परा
nepali_dresses_augmented/tharu_dress/219.jpg,"A group of women performing a traditional dance. This is the Tharu dress, the traditional attire of the Tharu community of Nepal. It is worn during festivals such as Maghi and community celebrations in the Terai region.",नेपालको थारु समुदायको परम्परागत पोशाक थारु समुदायको परम्परागत पोशाक थारु समुदायको परम्परागत पोशाक थारु समुदायको परम्परागत पोशाक थारु समुदायको परम्परागत पोशाक थारु समुदायको परम्परागत पोशाक थारु समुदायको परम्परागत पोशाक थारु समुदायको परम्परागत पोशाक थारु समुदायको परम्परागत पोशाक थारु समुदायको परम्परागत पोशाक थारु समुदायको परम्परागत पोशाक थारु समुदायको परम्परागत पोशाक थारु समुदायको परम्परागत पोशाक थारु समुदायको परम्परागत पोशाक थारु समुदायको परम्परागत पोशाक थारु समुदायको परम्परागत पोशाक थारु समुदायको परम्परागत पोशाक थारु समुदायको परम्परागत पोशाक थारु समुदायको परम्परागत पोशाक थारु समुदायको परम्परागत पोशाक थारु समुदायको परम्परागत पोशाक थारु समुदायको परम्परा
nepali_dresses_augmented/tharu_dress/219_aug1.jpg,"A group of women performing a traditional dance. This is the Tharu dress, the traditional attire of the Tharu community of Nepal. It is worn during festivals such as Maghi and community celebrations in the Terai region.",नेपालको थारु समुदायको परम्परागत पोशाक थारु समुदायको परम्परागत पोशाक थारु समुदायको परम्परागत पोशाक थारु समुदायको परम्परागत पोशाक थारु समुदायको परम्परागत पोशाक थारु समुदायको परम्परागत पोशाक थारु समुदायको परम्परागत पोशाक थारु समुदायको परम्परागत पोशाक थारु समुदायको परम्परागत पोशाक थारु समुदायको परम्परागत पोशाक थारु समुदायको परम्परागत पोशाक थारु समुदायको परम्परागत पोशाक थारु समुदायको परम्परागत पोशाक थारु समुदायको परम्परागत पोशाक थारु समुदायको परम्परागत पोशाक थारु समुदायको परम्परागत पोशाक थारु समुदायको परम्परागत पोशाक थारु समुदायको परम्परागत पोशाक थारु समुदायको परम्परागत पोशाक थारु समुदायको परम्परागत पोशाक थारु समुदायको परम्परागत पोशाक थारु समुदायको परम्परा
nepali_dresses_augmented/tharu_dress/21_aug1.jpg,"A group of women dancing in a street. This is the Tharu dress, the traditional attire of the Tharu community of Nepal. It is worn during festivals such as Maghi and community celebrations in the Terai region.","यो थारु पोशाक हो, नेपालको थारु समुदायको परम्परागत पोशाक हो। यो तराई क्षेत्रको माघी र सामुदायिक उत्सवहरूमा लगाइन्छ।"
nepali_dresses_augmented/tharu_dress/21_aug2.jpg,"A group of women dancing in a street. This is the Tharu dress, the traditional attire of the Tharu community of Nepal. It is worn during festivals such as Maghi and community celebrations in the Terai region.","यो थारु पोशाक हो, नेपालको थारु समुदायको परम्परागत पोशाक हो। यो तराई क्षेत्रको माघी र सामुदायिक उत्सवहरूमा लगाइन्छ।"
nepali_dresses_augmented/tharu_dress/22.jpg,"A group of women dressed in traditional costumes. This is the Tharu dress, the traditional attire of the Tharu community of Nepal. It is worn during festivals such as Maghi and community celebrations in the Terai region.","परम्परागत पोशाक लगाउने महिलाहरूको समूह। यो थारु पोशाक हो, नेपालको थारु समुदायको परम्परागत पोशाक। यो तराई क्षेत्रमा माघी जस्ता चाडहरूमा र सामुदायिक उत्सवहरूमा लगाइन्छ।"
nepali_dresses_augmented/tharu_dress/220.jpg,"A group of people dancing in the street during a festival in mexico - stock image. This is the Tharu dress, the traditional attire of the Tharu community of Nepal. It is worn during festivals such as Maghi and community celebrations in the Terai region.","मेक्सिकोमा एउटा महोत्सवको समयमा सडकमा नाच्ने मानिसहरूको समूह - स्टक छवि। यो थारु पोशाक हो, नेपालको थारु समुदायको परम्परागत पोशाक। यो तराई क्षेत्रमा माघी जस्ता महोत्सवहरू र सामुदायिक उत्सवहरूमा लगाइन्छ।"
nepali_dresses_augmented/tharu_dress/220_aug1.jpg,"A group of people dancing in the street during a festival in mexico - stock image. This is the Tharu dress, the traditional attire of the Tharu community of Nepal. It is worn during festivals such as Maghi and community celebrations in the Terai region.","मेक्सिकोमा एउटा महोत्सवको समयमा सडकमा नाच्ने मानिसहरूको समूह - स्टक छवि। यो थारु पोशाक हो, नेपालको थारु समुदायको परम्परागत पोशाक। यो तराई क्षेत्रमा माघी जस्ता महोत्सवहरू र सामुदायिक उत्सवहरूमा लगाइन्छ।"
nepali_dresses_augmented/tharu_dress/221.jpg,"A group of dancers in white dresses perform at the annual parade in new york, ny - stock photo. This is the Tharu dress, the traditional attire of the Tharu community of Nepal. It is worn during festivals such as Maghi and community celebrations in the Terai region.",नेपालको थारु समुदायको परम्परागत पोशाक थारु समुदायको परम्परागत पोशाक थारु समुदायको परम्परागत पोशाक थारु समुदायको परम्परागत पोशाक थारु समुदायको परम्परागत पोशाक थारु समुदायको परम्परागत पोशाक थारु समुदायको परम्परागत पोशाक थारु समुदायको परम्परागत पोशाक थारु समुदायको परम्परागत पोशाक थारु समुदायको परम्परागत पोशाक थारु समुदायको परम्परागत पोशाक थारु समुदायको परम्परागत पोशाक थारु समुदायको परम्परागत पोशाक थारु समुदायको परम्परागत पोशाक थारु समुदायको परम्परागत पोशाक थारु समुदायको परम्परागत पोशाक थारु समुदायको परम्परागत पोशाक थारु समुदायको परम्परागत पोशाक थारु समुदायको परम्परागत पोशाक थारु समुदायको परम्परागत पोशाक थारु समुदायको परम्परागत पोशाक थारु समुदायको परम्परा
nepali_dresses_augmented/tharu_dress/221_aug1.jpg,"A group of dancers in white dresses perform at the annual parade in new york, ny - stock photo. This is the Tharu dress, the traditional attire of the Tharu community of Nepal. It is worn during festivals such as Maghi and community celebrations in the Terai region.",नेपालको थारु समुदायको परम्परागत पोशाक थारु समुदायको परम्परागत पोशाक थारु समुदायको परम्परागत पोशाक थारु समुदायको परम्परागत पोशाक थारु समुदायको परम्परागत पोशाक थारु समुदायको परम्परागत पोशाक थारु समुदायको परम्परागत पोशाक थारु समुदायको परम्परागत पोशाक थारु समुदायको परम्परागत पोशाक थारु समुदायको परम्परागत पोशाक थारु समुदायको परम्परागत पोशाक थारु समुदायको परम्परागत पोशाक थारु समुदायको परम्परागत पोशाक थारु समुदायको परम्परागत पोशाक थारु समुदायको परम्परागत पोशाक थारु समुदायको परम्परागत पोशाक थारु समुदायको परम्परागत पोशाक थारु समुदायको परम्परागत पोशाक थारु समुदायको परम्परागत पोशाक थारु समुदायको परम्परागत पोशाक थारु समुदायको परम्परागत पोशाक थारु समुदायको परम्परा
nepali_dresses_augmented/tharu_dress/222.jpg,"A man and woman dressed in traditional indian clothing. This is the Tharu dress, the traditional attire of the Tharu community of Nepal. It is worn during festivals such as Maghi and community celebrations in the Terai region.","परम्परागत भारतीय कपडा लगाएका पुरुष र महिला. यो थारु पोशाक हो, नेपालको थारु समुदायको परम्परागत पोशाक। यो तराई क्षेत्रमा माघी जस्ता पर्व र सामुदायिक उत्सवहरूमा लगाइन्छ।"
nepali_dresses_augmented/tharu_dress/222_aug1.jpg,"A man and woman dressed in traditional indian clothing. This is the Tharu dress, the traditional attire of the Tharu community of Nepal. It is worn during festivals such as Maghi and community celebrations in the Terai region.","परम्परागत भारतीय कपडा लगाएका पुरुष र महिला. यो थारु पोशाक हो, नेपालको थारु समुदायको परम्परागत पोशाक। यो तराई क्षेत्रमा माघी जस्ता पर्व र सामुदायिक उत्सवहरूमा लगाइन्छ।"
nepali_dresses_augmented/tharu_dress/223.jpg,"A man and woman posing for the camera. This is the Tharu dress, the traditional attire of the Tharu community of Nepal. It is worn during festivals such as Maghi and community celebrations in the Terai region.","एक पुरुष र एक महिला क्यामेराको लागि पोज गर्दैछन्। यो थारु पोशाक हो, नेपालको थारु समुदायको परम्परागत पोशाक। यो तराई क्षेत्रमा माघी जस्ता पर्वहरू र सामुदायिक उत्सवहरूमा लगाइन्छ।"
nepali_dresses_augmented/tharu_dress/223_aug1.jpg,"A man and woman posing for the camera. This is the Tharu dress, the traditional attire of the Tharu community of Nepal. It is worn during festivals such as Maghi and community celebrations in the Terai region.","एक पुरुष र एक महिला क्यामेराको लागि पोज गर्दैछन्। यो थारु पोशाक हो, नेपालको थारु समुदायको परम्परागत पोशाक। यो तराई क्षेत्रमा माघी जस्ता पर्वहरू र सामुदायिक उत्सवहरूमा लगाइन्छ।"
nepali_dresses_augmented/tharu_dress/224.jpg,"A woman in a red dress and headdre. This is the Tharu dress, the traditional attire of the Tharu community of Nepal. It is worn during festivals such as Maghi and community celebrations in the Terai region.","एक महिला रातो पोशाक र हेड्रेमा। यो थारु पोशाक हो, नेपालको थारु समुदायको परम्परागत पोशाक। यो तराई क्षेत्रमा माघी र सामुदायिक उत्सव जस्ता चाडहरूमा लगाइन्छ।"
nepali_dresses_augmented/tharu_dress/224_aug1.jpg,"A woman in a red dress and headdre. This is the Tharu dress, the traditional attire of the Tharu community of Nepal. It is worn during festivals such as Maghi and community celebrations in the Terai region.","एक महिला रातो पोशाक र हेड्रेमा। यो थारु पोशाक हो, नेपालको थारु समुदायको परम्परागत पोशाक। यो तराई क्षेत्रमा माघी र सामुदायिक उत्सव जस्ता चाडहरूमा लगाइन्छ।"
nepali_dresses_augmented/tharu_dress/225.jpg,"A woman standing in front of a house. This is the Tharu dress, the traditional attire of the Tharu community of Nepal. It is worn during festivals such as Maghi and community celebrations in the Terai region.","एक महिला घरको अगाडि उभिएकी छिन्। यो थारु पोशाक हो, नेपालको थारु समुदायको परम्परागत पोशाक हो। यो तराई क्षेत्रको माघी जस्ता चाडहरूमा र सामुदायिक उत्सवहरूमा लगाइन्छ।"
nepali_dresses_augmented/tharu_dress/225_aug1.jpg,"A woman standing in front of a house. This is the Tharu dress, the traditional attire of the Tharu community of Nepal. It is worn during festivals such as Maghi and community celebrations in the Terai region.","एक महिला घरको अगाडि उभिएकी छिन्। यो थारु पोशाक हो, नेपालको थारु समुदायको परम्परागत पोशाक हो। यो तराई क्षेत्रको माघी जस्ता चाडहरूमा र सामुदायिक उत्सवहरूमा लगाइन्छ।"
nepali_dresses_augmented/tharu_dress/226.jpg,"A group of people dancing in the street at night. This is the Tharu dress, the traditional attire of the Tharu community of Nepal. It is worn during festivals such as Maghi and community celebrations in the Terai region.","राती सडकमा नाच्ने मानिसहरूको समूह। यो थारु पोशाक हो, नेपालको थारु समुदायको परम्परागत पोशाक हो। यो तराई क्षेत्रमा माघी जस्ता पर्वहरू र सामुदायिक उत्सवहरूमा लगाइन्छ।"
nepali_dresses_augmented/tharu_dress/226_aug1.jpg,"A group of people dancing in the street at night. This is the Tharu dress, the traditional attire of the Tharu community of Nepal. It is worn during festivals such as Maghi and community celebrations in the Terai region.","राती सडकमा नाच्ने मानिसहरूको समूह। यो थारु पोशाक हो, नेपालको थारु समुदायको परम्परागत पोशाक हो। यो तराई क्षेत्रमा माघी जस्ता पर्वहरू र सामुदायिक उत्सवहरूमा लगाइन्छ।"
nepali_dresses_augmented/tharu_dress/22_aug1.jpg,"A group of women dressed in traditional costumes. This is the Tharu dress, the traditional attire of the Tharu community of Nepal. It is worn during festivals such as Maghi and community celebrations in the Terai region.","परम्परागत पोशाक लगाउने महिलाहरूको समूह। यो थारु पोशाक हो, नेपालको थारु समुदायको परम्परागत पोशाक। यो तराई क्षेत्रमा माघी जस्ता चाडहरूमा र सामुदायिक उत्सवहरूमा लगाइन्छ।"
nepali_dresses_augmented/tharu_dress/22_aug2.jpg,"A group of women dressed in traditional costumes. This is the Tharu dress, the traditional attire of the Tharu community of Nepal. It is worn during festivals such as Maghi and community celebrations in the Terai region.","परम्परागत पोशाक लगाउने महिलाहरूको समूह। यो थारु पोशाक हो, नेपालको थारु समुदायको परम्परागत पोशाक। यो तराई क्षेत्रमा माघी जस्ता चाडहरूमा र सामुदायिक उत्सवहरूमा लगाइन्छ।"
nepali_dresses_augmented/tharu_dress/23.jpg,"A man and woman holding shopping bags in their hands. This is the Tharu dress, the traditional attire of the Tharu community of Nepal. It is worn during festivals such as Maghi and community celebrations in the Terai region.","एक पुरुष र एक महिला हातमा किनमेलको झोला राख्दै। यो थारु पोशाक हो, नेपालको थारु समुदायको परम्परागत पोशाक हो। यो तराई क्षेत्रमा माघी जस्ता चाडहरूमा र सामुदायिक उत्सवहरूमा लगाइन्छ।"
nepali_dresses_augmented/tharu_dress/23_aug1.jpg,"A man and woman holding shopping bags in their hands. This is the Tharu dress, the traditional attire of the Tharu community of Nepal. It is worn during festivals such as Maghi and community celebrations in the Terai region.","एक पुरुष र एक महिला हातमा किनमेलको झोला राख्दै। यो थारु पोशाक हो, नेपालको थारु समुदायको परम्परागत पोशाक हो। यो तराई क्षेत्रमा माघी जस्ता चाडहरूमा र सामुदायिक उत्सवहरूमा लगाइन्छ।"
nepali_dresses_augmented/tharu_dress/23_aug2.jpg,"A man and woman holding shopping bags in their hands. This is the Tharu dress, the traditional attire of the Tharu community of Nepal. It is worn during festivals such as Maghi and community celebrations in the Terai region.","एक पुरुष र एक महिला हातमा किनमेलको झोला राख्दै। यो थारु पोशाक हो, नेपालको थारु समुदायको परम्परागत पोशाक हो। यो तराई क्षेत्रमा माघी जस्ता चाडहरूमा र सामुदायिक उत्सवहरूमा लगाइन्छ।"
nepali_dresses_augmented/tharu_dress/24.jpg,"A woman dressed in traditional costume and headdres at the annual festival of the indigenous - stock photo. This is the Tharu dress, the traditional attire of the Tharu community of Nepal. It is worn during festivals such as Maghi and community celebrations in the Terai region.",नेपालको थारु समुदायको परम्परागत पोशाक थारु पोशाक हो। यो तराई क्षेत्रको माघी र सामुदायिक उत्सवहरूमा लगाइन्छ।
nepali_dresses_augmented/tharu_dress/24_aug1.jpg,"A woman dressed in traditional costume and headdres at the annual festival of the indigenous - stock photo. This is the Tharu dress, the traditional attire of the Tharu community of Nepal. It is worn during festivals such as Maghi and community celebrations in the Terai region.",नेपालको थारु समुदायको परम्परागत पोशाक थारु पोशाक हो। यो तराई क्षेत्रको माघी र सामुदायिक उत्सवहरूमा लगाइन्छ।
nepali_dresses_augmented/tharu_dress/24_aug2.jpg,"A woman dressed in traditional costume and headdres at the annual festival of the indigenous - stock photo. This is the Tharu dress, the traditional attire of the Tharu community of Nepal. It is worn during festivals such as Maghi and community celebrations in the Terai region.",नेपालको थारु समुदायको परम्परागत पोशाक थारु पोशाक हो। यो तराई क्षेत्रको माघी र सामुदायिक उत्सवहरूमा लगाइन्छ।
nepali_dresses_augmented/tharu_dress/25.jpg,"A woman in a colorful dress pointing at the camera. This is the Tharu dress, the traditional attire of the Tharu community of Nepal. It is worn during festivals such as Maghi and community celebrations in the Terai region.","रंगीन पोशाकमा एक महिलाले क्यामेरामा औंल्याए। यो थारु पोशाक हो, नेपालको थारु समुदायको परम्परागत पोशाक हो। यो तराई क्षेत्रको माघी र सामुदायिक उत्सवहरूमा लगाइन्छ।"
nepali_dresses_augmented/tharu_dress/25_aug1.jpg,"A woman in a colorful dress pointing at the camera. This is the Tharu dress, the traditional attire of the Tharu community of Nepal. It is worn during festivals such as Maghi and community celebrations in the Terai region.","रंगीन पोशाकमा एक महिलाले क्यामेरामा औंल्याए। यो थारु पोशाक हो, नेपालको थारु समुदायको परम्परागत पोशाक हो। यो तराई क्षेत्रको माघी र सामुदायिक उत्सवहरूमा लगाइन्छ।"
nepali_dresses_augmented/tharu_dress/25_aug2.jpg,"A woman in a colorful dress pointing at the camera. This is the Tharu dress, the traditional attire of the Tharu community of Nepal. It is worn during festivals such as Maghi and community celebrations in the Terai region.","रंगीन पोशाकमा एक महिलाले क्यामेरामा औंल्याए। यो थारु पोशाक हो, नेपालको थारु समुदायको परम्परागत पोशाक हो। यो तराई क्षेत्रको माघी र सामुदायिक उत्सवहरूमा लगाइन्छ।"
nepali_dresses_augmented/tharu_dress/26.jpg,"A man and woman in traditional dress. This is the Tharu dress, the traditional attire of the Tharu community of Nepal. It is worn during festivals such as Maghi and community celebrations in the Terai region.","परम्परागत पोशाकमा एक पुरुष र महिला। यो थारु पोशाक हो, नेपालको थारु समुदायको परम्परागत पोशाक। यो तराई क्षेत्रमा माघी जस्ता चाडहरूमा र सामुदायिक उत्सवहरूमा लगाइन्छ।"
nepali_dresses_augmented/tharu_dress/26_aug1.jpg,"A man and woman in traditional dress. This is the Tharu dress, the traditional attire of the Tharu community of Nepal. It is worn during festivals such as Maghi and community celebrations in the Terai region.","परम्परागत पोशाकमा एक पुरुष र महिला। यो थारु पोशाक हो, नेपालको थारु समुदायको परम्परागत पोशाक। यो तराई क्षेत्रमा माघी जस्ता चाडहरूमा र सामुदायिक उत्सवहरूमा लगाइन्छ।"
nepali_dresses_augmented/tharu_dress/26_aug2.jpg,"A man and woman in traditional dress. This is the Tharu dress, the traditional attire of the Tharu community of Nepal. It is worn during festivals such as Maghi and community celebrations in the Terai region.","परम्परागत पोशाकमा एक पुरुष र महिला। यो थारु पोशाक हो, नेपालको थारु समुदायको परम्परागत पोशाक। यो तराई क्षेत्रमा माघी जस्ता चाडहरूमा र सामुदायिक उत्सवहरूमा लगाइन्छ।"
nepali_dresses_augmented/tharu_dress/27.jpg,"A young girl in a traditional costume. This is the Tharu dress, the traditional attire of the Tharu community of Nepal. It is worn during festivals such as Maghi and community celebrations in the Terai region.","परम्परागत पोशाकमा एक युवती। यो थारु पोशाक हो, नेपालको थारु समुदायको परम्परागत पोशाक। यो तराई क्षेत्रको माघी जस्ता चाडहरूमा र सामुदायिक उत्सवहरूमा लगाइन्छ।"
nepali_dresses_augmented/tharu_dress/27_aug1.jpg,"A young girl in a traditional costume. This is the Tharu dress, the traditional attire of the Tharu community of Nepal. It is worn during festivals such as Maghi and community celebrations in the Terai region.","परम्परागत पोशाकमा एक युवती। यो थारु पोशाक हो, नेपालको थारु समुदायको परम्परागत पोशाक। यो तराई क्षेत्रको माघी जस्ता चाडहरूमा र सामुदायिक उत्सवहरूमा लगाइन्छ।"
nepali_dresses_augmented/tharu_dress/27_aug2.jpg,"A young girl in a traditional costume. This is the Tharu dress, the traditional attire of the Tharu community of Nepal. It is worn during festivals such as Maghi and community celebrations in the Terai region.","परम्परागत पोशाकमा एक युवती। यो थारु पोशाक हो, नेपालको थारु समुदायको परम्परागत पोशाक। यो तराई क्षेत्रको माघी जस्ता चाडहरूमा र सामुदायिक उत्सवहरूमा लगाइन्छ।"
nepali_dresses_augmented/tharu_dress/28.jpg,"A group of women in traditional costumes dancing. This is the Tharu dress, the traditional attire of the Tharu community of Nepal. It is worn during festivals such as Maghi and community celebrations in the Terai region.","परम्परागत पोशाकमा नाच्ने महिलाहरूको समूह। यो थारु पोशाक हो, नेपालको थारु समुदायको परम्परागत पोशाक। यो तराई क्षेत्रमा माघी र सामुदायिक उत्सव जस्ता चाडहरूमा लगाइन्छ।"
nepali_dresses_augmented/tharu_dress/28_aug1.jpg,"A group of women in traditional costumes dancing. This is the Tharu dress, the traditional attire of the Tharu community of Nepal. It is worn during festivals such as Maghi and community celebrations in the Terai region.","परम्परागत पोशाकमा नाच्ने महिलाहरूको समूह। यो थारु पोशाक हो, नेपालको थारु समुदायको परम्परागत पोशाक। यो तराई क्षेत्रमा माघी र सामुदायिक उत्सव जस्ता चाडहरूमा लगाइन्छ।"
nepali_dresses_augmented/tharu_dress/28_aug2.jpg,"A group of women in traditional costumes dancing. This is the Tharu dress, the traditional attire of the Tharu community of Nepal. It is worn during festivals such as Maghi and community celebrations in the Terai region.","परम्परागत पोशाकमा नाच्ने महिलाहरूको समूह। यो थारु पोशाक हो, नेपालको थारु समुदायको परम्परागत पोशाक। यो तराई क्षेत्रमा माघी र सामुदायिक उत्सव जस्ता चाडहरूमा लगाइन्छ।"
nepali_dresses_augmented/tharu_dress/29.jpg,"A group of people dancing in the desert. This is the Tharu dress, the traditional attire of the Tharu community of Nepal. It is worn during festivals such as Maghi and community celebrations in the Terai region.","मरुभूमिमा नाच्ने मानिसहरूको समूह। यो थारु पोशाक हो, नेपालको थारु समुदायको परम्परागत पोशाक। यो तराई क्षेत्रको माघी जस्ता चाडहरूमा र सामुदायिक उत्सवहरूमा लगाइन्छ।"
nepali_dresses_augmented/tharu_dress/29_aug1.jpg,"A group of people dancing in the desert. This is the Tharu dress, the traditional attire of the Tharu community of Nepal. It is worn during festivals such as Maghi and community celebrations in the Terai region.","मरुभूमिमा नाच्ने मानिसहरूको समूह। यो थारु पोशाक हो, नेपालको थारु समुदायको परम्परागत पोशाक। यो तराई क्षेत्रको माघी जस्ता चाडहरूमा र सामुदायिक उत्सवहरूमा लगाइन्छ।"
nepali_dresses_augmented/tharu_dress/29_aug2.jpg,"A group of people dancing in the desert. This is the Tharu dress, the traditional attire of the Tharu community of Nepal. It is worn during festivals such as Maghi and community celebrations in the Terai region.","मरुभूमिमा नाच्ने मानिसहरूको समूह। यो थारु पोशाक हो, नेपालको थारु समुदायको परम्परागत पोशाक। यो तराई क्षेत्रको माघी जस्ता चाडहरूमा र सामुदायिक उत्सवहरूमा लगाइन्छ।"
nepali_dresses_augmented/tharu_dress/2_aug1.jpg,"A young girl dressed in traditional costume poses for the camera. This is the Tharu dress, the traditional attire of the Tharu community of Nepal. It is worn during festivals such as Maghi and community celebrations in the Terai region.","क्यामेराको लागि परम्परागत पोशाक लगाउने एक युवती। यो थारु पोशाक हो, नेपालको थारु समुदायको परम्परागत पोशाक हो। यो तराई क्षेत्रमा माघी जस्ता पर्वहरू र सामुदायिक उत्सवहरूमा लगाइन्छ।"
nepali_dresses_augmented/tharu_dress/2_aug2.jpg,"A young girl dressed in traditional costume poses for the camera. This is the Tharu dress, the traditional attire of the Tharu community of Nepal. It is worn during festivals such as Maghi and community celebrations in the Terai region.","क्यामेराको लागि परम्परागत पोशाक लगाउने एक युवती। यो थारु पोशाक हो, नेपालको थारु समुदायको परम्परागत पोशाक हो। यो तराई क्षेत्रमा माघी जस्ता पर्वहरू र सामुदायिक उत्सवहरूमा लगाइन्छ।"
nepali_dresses_augmented/tharu_dress/3.jpg,"A woman in a colorful dress sitting on the floor. This is the Tharu dress, the traditional attire of the Tharu community of Nepal. It is worn during festivals such as Maghi and community celebrations in the Terai region.","यो थारु पोशाक हो, नेपालको थारु समुदायको परम्परागत पोशाक हो। यो तराई क्षेत्रको माघी र सामुदायिक उत्सवहरूमा लगाइन्छ।"
nepali_dresses_augmented/tharu_dress/30.jpg,"A man and woman in traditional costumes. This is the Tharu dress, the traditional attire of the Tharu community of Nepal. It is worn during festivals such as Maghi and community celebrations in the Terai region.","परम्परागत पोशाकमा पुरुष र महिला। यो थारु पोशाक हो, नेपालको थारु समुदायको परम्परागत पोशाक। यो तराई क्षेत्रमा माघी र सामुदायिक उत्सव जस्ता चाडहरूमा लगाइन्छ।"
nepali_dresses_augmented/tharu_dress/30_aug1.jpg,"A man and woman in traditional costumes. This is the Tharu dress, the traditional attire of the Tharu community of Nepal. It is worn during festivals such as Maghi and community celebrations in the Terai region.","परम्परागत पोशाकमा पुरुष र महिला। यो थारु पोशाक हो, नेपालको थारु समुदायको परम्परागत पोशाक। यो तराई क्षेत्रमा माघी र सामुदायिक उत्सव जस्ता चाडहरूमा लगाइन्छ।"
nepali_dresses_augmented/tharu_dress/30_aug2.jpg,"A man and woman in traditional costumes. This is the Tharu dress, the traditional attire of the Tharu community of Nepal. It is worn during festivals such as Maghi and community celebrations in the Terai region.","परम्परागत पोशाकमा पुरुष र महिला। यो थारु पोशाक हो, नेपालको थारु समुदायको परम्परागत पोशाक। यो तराई क्षेत्रमा माघी र सामुदायिक उत्सव जस्ता चाडहरूमा लगाइन्छ।"
nepali_dresses_augmented/tharu_dress/31.jpg,"A woman in a costume holding a stick. This is the Tharu dress, the traditional attire of the Tharu community of Nepal. It is worn during festivals such as Maghi and community celebrations in the Terai region.","यो थारु पोशाक हो, नेपालको थारु समुदायको परम्परागत पोशाक हो। यो तराई क्षेत्रको माघी र सामुदायिक उत्सवहरूमा लगाइन्छ।"
nepali_dresses_augmented/tharu_dress/31_aug1.jpg,"A woman in a costume holding a stick. This is the Tharu dress, the traditional attire of the Tharu community of Nepal. It is worn during festivals such as Maghi and community celebrations in the Terai region.","यो थारु पोशाक हो, नेपालको थारु समुदायको परम्परागत पोशाक हो। यो तराई क्षेत्रको माघी र सामुदायिक उत्सवहरूमा लगाइन्छ।"
nepali_dresses_augmented/tharu_dress/31_aug2.jpg,"A woman in a costume holding a stick. This is the Tharu dress, the traditional attire of the Tharu community of Nepal. It is worn during festivals such as Maghi and community celebrations in the Terai region.","यो थारु पोशाक हो, नेपालको थारु समुदायको परम्परागत पोशाक हो। यो तराई क्षेत्रको माघी र सामुदायिक उत्सवहरूमा लगाइन्छ।"
nepali_dresses_augmented/tharu_dress/32.jpg,"A young girl in traditional dress poses for the camera. This is the Tharu dress, the traditional attire of the Tharu community of Nepal. It is worn during festivals such as Maghi and community celebrations in the Terai region.","परम्परागत पोशाकमा एक युवती क्यामेराको लागि पोज गर्दछ। यो थारु पोशाक हो, नेपालको थारु समुदायको परम्परागत पोशाक। यो तराई क्षेत्रमा माघी जस्ता उत्सव र सामुदायिक उत्सवहरूमा लगाइन्छ।"
nepali_dresses_augmented/tharu_dress/32_aug1.jpg,"A young girl in traditional dress poses for the camera. This is the Tharu dress, the traditional attire of the Tharu community of Nepal. It is worn during festivals such as Maghi and community celebrations in the Terai region.","परम्परागत पोशाकमा एक युवती क्यामेराको लागि पोज गर्दछ। यो थारु पोशाक हो, नेपालको थारु समुदायको परम्परागत पोशाक। यो तराई क्षेत्रमा माघी जस्ता उत्सव र सामुदायिक उत्सवहरूमा लगाइन्छ।"
nepali_dresses_augmented/tharu_dress/32_aug2.jpg,"A young girl in traditional dress poses for the camera. This is the Tharu dress, the traditional attire of the Tharu community of Nepal. It is worn during festivals such as Maghi and community celebrations in the Terai region.","परम्परागत पोशाकमा एक युवती क्यामेराको लागि पोज गर्दछ। यो थारु पोशाक हो, नेपालको थारु समुदायको परम्परागत पोशाक। यो तराई क्षेत्रमा माघी जस्ता उत्सव र सामुदायिक उत्सवहरूमा लगाइन्छ।"
nepali_dresses_augmented/tharu_dress/33.jpg,"A group of dancers performing at night. This is the Tharu dress, the traditional attire of the Tharu community of Nepal. It is worn during festivals such as Maghi and community celebrations in the Terai region.","यो थारु पोशाक हो, नेपालको थारु समुदायको परम्परागत पोशाक हो। यो तराई क्षेत्रको माघी र सामुदायिक उत्सवहरूमा लगाइन्छ।"
nepali_dresses_augmented/tharu_dress/33_aug1.jpg,"A group of dancers performing at night. This is the Tharu dress, the traditional attire of the Tharu community of Nepal. It is worn during festivals such as Maghi and community celebrations in the Terai region.","यो थारु पोशाक हो, नेपालको थारु समुदायको परम्परागत पोशाक हो। यो तराई क्षेत्रको माघी र सामुदायिक उत्सवहरूमा लगाइन्छ।"
nepali_dresses_augmented/tharu_dress/33_aug2.jpg,"A group of dancers performing at night. This is the Tharu dress, the traditional attire of the Tharu community of Nepal. It is worn during festivals such as Maghi and community celebrations in the Terai region.","यो थारु पोशाक हो, नेपालको थारु समुदायको परम्परागत पोशाक हो। यो तराई क्षेत्रको माघी र सामुदायिक उत्सवहरूमा लगाइन्छ।"
nepali_dresses_augmented/tharu_dress/34.jpg,"A woman sitting on the floor with her laptop. This is the Tharu dress, the traditional attire of the Tharu community of Nepal. It is worn during festivals such as Maghi and community celebrations in the Terai region.","यो थारु पोशाक हो, नेपालको थारु समुदायको परम्परागत पोशाक हो। यो तराई क्षेत्रको माघी र सामुदायिक उत्सवहरूमा लगाइन्छ।"
nepali_dresses_augmented/tharu_dress/34_aug1.jpg,"A woman sitting on the floor with her laptop. This is the Tharu dress, the traditional attire of the Tharu community of Nepal. It is worn during festivals such as Maghi and community celebrations in the Terai region.","यो थारु पोशाक हो, नेपालको थारु समुदायको परम्परागत पोशाक हो। यो तराई क्षेत्रको माघी र सामुदायिक उत्सवहरूमा लगाइन्छ।"
nepali_dresses_augmented/tharu_dress/34_aug2.jpg,"A woman sitting on the floor with her laptop. This is the Tharu dress, the traditional attire of the Tharu community of Nepal. It is worn during festivals such as Maghi and community celebrations in the Terai region.","यो थारु पोशाक हो, नेपालको थारु समुदायको परम्परागत पोशाक हो। यो तराई क्षेत्रको माघी र सामुदायिक उत्सवहरूमा लगाइन्छ।"
nepali_dresses_augmented/tharu_dress/35.jpg,"A group of people in green dresses dancing at night. This is the Tharu dress, the traditional attire of the Tharu community of Nepal. It is worn during festivals such as Maghi and community celebrations in the Terai region.","राती हरियो पोशाकमा नाच्ने मानिसहरूको समूह। यो थारु पोशाक हो, नेपालको थारु समुदायको परम्परागत पोशाक हो। यो तराई क्षेत्रमा माघी जस्ता चाडहरूमा र सामुदायिक उत्सवहरूमा लगाइन्छ।"
nepali_dresses_augmented/tharu_dress/35_aug1.jpg,"A group of people in green dresses dancing at night. This is the Tharu dress, the traditional attire of the Tharu community of Nepal. It is worn during festivals such as Maghi and community celebrations in the Terai region.","राती हरियो पोशाकमा नाच्ने मानिसहरूको समूह। यो थारु पोशाक हो, नेपालको थारु समुदायको परम्परागत पोशाक हो। यो तराई क्षेत्रमा माघी जस्ता चाडहरूमा र सामुदायिक उत्सवहरूमा लगाइन्छ।"
nepali_dresses_augmented/tharu_dress/35_aug2.jpg,"A group of people in green dresses dancing at night. This is the Tharu dress, the traditional attire of the Tharu community of Nepal. It is worn during festivals such as Maghi and community celebrations in the Terai region.","राती हरियो पोशाकमा नाच्ने मानिसहरूको समूह। यो थारु पोशाक हो, नेपालको थारु समुदायको परम्परागत पोशाक हो। यो तराई क्षेत्रमा माघी जस्ता चाडहरूमा र सामुदायिक उत्सवहरूमा लगाइन्छ।"
nepali_dresses_augmented/tharu_dress/36.jpg,"A group of women in green dresses dancing at night. This is the Tharu dress, the traditional attire of the Tharu community of Nepal. It is worn during festivals such as Maghi and community celebrations in the Terai region.","राती हरियो पोशाकमा नाच्ने महिलाहरूको समूह। यो थारु पोशाक हो, नेपालको थारु समुदायको परम्परागत पोशाक हो। यो तराई क्षेत्रमा माघी जस्ता चाडहरूमा र सामुदायिक उत्सवहरूमा लगाइन्छ।"
nepali_dresses_augmented/tharu_dress/36_aug1.jpg,"A group of women in green dresses dancing at night. This is the Tharu dress, the traditional attire of the Tharu community of Nepal. It is worn during festivals such as Maghi and community celebrations in the Terai region.","राती हरियो पोशाकमा नाच्ने महिलाहरूको समूह। यो थारु पोशाक हो, नेपालको थारु समुदायको परम्परागत पोशाक हो। यो तराई क्षेत्रमा माघी जस्ता चाडहरूमा र सामुदायिक उत्सवहरूमा लगाइन्छ।"
nepali_dresses_augmented/tharu_dress/36_aug2.jpg,"A group of women in green dresses dancing at night. This is the Tharu dress, the traditional attire of the Tharu community of Nepal. It is worn during festivals such as Maghi and community celebrations in the Terai region.","राती हरियो पोशाकमा नाच्ने महिलाहरूको समूह। यो थारु पोशाक हो, नेपालको थारु समुदायको परम्परागत पोशाक हो। यो तराई क्षेत्रमा माघी जस्ता चाडहरूमा र सामुदायिक उत्सवहरूमा लगाइन्छ।"
nepali_dresses_augmented/tharu_dress/37.jpg,"A woman sitting on the floor with a laptop. This is the Tharu dress, the traditional attire of the Tharu community of Nepal. It is worn during festivals such as Maghi and community celebrations in the Terai region.","यो थारु पोशाक हो, नेपालको थारु समुदायको परम्परागत पोशाक हो। यो तराई क्षेत्रको माघी र सामुदायिक उत्सवहरूमा लगाइन्छ।"
nepali_dresses_augmented/tharu_dress/37_aug1.jpg,"A woman sitting on the floor with a laptop. This is the Tharu dress, the traditional attire of the Tharu community of Nepal. It is worn during festivals such as Maghi and community celebrations in the Terai region.","यो थारु पोशाक हो, नेपालको थारु समुदायको परम्परागत पोशाक हो। यो तराई क्षेत्रको माघी र सामुदायिक उत्सवहरूमा लगाइन्छ।"
nepali_dresses_augmented/tharu_dress/37_aug2.jpg,"A woman sitting on the floor with a laptop. This is the Tharu dress, the traditional attire of the Tharu community of Nepal. It is worn during festivals such as Maghi and community celebrations in the Terai region.","यो थारु पोशाक हो, नेपालको थारु समुदायको परम्परागत पोशाक हो। यो तराई क्षेत्रको माघी र सामुदायिक उत्सवहरूमा लगाइन्छ।"
nepali_dresses_augmented/tharu_dress/38.jpg,"A group of young girls in traditional dress dancing at the festival stock images. This is the Tharu dress, the traditional attire of the Tharu community of Nepal. It is worn during festivals such as Maghi and community celebrations in the Terai region.","महोत्सव स्टक छविहरूमा परम्परागत पोशाकमा नृत्य गर्ने युवा केटीहरूको समूह। यो थारु पोशाक हो, नेपालको थारु समुदायको परम्परागत पोशाक। यो तराई क्षेत्रमा माघी जस्ता महोत्सवहरू र सामुदायिक उत्सवहरूमा लगाइन्छ।"
nepali_dresses_augmented/tharu_dress/38_aug1.jpg,"A group of young girls in traditional dress dancing at the festival stock images. This is the Tharu dress, the traditional attire of the Tharu community of Nepal. It is worn during festivals such as Maghi and community celebrations in the Terai region.","महोत्सव स्टक छविहरूमा परम्परागत पोशाकमा नृत्य गर्ने युवा केटीहरूको समूह। यो थारु पोशाक हो, नेपालको थारु समुदायको परम्परागत पोशाक। यो तराई क्षेत्रमा माघी जस्ता महोत्सवहरू र सामुदायिक उत्सवहरूमा लगाइन्छ।"
nepali_dresses_augmented/tharu_dress/38_aug2.jpg,"A group of young girls in traditional dress dancing at the festival stock images. This is the Tharu dress, the traditional attire of the Tharu community of Nepal. It is worn during festivals such as Maghi and community celebrations in the Terai region.","महोत्सव स्टक छविहरूमा परम्परागत पोशाकमा नृत्य गर्ने युवा केटीहरूको समूह। यो थारु पोशाक हो, नेपालको थारु समुदायको परम्परागत पोशाक। यो तराई क्षेत्रमा माघी जस्ता महोत्सवहरू र सामुदायिक उत्सवहरूमा लगाइन्छ।"
nepali_dresses_augmented/tharu_dress/39.jpg,"A woman in a red and blue outfit standing in tall grass. This is the Tharu dress, the traditional attire of the Tharu community of Nepal. It is worn during festivals such as Maghi and community celebrations in the Terai region.","लामो घाँसमा खडा रातो र नीलो पोशाकमा महिला। यो थारु पोशाक हो, नेपालको थारु समुदायको परम्परागत पोशाक हो। यो तराई क्षेत्रमा माघी जस्ता पर्वहरू र सामुदायिक उत्सवहरूमा लगाइन्छ।"
nepali_dresses_augmented/tharu_dress/39_aug1.jpg,"A woman in a red and blue outfit standing in tall grass. This is the Tharu dress, the traditional attire of the Tharu community of Nepal. It is worn during festivals such as Maghi and community celebrations in the Terai region.","लामो घाँसमा खडा रातो र नीलो पोशाकमा महिला। यो थारु पोशाक हो, नेपालको थारु समुदायको परम्परागत पोशाक हो। यो तराई क्षेत्रमा माघी जस्ता पर्वहरू र सामुदायिक उत्सवहरूमा लगाइन्छ।"
nepali_dresses_augmented/tharu_dress/39_aug2.jpg,"A woman in a red and blue outfit standing in tall grass. This is the Tharu dress, the traditional attire of the Tharu community of Nepal. It is worn during festivals such as Maghi and community celebrations in the Terai region.","लामो घाँसमा खडा रातो र नीलो पोशाकमा महिला। यो थारु पोशाक हो, नेपालको थारु समुदायको परम्परागत पोशाक हो। यो तराई क्षेत्रमा माघी जस्ता पर्वहरू र सामुदायिक उत्सवहरूमा लगाइन्छ।"
nepali_dresses_augmented/tharu_dress/3_aug1.jpg,"A woman in a colorful dress sitting on the floor. This is the Tharu dress, the traditional attire of the Tharu community of Nepal. It is worn during festivals such as Maghi and community celebrations in the Terai region.","यो थारु पोशाक हो, नेपालको थारु समुदायको परम्परागत पोशाक हो। यो तराई क्षेत्रको माघी र सामुदायिक उत्सवहरूमा लगाइन्छ।"
nepali_dresses_augmented/tharu_dress/3_aug2.jpg,"A woman in a colorful dress sitting on the floor. This is the Tharu dress, the traditional attire of the Tharu community of Nepal. It is worn during festivals such as Maghi and community celebrations in the Terai region.","यो थारु पोशाक हो, नेपालको थारु समुदायको परम्परागत पोशाक हो। यो तराई क्षेत्रको माघी र सामुदायिक उत्सवहरूमा लगाइन्छ।"
nepali_dresses_augmented/tharu_dress/4.jpg,"Two young girls in traditional dress standing outside a house. This is the Tharu dress, the traditional attire of the Tharu community of Nepal. It is worn during festivals such as Maghi and community celebrations in the Terai region.","दुई युवतीहरू परम्परागत पोशाकमा एक घरको बाहिर उभिए। यो थारु पोशाक हो, नेपालको थारु समुदायको परम्परागत पोशाक। यो तराई क्षेत्रमा माघी र सामुदायिक उत्सव जस्ता चाडहरूमा लगाइन्छ।"
nepali_dresses_augmented/tharu_dress/40.jpg,"A group of women dressed in traditional costumes. This is the Tharu dress, the traditional attire of the Tharu community of Nepal. It is worn during festivals such as Maghi and community celebrations in the Terai region.","परम्परागत पोशाक लगाउने महिलाहरूको समूह। यो थारु पोशाक हो, नेपालको थारु समुदायको परम्परागत पोशाक। यो तराई क्षेत्रमा माघी जस्ता चाडहरूमा र सामुदायिक उत्सवहरूमा लगाइन्छ।"
nepali_dresses_augmented/tharu_dress/40_aug1.jpg,"A group of women dressed in traditional costumes. This is the Tharu dress, the traditional attire of the Tharu community of Nepal. It is worn during festivals such as Maghi and community celebrations in the Terai region.","परम्परागत पोशाक लगाउने महिलाहरूको समूह। यो थारु पोशाक हो, नेपालको थारु समुदायको परम्परागत पोशाक। यो तराई क्षेत्रमा माघी जस्ता चाडहरूमा र सामुदायिक उत्सवहरूमा लगाइन्छ।"
nepali_dresses_augmented/tharu_dress/40_aug2.jpg,"A group of women dressed in traditional costumes. This is the Tharu dress, the traditional attire of the Tharu community of Nepal. It is worn during festivals such as Maghi and community celebrations in the Terai region.","परम्परागत पोशाक लगाउने महिलाहरूको समूह। यो थारु पोशाक हो, नेपालको थारु समुदायको परम्परागत पोशाक। यो तराई क्षेत्रमा माघी जस्ता चाडहरूमा र सामुदायिक उत्सवहरूमा लगाइन्छ।"
nepali_dresses_augmented/tharu_dress/41.jpg,"A group of dancers performing at night. This is the Tharu dress, the traditional attire of the Tharu community of Nepal. It is worn during festivals such as Maghi and community celebrations in the Terai region.","यो थारु पोशाक हो, नेपालको थारु समुदायको परम्परागत पोशाक हो। यो तराई क्षेत्रको माघी र सामुदायिक उत्सवहरूमा लगाइन्छ।"
nepali_dresses_augmented/tharu_dress/41_aug1.jpg,"A group of dancers performing at night. This is the Tharu dress, the traditional attire of the Tharu community of Nepal. It is worn during festivals such as Maghi and community celebrations in the Terai region.","यो थारु पोशाक हो, नेपालको थारु समुदायको परम्परागत पोशाक हो। यो तराई क्षेत्रको माघी र सामुदायिक उत्सवहरूमा लगाइन्छ।"
nepali_dresses_augmented/tharu_dress/41_aug2.jpg,"A group of dancers performing at night. This is the Tharu dress, the traditional attire of the Tharu community of Nepal. It is worn during festivals such as Maghi and community celebrations in the Terai region.","यो थारु पोशाक हो, नेपालको थारु समुदायको परम्परागत पोशाक हो। यो तराई क्षेत्रको माघी र सामुदायिक उत्सवहरूमा लगाइन्छ।"
nepali_dresses_augmented/tharu_dress/42.jpg,"A woman with a hat on her head. This is the Tharu dress, the traditional attire of the Tharu community of Nepal. It is worn during festivals such as Maghi and community celebrations in the Terai region.","एक महिलाको टाउकोमा टोपी छ। यो थारु पोशाक हो, नेपालको थारु समुदायको परम्परागत पोशाक हो। यो तराई क्षेत्रको माघी जस्ता चाडहरूमा र सामुदायिक उत्सवहरूमा लगाइन्छ।"
nepali_dresses_augmented/tharu_dress/42_aug1.jpg,"A woman with a hat on her head. This is the Tharu dress, the traditional attire of the Tharu community of Nepal. It is worn during festivals such as Maghi and community celebrations in the Terai region.","एक महिलाको टाउकोमा टोपी छ। यो थारु पोशाक हो, नेपालको थारु समुदायको परम्परागत पोशाक हो। यो तराई क्षेत्रको माघी जस्ता चाडहरूमा र सामुदायिक उत्सवहरूमा लगाइन्छ।"
nepali_dresses_augmented/tharu_dress/42_aug2.jpg,"A woman with a hat on her head. This is the Tharu dress, the traditional attire of the Tharu community of Nepal. It is worn during festivals such as Maghi and community celebrations in the Terai region.","एक महिलाको टाउकोमा टोपी छ। यो थारु पोशाक हो, नेपालको थारु समुदायको परम्परागत पोशाक हो। यो तराई क्षेत्रको माघी जस्ता चाडहरूमा र सामुदायिक उत्सवहरूमा लगाइन्छ।"
nepali_dresses_augmented/tharu_dress/43.jpg,"A woman in a red top and colorful skirt. This is the Tharu dress, the traditional attire of the Tharu community of Nepal. It is worn during festivals such as Maghi and community celebrations in the Terai region.","एक महिला रातो टोप र रंगीन स्कर्टमा। यो थारु पोशाक हो, नेपालको थारु समुदायको परम्परागत पोशाक हो। यो तराई क्षेत्रमा माघी जस्ता पर्वहरू र सामुदायिक उत्सवहरूमा लगाइन्छ।"
nepali_dresses_augmented/tharu_dress/43_aug1.jpg,"A woman in a red top and colorful skirt. This is the Tharu dress, the traditional attire of the Tharu community of Nepal. It is worn during festivals such as Maghi and community celebrations in the Terai region.","एक महिला रातो टोप र रंगीन स्कर्टमा। यो थारु पोशाक हो, नेपालको थारु समुदायको परम्परागत पोशाक हो। यो तराई क्षेत्रमा माघी जस्ता पर्वहरू र सामुदायिक उत्सवहरूमा लगाइन्छ।"
nepali_dresses_augmented/tharu_dress/43_aug2.jpg,"A woman in a red top and colorful skirt. This is the Tharu dress, the traditional attire of the Tharu community of Nepal. It is worn during festivals such as Maghi and community celebrations in the Terai region.","एक महिला रातो टोप र रंगीन स्कर्टमा। यो थारु पोशाक हो, नेपालको थारु समुदायको परम्परागत पोशाक हो। यो तराई क्षेत्रमा माघी जस्ता पर्वहरू र सामुदायिक उत्सवहरूमा लगाइन्छ।"
nepali_dresses_augmented/tharu_dress/44.jpg,"An illustration of a woman in traditional clothing. This is the Tharu dress, the traditional attire of the Tharu community of Nepal. It is worn during festivals such as Maghi and community celebrations in the Terai region.","परम्परागत कपडामा एक महिलाको चित्रण। यो थारु पोशाक हो, नेपालको थारु समुदायको परम्परागत पोशाक हो। यो तराई क्षेत्रमा माघी र सामुदायिक उत्सव जस्ता चाडहरूमा लगाइन्छ।"
nepali_dresses_augmented/tharu_dress/44_aug1.jpg,"An illustration of a woman in traditional clothing. This is the Tharu dress, the traditional attire of the Tharu community of Nepal. It is worn during festivals such as Maghi and community celebrations in the Terai region.","परम्परागत कपडामा एक महिलाको चित्रण। यो थारु पोशाक हो, नेपालको थारु समुदायको परम्परागत पोशाक हो। यो तराई क्षेत्रमा माघी र सामुदायिक उत्सव जस्ता चाडहरूमा लगाइन्छ।"
nepali_dresses_augmented/tharu_dress/44_aug2.jpg,"An illustration of a woman in traditional clothing. This is the Tharu dress, the traditional attire of the Tharu community of Nepal. It is worn during festivals such as Maghi and community celebrations in the Terai region.","परम्परागत कपडामा एक महिलाको चित्रण। यो थारु पोशाक हो, नेपालको थारु समुदायको परम्परागत पोशाक हो। यो तराई क्षेत्रमा माघी र सामुदायिक उत्सव जस्ता चाडहरूमा लगाइन्छ।"
nepali_dresses_augmented/tharu_dress/45.jpg,"A young girl in traditional costume. This is the Tharu dress, the traditional attire of the Tharu community of Nepal. It is worn during festivals such as Maghi and community celebrations in the Terai region.","परम्परागत पोशाकमा एक युवती। यो थारु पोशाक हो, नेपालको थारु समुदायको परम्परागत पोशाक। यो तराई क्षेत्रको माघी जस्ता चाडहरूमा र सामुदायिक उत्सवहरूमा लगाइन्छ।"
nepali_dresses_augmented/tharu_dress/45_aug1.jpg,"A young girl in traditional costume. This is the Tharu dress, the traditional attire of the Tharu community of Nepal. It is worn during festivals such as Maghi and community celebrations in the Terai region.","परम्परागत पोशाकमा एक युवती। यो थारु पोशाक हो, नेपालको थारु समुदायको परम्परागत पोशाक। यो तराई क्षेत्रको माघी जस्ता चाडहरूमा र सामुदायिक उत्सवहरूमा लगाइन्छ।"
nepali_dresses_augmented/tharu_dress/45_aug2.jpg,"A young girl in traditional costume. This is the Tharu dress, the traditional attire of the Tharu community of Nepal. It is worn during festivals such as Maghi and community celebrations in the Terai region.","परम्परागत पोशाकमा एक युवती। यो थारु पोशाक हो, नेपालको थारु समुदायको परम्परागत पोशाक। यो तराई क्षेत्रको माघी जस्ता चाडहरूमा र सामुदायिक उत्सवहरूमा लगाइन्छ।"
nepali_dresses_augmented/tharu_dress/46.jpg,"A woman from the tribe. This is the Tharu dress, the traditional attire of the Tharu community of Nepal. It is worn during festivals such as Maghi and community celebrations in the Terai region.",यो थारु पोशाक नेपालको थारु समुदायको परम्परागत पोशाक हो। यो तराई क्षेत्रको माघी जस्ता चाडपर्व र सामुदायिक उत्सवहरूमा लगाइन्छ।
nepali_dresses_augmented/tharu_dress/46_aug1.jpg,"A woman from the tribe. This is the Tharu dress, the traditional attire of the Tharu community of Nepal. It is worn during festivals such as Maghi and community celebrations in the Terai region.",यो थारु पोशाक नेपालको थारु समुदायको परम्परागत पोशाक हो। यो तराई क्षेत्रको माघी जस्ता चाडपर्व र सामुदायिक उत्सवहरूमा लगाइन्छ।
nepali_dresses_augmented/tharu_dress/46_aug2.jpg,"A woman from the tribe. This is the Tharu dress, the traditional attire of the Tharu community of Nepal. It is worn during festivals such as Maghi and community celebrations in the Terai region.",यो थारु पोशाक नेपालको थारु समुदायको परम्परागत पोशाक हो। यो तराई क्षेत्रको माघी जस्ता चाडपर्व र सामुदायिक उत्सवहरूमा लगाइन्छ।
nepali_dresses_augmented/tharu_dress/47.jpg,"A woman from the tribe. This is the Tharu dress, the traditional attire of the Tharu community of Nepal. It is worn during festivals such as Maghi and community celebrations in the Terai region.",यो थारु पोशाक नेपालको थारु समुदायको परम्परागत पोशाक हो। यो तराई क्षेत्रको माघी जस्ता चाडपर्व र सामुदायिक उत्सवहरूमा लगाइन्छ।
nepali_dresses_augmented/tharu_dress/47_aug1.jpg,"A woman from the tribe. This is the Tharu dress, the traditional attire of the Tharu community of Nepal. It is worn during festivals such as Maghi and community celebrations in the Terai region.",यो थारु पोशाक नेपालको थारु समुदायको परम्परागत पोशाक हो। यो तराई क्षेत्रको माघी जस्ता चाडपर्व र सामुदायिक उत्सवहरूमा लगाइन्छ।
nepali_dresses_augmented/tharu_dress/47_aug2.jpg,"A woman from the tribe. This is the Tharu dress, the traditional attire of the Tharu community of Nepal. It is worn during festivals such as Maghi and community celebrations in the Terai region.",यो थारु पोशाक नेपालको थारु समुदायको परम्परागत पोशाक हो। यो तराई क्षेत्रको माघी जस्ता चाडपर्व र सामुदायिक उत्सवहरूमा लगाइन्छ।
nepali_dresses_augmented/tharu_dress/48.jpg,"A young girl in traditional costume. This is the Tharu dress, the traditional attire of the Tharu community of Nepal. It is worn during festivals such as Maghi and community celebrations in the Terai region.","परम्परागत पोशाकमा एक युवती। यो थारु पोशाक हो, नेपालको थारु समुदायको परम्परागत पोशाक। यो तराई क्षेत्रको माघी जस्ता चाडहरूमा र सामुदायिक उत्सवहरूमा लगाइन्छ।"
nepali_dresses_augmented/tharu_dress/48_aug1.jpg,"A young girl in traditional costume. This is the Tharu dress, the traditional attire of the Tharu community of Nepal. It is worn during festivals such as Maghi and community celebrations in the Terai region.","परम्परागत पोशाकमा एक युवती। यो थारु पोशाक हो, नेपालको थारु समुदायको परम्परागत पोशाक। यो तराई क्षेत्रको माघी जस्ता चाडहरूमा र सामुदायिक उत्सवहरूमा लगाइन्छ।"
nepali_dresses_augmented/tharu_dress/48_aug2.jpg,"A young girl in traditional costume. This is the Tharu dress, the traditional attire of the Tharu community of Nepal. It is worn during festivals such as Maghi and community celebrations in the Terai region.","परम्परागत पोशाकमा एक युवती। यो थारु पोशाक हो, नेपालको थारु समुदायको परम्परागत पोशाक। यो तराई क्षेत्रको माघी जस्ता चाडहरूमा र सामुदायिक उत्सवहरूमा लगाइन्छ।"
nepali_dresses_augmented/tharu_dress/49.jpg,"A woman in a white dress and headband. This is the Tharu dress, the traditional attire of the Tharu community of Nepal. It is worn during festivals such as Maghi and community celebrations in the Terai region.","यो थारु पोशाक हो, नेपालको थारु समुदायको परम्परागत पोशाक हो। यो तराई क्षेत्रको माघी र सामुदायिक उत्सवहरूमा लगाइन्छ।"
nepali_dresses_augmented/tharu_dress/49_aug1.jpg,"A woman in a white dress and headband. This is the Tharu dress, the traditional attire of the Tharu community of Nepal. It is worn during festivals such as Maghi and community celebrations in the Terai region.","यो थारु पोशाक हो, नेपालको थारु समुदायको परम्परागत पोशाक हो। यो तराई क्षेत्रको माघी र सामुदायिक उत्सवहरूमा लगाइन्छ।"
nepali_dresses_augmented/tharu_dress/4_aug1.jpg,"Two young girls in traditional dress standing outside a house. This is the Tharu dress, the traditional attire of the Tharu community of Nepal. It is worn during festivals such as Maghi and community celebrations in the Terai region.","दुई युवतीहरू परम्परागत पोशाकमा एक घरको बाहिर उभिए। यो थारु पोशाक हो, नेपालको थारु समुदायको परम्परागत पोशाक। यो तराई क्षेत्रमा माघी र सामुदायिक उत्सव जस्ता चाडहरूमा लगाइन्छ।"
nepali_dresses_augmented/tharu_dress/4_aug2.jpg,"Two young girls in traditional dress standing outside a house. This is the Tharu dress, the traditional attire of the Tharu community of Nepal. It is worn during festivals such as Maghi and community celebrations in the Terai region.","दुई युवतीहरू परम्परागत पोशाकमा एक घरको बाहिर उभिए। यो थारु पोशाक हो, नेपालको थारु समुदायको परम्परागत पोशाक। यो तराई क्षेत्रमा माघी र सामुदायिक उत्सव जस्ता चाडहरूमा लगाइन्छ।"
nepali_dresses_augmented/tharu_dress/5.jpg,"A woman wearing a colorful dress and headband. This is the Tharu dress, the traditional attire of the Tharu community of Nepal. It is worn during festivals such as Maghi and community celebrations in the Terai region.","एक महिलाले रंगीन पोशाक र टाउकोको पट्टी लगाउँछिन्। यो थारु पोशाक हो, नेपालको थारु समुदायको परम्परागत पोशाक हो। यो तराई क्षेत्रमा माघी र सामुदायिक उत्सव जस्ता चाडहरूमा लगाइन्छ।"
nepali_dresses_augmented/tharu_dress/50.jpg,"Two women standing in front of a hut. This is the Tharu dress, the traditional attire of the Tharu community of Nepal. It is worn during festivals such as Maghi and community celebrations in the Terai region.","दुई महिला एक झोपडीको अगाडि उभिएकी छन्। यो थारु पोशाक हो, नेपालको थारु समुदायको परम्परागत पोशाक हो। यो तराई क्षेत्रमा माघी र सामुदायिक उत्सव जस्ता चाडहरूमा लगाइन्छ।"
nepali_dresses_augmented/tharu_dress/50_aug1.jpg,"Two women standing in front of a hut. This is the Tharu dress, the traditional attire of the Tharu community of Nepal. It is worn during festivals such as Maghi and community celebrations in the Terai region.","दुई महिला एक झोपडीको अगाडि उभिएकी छन्। यो थारु पोशाक हो, नेपालको थारु समुदायको परम्परागत पोशाक हो। यो तराई क्षेत्रमा माघी र सामुदायिक उत्सव जस्ता चाडहरूमा लगाइन्छ।"
nepali_dresses_augmented/tharu_dress/51.jpg,"A group of women in traditional costumes. This is the Tharu dress, the traditional attire of the Tharu community of Nepal. It is worn during festivals such as Maghi and community celebrations in the Terai region.","परम्परागत पोशाकमा महिलाहरूको समूह। यो थारु पोशाक हो, नेपालको थारु समुदायको परम्परागत पोशाक। यो तराई क्षेत्रमा माघी जस्ता चाडहरूमा र सामुदायिक उत्सवहरूमा लगाइन्छ।"
nepali_dresses_augmented/tharu_dress/51_aug1.jpg,"A group of women in traditional costumes. This is the Tharu dress, the traditional attire of the Tharu community of Nepal. It is worn during festivals such as Maghi and community celebrations in the Terai region.","परम्परागत पोशाकमा महिलाहरूको समूह। यो थारु पोशाक हो, नेपालको थारु समुदायको परम्परागत पोशाक। यो तराई क्षेत्रमा माघी जस्ता चाडहरूमा र सामुदायिक उत्सवहरूमा लगाइन्छ।"
nepali_dresses_augmented/tharu_dress/52.jpg,"A group of women dressed in traditional costumes and headdres at a festival in the philippines - stock image. This is the Tharu dress, the traditional attire of the Tharu community of Nepal. It is worn during festivals such as Maghi and community celebrations in the Terai region.",नेपालको थारु समुदायको परम्परागत पोशाक थारु समुदायको परम्परागत पोशाक थारु समुदायको परम्परागत पोशाक थारु समुदायको परम्परागत पोशाक थारु समुदायको परम्परागत पोशाक थारु समुदायको परम्परागत पोशाक थारु समुदायको परम्परागत पोशाक थारु समुदायको परम्परागत पोशाक थारु समुदायको परम्परागत पोशाक थारु समुदायको परम्परागत पोशाक थारु समुदायको परम्परागत पोशाक थारु समुदायको परम्परागत पोशाक थारु समुदायको परम्परागत पोशाक थारु समुदायको परम्परागत पोशाक थारु समुदायको परम्परागत पोशाक थारु समुदायको परम्परागत पोशाक थारु समुदायको परम्परागत पोशाक थारु समुदायको परम्परागत पोशाक थारु समुदायको परम्परागत पोशाक थारु समुदायको परम्परागत पोशाक थारु समुदायको परम्परागत पोशाक थारु समुदायको परम्परा
nepali_dresses_augmented/tharu_dress/52_aug1.jpg,"A group of women dressed in traditional costumes and headdres at a festival in the philippines - stock image. This is the Tharu dress, the traditional attire of the Tharu community of Nepal. It is worn during festivals such as Maghi and community celebrations in the Terai region.",नेपालको थारु समुदायको परम्परागत पोशाक थारु समुदायको परम्परागत पोशाक थारु समुदायको परम्परागत पोशाक थारु समुदायको परम्परागत पोशाक थारु समुदायको परम्परागत पोशाक थारु समुदायको परम्परागत पोशाक थारु समुदायको परम्परागत पोशाक थारु समुदायको परम्परागत पोशाक थारु समुदायको परम्परागत पोशाक थारु समुदायको परम्परागत पोशाक थारु समुदायको परम्परागत पोशाक थारु समुदायको परम्परागत पोशाक थारु समुदायको परम्परागत पोशाक थारु समुदायको परम्परागत पोशाक थारु समुदायको परम्परागत पोशाक थारु समुदायको परम्परागत पोशाक थारु समुदायको परम्परागत पोशाक थारु समुदायको परम्परागत पोशाक थारु समुदायको परम्परागत पोशाक थारु समुदायको परम्परागत पोशाक थारु समुदायको परम्परागत पोशाक थारु समुदायको परम्परा
nepali_dresses_augmented/tharu_dress/53.jpg,"An indian woman in traditional dress holding a pot of flowers - stock image. This is the Tharu dress, the traditional attire of the Tharu community of Nepal. It is worn during festivals such as Maghi and community celebrations in the Terai region.","परम्परागत पोशाकमा एक भारतीय महिलाले फूलको भाँडो बोकेको छ - स्टक छवि। यो थारु पोशाक हो, नेपालको थारु समुदायको परम्परागत पोशाक हो। यो तराई क्षेत्रमा माघी जस्ता चाडहरूमा र सामुदायिक उत्सवहरूमा लगाइन्छ।"
nepali_dresses_augmented/tharu_dress/53_aug1.jpg,"An indian woman in traditional dress holding a pot of flowers - stock image. This is the Tharu dress, the traditional attire of the Tharu community of Nepal. It is worn during festivals such as Maghi and community celebrations in the Terai region.","परम्परागत पोशाकमा एक भारतीय महिलाले फूलको भाँडो बोकेको छ - स्टक छवि। यो थारु पोशाक हो, नेपालको थारु समुदायको परम्परागत पोशाक हो। यो तराई क्षेत्रमा माघी जस्ता चाडहरूमा र सामुदायिक उत्सवहरूमा लगाइन्छ।"
nepali_dresses_augmented/tharu_dress/54.jpg,"A man sitting on the ground. This is the Tharu dress, the traditional attire of the Tharu community of Nepal. It is worn during festivals such as Maghi and community celebrations in the Terai region.","यो थारु पोशाक हो, नेपालको थारु समुदायको परम्परागत पोशाक हो। यो तराई क्षेत्रमा माघी जस्ता पर्व र सामुदायिक उत्सवहरूमा लगाइन्छ।"
nepali_dresses_augmented/tharu_dress/54_aug1.jpg,"A man sitting on the ground. This is the Tharu dress, the traditional attire of the Tharu community of Nepal. It is worn during festivals such as Maghi and community celebrations in the Terai region.","यो थारु पोशाक हो, नेपालको थारु समुदायको परम्परागत पोशाक हो। यो तराई क्षेत्रमा माघी जस्ता पर्व र सामुदायिक उत्सवहरूमा लगाइन्छ।"
nepali_dresses_augmented/tharu_dress/55.jpg,"A group of women carrying baskets on their heads. This is the Tharu dress, the traditional attire of the Tharu community of Nepal. It is worn during festivals such as Maghi and community celebrations in the Terai region.",नेपालको थारु समुदायको परम्परागत पोशाक थारु समुदायको परम्परागत पोशाक हो। यो तराई क्षेत्रको माघी र सामुदायिक उत्सवहरूमा लगाइन्छ।
nepali_dresses_augmented/tharu_dress/55_aug1.jpg,"A group of women carrying baskets on their heads. This is the Tharu dress, the traditional attire of the Tharu community of Nepal. It is worn during festivals such as Maghi and community celebrations in the Terai region.",नेपालको थारु समुदायको परम्परागत पोशाक थारु समुदायको परम्परागत पोशाक हो। यो तराई क्षेत्रको माघी र सामुदायिक उत्सवहरूमा लगाइन्छ।
nepali_dresses_augmented/tharu_dress/56.jpg,"Two women in colorful costumes are standing together. This is the Tharu dress, the traditional attire of the Tharu community of Nepal. It is worn during festivals such as Maghi and community celebrations in the Terai region.","दुई महिला रंगीन पोशाकमा एकसाथ उभिरहेका छन्। यो थारु पोशाक हो, नेपालको थारु समुदायको परम्परागत पोशाक हो। यो तराई क्षेत्रमा माघी र सामुदायिक उत्सव जस्ता चाडहरूमा लगाइन्छ।"
nepali_dresses_augmented/tharu_dress/56_aug1.jpg,"Two women in colorful costumes are standing together. This is the Tharu dress, the traditional attire of the Tharu community of Nepal. It is worn during festivals such as Maghi and community celebrations in the Terai region.","दुई महिला रंगीन पोशाकमा एकसाथ उभिरहेका छन्। यो थारु पोशाक हो, नेपालको थारु समुदायको परम्परागत पोशाक हो। यो तराई क्षेत्रमा माघी र सामुदायिक उत्सव जस्ता चाडहरूमा लगाइन्छ।"
nepali_dresses_augmented/tharu_dress/57.jpg,"A group of women dressed in traditional clothing. This is the Tharu dress, the traditional attire of the Tharu community of Nepal. It is worn during festivals such as Maghi and community celebrations in the Terai region.","परम्परागत कपडा लगाउने महिलाहरूको समूह। यो थारु पोशाक हो, नेपालको थारु समुदायको परम्परागत पोशाक। यो तराई क्षेत्रको माघी जस्ता चाडहरूमा र सामुदायिक उत्सवहरूमा लगाइन्छ।"
nepali_dresses_augmented/tharu_dress/57_aug1.jpg,"A group of women dressed in traditional clothing. This is the Tharu dress, the traditional attire of the Tharu community of Nepal. It is worn during festivals such as Maghi and community celebrations in the Terai region.","परम्परागत कपडा लगाउने महिलाहरूको समूह। यो थारु पोशाक हो, नेपालको थारु समुदायको परम्परागत पोशाक। यो तराई क्षेत्रको माघी जस्ता चाडहरूमा र सामुदायिक उत्सवहरूमा लगाइन्छ।"
nepali_dresses_augmented/tharu_dress/58.jpg,"An illustration of a man in a white shirt and yellow pants. This is the Tharu dress, the traditional attire of the Tharu community of Nepal. It is worn during festivals such as Maghi and community celebrations in the Terai region.","एक सेतो शर्ट र पहेंलो प्यान्टमा एक पुरुषको चित्रण। यो थारु पोशाक हो, नेपालको थारु समुदायको परम्परागत पोशाक हो। यो तराई क्षेत्रमा माघी जस्ता चाडहरूमा र सामुदायिक उत्सवहरूमा लगाइन्छ।"
nepali_dresses_augmented/tharu_dress/58_aug1.jpg,"An illustration of a man in a white shirt and yellow pants. This is the Tharu dress, the traditional attire of the Tharu community of Nepal. It is worn during festivals such as Maghi and community celebrations in the Terai region.","एक सेतो शर्ट र पहेंलो प्यान्टमा एक पुरुषको चित्रण। यो थारु पोशाक हो, नेपालको थारु समुदायको परम्परागत पोशाक हो। यो तराई क्षेत्रमा माघी जस्ता चाडहरूमा र सामुदायिक उत्सवहरूमा लगाइन्छ।"
nepali_dresses_augmented/tharu_dress/59.jpg,"A group of women wearing face masks during a ceremony. This is the Tharu dress, the traditional attire of the Tharu community of Nepal. It is worn during festivals such as Maghi and community celebrations in the Terai region.","एक समारोहको क्रममा मास्क लगाउने महिलाहरूको समूह। यो थारु पोशाक हो, नेपालको थारु समुदायको परम्परागत पोशाक हो। यो तराई क्षेत्रको माघी जस्ता चाडहरूमा र सामुदायिक उत्सवहरूमा लगाइन्छ।"
nepali_dresses_augmented/tharu_dress/59_aug1.jpg,"A group of women wearing face masks during a ceremony. This is the Tharu dress, the traditional attire of the Tharu community of Nepal. It is worn during festivals such as Maghi and community celebrations in the Terai region.","एक समारोहको क्रममा मास्क लगाउने महिलाहरूको समूह। यो थारु पोशाक हो, नेपालको थारु समुदायको परम्परागत पोशाक हो। यो तराई क्षेत्रको माघी जस्ता चाडहरूमा र सामुदायिक उत्सवहरूमा लगाइन्छ।"
nepali_dresses_augmented/tharu_dress/5_aug1.jpg,"A woman wearing a colorful dress and headband. This is the Tharu dress, the traditional attire of the Tharu community of Nepal. It is worn during festivals such as Maghi and community celebrations in the Terai region.","एक महिलाले रंगीन पोशाक र टाउकोको पट्टी लगाउँछिन्। यो थारु पोशाक हो, नेपालको थारु समुदायको परम्परागत पोशाक हो। यो तराई क्षेत्रमा माघी र सामुदायिक उत्सव जस्ता चाडहरूमा लगाइन्छ।"
nepali_dresses_augmented/tharu_dress/5_aug2.jpg,"A woman wearing a colorful dress and headband. This is the Tharu dress, the traditional attire of the Tharu community of Nepal. It is worn during festivals such as Maghi and community celebrations in the Terai region.","एक महिलाले रंगीन पोशाक र टाउकोको पट्टी लगाउँछिन्। यो थारु पोशाक हो, नेपालको थारु समुदायको परम्परागत पोशाक हो। यो तराई क्षेत्रमा माघी र सामुदायिक उत्सव जस्ता चाडहरूमा लगाइन्छ।"
nepali_dresses_augmented/tharu_dress/6.jpg,"Two young girls dressed in traditional costumes. This is the Tharu dress, the traditional attire of the Tharu community of Nepal. It is worn during festivals such as Maghi and community celebrations in the Terai region.","दुई युवतीले परम्परागत पोशाक लगाएका छन्। यो थारु पोशाक हो, नेपालको थारु समुदायको परम्परागत पोशाक हो। यो तराई क्षेत्रमा माघी र सामुदायिक उत्सव जस्ता चाडहरूमा लगाइन्छ।"
nepali_dresses_augmented/tharu_dress/60.jpg,"A man and woman dressed in traditional indian clothing. This is the Tharu dress, the traditional attire of the Tharu community of Nepal. It is worn during festivals such as Maghi and community celebrations in the Terai region.","परम्परागत भारतीय कपडा लगाएका पुरुष र महिला. यो थारु पोशाक हो, नेपालको थारु समुदायको परम्परागत पोशाक। यो तराई क्षेत्रमा माघी जस्ता पर्व र सामुदायिक उत्सवहरूमा लगाइन्छ।"
nepali_dresses_augmented/tharu_dress/60_aug1.jpg,"A man and woman dressed in traditional indian clothing. This is the Tharu dress, the traditional attire of the Tharu community of Nepal. It is worn during festivals such as Maghi and community celebrations in the Terai region.","परम्परागत भारतीय कपडा लगाएका पुरुष र महिला. यो थारु पोशाक हो, नेपालको थारु समुदायको परम्परागत पोशाक। यो तराई क्षेत्रमा माघी जस्ता पर्व र सामुदायिक उत्सवहरूमा लगाइन्छ।"
nepali_dresses_augmented/tharu_dress/61.jpg,"A group of women wearing colorful hats on their heads. This is the Tharu dress, the traditional attire of the Tharu community of Nepal. It is worn during festivals such as Maghi and community celebrations in the Terai region.",नेपालको थारु समुदायको परम्परागत पोशाक थारु समुदायको परम्परागत पोशाक हो। यो तराई क्षेत्रको माघी र सामुदायिक उत्सवहरूमा लगाइन्छ।
nepali_dresses_augmented/tharu_dress/61_aug1.jpg,"A group of women wearing colorful hats on their heads. This is the Tharu dress, the traditional attire of the Tharu community of Nepal. It is worn during festivals such as Maghi and community celebrations in the Terai region.",नेपालको थारु समुदायको परम्परागत पोशाक थारु समुदायको परम्परागत पोशाक हो। यो तराई क्षेत्रको माघी र सामुदायिक उत्सवहरूमा लगाइन्छ।
nepali_dresses_augmented/tharu_dress/62.jpg,"A group of women in traditional dress posing for the camera. This is the Tharu dress, the traditional attire of the Tharu community of Nepal. It is worn during festivals such as Maghi and community celebrations in the Terai region.","क्यामेराको लागि परम्परागत पोशाकमा महिलाहरूको समूह। यो थारु पोशाक हो, नेपालको थारु समुदायको परम्परागत पोशाक। यो तराई क्षेत्रमा माघी र सामुदायिक उत्सव जस्ता चाडहरूमा लगाइन्छ।"
nepali_dresses_augmented/tharu_dress/62_aug1.jpg,"A group of women in traditional dress posing for the camera. This is the Tharu dress, the traditional attire of the Tharu community of Nepal. It is worn during festivals such as Maghi and community celebrations in the Terai region.","क्यामेराको लागि परम्परागत पोशाकमा महिलाहरूको समूह। यो थारु पोशाक हो, नेपालको थारु समुदायको परम्परागत पोशाक। यो तराई क्षेत्रमा माघी र सामुदायिक उत्सव जस्ता चाडहरूमा लगाइन्छ।"
nepali_dresses_augmented/tharu_dress/63.jpg,"A group of young boys performing a traditional dance. This is the Tharu dress, the traditional attire of the Tharu community of Nepal. It is worn during festivals such as Maghi and community celebrations in the Terai region.",नेपालको थारु समुदायको परम्परागत पोशाक थारु समुदायको परम्परागत पोशाक थारु समुदायको परम्परागत पोशाक थारु समुदायको परम्परागत पोशाक थारु समुदायको परम्परागत पोशाक थारु समुदायको परम्परागत पोशाक थारु समुदायको परम्परागत पोशाक थारु समुदायको परम्परागत पोशाक थारु समुदायको परम्परागत पोशाक थारु समुदायको परम्परागत पोशाक थारु समुदायको परम्परागत पोशाक थारु समुदायको परम्परागत पोशाक थारु समुदायको परम्परागत पोशाक थारु समुदायको परम्परागत पोशाक थारु समुदायको परम्परागत पोशाक थारु समुदायको परम्परागत पोशाक थारु समुदायको परम्परागत पोशाक थारु समुदायको परम्परागत पोशाक थारु समुदायको परम्परागत पोशाक थारु समुदायको परम्परागत पोशाक थारु समुदायको परम्परागत पोशाक थारु समुदायको परम्परा
nepali_dresses_augmented/tharu_dress/63_aug1.jpg,"A group of young boys performing a traditional dance. This is the Tharu dress, the traditional attire of the Tharu community of Nepal. It is worn during festivals such as Maghi and community celebrations in the Terai region.",नेपालको थारु समुदायको परम्परागत पोशाक थारु समुदायको परम्परागत पोशाक थारु समुदायको परम्परागत पोशाक थारु समुदायको परम्परागत पोशाक थारु समुदायको परम्परागत पोशाक थारु समुदायको परम्परागत पोशाक थारु समुदायको परम्परागत पोशाक थारु समुदायको परम्परागत पोशाक थारु समुदायको परम्परागत पोशाक थारु समुदायको परम्परागत पोशाक थारु समुदायको परम्परागत पोशाक थारु समुदायको परम्परागत पोशाक थारु समुदायको परम्परागत पोशाक थारु समुदायको परम्परागत पोशाक थारु समुदायको परम्परागत पोशाक थारु समुदायको परम्परागत पोशाक थारु समुदायको परम्परागत पोशाक थारु समुदायको परम्परागत पोशाक थारु समुदायको परम्परागत पोशाक थारु समुदायको परम्परागत पोशाक थारु समुदायको परम्परागत पोशाक थारु समुदायको परम्परा
nepali_dresses_augmented/tharu_dress/64.jpg,"A group of people dressed in white and green. This is the Tharu dress, the traditional attire of the Tharu community of Nepal. It is worn during festivals such as Maghi and community celebrations in the Terai region.","यो थारु पोशाक हो, नेपालको थारु समुदायको परम्परागत पोशाक हो। यो तराई क्षेत्रको माघी र सामुदायिक उत्सवहरूमा लगाइन्छ।"
nepali_dresses_augmented/tharu_dress/64_aug1.jpg,"A group of people dressed in white and green. This is the Tharu dress, the traditional attire of the Tharu community of Nepal. It is worn during festivals such as Maghi and community celebrations in the Terai region.","यो थारु पोशाक हो, नेपालको थारु समुदायको परम्परागत पोशाक हो। यो तराई क्षेत्रको माघी र सामुदायिक उत्सवहरूमा लगाइन्छ।"
nepali_dresses_augmented/tharu_dress/65.jpg,"A group of women sitting on the ground in front of a crowd. This is the Tharu dress, the traditional attire of the Tharu community of Nepal. It is worn during festivals such as Maghi and community celebrations in the Terai region.","यो थारु पोशाक हो, नेपालको थारु समुदायको परम्परागत पोशाक हो। यो तराई क्षेत्रको माघी जस्ता चाडपर्व र सामुदायिक उत्सवहरूमा लगाइन्छ।"
nepali_dresses_augmented/tharu_dress/65_aug1.jpg,"A group of women sitting on the ground in front of a crowd. This is the Tharu dress, the traditional attire of the Tharu community of Nepal. It is worn during festivals such as Maghi and community celebrations in the Terai region.","यो थारु पोशाक हो, नेपालको थारु समुदायको परम्परागत पोशाक हो। यो तराई क्षेत्रको माघी जस्ता चाडपर्व र सामुदायिक उत्सवहरूमा लगाइन्छ।"
nepali_dresses_augmented/tharu_dress/66.jpg,"An indian woman in traditional dress and headdre. This is the Tharu dress, the traditional attire of the Tharu community of Nepal. It is worn during festivals such as Maghi and community celebrations in the Terai region.","परम्परागत पोशाक र टाउको लगाउने एक भारतीय महिला। यो थारु पोशाक हो, नेपालको थारु समुदायको परम्परागत पोशाक। यो तराई क्षेत्रको माघी जस्ता चाडहरूमा र सामुदायिक उत्सवहरूमा लगाइन्छ।"
nepali_dresses_augmented/tharu_dress/66_aug1.jpg,"An indian woman in traditional dress and headdre. This is the Tharu dress, the traditional attire of the Tharu community of Nepal. It is worn during festivals such as Maghi and community celebrations in the Terai region.","परम्परागत पोशाक र टाउको लगाउने एक भारतीय महिला। यो थारु पोशाक हो, नेपालको थारु समुदायको परम्परागत पोशाक। यो तराई क्षेत्रको माघी जस्ता चाडहरूमा र सामुदायिक उत्सवहरूमा लगाइन्छ।"
nepali_dresses_augmented/tharu_dress/67.jpg,"A man wearing a soi hat and dancing in the street stock images. This is the Tharu dress, the traditional attire of the Tharu community of Nepal. It is worn during festivals such as Maghi and community celebrations in the Terai region.","सोई टोपी लगाउने र सडक स्टक छविहरूमा नाच्ने एक व्यक्ति। यो थारु पोशाक हो, नेपालको थारु समुदायको परम्परागत पोशाक। यो तराई क्षेत्रमा माघी जस्ता उत्सव र सामुदायिक उत्सवहरूमा लगाइन्छ।"
nepali_dresses_augmented/tharu_dress/67_aug1.jpg,"A man wearing a soi hat and dancing in the street stock images. This is the Tharu dress, the traditional attire of the Tharu community of Nepal. It is worn during festivals such as Maghi and community celebrations in the Terai region.","सोई टोपी लगाउने र सडक स्टक छविहरूमा नाच्ने एक व्यक्ति। यो थारु पोशाक हो, नेपालको थारु समुदायको परम्परागत पोशाक। यो तराई क्षेत्रमा माघी जस्ता उत्सव र सामुदायिक उत्सवहरूमा लगाइन्छ।"
nepali_dresses_augmented/tharu_dress/68.jpg,"A group of people in white outfits holding sticks. This is the Tharu dress, the traditional attire of the Tharu community of Nepal. It is worn during festivals such as Maghi and community celebrations in the Terai region.","यो थारु पोशाक हो, नेपालको थारु समुदायको परम्परागत पोशाक हो। यो तराई क्षेत्रको माघी र सामुदायिक उत्सवहरूमा लगाइन्छ।"
nepali_dresses_augmented/tharu_dress/68_aug1.jpg,"A group of people in white outfits holding sticks. This is the Tharu dress, the traditional attire of the Tharu community of Nepal. It is worn during festivals such as Maghi and community celebrations in the Terai region.","यो थारु पोशाक हो, नेपालको थारु समुदायको परम्परागत पोशाक हो। यो तराई क्षेत्रको माघी र सामुदायिक उत्सवहरूमा लगाइन्छ।"
nepali_dresses_augmented/tharu_dress/69.jpg,"Three men and a woman standing in front of a tree. This is the Tharu dress, the traditional attire of the Tharu community of Nepal. It is worn during festivals such as Maghi and community celebrations in the Terai region.","तीन पुरुष र एक महिला एक रूखको अगाडि उभिएका छन्। यो थारु पोशाक हो, नेपालको थारु समुदायको परम्परागत पोशाक हो। यो तराई क्षेत्रमा माघी र सामुदायिक उत्सव जस्ता चाडहरूमा लगाइन्छ।"
nepali_dresses_augmented/tharu_dress/69_aug1.jpg,"Three men and a woman standing in front of a tree. This is the Tharu dress, the traditional attire of the Tharu community of Nepal. It is worn during festivals such as Maghi and community celebrations in the Terai region.","तीन पुरुष र एक महिला एक रूखको अगाडि उभिएका छन्। यो थारु पोशाक हो, नेपालको थारु समुदायको परम्परागत पोशाक हो। यो तराई क्षेत्रमा माघी र सामुदायिक उत्सव जस्ता चाडहरूमा लगाइन्छ।"
nepali_dresses_augmented/tharu_dress/6_aug1.jpg,"Two young girls dressed in traditional costumes. This is the Tharu dress, the traditional attire of the Tharu community of Nepal. It is worn during festivals such as Maghi and community celebrations in the Terai region.","दुई युवतीले परम्परागत पोशाक लगाएका छन्। यो थारु पोशाक हो, नेपालको थारु समुदायको परम्परागत पोशाक हो। यो तराई क्षेत्रमा माघी र सामुदायिक उत्सव जस्ता चाडहरूमा लगाइन्छ।"
nepali_dresses_augmented/tharu_dress/6_aug2.jpg,"Two young girls dressed in traditional costumes. This is the Tharu dress, the traditional attire of the Tharu community of Nepal. It is worn during festivals such as Maghi and community celebrations in the Terai region.","दुई युवतीले परम्परागत पोशाक लगाएका छन्। यो थारु पोशाक हो, नेपालको थारु समुदायको परम्परागत पोशाक हो। यो तराई क्षेत्रमा माघी र सामुदायिक उत्सव जस्ता चाडहरूमा लगाइन्छ।"
nepali_dresses_augmented/tharu_dress/7.jpg,"A woman in a colorful dress is sitting on the ground. This is the Tharu dress, the traditional attire of the Tharu community of Nepal. It is worn during festivals such as Maghi and community celebrations in the Terai region.","एक महिला रंगीन पोशाकमा भुइँमा बसिरहेकी छिन्। यो थारु पोशाक हो, नेपालको थारु समुदायको परम्परागत पोशाक हो। यो तराई क्षेत्रमा माघी जस्ता पर्व र सामुदायिक उत्सवहरूमा लगाइन्छ।"
nepali_dresses_augmented/tharu_dress/70.jpg,"A man holding a ball in his hand. This is the Tharu dress, the traditional attire of the Tharu community of Nepal. It is worn during festivals such as Maghi and community celebrations in the Terai region.","एक व्यक्ति आफ्नो हातमा बल राख्दै। यो थारु पोशाक हो, नेपालको थारु समुदायको परम्परागत पोशाक। यो तराई क्षेत्रमा माघी जस्ता पर्वहरू र सामुदायिक उत्सवहरूमा लगाइन्छ।"
nepali_dresses_augmented/tharu_dress/70_aug1.jpg,"A man holding a ball in his hand. This is the Tharu dress, the traditional attire of the Tharu community of Nepal. It is worn during festivals such as Maghi and community celebrations in the Terai region.","एक व्यक्ति आफ्नो हातमा बल राख्दै। यो थारु पोशाक हो, नेपालको थारु समुदायको परम्परागत पोशाक। यो तराई क्षेत्रमा माघी जस्ता पर्वहरू र सामुदायिक उत्सवहरूमा लगाइन्छ।"
nepali_dresses_augmented/tharu_dress/71.jpg,"A man and woman standing next to each other people. This is the Tharu dress, the traditional attire of the Tharu community of Nepal. It is worn during festivals such as Maghi and community celebrations in the Terai region.","एक पुरुष र एक महिला एक अर्काको छेउमा उभिरहेका छन्। यो थारु पोशाक हो, नेपालको थारु समुदायको परम्परागत पोशाक हो। यो तराई क्षेत्रमा माघी जस्ता चाडहरूमा र सामुदायिक उत्सवहरूमा लगाइन्छ।"
nepali_dresses_augmented/tharu_dress/71_aug1.jpg,"A man and woman standing next to each other people. This is the Tharu dress, the traditional attire of the Tharu community of Nepal. It is worn during festivals such as Maghi and community celebrations in the Terai region.","एक पुरुष र एक महिला एक अर्काको छेउमा उभिरहेका छन्। यो थारु पोशाक हो, नेपालको थारु समुदायको परम्परागत पोशाक हो। यो तराई क्षेत्रमा माघी जस्ता चाडहरूमा र सामुदायिक उत्सवहरूमा लगाइन्छ।"
nepali_dresses_augmented/tharu_dress/72.jpg,"A man and woman dressed in traditional indian clothing. This is the Tharu dress, the traditional attire of the Tharu community of Nepal. It is worn during festivals such as Maghi and community celebrations in the Terai region.","परम्परागत भारतीय कपडा लगाएका पुरुष र महिला. यो थारु पोशाक हो, नेपालको थारु समुदायको परम्परागत पोशाक। यो तराई क्षेत्रमा माघी जस्ता पर्व र सामुदायिक उत्सवहरूमा लगाइन्छ।"
nepali_dresses_augmented/tharu_dress/72_aug1.jpg,"A man and woman dressed in traditional indian clothing. This is the Tharu dress, the traditional attire of the Tharu community of Nepal. It is worn during festivals such as Maghi and community celebrations in the Terai region.","परम्परागत भारतीय कपडा लगाएका पुरुष र महिला. यो थारु पोशाक हो, नेपालको थारु समुदायको परम्परागत पोशाक। यो तराई क्षेत्रमा माघी जस्ता पर्व र सामुदायिक उत्सवहरूमा लगाइन्छ।"
nepali_dresses_augmented/tharu_dress/73.jpg,"A group of women dressed in traditional costumes and headdres at a festival in the philippines - stock image. This is the Tharu dress, the traditional attire of the Tharu community of Nepal. It is worn during festivals such as Maghi and community celebrations in the Terai region.",नेपालको थारु समुदायको परम्परागत पोशाक थारु समुदायको परम्परागत पोशाक थारु समुदायको परम्परागत पोशाक थारु समुदायको परम्परागत पोशाक थारु समुदायको परम्परागत पोशाक थारु समुदायको परम्परागत पोशाक थारु समुदायको परम्परागत पोशाक थारु समुदायको परम्परागत पोशाक थारु समुदायको परम्परागत पोशाक थारु समुदायको परम्परागत पोशाक थारु समुदायको परम्परागत पोशाक थारु समुदायको परम्परागत पोशाक थारु समुदायको परम्परागत पोशाक थारु समुदायको परम्परागत पोशाक थारु समुदायको परम्परागत पोशाक थारु समुदायको परम्परागत पोशाक थारु समुदायको परम्परागत पोशाक थारु समुदायको परम्परागत पोशाक थारु समुदायको परम्परागत पोशाक थारु समुदायको परम्परागत पोशाक थारु समुदायको परम्परागत पोशाक थारु समुदायको परम्परा
nepali_dresses_augmented/tharu_dress/73_aug1.jpg,"A group of women dressed in traditional costumes and headdres at a festival in the philippines - stock image. This is the Tharu dress, the traditional attire of the Tharu community of Nepal. It is worn during festivals such as Maghi and community celebrations in the Terai region.",नेपालको थारु समुदायको परम्परागत पोशाक थारु समुदायको परम्परागत पोशाक थारु समुदायको परम्परागत पोशाक थारु समुदायको परम्परागत पोशाक थारु समुदायको परम्परागत पोशाक थारु समुदायको परम्परागत पोशाक थारु समुदायको परम्परागत पोशाक थारु समुदायको परम्परागत पोशाक थारु समुदायको परम्परागत पोशाक थारु समुदायको परम्परागत पोशाक थारु समुदायको परम्परागत पोशाक थारु समुदायको परम्परागत पोशाक थारु समुदायको परम्परागत पोशाक थारु समुदायको परम्परागत पोशाक थारु समुदायको परम्परागत पोशाक थारु समुदायको परम्परागत पोशाक थारु समुदायको परम्परागत पोशाक थारु समुदायको परम्परागत पोशाक थारु समुदायको परम्परागत पोशाक थारु समुदायको परम्परागत पोशाक थारु समुदायको परम्परागत पोशाक थारु समुदायको परम्परा
nepali_dresses_augmented/tharu_dress/74.jpg,"A group of women in traditional costumes dancing at a festival in the town of oaxaca, mexico - stock photo. This is the Tharu dress, the traditional attire of the Tharu community of Nepal. It is worn during festivals such as Maghi and community celebrations in the Terai region.","मेक्सिकोको ओक्साका शहरको एउटा महोत्सवमा परम्परागत पोशाकमा नाच्ने महिलाहरूको समूह - स्टक फोटो। यो थारु पोशाक हो, नेपालको थारु समुदायको परम्परागत पोशाक। यो तराई क्षेत्रमा माघी जस्ता महोत्सव र सामुदायिक उत्सवहरूमा लगाइन्छ।"
nepali_dresses_augmented/tharu_dress/74_aug1.jpg,"A group of women in traditional costumes dancing at a festival in the town of oaxaca, mexico - stock photo. This is the Tharu dress, the traditional attire of the Tharu community of Nepal. It is worn during festivals such as Maghi and community celebrations in the Terai region.","मेक्सिकोको ओक्साका शहरको एउटा महोत्सवमा परम्परागत पोशाकमा नाच्ने महिलाहरूको समूह - स्टक फोटो। यो थारु पोशाक हो, नेपालको थारु समुदायको परम्परागत पोशाक। यो तराई क्षेत्रमा माघी जस्ता महोत्सव र सामुदायिक उत्सवहरूमा लगाइन्छ।"
nepali_dresses_augmented/tharu_dress/75.jpg,"A group of women in traditional dress dancing at the festival - stock image. This is the Tharu dress, the traditional attire of the Tharu community of Nepal. It is worn during festivals such as Maghi and community celebrations in the Terai region.","महोत्सवमा परम्परागत पोशाकमा नाच्ने महिलाहरूको समूह - स्टक छवि। यो थारु पोशाक हो, नेपालको थारु समुदायको परम्परागत पोशाक। यो तराई क्षेत्रमा माघी जस्ता महोत्सव र सामुदायिक उत्सवहरूमा लगाइन्छ।"
nepali_dresses_augmented/tharu_dress/75_aug1.jpg,"A group of women in traditional dress dancing at the festival - stock image. This is the Tharu dress, the traditional attire of the Tharu community of Nepal. It is worn during festivals such as Maghi and community celebrations in the Terai region.","महोत्सवमा परम्परागत पोशाकमा नाच्ने महिलाहरूको समूह - स्टक छवि। यो थारु पोशाक हो, नेपालको थारु समुदायको परम्परागत पोशाक। यो तराई क्षेत्रमा माघी जस्ता महोत्सव र सामुदायिक उत्सवहरूमा लगाइन्छ।"
nepali_dresses_augmented/tharu_dress/76.jpg,"A group of women in colorful costumes. This is the Tharu dress, the traditional attire of the Tharu community of Nepal. It is worn during festivals such as Maghi and community celebrations in the Terai region.","रंगीन पोशाकमा महिलाहरूको समूह। यो थारु पोशाक हो, नेपालको थारु समुदायको परम्परागत पोशाक। यो तराई क्षेत्रमा माघी र सामुदायिक उत्सव जस्ता चाडहरूमा लगाइन्छ।"
nepali_dresses_augmented/tharu_dress/76_aug1.jpg,"A group of women in colorful costumes. This is the Tharu dress, the traditional attire of the Tharu community of Nepal. It is worn during festivals such as Maghi and community celebrations in the Terai region.","रंगीन पोशाकमा महिलाहरूको समूह। यो थारु पोशाक हो, नेपालको थारु समुदायको परम्परागत पोशाक। यो तराई क्षेत्रमा माघी र सामुदायिक उत्सव जस्ता चाडहरूमा लगाइन्छ।"
nepali_dresses_augmented/tharu_dress/77.jpg,"A woman in a colorful dress sitting on a white background. This is the Tharu dress, the traditional attire of the Tharu community of Nepal. It is worn during festivals such as Maghi and community celebrations in the Terai region.","यो थारु पोशाक हो, नेपालको थारु समुदायको परम्परागत पोशाक हो। यो तराई क्षेत्रको माघी जस्ता चाडपर्व र सामुदायिक उत्सवहरूमा लगाइन्छ।"
nepali_dresses_augmented/tharu_dress/77_aug1.jpg,"A woman in a colorful dress sitting on a white background. This is the Tharu dress, the traditional attire of the Tharu community of Nepal. It is worn during festivals such as Maghi and community celebrations in the Terai region.","यो थारु पोशाक हो, नेपालको थारु समुदायको परम्परागत पोशाक हो। यो तराई क्षेत्रको माघी जस्ता चाडपर्व र सामुदायिक उत्सवहरूमा लगाइन्छ।"
nepali_dresses_augmented/tharu_dress/78.jpg,"A group of women standing in front of a truck. This is the Tharu dress, the traditional attire of the Tharu community of Nepal. It is worn during festivals such as Maghi and community celebrations in the Terai region.","यो थारु पोशाक हो, नेपालको थारु समुदायको परम्परागत पोशाक हो। यो तराई क्षेत्रको माघी जस्ता पर्व र सामुदायिक उत्सवहरूमा लगाइन्छ।"
nepali_dresses_augmented/tharu_dress/78_aug1.jpg,"A group of women standing in front of a truck. This is the Tharu dress, the traditional attire of the Tharu community of Nepal. It is worn during festivals such as Maghi and community celebrations in the Terai region.","यो थारु पोशाक हो, नेपालको थारु समुदायको परम्परागत पोशाक हो। यो तराई क्षेत्रको माघी जस्ता पर्व र सामुदायिक उत्सवहरूमा लगाइन्छ।"
nepali_dresses_augmented/tharu_dress/79.jpg,"A group of young girls dressed in traditional costumes. This is the Tharu dress, the traditional attire of the Tharu community of Nepal. It is worn during festivals such as Maghi and community celebrations in the Terai region.","परम्परागत पोशाक लगाएका युवतीहरूको समूह। यो थारु पोशाक हो, नेपालको थारु समुदायको परम्परागत पोशाक हो। यो तराई क्षेत्रमा माघी जस्ता पर्वहरू र सामुदायिक उत्सवहरूमा लगाइन्छ।"
nepali_dresses_augmented/tharu_dress/79_aug1.jpg,"A group of young girls dressed in traditional costumes. This is the Tharu dress, the traditional attire of the Tharu community of Nepal. It is worn during festivals such as Maghi and community celebrations in the Terai region.","परम्परागत पोशाक लगाएका युवतीहरूको समूह। यो थारु पोशाक हो, नेपालको थारु समुदायको परम्परागत पोशाक हो। यो तराई क्षेत्रमा माघी जस्ता पर्वहरू र सामुदायिक उत्सवहरूमा लगाइन्छ।"
nepali_dresses_augmented/tharu_dress/7_aug1.jpg,"A woman in a colorful dress is sitting on the ground. This is the Tharu dress, the traditional attire of the Tharu community of Nepal. It is worn during festivals such as Maghi and community celebrations in the Terai region.","एक महिला रंगीन पोशाकमा भुइँमा बसिरहेकी छिन्। यो थारु पोशाक हो, नेपालको थारु समुदायको परम्परागत पोशाक हो। यो तराई क्षेत्रमा माघी जस्ता पर्व र सामुदायिक उत्सवहरूमा लगाइन्छ।"
nepali_dresses_augmented/tharu_dress/7_aug2.jpg,"A woman in a colorful dress is sitting on the ground. This is the Tharu dress, the traditional attire of the Tharu community of Nepal. It is worn during festivals such as Maghi and community celebrations in the Terai region.","एक महिला रंगीन पोशाकमा भुइँमा बसिरहेकी छिन्। यो थारु पोशाक हो, नेपालको थारु समुदायको परम्परागत पोशाक हो। यो तराई क्षेत्रमा माघी जस्ता पर्व र सामुदायिक उत्सवहरूमा लगाइन्छ।"
nepali_dresses_augmented/tharu_dress/8.jpg,"A woman in a white skirt and black top. This is the Tharu dress, the traditional attire of the Tharu community of Nepal. It is worn during festivals such as Maghi and community celebrations in the Terai region.",यो थारु पोशाक नेपालको थारु समुदायको परम्परागत पोशाक हो। यो तराई क्षेत्रको माघी जस्ता चाडपर्व र सामुदायिक उत्सवहरूमा लगाइन्छ।
nepali_dresses_augmented/tharu_dress/80.jpg,"Dancers perform during the parade. This is the Tharu dress, the traditional attire of the Tharu community of Nepal. It is worn during festivals such as Maghi and community celebrations in the Terai region.","यस परेडको समयमा नर्तकहरू प्रदर्शन गर्छन्। यो थारु पोशाक हो, नेपालको थारु समुदायको परम्परागत पोशाक। यो तराई क्षेत्रमा माघी जस्ता चाडहरूमा र सामुदायिक उत्सवहरूमा लगाइन्छ।"
nepali_dresses_augmented/tharu_dress/80_aug1.jpg,"Dancers perform during the parade. This is the Tharu dress, the traditional attire of the Tharu community of Nepal. It is worn during festivals such as Maghi and community celebrations in the Terai region.","यस परेडको समयमा नर्तकहरू प्रदर्शन गर्छन्। यो थारु पोशाक हो, नेपालको थारु समुदायको परम्परागत पोशाक। यो तराई क्षेत्रमा माघी जस्ता चाडहरूमा र सामुदायिक उत्सवहरूमा लगाइन्छ।"
nepali_dresses_augmented/tharu_dress/81.jpg,"A woman wearing a hat during the parade. This is the Tharu dress, the traditional attire of the Tharu community of Nepal. It is worn during festivals such as Maghi and community celebrations in the Terai region.","परेडको क्रममा टोपी लगाउने महिला. यो थारु पोशाक हो, नेपालको थारु समुदायको परम्परागत पोशाक। यो तराई क्षेत्रको माघी जस्ता चाडहरूमा र सामुदायिक उत्सवहरूमा लगाइन्छ।"
nepali_dresses_augmented/tharu_dress/81_aug1.jpg,"A woman wearing a hat during the parade. This is the Tharu dress, the traditional attire of the Tharu community of Nepal. It is worn during festivals such as Maghi and community celebrations in the Terai region.","परेडको क्रममा टोपी लगाउने महिला. यो थारु पोशाक हो, नेपालको थारु समुदायको परम्परागत पोशाक। यो तराई क्षेत्रको माघी जस्ता चाडहरूमा र सामुदायिक उत्सवहरूमा लगाइन्छ।"
nepali_dresses_augmented/tharu_dress/82.jpg,"A group of people standing around a woman in a red dress. This is the Tharu dress, the traditional attire of the Tharu community of Nepal. It is worn during festivals such as Maghi and community celebrations in the Terai region.","लाल रंगको पोशाकमा एक महिलाको वरिपरि उभिएका मानिसहरूको समूह। यो थारु पोशाक हो, नेपालको थारु समुदायको परम्परागत पोशाक हो। यो तराई क्षेत्रमा माघी र सामुदायिक उत्सव जस्ता चाडहरूमा लगाइन्छ।"
nepali_dresses_augmented/tharu_dress/82_aug1.jpg,"A group of people standing around a woman in a red dress. This is the Tharu dress, the traditional attire of the Tharu community of Nepal. It is worn during festivals such as Maghi and community celebrations in the Terai region.","लाल रंगको पोशाकमा एक महिलाको वरिपरि उभिएका मानिसहरूको समूह। यो थारु पोशाक हो, नेपालको थारु समुदायको परम्परागत पोशाक हो। यो तराई क्षेत्रमा माघी र सामुदायिक उत्सव जस्ता चाडहरूमा लगाइन्छ।"
nepali_dresses_augmented/tharu_dress/83.jpg,"Two young girls in traditional costume at a festival in india - stock image. This is the Tharu dress, the traditional attire of the Tharu community of Nepal. It is worn during festivals such as Maghi and community celebrations in the Terai region.","भारतमा एउटा महोत्सवमा परम्परागत पोशाकमा दुई युवतीहरू - स्टक छवि। यो थारु पोशाक हो, नेपालको थारु समुदायको परम्परागत पोशाक। यो तराई क्षेत्रमा माघी जस्ता महोत्सव र सामुदायिक उत्सवहरूमा लगाइन्छ।"
nepali_dresses_augmented/tharu_dress/83_aug1.jpg,"Two young girls in traditional costume at a festival in india - stock image. This is the Tharu dress, the traditional attire of the Tharu community of Nepal. It is worn during festivals such as Maghi and community celebrations in the Terai region.","भारतमा एउटा महोत्सवमा परम्परागत पोशाकमा दुई युवतीहरू - स्टक छवि। यो थारु पोशाक हो, नेपालको थारु समुदायको परम्परागत पोशाक। यो तराई क्षेत्रमा माघी जस्ता महोत्सव र सामुदायिक उत्सवहरूमा लगाइन्छ।"
nepali_dresses_augmented/tharu_dress/84.jpg,"A group of people standing in a field. This is the Tharu dress, the traditional attire of the Tharu community of Nepal. It is worn during festivals such as Maghi and community celebrations in the Terai region.","यो थारु पोशाक हो, नेपालको थारु समुदायको परम्परागत पोशाक हो। यो तराई क्षेत्रको माघी जस्ता चाडपर्व र सामुदायिक उत्सवहरूमा लगाइन्छ।"
nepali_dresses_augmented/tharu_dress/84_aug1.jpg,"A group of people standing in a field. This is the Tharu dress, the traditional attire of the Tharu community of Nepal. It is worn during festivals such as Maghi and community celebrations in the Terai region.","यो थारु पोशाक हो, नेपालको थारु समुदायको परम्परागत पोशाक हो। यो तराई क्षेत्रको माघी जस्ता चाडपर्व र सामुदायिक उत्सवहरूमा लगाइन्छ।"
nepali_dresses_augmented/tharu_dress/85.jpg,"A young girl in traditional dress and headdre with flowers. This is the Tharu dress, the traditional attire of the Tharu community of Nepal. It is worn during festivals such as Maghi and community celebrations in the Terai region.","एक युवती परम्परागत पोशाकमा र फूलहरू सहितको टाउकोमा। यो थारु पोशाक हो, नेपालको थारु समुदायको परम्परागत पोशाक हो। यो तराई क्षेत्रमा माघी जस्ता चाडहरूमा र सामुदायिक उत्सवहरूमा लगाइन्छ।"
nepali_dresses_augmented/tharu_dress/85_aug1.jpg,"A young girl in traditional dress and headdre with flowers. This is the Tharu dress, the traditional attire of the Tharu community of Nepal. It is worn during festivals such as Maghi and community celebrations in the Terai region.","एक युवती परम्परागत पोशाकमा र फूलहरू सहितको टाउकोमा। यो थारु पोशाक हो, नेपालको थारु समुदायको परम्परागत पोशाक हो। यो तराई क्षेत्रमा माघी जस्ता चाडहरूमा र सामुदायिक उत्सवहरूमा लगाइन्छ।"
nepali_dresses_augmented/tharu_dress/86.jpg,"A group of women in traditional attire performing a dance. This is the Tharu dress, the traditional attire of the Tharu community of Nepal. It is worn during festivals such as Maghi and community celebrations in the Terai region.","परम्परागत पोशाकमा महिलाहरूको समूहले नृत्य गरिरहेका छन्। यो थारु पोशाक हो, नेपालको थारु समुदायको परम्परागत पोशाक हो। यो तराई क्षेत्रमा माघी र सामुदायिक उत्सव जस्ता चाडहरूमा लगाइन्छ।"
nepali_dresses_augmented/tharu_dress/86_aug1.jpg,"A group of women in traditional attire performing a dance. This is the Tharu dress, the traditional attire of the Tharu community of Nepal. It is worn during festivals such as Maghi and community celebrations in the Terai region.","परम्परागत पोशाकमा महिलाहरूको समूहले नृत्य गरिरहेका छन्। यो थारु पोशाक हो, नेपालको थारु समुदायको परम्परागत पोशाक हो। यो तराई क्षेत्रमा माघी र सामुदायिक उत्सव जस्ता चाडहरूमा लगाइन्छ।"
nepali_dresses_augmented/tharu_dress/87.jpg,"A woman in a red and green outfit. This is the Tharu dress, the traditional attire of the Tharu community of Nepal. It is worn during festivals such as Maghi and community celebrations in the Terai region.","रातो र हरियो पोशाकमा एक महिला। यो थारु पोशाक हो, नेपालको थारु समुदायको परम्परागत पोशाक। यो तराई क्षेत्रमा माघी र सामुदायिक उत्सव जस्ता चाडहरूमा लगाइन्छ।"
nepali_dresses_augmented/tharu_dress/87_aug1.jpg,"A woman in a red and green outfit. This is the Tharu dress, the traditional attire of the Tharu community of Nepal. It is worn during festivals such as Maghi and community celebrations in the Terai region.","रातो र हरियो पोशाकमा एक महिला। यो थारु पोशाक हो, नेपालको थारु समुदायको परम्परागत पोशाक। यो तराई क्षेत्रमा माघी र सामुदायिक उत्सव जस्ता चाडहरूमा लगाइन्छ।"
nepali_dresses_augmented/tharu_dress/88.jpg,"A group of women in traditional indian dress. This is the Tharu dress, the traditional attire of the Tharu community of Nepal. It is worn during festivals such as Maghi and community celebrations in the Terai region.","परम्परागत भारतीय पोशाकमा महिलाहरूको समूह। यो थारु पोशाक हो, नेपालको थारु समुदायको परम्परागत पोशाक। यो तराई क्षेत्रको माघी जस्ता चाडहरूमा र सामुदायिक उत्सवहरूमा लगाइन्छ।"
nepali_dresses_augmented/tharu_dress/88_aug1.jpg,"A group of women in traditional indian dress. This is the Tharu dress, the traditional attire of the Tharu community of Nepal. It is worn during festivals such as Maghi and community celebrations in the Terai region.","परम्परागत भारतीय पोशाकमा महिलाहरूको समूह। यो थारु पोशाक हो, नेपालको थारु समुदायको परम्परागत पोशाक। यो तराई क्षेत्रको माघी जस्ता चाडहरूमा र सामुदायिक उत्सवहरूमा लगाइन्छ।"
nepali_dresses_augmented/tharu_dress/89.jpg,"A group of young girls dressed in traditional indian costumes. This is the Tharu dress, the traditional attire of the Tharu community of Nepal. It is worn during festivals such as Maghi and community celebrations in the Terai region.","परम्परागत भारतीय पोशाक लगाउने युवा युवतीहरूको समूह। यो थारु पोशाक हो, नेपालको थारु समुदायको परम्परागत पोशाक हो। यो तराई क्षेत्रमा माघी जस्ता पर्वहरू र सामुदायिक उत्सवहरूमा लगाइन्छ।"
nepali_dresses_augmented/tharu_dress/89_aug1.jpg,"A group of young girls dressed in traditional indian costumes. This is the Tharu dress, the traditional attire of the Tharu community of Nepal. It is worn during festivals such as Maghi and community celebrations in the Terai region.","परम्परागत भारतीय पोशाक लगाउने युवा युवतीहरूको समूह। यो थारु पोशाक हो, नेपालको थारु समुदायको परम्परागत पोशाक हो। यो तराई क्षेत्रमा माघी जस्ता पर्वहरू र सामुदायिक उत्सवहरूमा लगाइन्छ।"
nepali_dresses_augmented/tharu_dress/8_aug1.jpg,"A woman in a white skirt and black top. This is the Tharu dress, the traditional attire of the Tharu community of Nepal. It is worn during festivals such as Maghi and community celebrations in the Terai region.",यो थारु पोशाक नेपालको थारु समुदायको परम्परागत पोशाक हो। यो तराई क्षेत्रको माघी जस्ता चाडपर्व र सामुदायिक उत्सवहरूमा लगाइन्छ।
nepali_dresses_augmented/tharu_dress/8_aug2.jpg,"A woman in a white skirt and black top. This is the Tharu dress, the traditional attire of the Tharu community of Nepal. It is worn during festivals such as Maghi and community celebrations in the Terai region.",यो थारु पोशाक नेपालको थारु समुदायको परम्परागत पोशाक हो। यो तराई क्षेत्रको माघी जस्ता चाडपर्व र सामुदायिक उत्सवहरूमा लगाइन्छ।
nepali_dresses_augmented/tharu_dress/9.jpg,"A woman in a colorful dress sitting on the floor. This is the Tharu dress, the traditional attire of the Tharu community of Nepal. It is worn during festivals such as Maghi and community celebrations in the Terai region.","यो थारु पोशाक हो, नेपालको थारु समुदायको परम्परागत पोशाक हो। यो तराई क्षेत्रको माघी र सामुदायिक उत्सवहरूमा लगाइन्छ।"
nepali_dresses_augmented/tharu_dress/90.jpg,"A group of women standing in front of a hut. This is the Tharu dress, the traditional attire of the Tharu community of Nepal. It is worn during festivals such as Maghi and community celebrations in the Terai region.","यो थारु पोशाक हो, नेपालको थारु समुदायको परम्परागत पोशाक हो। यो तराई क्षेत्रको माघी जस्ता चाडपर्व र सामुदायिक उत्सवहरूमा लगाइन्छ।"
nepali_dresses_augmented/tharu_dress/90_aug1.jpg,"A group of women standing in front of a hut. This is the Tharu dress, the traditional attire of the Tharu community of Nepal. It is worn during festivals such as Maghi and community celebrations in the Terai region.","यो थारु पोशाक हो, नेपालको थारु समुदायको परम्परागत पोशाक हो। यो तराई क्षेत्रको माघी जस्ता चाडपर्व र सामुदायिक उत्सवहरूमा लगाइन्छ।"
nepali_dresses_augmented/tharu_dress/91.jpg,"Three young girls standing in front of their house. This is the Tharu dress, the traditional attire of the Tharu community of Nepal. It is worn during festivals such as Maghi and community celebrations in the Terai region.","तीन युवती आफ्नो घर अगाडि उभिएकी छन्। यो थारु पोशाक हो, नेपालको थारु समुदायको परम्परागत पोशाक हो। यो तराई क्षेत्रमा माघी जस्ता पर्व र सामुदायिक उत्सवहरूमा लगाइन्छ।"
nepali_dresses_augmented/tharu_dress/91_aug1.jpg,"Three young girls standing in front of their house. This is the Tharu dress, the traditional attire of the Tharu community of Nepal. It is worn during festivals such as Maghi and community celebrations in the Terai region.","तीन युवती आफ्नो घर अगाडि उभिएकी छन्। यो थारु पोशाक हो, नेपालको थारु समुदायको परम्परागत पोशाक हो। यो तराई क्षेत्रमा माघी जस्ता पर्व र सामुदायिक उत्सवहरूमा लगाइन्छ।"
nepali_dresses_augmented/tharu_dress/92.jpg,"A woman wearing a colorful headdre. This is the Tharu dress, the traditional attire of the Tharu community of Nepal. It is worn during festivals such as Maghi and community celebrations in the Terai region.","यो थारु पोशाक हो, नेपालको थारु समुदायको परम्परागत पोशाक हो। यो तराई क्षेत्रको माघी र सामुदायिक उत्सवहरूमा लगाइन्छ।"
nepali_dresses_augmented/tharu_dress/92_aug1.jpg,"A woman wearing a colorful headdre. This is the Tharu dress, the traditional attire of the Tharu community of Nepal. It is worn during festivals such as Maghi and community celebrations in the Terai region.","यो थारु पोशाक हो, नेपालको थारु समुदायको परम्परागत पोशाक हो। यो तराई क्षेत्रको माघी र सामुदायिक उत्सवहरूमा लगाइन्छ।"
nepali_dresses_augmented/tharu_dress/93.jpg,"A group of women wearing traditional costumes and headdres. This is the Tharu dress, the traditional attire of the Tharu community of Nepal. It is worn during festivals such as Maghi and community celebrations in the Terai region.","परम्परागत पोशाक र हेड्रेस लगाउने महिलाहरूको समूह। यो थारु पोशाक हो, नेपालको थारु समुदायको परम्परागत पोशाक हो। यो तराई क्षेत्रमा माघी जस्ता चाडहरूमा र सामुदायिक उत्सवहरूमा लगाइन्छ।"
nepali_dresses_augmented/tharu_dress/93_aug1.jpg,"A group of women wearing traditional costumes and headdres. This is the Tharu dress, the traditional attire of the Tharu community of Nepal. It is worn during festivals such as Maghi and community celebrations in the Terai region.","परम्परागत पोशाक र हेड्रेस लगाउने महिलाहरूको समूह। यो थारु पोशाक हो, नेपालको थारु समुदायको परम्परागत पोशाक हो। यो तराई क्षेत्रमा माघी जस्ता चाडहरूमा र सामुदायिक उत्सवहरूमा लगाइन्छ।"
nepali_dresses_augmented/tharu_dress/94.jpg,"A woman in traditional costume with flowers on her head. This is the Tharu dress, the traditional attire of the Tharu community of Nepal. It is worn during festivals such as Maghi and community celebrations in the Terai region.","परम्परागत पोशाकमा एक महिलाको टाउकोमा फूलहरू छन्। यो थारु पोशाक हो, नेपालको थारु समुदायको परम्परागत पोशाक हो। यो तराई क्षेत्रमा माघी र सामुदायिक उत्सव जस्ता चाडहरूमा लगाइन्छ।"
nepali_dresses_augmented/tharu_dress/94_aug1.jpg,"A woman in traditional costume with flowers on her head. This is the Tharu dress, the traditional attire of the Tharu community of Nepal. It is worn during festivals such as Maghi and community celebrations in the Terai region.","परम्परागत पोशाकमा एक महिलाको टाउकोमा फूलहरू छन्। यो थारु पोशाक हो, नेपालको थारु समुदायको परम्परागत पोशाक हो। यो तराई क्षेत्रमा माघी र सामुदायिक उत्सव जस्ता चाडहरूमा लगाइन्छ।"
nepali_dresses_augmented/tharu_dress/95.jpg,"A group of women walking down a dirt road. This is the Tharu dress, the traditional attire of the Tharu community of Nepal. It is worn during festivals such as Maghi and community celebrations in the Terai region.","यो थारु पोशाक हो, नेपालको थारु समुदायको परम्परागत पोशाक हो। यो तराई क्षेत्रको माघी जस्ता चाडपर्व र सामुदायिक उत्सवहरूमा लगाइन्छ।"
nepali_dresses_augmented/tharu_dress/95_aug1.jpg,"A group of women walking down a dirt road. This is the Tharu dress, the traditional attire of the Tharu community of Nepal. It is worn during festivals such as Maghi and community celebrations in the Terai region.","यो थारु पोशाक हो, नेपालको थारु समुदायको परम्परागत पोशाक हो। यो तराई क्षेत्रको माघी जस्ता चाडपर्व र सामुदायिक उत्सवहरूमा लगाइन्छ।"
nepali_dresses_augmented/tharu_dress/96.jpg,"A group of women walking down the street. This is the Tharu dress, the traditional attire of the Tharu community of Nepal. It is worn during festivals such as Maghi and community celebrations in the Terai region.","यो थारु पोशाक हो, नेपालको थारु समुदायको परम्परागत पोशाक हो। यो तराई क्षेत्रको माघी जस्ता चाडपर्व र सामुदायिक उत्सवहरूमा लगाइन्छ।"
nepali_dresses_augmented/tharu_dress/96_aug1.jpg,"A group of women walking down the street. This is the Tharu dress, the traditional attire of the Tharu community of Nepal. It is worn during festivals such as Maghi and community celebrations in the Terai region.","यो थारु पोशाक हो, नेपालको थारु समुदायको परम्परागत पोशाक हो। यो तराई क्षेत्रको माघी जस्ता चाडपर्व र सामुदायिक उत्सवहरूमा लगाइन्छ।"
nepali_dresses_augmented/tharu_dress/97.jpg,"A group of women dressed in colorful costumes. This is the Tharu dress, the traditional attire of the Tharu community of Nepal. It is worn during festivals such as Maghi and community celebrations in the Terai region.",नेपालको थारु समुदायको परम्परागत पोशाक थारु समुदायको परम्परागत पोशाक हो। यो तराई क्षेत्रको माघी र सामुदायिक उत्सवहरूमा लगाइन्छ।
nepali_dresses_augmented/tharu_dress/97_aug1.jpg,"A group of women dressed in colorful costumes. This is the Tharu dress, the traditional attire of the Tharu community of Nepal. It is worn during festivals such as Maghi and community celebrations in the Terai region.",नेपालको थारु समुदायको परम्परागत पोशाक थारु समुदायको परम्परागत पोशाक हो। यो तराई क्षेत्रको माघी र सामुदायिक उत्सवहरूमा लगाइन्छ।
nepali_dresses_augmented/tharu_dress/98.jpg,"Two young girls in traditional costume at a festival in the city of san, california, usa - stock photo. This is the Tharu dress, the traditional attire of the Tharu community of Nepal. It is worn during festivals such as Maghi and community celebrations in the Terai region.","क्यालिफोर्नियाको सान शहरको एउटा महोत्सवमा परम्परागत पोशाकमा दुई युवतीहरू। यो थारु पोशाक हो, नेपालको थारु समुदायको परम्परागत पोशाक हो। यो तराई क्षेत्रमा माघी जस्ता महोत्सव र सामुदायिक उत्सवहरूमा लगाइन्छ।"
nepali_dresses_augmented/tharu_dress/98_aug1.jpg,"Two young girls in traditional costume at a festival in the city of san, california, usa - stock photo. This is the Tharu dress, the traditional attire of the Tharu community of Nepal. It is worn during festivals such as Maghi and community celebrations in the Terai region.","क्यालिफोर्नियाको सान शहरको एउटा महोत्सवमा परम्परागत पोशाकमा दुई युवतीहरू। यो थारु पोशाक हो, नेपालको थारु समुदायको परम्परागत पोशाक हो। यो तराई क्षेत्रमा माघी जस्ता महोत्सव र सामुदायिक उत्सवहरूमा लगाइन्छ।"
nepali_dresses_augmented/tharu_dress/99.jpg,"A group of men and women dressed in traditional clothing. This is the Tharu dress, the traditional attire of the Tharu community of Nepal. It is worn during festivals such as Maghi and community celebrations in the Terai region.","परम्परागत कपडा लगाएका पुरुष र महिलाहरूको समूह। यो थारु पोशाक हो, नेपालको थारु समुदायको परम्परागत पोशाक। यो तराई क्षेत्रमा माघी जस्ता चाडहरूमा र सामुदायिक उत्सवहरूमा लगाइन्छ।"
nepali_dresses_augmented/tharu_dress/99_aug1.jpg,"A group of men and women dressed in traditional clothing. This is the Tharu dress, the traditional attire of the Tharu community of Nepal. It is worn during festivals such as Maghi and community celebrations in the Terai region.","परम्परागत कपडा लगाएका पुरुष र महिलाहरूको समूह। यो थारु पोशाक हो, नेपालको थारु समुदायको परम्परागत पोशाक। यो तराई क्षेत्रमा माघी जस्ता चाडहरूमा र सामुदायिक उत्सवहरूमा लगाइन्छ।"
nepali_dresses_augmented/tharu_dress/9_aug1.jpg,"A woman in a colorful dress sitting on the floor. This is the Tharu dress, the traditional attire of the Tharu community of Nepal. It is worn during festivals such as Maghi and community celebrations in the Terai region.","यो थारु पोशाक हो, नेपालको थारु समुदायको परम्परागत पोशाक हो। यो तराई क्षेत्रको माघी र सामुदायिक उत्सवहरूमा लगाइन्छ।"
nepali_dresses_augmented/tharu_dress/9_aug2.jpg,"A woman in a colorful dress sitting on the floor. This is the Tharu dress, the traditional attire of the Tharu community of Nepal. It is worn during festivals such as Maghi and community celebrations in the Terai region.","यो थारु पोशाक हो, नेपालको थारु समुदायको परम्परागत पोशाक हो। यो तराई क्षेत्रको माघी र सामुदायिक उत्सवहरूमा लगाइन्छ।"
